:10802000000001200181000079810000EDA2000024
:108030007981000079810000798100000000000052
:10804000000000000000000000000000D1BF0000A0
:10805000798100000000000021C0000065C100001F
:108060006D62010079810000798100007981000052
:108070007981000079810000F98900007981000090
:108080007981000079810000798100007981000008
:1080900079810000798100007981000079810000F8
:1080A00079810000D18F0000798100007981000082
:1080B00079810000798100007981000079810000D8
:1080C00079810000798100007981000079810000C8
:1080D00079810000798100000000000079810000B2
:1080E000798100007981000079810000E991000028
:0880F000798100007981000094
:1081000008B5144A144B15498B4213D3144B154A26
:108110000021934213D300F075F800F051F8124C8F
:10812000124DAC420ED3124C124DAC420ED302F0A3
:1081300029F9FEE752F8040B43F8040BE4E743F88F
:10814000041BE6E754F8043B9847EAE754F8043B7D
:108150009847EAE7B475010000000020681300208A
:10816000001400202C830020B4750100B4750100B8
:10817000B4750100B47501004FF0A04337B54FF45A
:1081800080320E4CC3F808254FF40041C3F818257F
:1081900000254FF0E020C3F808150195019AC72A81
:1081A00008DDD3F81025C3F80C159204F3D4C0F8F9
:1081B0000C4DF0E7019A01320192EFE70400FA0555
:1081C00010B50A4A0A4811460023013350F8044BFF
:1081D00041F8044B362BF8D14FF0E023C3F8082DBB
:1081E000BFF34F8FBFF36F8F10BD00BF001400208F
:1081F00020800000024AD2F80034002BFBD07047E8
:1082000000E0014008B54FF0A0434FF48032032155
:10821000C3F80825C3F81825C3F84017C3F8082584
:108220004FF0804301220021C3F87825C3F81825B8
:10823000C3F804119A60D3F80421002AFBD04FF050
:108240001020D0F80C32023312D01749FFF7D2FFBA
:108250000123C1F80435FFF7CDFF6FF00103C0F82B
:108260000C32FFF7C7FF0023C1F80435FFF7C2FF48
:108270000E4B012200215A600420DA60C3F8041575
:108280000321C3F80815C3F810051A604FF0A04386
:108290004FF48032C3F80825C3F81825C3F84017F7
:1082A000C3F8082508BD00BF00E001400090004071
:1082B000064B01211964D3F8402510441964D3F802
:1082C0004025121A002AF9DB704700BF00900040D9
:1082D00070B504464FF47A7604B970BDB4F5FA7FF0
:1082E000254628BF4FF4FA7506FB05F0FFF7E0FFBF
:1082F000641B01F067F9EFE74FF0A0434FF48032C1
:10830000C3F808257047000038B54FF0A044032398
:10831000C4F83C374FF400450C23C4F834370A2026
:10832000C4F81855C4F80855FFF7C2FFD4F8102553
:108330000F4BC4F80C550120186412F4005FD3F8F9
:1083400040350C4A10D114780B4914B90B601070E9
:1083500038BD0A689B1A094A9342F9D34FF0E023CB
:10836000074AC3F80C2DFEE700231370F0E700BFA7
:1083700000900040DC140020D814002000127A0085
:108380000400FA05084A536A116A013310B5B3FBB9
:10839000F1F401FB1433916A99421FBF516AD46909
:1083A0005362605410BD00BF0000002010B5441E91
:1083B00014F8010F00B910BDFFF7E4FFF8E7000063
:1083C00008B5FFF7F3FFBDE808400148FFF7EEBF2F
:1083D0005C69010070B505460748084EFFF7E6FFE7
:1083E0001C2425FA04F303F00F03043CF05CFFF7B0
:1083F000C9FF231DF5D170BD486B01004F6F01000F
:10840000022838B504460D4612D80A48013CFFF749
:10841000CDFF032C96BF084B3F20185DFFF7B2FF3E
:108420000648FFF7C3FF2846BDE83840FFF7C8BF3E
:1084300038BD00BF5F6901004B6F01006169010039
:1084400038B5214A4FF0A043032100200424082519
:10845000C2F80005C3F80817C3F80C45C3F80C1799
:10846000C3F80C554FF48025C3F81007C3F848171C
:10847000C3F808554FF00075C3F86417C3F80855E2
:108480002025C3F81417C3F808550223C2F808358D
:108490004FF00043C2F80C15C2F81045C2F824355D
:1084A0000623C2F85435FF23C2F8C0350723C2F8AB
:1084B0000035064C064B187023681BB9012002F0EA
:1084C0001FFF206038BD00BF00300040F0160020C4
:1084D000F416002010B50A4C236843B102F04EFC9C
:1084E000022804D120684FF0FF3103F07DF8054BDE
:1084F0000722C3F80025044B01221A7010BD00BFEB
:10850000F016002000300040F416002070B5094B32
:10851000094C00251D7023685BB102F02FFC022876
:1085200007D120682B462A462946BDE8704002F054
:1085300045BE70BDF4160020F01600200C4B70B53F
:108540000024012501B970BDFF290A4628BFFF227A
:10855000C3F81841C3F84405C3F84825C3F83845A3
:108560001D61D3F81861002EFBD01044891AE9E789
:1085700000300040F8B515461C4610B109B1FFF7B0
:10858000DDFFD5B1CCB10D4B0D4900200126FF2CEC
:10859000224628BFFF22C3F81801C3F84415C3F8C8
:1085A0004825C3F83455C3F838251E61D3F818712F
:1085B000002FFBD0A41A1544E9D1F8BD00300040CB
:1085C000F015002001234FF0A0428340C2F80C3583
:1085D000704701234FF0A0428340C2F8083570472E
:1085E0004FF0A0434FF48022C3F80C2570474FF0A2
:1085F000A0434FF48022C3F80825704737B51546CD
:108600000C468DF80700FFF765FF1920FFF7DAFF2A
:10861000FFF7E6FF0DF107000121FFF78FFFFFF7DE
:10862000E6FF29462046FFF789FF1920FFF7D1FF13
:10863000FFF76CFF03B030BD07B58DF80700FFF7FB
:1086400049FF1920FFF7BEFFFFF7CAFF01210DF117
:108650000700FFF773FF1920FFF7BBFFFFF756FF77
:1086600003B05DF804FB37B552BAADF8062040BA46
:108670000422ADF804000D462A200DEB02011C4631
:10868000FFF7BCFF04226DBA64BA0DEB02012B2088
:10869000ADF80450ADF80640FFF7B0FF2C2003B052
:1086A000BDE83040FFF7C8BF10B50022F8B06B46F8
:1086B00011460132F02A1970597003F10203F8D102
:1086C0000024A3B21946EF220020FFF7CCFFFFF7EA
:1086D00001FF1920FFF776FFFFF789FF4FF4F071D4
:1086E0006846FFF72BFF01341920FFF772FFFFF7F1
:1086F0000DFFB4F5A07FE4D178B010BD7FB54FF089
:10870000A04403234FF000724FF08065C4F8643733
:108710000A20C4F80825C4F86837C4F80855C4F816
:108720000C55FFF7D5FDC4F808557820FFF7D0FDAC
:108730000120FFF781FF9620FFF7CAFD1120FFF708
:108740007BFF0A20FFF7C4FD5523012269463A202A
:108750008DF80030FFF752FF0023012269463620D2
:108760008DF80030FFF74AFF4F4B186800901B79D7
:108770008DF8043005226946B220FFF73FFF35230C
:1087800001226946B7208DF80030FFF737FF192323
:1087900001226946BB2001258DF80030FFF72EFF2E
:1087A0002C2301226946C0208DF80030FFF726FFF8
:1087B0002A466946C2208DF80050FFF71FFF12239A
:1087C0002A466946C3208DF80030FFF717FF2023A3
:1087D0002A466946C4208DF80030FFF70FFF0F23AB
:1087E0002A466946C6208DF80030FFF707FF4AF297
:1087F000A41302226946D020ADF80030FFF7FEFE38
:108800002A4B6C466A4603F10806186859681546F3
:1088100003C50833B3422A46F7D118689B882860FD
:10882000AB800E222146E020FFF7E8FE204B2246D7
:1088300003F1080618685968154603C50833B342A2
:108840002A46F7D118689B88AB8021460E22286003
:10885000E120FFF7D3FE2120FFF7EEFE0120FFF716
:1088600037FD1320FFF7E8FE0120FFF731FD00255B
:10887000104B0093214606223320ADF80450FFF739
:10888000BDFE022221463720ADF80050FFF7B6FEAC
:108890002920FFF7D1FE1420FFF71AFD04B0BDE830
:1088A0007040FFF701BF00BF606F01006D690100FC
:1088B0007C6901000000014038B50D460446FFF711
:1088C00009FE1920FFF77EFEFFF791FE294620469C
:1088D000FFF734FE1920FFF77CFEBDE83840FFF7B4
:1088E00015BE00000D4A4FF08023C2E900330C4B47
:1088F000C3F820250422C3F8242501210022C3F84F
:108900002825C3F82C2599605960C3F800254FF03D
:10891000A043044AC3F80825704700BFF81600209A
:1089200000C001400040C0004FF0A04303224FF4BC
:108930008041C3F83827C3F808154FF48001C3F805
:108940005827C3F80815C3F85C274FF40002C3F892
:108950000825114B00220E21C3F80025C3F860152D
:108960001621C3F864151721C3F868154FF00041AC
:10897000C3F86C15FF21C3F80425C3F80C25C3F810
:1089800008150221C3F81015C3F814250122C3F8F5
:108990000025FFF7A7BF00BF00C0014010B418B901
:1089A0005DF8044BFFF79EBF104C1149642828BFA7
:1089B0006420C0EB00236422B3FBF2F30D4A23438F
:1089C0009BB20120C2F800050B804B808B800423F2
:1089D000CC80C2F82015C2F824350023C2F828350F
:1089E0005DF8044BC2F82C35906070470080FFFFA3
:1089F000F816002000C00140104BD3F87C21AAB12A
:108A00000022C3F87C210E4B01221A704FF0A043C4
:108A1000D3F8702722F44031C3F8701742F4403283
:108A20004FF08051C3F82015C3F87027034BD3F8DB
:108A3000002112B10022C3F80021704700600040FD
:108A4000001700202DE9F041089E0C4696469846F6
:108A5000DDE9061276B307282CD814F0100529D1C9
:108A600014F0010702D0A30720D52F464FF0020CC7
:108A7000099B02EB0C05AB421CD3F42D1AD802B1B2
:108A8000D1B104F01F0444EA4014347086F801E0C8
:108A900027B14FEA182386F80280F3701AB106EB6B
:108AA0000C000DF0E5FE2846BDE8F08101274FF0EF
:108AB000040CDDE70025F6E70D46F4E72DE9F04F5D
:108AC000C5B081464E9C9846164642B14F9B33B185
:108AD000B4F5805F03D824B1B8F1000F16D100209F
:108AE00011E007AFCDE90147F423039301F01C0126
:108AF000CDF800803278A3B241F003014846FFF779
:108B0000A1FF002836D145B0BDE8F08FF22CE8D99E
:108B100001F01C05A3B245F001010027F0220593E6
:108B20004FF0F40B0DF11C0AE31B934228BF1346D0
:108B3000CDE902AB3A4642441F440193A74200925A
:108B400028BF41F00201059B32784846FFF77AFFC3
:108B500001460028C3D03378509A01333370504611
:108B60004F9B98470028BAD0A7424FF0F202CAD2D2
:108B70002946D9E73378509A0133337001464F9B29
:108B800038469847BFE707299FBF00EBC102002383
:108B900040F83130C2F8033070472DE9F04700F556
:108BA0008058002316460446C8F840300A4659B19A
:108BB000B31EF22B08D80B7813F010094FEA5315A7
:108BC00007D02946FFF7DFFF4FF002094846BDE80E
:108BD000F087062D7CD0072D03D198F84510002989
:108BE00076D003F0020A13F0010307D0BAF1000FA8
:108BF00004D1032E32D829462046E3E74FF0000C7B
:108C00000227D119F61BEF0050782744002B3BD0E8
:108C1000002344F83530C7F803300123BB711844F2
:108C2000BAFA8AF35B09787004F83530BCF1000FAA
:108C300018D053887B805A1EB2F5805FDBD2B342D6
:108C4000D9D3324604F140000DF012FEB3B2BB801E
:108C5000BAF1000F0CD14FF00109B7E74FF0010C4A
:108C60000427CEE7BAF1000FC5D0B3B27B80E6E7A8
:108C70007A889A42BFD1C8F8406088F844502946A3
:108C80002046FFF780FFA1E714F83530002BB2D063
:108C9000BB79002BAFD07B788342ACD101337B70A2
:108CA000BB887A8898199042A5D804F140003246D2
:108CB00018440DF0DDFDBB881E44B6B27B88BE8033
:108CC000BAF1000F01D09E42D4E79E42C3D192E791
:108CD0004FF003097AE7034610B45C680846114672
:108CE00024B19A6823465DF8044B184720465DF886
:108CF000044B704730B5C1B08123B2F5807F054683
:108D000014468DF8003008D94FF48074621E01318A
:108D10000DF101000DF0ACFD01E0012AF6D822466C
:108D200069462846FFF7D7FF41B030BD7FB5037FC6
:108D30000546002B3ED0D0E908329A423AD3036868
:108D4000C3B39847AA6A6E6A0023841A2B7733D07C
:108D50001A482246A6FB00010DF0BCFA82238DF8CA
:108D60000030230A8DF80230230C8DF80330330ACB
:108D70008DF80630330C8DF80730330E8DF808303F
:108D8000030A8DF80A30030C8DF80B30030E8DF8B2
:108D900001408DF80900240E8DF80C300E220023BE
:108DA000694628468DF804408DF805608DF80D3031
:108DB000FFF791FF04B070BD2046CFE7A086010009
:108DC000042A38B50446154619D90368BBB1D1F851
:108DD00001200262002242629847236AA0621A1EA2
:108DE00018BF0122052D227709D043B1636A053BE4
:108DF0002B4463622046BDE83840FFF797BF38BD7B
:108E0000017F31B12AB1416A013A11444162FFF751
:108E10008DBF7047F0B5012A93B0054614461DD9A1
:108E20000368DBB1013A402A18D8842301310DF1DF
:108E300001008DF800300DF01BFD2B6898476E4641
:108E40003719030A0DF804007B70030CBB70030E86
:108E5000FB70221D69462846FFF73DFF13B0F0BDA9
:108E600030B5436987B0044643B3816901A8984788
:108E7000BDF80400BDF80610BDF80820BDF80A30A2
:108E80008DF80D008DF80F108DF81120000A090AD9
:108E9000120A8DF80E008DF810108DF812208DF842
:108EA000133085251B0A092203A920468DF80C5092
:108EB0008DF81430FFF70FFF07B030BD1A46194682
:108EC0001846DDE730B5012A85B0054638D9C468B3
:108ED000DCB30369013A01316846A047DDE90012BD
:108EE000029B9DF80C008DF8011086248DF800403F
:108EF0000C0A8DF802400C0C090E8DF80410110AB2
:108F00008DF805208DF80610110C120E8DF8082032
:108F10001A0A8DF80A201A0C8DF807108DF80930FE
:108F20008DF80B201B0E8DF80D000E226946284689
:108F30008DF803408DF80C30FFF7CDFE05B030BD45
:108F4000012000231A461946CDE701202346F9E700
:108F5000F8B5134641B34AB30E78771E052F03D9EF
:108F6000BDE8F840FFF7B7BE023E042E04D8DFE8A4
:108F700006F0080C101417001A46FFF7BBFE01207C
:108F8000F8BD1A46FFF71CFFF9E71A46FFF738FF4E
:108F9000F5E71A46FFF73EFFF1E7FFF761FFEEE75F
:108FA0001A46FFF78FFFEAE70846E9E71046E7E7CA
:108FB000054BD3F80C2132B10022C3F80C21034A2F
:108FC000136801331360704700100140041700203C
:108FD000FFF7EEBF094A08B513680BB9002008BDBA
:108FE000906898470028F9DB4FF4FA63584340F241
:108FF000D943B0FBF3F080B2F1E700BF08170020BF
:10900000034A53680BB1906818471846704700BF71
:1090100008170020054A08B5136823B190689847DF
:10902000C043C00F08BD1846FCE700BF081700206A
:1090300008B5FFF7EFFF08B9002008BDFFF7CAFF2A
:1090400040F6E4439842F7D941F2670398424FF063
:1090500064039FBF5843A0F5A120A0F588704FF48A
:1090600061738EBF1846B0FBF3F0C0B2E5E713B5ED
:10907000FF2305248DF807308DF80640FFF72AFA04
:109080002046FFF79FFA01230DF1070219460DF163
:109090000600FFF76FFA2046FFF79BFAFFF736FA54
:1090A0009DF8070002B010BD10B5054CFFF7DFFFBB
:1090B000C30704D53220FFF7FBF8013CF6D110BD01
:1090C000A086010007B58DF80700FFF703FA052019
:1090D000FFF778FA01210DF10700FFF72FFA0520BD
:1090E000FFF777FAFFF712FA03B05DF804FB000010
:1090F00010B5064C23783BB1AB20FFF7E3FF3220DD
:10910000FFF7D6F80023237010BD00BF141700200E
:10911000F0B50546C3B016460C46A1B3531EFF2B4F
:1091200031D852FA80F3B3F5807F2CD81318B3F5F9
:10913000800F28D8FFF7DCFF01AF0620FFF7C2FF42
:1091400002233B702B0C6DBA7B707D8020460DF1A5
:109150000703A21910F8011B03F8011F9042F9D16F
:10916000FFF7B8F90520FFF72DFA311D3846FFF754
:10917000E5F90520FFF72DFAFFF7C8F9FFF794FF8F
:10918000012043B0F0BD0020FBE713B50446C0F357
:109190000B0020BBB4F5800F1FD2FFF7A9FF0620FC
:1091A000FFF790FF20238DF80430230C64BA8DF86C
:1091B0000530ADF80640FFF78DF90520FFF702FAFC
:1091C00004210DEB0100FFF7B9F90520FFF701FAC3
:1091D000FFF79CF9FFF768FF012002B010BD0020E7
:1091E000FBE7FFF785BF0000054BD3F840212AB10C
:1091F0000022C3F84021034B01221A70704700BFC0
:109200000040024015170020FFF7EBBF10B5FFF735
:10921000E8FF4FF480242046FFF7B7FF20B104F5A4
:109220008054B4F5342FF6D110BDF8B50446164677
:109230000F46E1B1DAB1B0F5E82F18D8C0F5E82350
:10924000934214D3FFF7CDFF04F58024E5B2C5F5B2
:109250008075B54228BF35462A4639462046FFF775
:1092600057FF20B1761B2C442F44EFD1F8BD0020CE
:10927000FCE700001FB5054B0FCB8DE80F00102257
:1092800069460348FFF7D1FF04B010BD686F0100C5
:10929000F03F07004FF0E023014AC3F80C2DFEE732
:1092A0000400FA0500234FF6FF72C0E9093380F885
:1092B0002030C285038680F83230704770B40C4687
:1092C000064605460FCC0FC594E80F0085E80F0051
:1092D000304670BCFFF7E6BFC36810B504460BB953
:1092E000012010BD03693BB9E368E06998471D2878
:1092F00094BF00200120F4E7C06998470028F3D00C
:10930000EEE7836913B553B110248DF805108DF87D
:1093100006208DF80440C269032101A8984702B0D5
:1093200010BD13B584698CB111230093836A8DF845
:1093300001301A0A8DF802201A0C1B0E8DF803203A
:109340008DF80430C26905216846A04702B010BDFF
:1093500070B50B46044601B3FAB10978481E0728D8
:1093600000F29180DFE800F0041A3D5874868F48BF
:10937000012A02D05B78042B03D00322012120466E
:109380007DE02046FFF7A8FF08B90622F6E7204651
:10939000FFF788FF012384F8203070BD94F8201077
:1093A0000239012902D902220221E8E7012AFAD072
:1093B0005B781BB9032384F82030EEE7012BF2D150
:1093C00094F85330012B07D9234493F8322093F8B3
:1093D000313043EA0223A385042384F8203001229C
:1093E000E2E794F82030042B09BF0023022284F81E
:1093F000323001220321C2E7012A4FF0000218BFD8
:109400005B7884F8312008BF134684F8322084F852
:10941000303001220821B2E794F82050042D04D105
:10942000636A13B1A26A934202D005220421A6E71F
:10943000E28DA38D9A42F8D1A36823B1E0699847E1
:1094400008B90622F2E7052384F820300122EDE76F
:1094500094F82010052902D0022205218FE701226D
:109460002046FFF74EFF6369002B96D0E069BDE808
:10947000704018472046FFF715FF06210122BDE87E
:109480007040FFF73EBF032279E7F8B50446154662
:109490000E46002947D0002A45D090F82070012FB1
:1094A0002BD10B2A3FD98D686B1EB3F5E82F08D35B
:1094B00004220221FFF725FF2046BDE8F840FFF710
:1094C000F1BE03681BB9062201212046F2E7C069FC
:1094D00098470028F7D00023A3624FF6FF7284F864
:1094E00053300223E285656284F820303A463946DB
:1094F0002046BDE8F840FFF704BF032F14D190F8D1
:1095000053309A18202A02D9D3F120050BD004F148
:10951000330018442A4631460DF0AAF994F8533026
:109520002B4484F85330F8BD042FFCD1D0E9093C1A
:1095300062449A4203D913B13A460321BAE76768F5
:109540008FB3E3692A4631466046B84758B3E38D86
:10955000711916F8012B5BBA9BB25A40C2F3031380
:109560005A4013039BB25A40530103F4FF538E42F7
:1095700083EA0203EDD1E385A36A94F830202B44FB
:10958000A36294F832300133DBB284F83230002A1F
:10959000C9D09342C7D3002384F832302046BDE8B7
:1095A000F840FFF7BEBE062203218EE7FFF77ABE22
:1095B000024B034AC3F80026704700BF0000014079
:1095C0003546526E38B54FF0A044FEF79DFE03239A
:1095D000C4F83C374FF400450C23C4F834370A2054
:1095E000C4F81855C4F80855FEF762FED4F81035D3
:1095F000C4F80C559B0442BF024B034AC3F8002633
:1096000038BD00BF000001403546526E08B572B645
:10961000FEF772FEFEF770FEFEF776FE44F620605F
:10962000FEF746FEF6E72AB102F58052936C0BB1C5
:10963000D26C18470020704700F58050C0E9121224
:10964000704700F5805200F583500B6803604B684B
:1096500043600B8903818B7A92F86C108372DBB2C2
:1096600021B143F0020382F86A30704703F0FD0332
:10967000F9E7000030B50729054685B0084615D83A
:1096800004D105F5805191F86C4064B1084C029505
:1096900000F582511831CDE9003413466A180021D3
:1096A000FFF70CFA0446204605B030BD0024FAE767
:1096B0002796000070B50546FFF76FFA012808D01D
:1096C000831EDBB2012B05F5805403D8236F0133D1
:1096D000236770BD94F84400226C072805F140010F
:1096E00015D194F86C3093B1A36F23B1BDE87040ED
:1096F0001846FFF72DBC13460A4601462846FFF7D9
:10970000B9FF0028E5D0636F01336367E1E7256D9A
:10971000002DDED0636DAC46BDE870406047034667
:10972000084603B118477047F8B507460D4614467A
:10973000002A00F08880444B03F1100153F8040B19
:1097400042F8040B8B42F9D11B8813803F49E8692A
:10975000FFF7E5FF2B6813B1F72098472080238897
:10976000F62B8CBF01230023A37303D83849E86983
:10977000FFF7D5FF3749E869FFF7D1FF6B681BB1E9
:10978000FB2108469847E073AB6813B1211DA01C6C
:10979000984763883F2B02D9A3883F2B05D8002325
:1097A0002D49E869E373FFF7BAFF2C49E869FFF731
:1097B000B6FFEB68002B33D101262B6913B1E11DF5
:1097C000A01D9847002E34D0E28840F202239A422E
:1097D0002FD101232374002F32D0022F0CBF0C266F
:1097E00018261F49E869FFF79AFF6B6923B14FF408
:1097F000C872002130469847AB6933B104F10C02BE
:1098000004F10A0104F1080098472389E869154921
:10981000003B18BF01236374BDE8F840FFF77FBF2A
:10982000984706460028C7D10F49E869FFF777FF38
:10983000C3E700230D49E8692374FFF770FFCAE707
:109840004FF4C876CDE7F8BD786F01008B69010051
:10985000AA690100E3690100026A01003A6A010095
:10986000A36A0100CA6A0100546A0100756A010016
:10987000034B1B6813B1034A10681847704700BFB9
:109880002417002020170020034B1B6813B1034A44
:1098900010681847704700BF1C17002018170020D9
:1098A00003880B7003881B0A4B7043888B704388B6
:1098B0001B0ACB7083880B7183881B0A4B718379D9
:1098C0008B71C379CB7103890B7203891B0A4B72AD
:1098D000837A8B720023CB72704782B0C0E900128A
:1098E0000C220021083002B00CF0A7BF006808B1BC
:1098F000FFF7E0BE704700007FB5144E0B460446EC
:109900007168306801AD03C5B06828609888ADF80B
:10991000080020685D8819891E88DB88ADF804601E
:10992000ADF80650ADF80A30ADF80C108DF80E20E9
:1099300010B101A9FFF785FE04F1080101A8FFF7A6
:10994000AFFF00F0BDFBE07404B070BD8A6F010092
:10995000006808B1FFF770BE70470000004870470C
:109960004800002008B1FB23038009B1FB230B80D2
:109970007047000038B1094B1B7863B1022B0CBF54
:109980000C231823038009B100230B8012B14FF47C
:10999000C873138070474FF4C873F3E7BA00002010
:1099A0000220704701460320FEF72ABD02F09EBE4A
:1099B000FFF73EBB70B503780F2B90B0044600F064
:1099C000DB8007D8002B32D0012B00F0B4800020C0
:1099D00010B070BD122BFAD14368002BF7D1C37AB7
:1099E000827A6A4C6A4D6B4E2B70022B08BF022A9A
:1099F000E371694832700CBF012300232374A27104
:109A0000FEF7D4FC3078FEF7E5FC6448FEF7CEFCA8
:109A10002878FEF7DFFC6248FEF7D2FC614B18683D
:109A20000028D4D001222146FFF766FFCFE7436824
:109A3000002BCCD15C4D03895C492B800320FEF7C1
:109A4000DFFC5B4B08935B4B09935B4B0A935B4BCF
:109A50000B935B4B0C935B4B0D935B4B0E935B4BF0
:109A60000F935B4B03AA03F110061868596814465C
:109A700003C40833B3422246F7D11B882380554BD9
:109A800003AA187808A9FFF74FFE404B03AC07AEB6
:109A9000224603CAB24218605960144603F1080313
:109AA000F6D112881A809DF812303A4A03B9137819
:109AB00013709DF81330364A03B91378394E13707A
:109AC0003068B0B1444C012203A9FFF715FF238889
:109AD0007BB12A884FF6FF739A420AD030680C2176
:109AE000083009F024FF024618B12188288807F0C1
:109AF0001DFA3A48FEF75AFCBDF80C00FEF76AFC66
:109B00003748FEF753FCBDF80E00FEF763FC3548FE
:109B1000FEF74CFC9DF81200FEF75CFC3248FEF7A5
:109B200045FCBDF81400FEF755FC1D48FEF748FC47
:109B3000FFF79EFE4BE71C4B2C494FF6FF720320AC
:109B40001A80FEF75DFC2A48FFF730FDFFF79CFE08
:109B5000022300218DF820308DF82130254B009311
:109B6000019108AB6FF000420846CDF82210CDF805
:109B7000261005F091FC2AE71F48FEF717FC208904
:109B8000FEF728FC0648FEF71BFC20E74E000020ED
:109B90006000002061000020906B0100A76B0100B5
:109BA0005E69010030170020B80000200D6B010035
:109BB000E99C0000C19C000065990000999C000090
:109BC0003D9C0000FD9B000075990000A5990000D8
:109BD00014710100BA0000202C170020356B010021
:109BE0004B6B0100566B0100616B0100686B01005B
:109BF00064000020B59900007A6B01001FB50E4B80
:109C0000044618884FF6FF7398424FF0000310D0B7
:109C1000ADF8081001A90393ADF80440ADF8064073
:109C2000ADF80A2005F040FFB0FA80F0400904B01A
:109C300010BD1846FBE700BFB8000020134B37B536
:109C4000054618884FF6FF7398420C4613D0002340
:109C50000DF107020DF106018DF806308DF8073081
:109C600005F0D0F938B90A4B9DF806201A70094B57
:109C70009DF807201A7015B1054B1B782B7014B195
:109C8000044B1B78237003B030BD00BFB800002028
:109C9000610000206000002008B5084B18884FF6CE
:109CA000FF73984208D002220023114605F0D9F92B
:109CB000B0FA80F0400908BD0020FCE7B8000020A1
:109CC0000A46084908B5034608884FF6FF718842DE
:109CD00006D0194605F0A0FFB0FA80F0400908BD93
:109CE0000020FCE7B800002010B50A4C22884FF68F
:109CF000FF739A420BD003F035FA002220881146F8
:109D000007F0E6F82088BDE8104003F027BA1720D6
:109D100010BD00BFB800002008B5134612785AB92C
:109D2000064A116841B158680C22083102F0B4FDAE
:109D3000002818BF112008BD0E20FCE730170020B6
:109D400030B51378012BBFB003D00E2420463FB0AE
:109D500030BD5068058AF42D0DD800232A4601A98C
:109D600009F0F8FD04460028EFD104482A4601A96D
:109D7000FFF78BFBEAE70D24E8E700BF6400002053
:109D800030B51378012B89B003D00E24204609B0DA
:109D900030BD5068058A202D0DD800232A4669461B
:109DA00009F0D8FD04460028EFD104482A46694648
:109DB000FFF7CEFAEAE70D24E8E700BF64000020D1
:109DC00070B51378012BBEB003D00E2528463EB0E7
:109DD00070BD5068068AF42E1FD80023324601A9B0
:109DE00009F0B8FD05460028EFD1FFF7B7FD04469E
:109DF00002F0E2FC237980B213B12388834200D9B8
:109E0000208001232371064B608018680028DDD074
:109E1000324601A9FFF76AFDD8E70D25D6E700BF56
:109E20003017002030B51F20A1B0364C364D00F061
:109E3000D7F935480CF038F923683BB19B792BB141
:109E400028460CF001FA31480CF0F8F9236843B1C8
:109E50001B7933B12E4B1B781BB1FFF7E9F80CF0DF
:109E6000ADF92C4808F02AF930B12B49012021B076
:109E7000BDE83040FEF7C4BA264808F0FBF80446B7
:109E800008B12649F2E70146682206A80CF0D5FC85
:109E90000623234A8DF81830BDF838300D9513404D
:109EA00043F4827343F00103ADF838301D4B0B933C
:109EB000BDF83030134043F4807343F0010306A82B
:109EC000ADF8303005F0DBFB02238DF80C308DF857
:109ED0000D30154B00936FF0004203AB2146019407
:109EE0002046CDF80E40CDF8124005F0D5FA0F49C6
:109EF0000320FEF785FA4FF6FF7000F071F921B0EC
:109F000030BD00BF30170020AE6B0100B46B010004
:109F100028170020986F0100BD6B0100D96B01006C
:109F200000FEFFFF03710100B5990000F46B010012
:109F3000FFF7B0B9FFF764B8FFF79CB9FFF775B941
:109F4000FFF764B938B50B4C25884FF6FF72954280
:109F50000ED0094D2A885AB150B189B209F0E7FCF8
:109F6000024628B129882088BDE8384006F0DEBFC7
:109F700038BD00BFB80000202A17002008B51346DE
:109F8000127842B905495868022202F085FC00287F
:109F900018BF112008BD0E20FCE700BF287001008B
:109FA000F8B5154E32884FF6FF739A4201D1002062
:109FB000F8BD124F3B88002BF9D089B209F0B7FCED
:109FC0000546FFF7CBFC044602F0F6FB227983B28C
:109FD00012B122889A4200D9238001222271638023
:109FE000002DE4D0398830882A4606F09FFFB0FA69
:109FF00080F04009DCE700BFB80000202E170020E9
:10A0000010B51F4B88B018601E4B0446197018B16C
:10A010001D490022FFF79CFCFFF7F6F80023079389
:10A020001A4B00931A4B01931A4B02931A4B03934A
:10A030001A4B04931A4B1B48059369461A4B069317
:10A04000FFF73CF902F034FB184B194A1A610CF087
:10A050003FF80CF08FF854B1237923B10CF0C2F81B
:10A06000144B01221A70A3790BB10CF0F3F81248CB
:10A070000BF056FE11490320FEF7C2F908B010BDDF
:10A0800030170020BA000020A19F0000419F00006F
:10A090003D9F0000399F0000B1990000359F0000EE
:10A0A000319F000064000020459F00006C110020DB
:10A0B000259E000028170020AD990000136C0100B8
:10A0C000014B1878704700BF341700202DE9F84382
:10A0D0001746BDF8205006460C469846FEF7C3FAD0
:10A0E000791C891B184B89B200224FEA152C90B2BB
:10A0F000814203F1020306D84D004FF00009A0454C
:10A1000007D2BDE8F88303F802CC03F8015C013202
:10A11000EDE723463A462146304609F10109FEF7AC
:10A12000A2FA1FFA89F908482946FEF7C5FBB9F1DA
:10A13000200F05D1FFF73CFAFEF7DEF84FF00009DB
:10A140000134A4B2DBE700BF381700202DE9F04F3F
:10A1500000F10F0389B09BB2074605911C250393BC
:10A16000059B23FA05F4A5EB85061C4B04F00F04B0
:10A170005C3604EB8404B6B21C4439464FF61F0922
:10A180004FF6FF7A8B1C9BB214F801BB0493304648
:10A190004FF000082BFA08F212F0010F0CBF4B46EB
:10A1A0005346821C009392B2049BCDE90601FFF74F
:10A1B0008DFF0698079908F101080330B8F1030FE5
:10A1C00080B2E7D1039B033189B28B42DAD1043DDF
:10A1D0002B1DC5D109B0BDE8F08F00BF267101006D
:10A1E00007B5EF23002100901A460846FFF76EFFDF
:10A1F00003B05DF804FB08B572B643F69824FEF789
:10A200007BF8FFF7DFF9C82C254628BFC82528466C
:10A21000FEF75EF8641BF2D12046FFF7E1FFFFF77F
:10A22000F5F90000F0B54FF0804389B00020D3F875
:10A230000074FFF7D5FF164A164BCDE90223164BE3
:10A240000FCB04AC84E80F0002AE142554F8043B95
:10A250003B4214BF338842F2041305F13202284610
:10A260003735009392B296235A21ADB2FFF72EFFF5
:10A27000F02D06F10206E9D14FF080434FF0FF3296
:10A28000C820C3F8002409B0BDE8F040FEF720B8AC
:10A2900000F820FDE0FFFF077871010008B50446D3
:10A2A000FEF72AF84FF0E023D3F8286DD3F82C5DA1
:10A2B00004B1A4694FF61F00FFF792FF3146282032
:10A2C000FFF744FF29464620FFF740FF2146642060
:10A2D000FFF73CFFFFF78FFF08B540F2FF70FFF775
:10A2E0007FFFFFF788FF08B5FFF7D8FF1EF0040FC8
:10A2F0000CBFEFF30880EFF30980FFF7F4BF000015
:10A3000037B5164916484FF08072FFF7E6FA144841
:10A310000121FFF775FE3224FDF7EEFFFFF752F93A
:10A32000CC2000F0BFFB013CF6D14FF6FF70FFF7E9
:10A3300057FF43F69824FDF7DFFFFFF743F9C82CDA
:10A34000254628BFC8252846FDF7C2FF641BF2D169
:10A350002046FFF745FFFFF759F900BFD000002066
:10A36000BC00002008B5FDF7C7FFBDE80840FFF7B7
:10A3700029B908B5FFF7B0FF08B5FFF7ADFF08B57D
:10A38000FFF7AAFF07B5FDF7B7FFFFF711F9FEF7D3
:10A3900057F8FEF7B3F9FEF7C7FA3720FEF7FEFAD3
:10A3A0004FF47840FFF71CFFFFF73CFF4FF62050BB
:10A3B000FFF716FF02220023CDE9002306490748D4
:10A3C0004FF4806200F0AEF8012801D0FFF784FF5F
:10A3D00000F08EF9FAE700BF4B6C010001A300000A
:10A3E0002DE9F843224B234C1D68234BD3F8008002
:10A3F000224B0646D3F80090206804300F4601F047
:10A4000065FA40B922681E49D06A0B680122824071
:10A4100023EA02030B60731C14D19FB1194B21680E
:10A420005A688A6021689068C86021680431416078
:10A43000216804319160226853611A6801321A6000
:10A44000BDE8F88323682168AD195D6001F104015E
:10A4500004D34846BDE8F84301F021BA404601F074
:10A460001EFA094B1A68AA4288BF1D60E8E700BFC0
:10A470003C190020181A0020881900208419002097
:10A48000381900204419002020190020064A1368BA
:10A490001968064B19B94FF0FF321A6070471268FD
:10A4A000D2681268F9E700BF88190020201900203F
:10A4B000F8B50E4C0E4F0F4E236803B9F8BD01F0EE
:10A4C0001FFEFB68DD68281D01F000FA3368013BC0
:10A4D00033602368013B236001F030FE286B01F0FC
:10A4E000F7FC284601F0F4FCE6E700BF581900200D
:10A4F0005C1900204019002008B5094C4FF0E025F8
:10A500004FF08056FFF7D4FF2368012B05D9C5F81B
:10A51000046DBFF34F8FBFF36F8FFFF723FFF1E79A
:10A52000B41900202DE9F84F970080463846DDE940
:10A530000A5A0E46994601F003FC834618B94FF0BB
:10A54000FF30BDE8F88F502001F0FAFB04460028E8
:10A5500000F09880502200210CF06FF93A46C4F8C0
:10A5600030B0A52158460CF068F9236B043F1F4416
:10A5700027F007076EB1731E04F133020B3613F890
:10A58000011F02F8011F09B1B342F8D1002384F87A
:10A590003F30042D05D9484840F26471FFF7EFFEC3
:10A5A0000425261DE5622564304601F075F9C5F1E4
:10A5B000050504F1180001F06FF92461A5616462DA
:10A5C0004A464146384601F085FD2060BAF1000F49
:10A5D00001D0CAF8004001F093FD384B384F1A689B
:10A5E000DFF8048101321A603D68002D4ED13C60D5
:10A5F0001B68012B1FD1C1464846013501F041F9C6
:10A60000052D09F11409F7D1DFF8E0902D4D4846EA
:10A6100001F037F9284601F034F92B4801F031F9FF
:10A620002A4801F02EF92A4801F02BF9294BC3F8EA
:10A630000090294B1D60294A294913680868013395
:10A640001360E36A01229A4002430A6014225343D2
:10A6500008EB03014A68A2609068E060466096607B
:10A6600058F803206161013248F8032001F066FDCB
:10A670001C4B1B6823B13B68DA6AE36A9A4210D329
:10A6800001205EE7584601F023FC58E7154B1B6894
:10A69000002BD0D13B68DA6AE36A9A4298BF3C60EB
:10A6A000C9E74FF0E0234FF08052C3F8042DBFF309
:10A6B0004F8FBFF36F8FE3E74E6C0100401900200E
:10A6C000181A00208C190020701900205C19002035
:10A6D0004419002088190020841900202419002022
:10A6E0003819002034190020B4190020A0190020C6
:10A6F00010B51B4A86B003AB12F8014B03F8014BAF
:10A70000002CF9D1174B1848CDE90043802223468D
:10A7100003A9FFF707FF012808D0144840F6A961F4
:10A72000FFF72DFE124B1B6806B010BD01F02EFA8C
:10A73000012812D14FF0600383F31188BFF36F8FAC
:10A74000BFF34F8F0B4B4FF0FF321A600A4B18606C
:10A750000A4B1C6001F028FDE4E70130E2D1DCE7A0
:10A760009C6C01001C190020F9A400004E6C010033
:10A770008871010020190020341900203C190020A4
:10A78000024A136801331360704700BF1819002094
:10A79000014B1868704700BF3C19002008B501F054
:10A7A000ADFD014B186808BD3C190020014B18682D
:10A7B000704700BF401900202DE9F84F564B1B6829
:10A7C000002B40F0A280554B1C6801341C609CB9E2
:10A7D000534D2B681B6823B1524841F25F21FFF7AC
:10A7E000CEFD514B2A68196829601A604F4A1368D8
:10A7F00001331360FFF74AFE4D4D4E492B68DFF8D9
:10A8000044C19C424FF0000207D3454F4A4E3B687B
:10A810001B689BB94FF0FF332B60DCF800304748D2
:10A82000DB6A046814204343C858012898BF002CF1
:10A8300014BF012000201043BDE8F88F3B68DB689F
:10A84000DB685868844201D22860E6E7D3E9020950
:10A85000D3F81480C0F80890C9F80400D8F80400B0
:10A8600003F1040E70454FF0000008BFC8F80490D3
:10A870005861D8F800000138C8F80000D3F82880E3
:10A88000B8F1000F15D0D3E90709C0F80890C9F84E
:10A890000400D8F8040003F1180A50454FF00000F6
:10A8A00008BFC8F804909862D8F800000138C8F8CA
:10A8B0000000D86AD6F800904FF0010808FA00F8B6
:10A8C00048EA0908C6F800804FF0140808FB00F8B1
:10A8D00001EB080ADAF80490C3F80890D9F808B038
:10A8E000C3F80CB0CBF804E0C9F808E0C3F814A032
:10A8F00051F80830013341F80830DCF80030DB6AE9
:10A90000984288BF42F0010281E70D4A1368013383
:10A910001360002090E700BF181900203C190020A8
:10A92000881900204E6C010084190020281900208D
:10A9300020190020B4190020381900202C190020FB
:10A9400030190020181A00202DE9F84F4C4C01F066
:10A95000D7FB236823B94B4840F68B71FFF70FFDF7
:10A960002368013B236023682BB1002401F0E6FB40
:10A970002046BDE8F88F444A1268002AF5D04348C3
:10A98000434C444ADFF818C1434D0126142753E0D5
:10A99000C368DB68D3E90718D3F828E0C1F808805A
:10A9A000C8F80410DEF8041003F1180949454FF007
:10A9B000000108BFCEF804809962DEF8001001396A
:10A9C000CEF80010D3E90218D3F814E0C1F80880DB
:10A9D000C8F80410DEF8041003F104094945DEF854
:10A9E000001008BFCEF804800139CEF80010D3F86B
:10A9F0002CE0D4F8008006FA0EF141EA080107FBCA
:10AA00000EF802EB080A2160DAF804109960D1F818
:10AA100008B0C3F80CB0CBF80490C1F8089052F815
:10AA20000810C3F814A0013142F80810DCF8001037
:10AA3000C96A8E4500D92E6001680029A8D10BB1E2
:10AA4000FFF724FD154D2C6844B1134E0127FFF785
:10AA5000B3FE00B13760013CF9D12C600E4B1B688E
:10AA6000002B82D00E4B1B684FF0E0234FF080523A
:10AA7000C3F8042DBFF34F8FBFF36F8F012475E729
:10AA8000181900204E6C0100401900207019002098
:10AA900038190020B41900202C190020301900208A
:10AAA000181A002010B5044650B94FF0E0234FF0BB
:10AAB0008052C3F8042DBFF34F8FBFF36F8F10BDCB
:10AAC000FFF75EFE084B1B68012B04D0074840F6D9
:10AAD0008E11FFF754FC00212046FFF781FCFFF7A1
:10AAE00033FF0028E1D0EAE7181900204E6C01007E
:10AAF000204B1A68204B70B512B101221A6070BD4C
:10AB00001E4D1A602B681B6B1A68B2F1A53F0BD162
:10AB10005A68B2F1A53F07D19A68B2F1A53F03D1B7
:10AB2000DB68B3F1A53F04D0296828683431FFF70A
:10AB300023FC134B1C68B4FA84F4E4B2C4F11F0480
:10AB40001423104E6343F35823B90F4841F2FA31EE
:10AB5000FFF715FC14235C433219083453685B6813
:10AB600053602644B34204BFD3685360DB682B6054
:10AB70002B68C4E7181900202C190020181A00208F
:10AB800038190020B41900204E6C010038B50D466C
:10AB9000044620B908484FF4A451FFF7F0FB074BD7
:10ABA00019682046183100F07AFE28460121BDE8D8
:10ABB0003840FFF715BC00BF4E6C0100181A00208A
:10ABC00070B50E461546044620B9114841F2BE4103
:10ABD000FFF7D5FB0F4B626819689068CA61196866
:10ABE000086219681831416019681B681831916052
:10ABF0009C622368002D03F10103236029460CBFEA
:10AC000030464FF0FF30BDE87040FFF7E9BB00BFB2
:10AC10004E6C0100181A0020F8B5C368DC6824B92E
:10AC2000284841F2F541FFF7AAFBD4E90712A36ACD
:10AC30008A605160596804F11800814208BF5A6067
:10AC40000022A2621A68013A1A601F4BE26A1B686E
:10AC5000002B2AD1D4E902016369816048605868F9
:10AC6000251DA84208BF59601968013919601749A4
:10AC700001230868934003430B6015491423534391
:10AC8000CE187068A0608768E7607D608560C858EE
:10AC900066610130C8500F4B1B68DB6A9A4283BF64
:10ACA0000D4B012018600020F8BD0C4B5968E16184
:10ACB0008D682562686088601968A3620131196037
:10ACC000E9E700BF4E6C0100181900203819002078
:10ACD000B4190020181A00202C1900207019002027
:10ACE000034B1B680360034B1B684360704700BF46
:10ACF000281900203C19002070B50D46044620B9E3
:10AD0000154841F2A551FFF73AFB25B9124841F227
:10AD1000A651FFF734FB01F0F3F9104B19682B68CB
:10AD20005A1C17D00E48266800686268864208D010
:10AD30008A4206D800232B60012401F0FFF9204647
:10AD400070BD881A8342F5D95B1A13442B602046E4
:10AD5000FFF7C6FF0024F0E74E6C01003C1900200D
:10AD600028190020014B01221A6070472C1900207D
:10AD7000014B1868704700BF181A0020054B1B686C
:10AD800033B1054B1868B0FA80F0400940007047B5
:10AD9000012070473419002018190020F8B5044626
:10ADA000002837D0224DC36A2A68D26A934236D22D
:10ADB0008269204E002AA1BF2A68D26AC2F1050228
:10ADC0008261142202FB036342699A4223D1071D68
:10ADD000384600F07BFD184930B9E06A0B68012263
:10ADE000824023EA02030B602B680868DB6AE36297
:10ADF00001229A4002430A6014225343F1184A6820
:10AE0000A2609068E06047609760F258616101322B
:10AE1000F2500120F8BD2B68DB6AC362F9E72B68AA
:10AE2000006CDB6A98422CBF00200120F2E700BFD3
:10AE3000181A0020B419002038190020F8B504466B
:10AE400008B90020F8BD204B1B68834204D01F487E
:10AE500041F62821FFF793FA636C23B91B4841F6AA
:10AE60002921FFF78CFA636CE16A226C013B914265
:10AE70006364E6D0002BE4D1251D284600F026FDB2
:10AE8000134A30B9E06A13680121814023EA0103C3
:10AE90001360236C1668E362C3F105010120A16110
:10AEA00000FA03F1314311600A4A14214B43D618CA
:10AEB0007168A1608F68E7607D608D60D1586661C0
:10AEC0000144D150BEE700BF181A00204E6C0100AB
:10AED00038190020B419002070B50D46044600282A
:10AEE00045D0436C23B9224841F68621FFF747FA43
:10AEF000236C9D4238BF1D46E36AAB4237D0636C7A
:10AF0000012B34D11B4B1B68A34204D1184841F6D6
:10AF1000A121FFF734FAA269E36AE562002AA4BF1F
:10AF2000C5F10505A561144D142202FB03536269A6
:10AF30009A421CD1261D304600F0C8FCE36A0F4A35
:10AF40000121994018B9106820EA010010601068CA
:10AF50000143116014225343E9184A68A2609068C3
:10AF6000E06046609660EA5861610132EA5070BD67
:10AF70004E6C0100181A0020B41900203819002066
:10AF8000034B186810B1436C01334364704700BF32
:10AF9000181A002010B5044601F0B2F8A46B01F0B5
:10AFA000CDF8B4FA84F0400910BD70B51646026CB5
:10AFB000856B044642B906689EB98068FFF73EFF7C
:10AFC000A6600135A56370BD6EB940680BF050FCFA
:10AFD0006368226C1344A2686360934224BF2368B1
:10AFE00063600020EDE7C0680BF042FC226CE36870
:10AFF00051429B1A2268E36093423EBFA3685B18EC
:10B00000E360022EEDD10DB1013DEAE72846D8E715
:10B01000034610B41A6C084662B1DC68A1189C683B
:10B02000D960A14228BF19685DF8044B28BFD960D8
:10B030000BF01EBC5DF8044B704770B5044601F080
:10B040005FF894F8455004F124066DB2002D01DD3F
:10B05000636AB3B9FF2384F8453001F06FF801F05B
:10B060004FF894F8445004F110066DB2002D01DD44
:10B0700023697BB9FF2384F84430BDE8704001F0B8
:10B080005DB83046FFF7C8FD08B1FFF76BFE013D24
:10B090006DB2DBE73046FFF7BFFD08B1FFF762FE98
:10B0A000013D6DB2E2E7000070B50E46044640B1C6
:10B0B000C56B65B921484FF4B671FFF760F9002000
:10B0C00031E01E4840F23711FFF759F9F2E7036CFF
:10B0D000A3FB0535002DEDD101F012F8D4E90F31B5
:10B0E000226862604B43D0185B1A1A44FF23A563A1
:10B0F000A06084F84430E26084F84530A6B9236942
:10B1000073B104F11000FFF787FD48B14FF0E02361
:10B110004FF08052C3F8042DBFF34F8FBFF36F8FF2
:10B1200001F00CF8012070BD04F1100000F0A9FB43
:10B1300004F1240000F0A5FBF2E700BFA16C0100C0
:10B1400070B50D460646C8B1A1FB0023B3B948430C
:10B1500010F1490F12D8483000F0F2FD044690B1CA
:10B1600055B100F14803C4E90F6523600121204671
:10B17000FFF79AFF204670BD0346F4E7034840F20C
:10B180002A21FFF7FCF80024F4E700BFA16C0100BE
:10B1900010B50C4640B1884206D302220021FFF7C9
:10B1A000CFFF00B1846310BD034840F29F31FFF729
:10B1B000E6F80020F7E700BFA16C01002DE9FF4190
:10B1C0000E4601921D46044620B94C4840F2B63165
:10B1D000FFF7D5F836B9236C23B1484840F2B731B0
:10B1E000FFF7CDF8022D07D1E36B012B04D04348C4
:10B1F0004FF46E71FFF7C3F8FFF7C0FD30B9019B44
:10B2000023B13E4840F2BB31FFF7B9F80027B846FA
:10B2100000F076FFA26BE36B9A421BD22A463146BE
:10B220002046FFF7C2FE636A1BB104F12400FFF75A
:10B23000F3FC48B14FF0E0234FF08052C3F8042DE7
:10B24000BFF34F8FBFF36F8F00F078FF012004B082
:10B25000BDE8F081022DE1D0019B1BB900F06EFF2B
:10B260000020F4E717B902A8FFF73AFD00F066FFE7
:10B27000FFF786FA00F044FF94F84430FF2B08BF34
:10B2800084F8448094F84530FF2B08BF84F845804B
:10B2900000F054FF01A902A8FFF72EFD38BB00F013
:10B2A0002FFFA26BE36B9A420ED100F047FF01998A
:10B2B00004F11000FFF76AFC2046FFF7BEFEFFF71F
:10B2C00043FB48B10127A3E700F038FF2046FFF712
:10B2D000B4FEFFF739FBF5E74FF0E0234FF0805263
:10B2E000C3F8042DBFF34F8FBFF36F8FEAE72046FB
:10B2F000FFF7A3FEFFF728FBB2E700BFA16C010038
:10B3000010B5024600210120FFF71AFF044638B1AC
:10B31000002383600360C3601A461946FFF74EFF9F
:10B32000204610BD38B5044620B90C4840F2FB2138
:10B33000FFF725F8A568FFF71BFD85420BD1E368F1
:10B34000013BE3600BB1012038BD1A461946204687
:10B35000FFF734FFF7E70020F6E700BFA16C01001C
:10B360002DE9F843894617461E46044620B92B4866
:10B370004FF49261FFF703F8B9F1000F06D1236C87
:10B3800023B1264840F29141FEF7F9FF022E07D182
:10B39000E36B012B04D0214840F29241FEF7EFFF0E
:10B3A00000F0ACFFEFF311884FF0600383F31188D6
:10B3B000BFF36F8FBFF34F8FA26BE36B9A4201D342
:10B3C000022E29D194F84550A36B6DB232464946FE
:10B3D0002046FFF7EAFD6B1C0ED1636A3BB104F116
:10B3E0002400FFF719FC10B10FB101233B600120CD
:10B3F00088F31188BDE8F883FFF7D8F98542F6D2C3
:10B400007F2D04D1054840F21E51FEF7B8FF0135EB
:10B410006DB284F84550EAE70020E9E7A16C01002D
:10B42000F8B50E46044620B925484FF4A861FEF74A
:10B43000A6FF236C23B1224840F24451FEF79FFF40
:10B44000236833B9A36823B11D4840F24951FEF780
:10B4500096FF00F053FFEFF311874FF0600383F383
:10B460001188BFF36F8FBFF34F8FA36BE26B9A42CC
:10B4700024D994F845200133FF2A55B2A3630DD196
:10B48000636A3BB104F12400FFF7C6FB10B10EB1B3
:10B4900001233360012087F31188F8BDFFF786F997
:10B4A0008542F7D27F2D04D1054840F2CB51FEF7FB
:10B4B00066FF01356DB284F84550EBE70020EAE7FE
:10B4C000A16C01002DE9FF410D460192044620B90F
:10B4D000444840F2E951FEF752FF35B9236C23B1DD
:10B4E000404840F2ED51FEF74AFFFFF747FC30B904
:10B4F000019B23B13B4840F2F251FEF740FF002789
:10B50000B84600F0FDFDA66BE6B129462046FFF7E0
:10B510007FFD2369013EA66373B104F11000FFF7BC
:10B520007BFB48B14FF0E0234FF08052C3F8042D6D
:10B53000BFF34F8FBFF36F8F00F000FE012004B008
:10B54000BDE8F081019B1BB900F0F8FD0020F6E793
:10B5500017B902A8FFF7C4FB00F0F0FDFFF710F9E0
:10B5600000F0CEFD94F84430FF2B08BF84F84480EF
:10B5700094F84530FF2B08BF84F8458000F0DEFDCD
:10B5800001A902A8FFF7B8FB00BB2046FFF702FDA8
:10B59000B0B1019904F12400FFF7F8FA2046FFF753
:10B5A0004CFDFFF7D1F948B94FF0E0234FF080523E
:10B5B000C3F8042DBFF34F8FBFF36F8F0127A0E7B0
:10B5C0002046FFF73AFDFFF7BFF9F7E72046FFF700
:10B5D00034FDFFF7B9F92046FFF7DCFC0028EDD079
:10B5E000B4E700BFA16C0100F0B585B0044601913D
:10B5F00020B9504840F28261FEF7C1FE236C23B1AE
:10B600004C4840F28661FEF7BAFEFFF7B7FB30B94F
:10B61000019B23B1474840F28B61FEF7B0FE002545
:10B620002F462E4600F06CFDA36BE3B1013BA363F4
:10B63000236813B9FFF7A4FCA060236973B104F178
:10B640001000FFF7E9FA48B14FF0E0234FF08052C5
:10B65000C3F8042DBFF34F8FBFF36F8F00F06EFD63
:10B66000012005B0F0BD019B1BB900F067FD002073
:10B67000F7E717B902A8FFF733FB00F05FFDFFF70C
:10B680007FF800F03DFD94F84430FF2B08BF84F8AC
:10B69000446094F84530FF2B08BF84F8456000F003
:10B6A0004DFD01A902A8FFF727FB50BB2046FFF77D
:10B6B00071FC00B323683BB900F022FDA068FFF7DE
:10B6C0006DFB054600F03AFD019904F12400FFF7F7
:10B6D0005DFA2046FFF7B1FCFFF736F948B94FF0A5
:10B6E000E0234FF08052C3F8042DBFF34F8FBFF318
:10B6F0006F8F012796E72046FFF79FFCFFF724F99D
:10B70000F7E72046FFF799FCFFF71EF92046FFF701
:10B7100041FC0028EDD0002DA9D000F0F1FC616AB9
:10B7200019B1236B1968C1F10501A068FFF7D4FBBB
:10B730009BE700BFA16C010070B50D46044620B91F
:10B740000A4840F23731FEF71AFEA668FFF710FBF1
:10B75000864204D1E3680133E360012005E0294615
:10B760002046FFF741FF0028F4D170BDA16C010015
:10B770002DE9F84389469046044620B9254840F211
:10B78000FD71FEF7FCFDB9F1000F06D1236C23B16A
:10B79000204840F2FE71FEF7F2FD00F0AFFDEFF33E
:10B7A00011874FF0600383F31188BFF36F8FBFF3EE
:10B7B0004F8FA66B66B394F8445049466DB220464D
:10B7C000FFF726FC013E6B1CA66311D1236953B120
:10B7D00004F11000FFF720FA28B1B8F1000F02D0F1
:10B7E0000123C8F80030012087F31188BDE8F883F1
:10B7F000FEF7DCFF8542F6D27F2D04D1054840F6E6
:10B800004401FEF7BCFD01356DB284F84450EAE70F
:10B810003046E9E7A16C010010B5044620B906489E
:10B8200040F69B01FEF7ABFD00F06AFCA46B00F054
:10B8300085FC204610BD00BFA16C010070B5044618
:10B840000D46164600F05CFC94F84430FF2B04BF14
:10B85000002384F8443094F84530FF2B04BF0023C4
:10B8600084F8453000F06AFCA36B2BB932462946B8
:10B8700004F12400FFF7A4F92046BDE87040FFF76B
:10B88000DCBB00F108034FF0FF32C0E90223436044
:10B89000036100230360704700230361704730B5E4
:10B8A0000C68631C0AD103695A684A6091608B6016
:10B8B0005960036808610133036030BD00F108027C
:10B8C000134652681568A542FAD9EDE7D0E901128E
:10B8D00003698A6051605968814208BF5A6000223A
:10B8E000026118680138186070470000914208B57D
:10B8F000416000610AD8D21A83699A420DD2084B7E
:10B90000011D1868FFF7CBFF002008BD9A4201D245
:10B91000994202D2034B011DF3E70120F5E700BF76
:10B92000281A00202C1A002070B504460D46164631
:10B93000A1692B46324629442046FFF7D7FF00B9BC
:10B9400070BDA36920461D44236A9847F0E70000B4
:10B950000E4B1B68DB6870B5DC680546201D0E4683
:10B96000FFF7B4FF94F824305A0709D53246294628
:10B970002046FFF7D9FF236A2046BDE870401847EC
:10B9800023F0010384F82430F5E700BF2C1A0020CF
:10B9900010B5084C23681A6822B9074A116821605B
:10B9A000136010BDDB684FF0FF311868FFF7D0FF60
:10B9B000F0E700BF2C1A0020281A0020F8B50D4C23
:10B9C00000F09EFB25688DB90B4F0C4E3846FFF7F3
:10B9D00058FF3046FFF755FF094B1F60094B2A46B9
:10B9E0000C2108201E60FFF7ABFB2060BDE8F8408B
:10B9F00000F0A4BB241A0020441A0020301A0020B2
:10BA00002C1A0020281A00202DE9F0435A4E85B048
:10BA100000275A4B1B68D3F80090B9F1000F2BD0C8
:10BA2000DB68D3F800900025FEF7AAFEFEF7B0FE13
:10BA30003368DFF85481984204461FD33060002DEC
:10BA400049D04F4B1B681D68B5FA85F56D09D8F8CC
:10BA500000002A46A9EB0401FFF7F0FEFEF774FF91
:10BA600088B94FF0E0234FF08052C3F8042DBFF3A4
:10BA70004F8FBFF36F8F06E00125D5E7FFF788FFF3
:10BA80003460FEF761FFCDE901770397D8F8000035
:10BA9000002201A9FFF716FD0028BAD0019B002B58
:10BAA000F4DB039C636913B1201DFFF70FFFFEF762
:10BAB0006FFE33689842054601D2FFF769FF019B8C
:10BAC0003560013B082BE1D8DFE803F00E0E31387A
:10BAD0004E0E0E3138008145B9D8FEF735FF2146AC
:10BAE0004846FFF735FFCEE794F82430A16943F0CC
:10BAF000010384F82430029B2A4619442046FFF7AC
:10BB0000F5FE0028C2D094F8243059070AD5A3695D
:10BB100002992A4619442046FFF706FF236A204669
:10BB20009847B3E723F0010384F82430F6E794F84C
:10BB3000243023F0010384F82430A7E794F824305C
:10BB400043F0010384F82430029BA36123B90D481C
:10BB50004FF48261FEF713FCA1692B462A46294463
:10BB60002046FFF7C3FE91E794F824309A07E0D40B
:10BB7000204600F0ADF989E71C1A00202C1A00209D
:10BB8000281A0020EF6C0100241A002007B5FFF7E7
:10BB900015FF0D4B1B6843B90C484FF4A371FEF71A
:10BBA000EEFB002003B05DF804FB094B0193042376
:10BBB00000930849084800234FF48072FEF7B2FC56
:10BBC0000028E9D0EEE700BF241A0020EF6C010046
:10BBD000201A00203E6D010009BA00002DE9F04155
:10BBE000804628200D4616461F4600F0A9F8044658
:10BBF000D0B1002380F8243025B90D4840F2A911B6
:10BC0000FEF7BDFBFFF7DAFE069BC4F80080C4E92F
:10BC100006572362201DFFF73FFE2EB194F8243013
:10BC200043F0040384F824302046BDE8F08100BFCF
:10BC3000EF6C0100F0B50C4685B01646054620B9FC
:10BC4000114840F2CD11FEF79AFB104F3B68ABB1A3
:10BC5000052CCDE9014603950BDCFFF78FF8034671
:10BC6000022B38680DD10A9A002301A9FFF7A6FA22
:10BC700005E005484FF4EC71FEF781FB002005B0AC
:10BC8000F0BD00231A46F0E7EF6C0100241A0020F3
:10BC9000F0B50C4685B017461E46054620B90D483E
:10BCA0004FF40071FEF76BFB0B4B186880B1052C4D
:10BCB000CDE90147039506DD0023324601A9FFF7D0
:10BCC0004FFB05B0F0BD034840F20B21FEF757FBD8
:10BCD0000020F6E7EF6C0100241A002010B504469E
:10BCE00020B9034840F28521FEF749FB606810BD8A
:10BCF000EF6C010010B5044620B9074840F29141AD
:10BD0000FEF73DFB00F0FCF994F8244004F0010438
:10BD100000F014FA204610BDEF6C010010B5044687
:10BD200020B9064840F2AE41FEF729FB00F0E8F9E1
:10BD3000E46900F003FA204610BD00BFEF6C01007B
:10BD40002DE9F84F431E0A3338D810F0070300F1ED
:10BD5000080505D0A3F10902AA422FD31030C51A55
:10BD6000534EFEF70DFD3368F3B9524A524851075E
:10BD70001FBFD11D21F0070102F59042531A0CBFDD
:10BD80004FF490430A461344083B23F00703002175
:10BD900041600260C3E90011991AC2E900313360C1
:10BDA000464B1960464B1960002D09DCFEF7CCFDAF
:10BDB000FEF7DFFA00263046BDE8F88F0025CFE712
:10BDC0003F4F3B68AB42F1D33B4BDFF8E8A01C6828
:10BDD000544502D33B4B9C4203D93B48F521FEF727
:10BDE000CEFADFF8D480DFF8DCB06368AB4204D26F
:10BDF000D4F80090B9F1000F4ED13368A342D5D0EA
:10BE0000D8F800600836564502D32E4B9E4204D91E
:10BE10002D4840F20511FEF7B2FA2368C8F8003049
:10BE20006368AB4204D2284840F20D11FEF7A7FA2E
:10BE300063685A1B102A14D904EB050919F0070F7F
:10BE400004D021484FF48B71FEF799FA63685B1BAD
:10BE5000C9F80430D8F80030C9F80030C8F80090AC
:10BE60002B4616493A680868D21A824238BF0A60DF
:10BE70003A6043F00043154A63600023236013686F
:10BE800001331360FEF760FD730794D00E4840F253
:10BE90005711FEF774FA8EE7D14501D3D94503D97E
:10BEA0000948FB21FEF76BFAA0464C469DE700BF10
:10BEB000681A0020741A00206C1A0020601A0020F2
:10BEC000641A002073620020466D01005C1A002095
:10BED000F8B50546002868D0344FA0F10804BC42EC
:10BEE00002D3334B9C4204D932484FF4B571FEF76C
:10BEF00046FA55F8043C002B04DB2E4840F26B1147
:10BF0000FEF73DFA55F8083C23B12A484FF4B671C4
:10BF1000FEF735FA55F8043C002B46DA55F8082CA4
:10BF2000002A42D123F0004345F8043CFEF728FCE8
:10BF3000214A55F8043C11680B4413601F4B1A4604
:10BF40001E461B689C42FBD8964209D0BE4202D3D3
:10BF5000174B9E4204D917484FF4FD71FEF70FFAB4
:10BF60007268B3189C4201BF55F8043C34469B18D4
:10BF70007360616833686218934214D1104A126882
:10BF8000934203D05A680A4462601A6822600D4ADC
:10BF90001368A64203F1010318BF34601360BDE8C3
:10BFA000F840FEF7D1BC1A46F0E7F8BD741A00203D
:10BFB00073620020466D0100641A00206C1A002094
:10BFC000681A0020581A002000000000000000003D
:10BFD000074B19680868B0E8F04F80F30988BFF391
:10BFE0006F8F4FF0000080F311887047AFF300802F
:10BFF000181A002008480068006880F308884FF08D
:10C00000000080F3148862B661B6BFF34F8FBFF3B0
:10C010006F8F00DF00BF000008ED00E000000000AF
:10C02000EFF30980BFF36F8F154B1A681EF0100FE6
:10C0300008BF20ED108A20E9F04F10602DE90900BB
:10C040004FF0600080F31188BFF34F8FBFF36F8F05
:10C05000FEF74EFD4FF0000080F3118809BC19680F
:10C060000868B0E8F04F1EF0100F08BFB0EC108A5F
:10C0700080F30988BFF36F8F704700BFAFF3008074
:10C08000181A0020DFF80C00016841F4700101600B
:10C090007047000088ED00E007B5002301930B4BCB
:10C0A0001B68013303D00A48F421FEF768F94FF00A
:10C0B000600383F31188BFF36F8FBFF34F8F019B32
:10C0C000002BFCD003B05DF804FB00BF4C11002036
:10C0D000A66D01004FF0807340F8043C074B40F818
:10C0E0000C3C21F001016FF0020340F8081C40F8FD
:10C0F000202C40F8243C4438704700BF99C0000011
:10C100004FF0600383F31188BFF36F8FBFF34F8F3E
:10C11000084A13680133012B13600AD14FF0E02362
:10C12000D3F8043DDBB223B103484FF4F471FEF7BA
:10C1300026B970474C110020A66D010010B5074CC0
:10C14000236823B9064840F2EF11FEF718F9236877
:10C15000013B23600BB983F3118810BD4C11002003
:10C16000A66D010008B54FF0600383F31188BFF39B
:10C170006F8FBFF34F8FFEF71FFB28B14FF0E02307
:10C180004FF08052C3F8042D002383F3118808BDBB
:10C190004FF0E02300221A619A614FF223425A6164
:10C1A00007221A617047000037B54FF0E0244A4B70
:10C1B000D4F8002D9A4204D1484840F23711FEF7D6
:10C1C000DEF8D4F8002D464B9A4204D143484FF490
:10C1D0009C71FEF7D4F84FF0E023D3F8084D414BA3
:10C1E000E26A9A4204D03D4840F25711FEF7C7F880
:10C1F000A26B3D4B9A4204D038484FF4AC71FEF725
:10C20000BEF800230193394B1A78D2B28DF8022080
:10C21000FF221A701B78364ADBB28DF803309DF886
:10C22000033003F06003137023B92C4840F27B11F4
:10C23000FEF7A5F89DF80330DB4313F0600F04D040
:10C24000264840F27F11FEF79AF89DF8033013F06C
:10C25000800F019B36D1082B18BF019B254A14BFC4
:10C26000C3F1070300231B0203F4E06313609DF88E
:10C2700002301E4A4FF0E024DBB21370D4F8203DA8
:10C2800043F47F03C4F8203DD4F8203D002543F05B
:10C290007F43C4F8203DC4F81C5DFFF779FF164BBF
:10C2A0001D60FFF7EFFED4F8343F43F04043C4F87D
:10C2B000343FFFF79FFEFEF71BFCFFF7EDFE28461D
:10C2C00003B030BD013301939DF803305B00DBB256
:10C2D0008DF80330B9E700BF71C20F41A66D0100B0
:10C2E00070C20F41D1BF000021C0000000E400E097
:10C2F00078620020746200204C11002008B5EFF332
:10C3000005830F2B0AD90E4A9B5C0E4A12789A427B
:10C3100004D90D4840F27A31FEF731F84FF0E023AE
:10C320000A4AD3F80C3D126803F4E063934206D93D
:10C33000BDE80840044840F28A31FEF720B808BD45
:10C34000F0E300E078620020A66D01007462002036
:10C350000170090A417070470B0A017043700B0CA1
:10C36000090E8370C170704700887047006870477D
:10C37000002808DB4309044900F01F000122403374
:10C38000824041F82320704700E100E0F8B50769DA
:10C390000446FFF7B5FED7F80455D7F804316668B0
:10C3A0005BB106F180760023D7F804556660C7F8C4
:10C3B000043194F90100FFF7DBFF3543FFF7BEFEC0
:10C3C0002846F8BD30B484780369BCB34FF48022AA
:10C3D000C3F80823D3F80445D3F8045142681DB1CB
:10C3E000D3F8044502F1807222438A1A002A4FF0E2
:10C3F000010506DCC3F8085330BC90F90100FFF7D3
:10C40000B7BF022A07DCC3F80453D3F804359C42B3
:10C41000F2D130BC7047B2F1807FB4BF21F07F41D0
:10C4200004F500044FF48022C3F80853B4BFC3F8E6
:10C430004815C3F84845C3F80423EAE74FF400223F
:10C44000C3F80823C3F84C15C3F84C41C3F80423C0
:10C4500001229A64D3F848355B1A002BD9DBCBE76D
:10C460002DE9F041254C2669D6F84C3113B1002353
:10C47000C6F84C31A3680133A360D6F808331B0318
:10C4800037D5FFF73DFE01274FF00008656945B13C
:10C49000A3789BB11948FFF779FFEB68C01A002811
:10C4A00011DA6369EBB9A278236922B34FF48022D1
:10C4B000C3F808230122C3F8082316E023699F6408
:10C4C000D3F84805E9E7D5E9043243B15A616A690E
:10C4D0001360D5E90130C5F814809847D6E7A2610A
:10C4E000F5E7D9680548FFF76DFFFFF727FED6F897
:10C4F0004C31BDE8F0814FF40022DCE77C62002083
:10C50000052810B504461CDC0F4B53F82030C3B18E
:10C510001B78B3B9A8B90D4B0D4A1A6108205870A1
:10C520000C4B4FF48072C3F88020BFF34F8FBFF3E2
:10C530006F8FE022084983F8082309F0C1FE2046E6
:10C5400010BD1624FBE700BF8C7101007C62002047
:10C550000080004000E100E061C40000052870B5E3
:10C560004BDC274B53F82050002D46D02C78002C64
:10C5700043D1244B994240D8B3FBF1F1B1F5007F90
:10C580003BD82B69002B38D001290ED001231A4645
:10C5900002FA03F088422BD3DCB2013B9A408A1A9C
:10C5A000401A824201D2013CE4B2164B01262341DB
:10C5B000EB602E70FFF7A4FD2B6900225E60DE6049
:10C5C000C3F804250322C3F80825C3F810451E60EC
:10C5D00095F901206B78002A06DB5A0903F01F0346
:10C5E0009E40094B43F82260FFF7A8FD002070BD74
:10C5F00001330A2BCCD11C46D7E71620F7E700BF42
:10C600008C7101000024F40000E100E005280DDC3D
:10C61000074B53F8200050B183780BB1FFF7B6BE3B
:10C62000036901229A64D3F84805704700207047D7
:10C630008C710100F7B5089F0C469DB2099B0093D1
:10C64000164603463A462946204600F09FFC40B96C
:10C650002B46BAB22146304603B0BDE8F04000F0A8
:10C66000B7B803B0F0BD70B504680E461946238A0A
:10C67000B342054603D800230360204670BD304610
:10C680009047044670B129683346002200F065F9EE
:10C6900040B92868314600F0B3F9286800F0D1FBB2
:10C6A0002860EAE7204600F0E4F80024E5E700000F
:10C6B00008B5002204212020FEF742FD0A4B186035
:10C6C00000F0D2FC00F0D8FC08F032F905F07DFF54
:10C6D00000210520FFF714FF4FF4004000F018F888
:10C6E000BDE8084008F0A3BA9862002008B54FF0F2
:10C6F000FF31034809F042FB43689847F7E700BF62
:10C7000098620020004870479862002008F0C6B97F
:10C7100001460020FFF722BF0020FFF777BF4379D3
:10C72000072B00F1100298BF002300681344C01AC1
:10C7300080B270478268C188128800F110031344E8
:10C7400002680A44981A80B270470000074A10B580
:10C7500011680346084618B909B15068083810BD79
:10C7600004889C42FBD28068F5E700BF501100208E
:10C7700010B50C4A13682BB98360536818600830F1
:10C7800050600CE0198804888C42996801D80B46E7
:10C79000F1E7816011B900F1080151609860002053
:10C7A00010BD00BF50110020024B0022C3E900233E
:10C7B000704700BF50110020044B1B68002003B9D4
:10C7C00070475A689B68D2881044F8E750110020DF
:10C7D000103A028041600020704738B503888B42D0
:10C7E00004460D460CD3406800F0FFFB38B100232F
:10C7F000C360436000F110032B440360846038BDC4
:10C800000020FCE710B50C46FFF7A0FF20B1214641
:10C81000BDE81040FFF7E1BF10BD38B5038801F156
:10C820000805AB420DD3FF2D0BD80021FFF7D5FF34
:10C8300030B1036845712B4403600023C0E9043321
:10C8400038BD0020FCE70830084410B580B20C4623
:10C85000FFF77CFF20B1E1B2BDE81040FFF7DDBF7C
:10C8600010BD0146806808B510B1406800F0E4FBD7
:10C8700008BD10B500B910BDC468FFF7F2FF00286D
:10C88000F9D12046F6E70346002003B97047DA885D
:10C89000DB68104480B2F8E72DE9F0470F461546F3
:10C8A0000646002846D0D0F808A003469946DB6823
:10C8B000002BFBD148462C46FFF73CFF98B1A8421D
:10C8C000A8BF28460446D9F80030B9F80600224629
:10C8D0003946184409F0CCFFB9F806302344274400
:10C8E000A9F806302C1B002C05DD00215046FFF76F
:10C8F00074FF804638B97379072B16D8201E18BFED
:10C900000120BDE8F087BAF80020A242A8BF224665
:10C91000C2803946006809F0ABFFB8F80630C9F8A4
:10C920000C801F44E41AC146DDE7338A1D442D1BE9
:10C930003582E3E70220E4E710B508B910BD002115
:10C940000446C068E3888B4202DC04D10028F6D19B
:10C9500011802046F2E7C91AEFE7F7B50546084609
:10C9600011460DF106021F46FFF7E6FF064617B90E
:10C97000384603B0F0BDAEB1BDF80630F48831687A
:10C98000E41ABC42A8BF3C46A4B222461944284639
:10C99000FFF782FF0028ECD13C1BF668ADF80600DB
:10C9A000A7B2E4E70220E4E7F8B505461F461446BF
:10C9B0003AB92046F8BD05B3EB888B4203DCED683D
:10C9C000C91A0029F7DC002C05DC002CD4BF002498
:10C9D00001246442EDE7002DF7D0EE882B68761A2B
:10C9E000A642A8BF264619443846324609F040FF01
:10C9F000A41BED6837440021E5E74FF0FF34D8E78A
:10CA000070B5002830D000291ADA4B4204460025C0
:10CA1000E2882646E4681544002CF9D19A4244790C
:10CA200023DB9BB2D21A072CF2801DD9028AD31ABB
:10CA300019E0E41AD48014681C44146000230CE04C
:10CA400002460B460025002BF8D0D4889C42F0DC2F
:10CA5000D580D2681B1B002AF5D14279072A03D959
:10CA6000028A521A1344038270BD294421EAE171FB
:10CA7000072C88BF0182C3888B420446C06807DB4D
:10CA8000E1800028F0D0FFF7F4FE0023E360EBE73D
:10CA9000C91A0028EFD1E7E72DE9F7431E1E174614
:10CAA0001DDD0DF10602FFF747FF044620B96FF0C8
:10CAB000004003B0BDE8F0830025A946BDF806009C
:10CAC000E288731B121A9A42A8BF1A461FFA82F80C
:10CAD000B8F1000F05D14544ADB2B5420AD10020EE
:10CAE000E7E7236892B27919184409F07DFE00281F
:10CAF000F1D0DEE7E468ADF80690002CDED1D6E791
:10CB00002DE9F7431E461446002301AAADF8043070
:10CB1000ADF80630BDF82870FFF70EFF3146054628
:10CB20000DF106022046FFF707FF0646002F43D00F
:10CB3000BDF8043000227DBB0AB1ADF80430BDF869
:10CB4000062000219EB3F38893422CD909B1ADF899
:10CB5000062065B3BDF80490EC88BDF80680316806
:10CB60002868A4EB0904A4B2BC42A3EB080328BFC5
:10CB70003C469BB29C4228BF1C4622464144484446
:10CB800009F032FEA8B9A144A0443C1BADF80490C2
:10CB9000ADF80680A7B2C9E7E9889942CCD8ED681C
:10CBA00001220023C7E7F66801210022CAE76FF0DF
:10CBB000004003B0BDE8F0833846FAE72DE9F041C4
:10CBC0000E4604464FF000082046FFF7A8FDE28815
:10CBD00061792368B042A8BF304612FA80F2072973
:10CBE000A3EB0003E28088BF228A236083B284BF64
:10CBF0009B182382361A0CD00729A0680CD9083953
:10CC0000C9B2FFF70AFE054650B92046FFF731FECC
:10CC10002C462046BDE8F0810021FFF7DEFDF2E75B
:10CC20006279072A0CD900F11007384604F1100187
:10CC300009F01EFE63796B711F442F6084F8058034
:10CC40002846FFF777FD2B68EC6003442B602C46E9
:10CC5000BAE72DE9F34791460DF1060207468846EB
:10CC60001C46FFF769FE054660B34FF0000ABDF8A9
:10CC70000600EE88361AA642A8BF2646002E07DD1B
:10CC80002B6849463246184409F0F2FDB144A41B12
:10CC9000A4B1EB681BB1ADF806A01D46E7E7A2B250
:10CCA00049462846FFF7F8FD48B97B79072B05D997
:10CCB0003B8A44449C42B8BF1C463C82002002B0E0
:10CCC000BDE8F0874FF0FF30F9E710B503461A468C
:10CCD000DB68002BFBD1D1604379072B06D94B7958
:10CCE000072B0ED9038A0A8A1344038200234B714F
:10CCF00010BDDC88028ADB6822440282002BF8D156
:10CD0000F4E70B46FAE72DE9F041D0F80880B8F8CF
:10CD100000308B4205460C4602D20020BDE8F0816F
:10CD200007463E46FF68002FFBD13046FFF702FD65
:10CD3000A04207D239464046FFF74FFD0028ECD00D
:10CD4000F0600646F38830681A19F2806A79072A7B
:10CD500001D81844E2E72A8A14442C82F9E72DE925
:10CD6000F041C5888D4204460E4630D2FFF7E2FC02
:10CD70002844B0422EDBE76867B3751BAEB2254688
:10CD80002846FFF7D7FC8046FC88E8883968464586
:10CD90003346A8BF43469C42A8BF1C462B68224688
:10CDA000184409F065FDEB88A2B21344EB80FB88C0
:10CDB0009B1AB61A9BB2B6B2FB80A8EB040823B349
:10CDC0003B6823443B603C4676BBEC602C462046E7
:10CDD000BDE8F081A068627903889B1A9E421EDC40
:10CDE0000021FFF7FAFC0546C8B16279072A0AD983
:10CDF00000F11007384604F1100109F039FD63799C
:10CE00006B711F442F602746BAE73846FC68FFF76E
:10CE100028FD002ED9D03CB92846FFF722FD204638
:10CE2000FFF727FD0024D2E72746ADE710B50C46F3
:10CE3000FFF7C4FE20B12146BDE81040FFF78FBFC9
:10CE400010BDC38870B5054613B12C46204670BD91
:10CE5000C468002CF9D0E38883B12046FFF75FFC5B
:10CE60006A799042F1D3627105F1100104F110006A
:10CE700009F0FEFC2846FFF7F4FCE7E7E668EE6001
:10CE80002046FFF7EEFC3446E3E72DE9F843804601
:10CE9000F0B109B1FFF719FF44462046FFF73FFC08
:10CEA00058B16379E288216804F11005072B88BF27
:10CEB000ED18284609F0A8FC2560E3882268E5689B
:10CEC000204602EB0309FFF735FC07462FB315B9DF
:10CED0004046BDE8F883EE882968BE4228BF3E463A
:10CEE000B6B24846324609F0C3FCE3883344E380D7
:10CEF0002B6833442B60EB88BF1B9B1BB144BFB234
:10CF0000EB80EB88002BE1D1EB68E3602846FFF76C
:10CF1000A8FCE568002DF4D1D8E7002DD8D02C4628
:10CF2000BBE7000070B5044610B10AB113B919B1DE
:10CF3000032022E09D0725D19DF81400A0720498DB
:10CF40002260C4E90530E1802181A1801D46E360B3
:10CF500061B190071CBF22F0030204320120564247
:10CF600088420BDB0139514300234B51064B5A6871
:10CF700000202061146010345C6070BD13440130E7
:10CF80009B51EDE70420F8E79C62002013B50024D4
:10CF90000194049C0094FFF7C5FF02B010BD37B5A3
:10CFA00001250195069D00950446FFF7BBFF08B9D2
:10CFB000C4E9070003B030BD03689A07C2681CBF0C
:10CFC00023F0030304338A420DD8808803FB00203A
:10CFD000814208D2891AB1FBF3F203FB1211B1FAB4
:10CFE00081F0400970470020704738B5044680B191
:10CFF000FFF786F8E38873B165692A686261013BCF
:10D0000022899BB29A42E38000D92381FFF796F8E8
:10D010002C46204638BD1D46F8E738B504460D4677
:10D02000FFF76EF863692B60E38865610133E38085
:10D03000FFF784F8002038BD10B50A46034680B1DA
:10D0400079B1847AE40706D5C46924B12346026A1B
:10D05000BDE81040184711461846FFF7DEFF0020D4
:10D0600010BD0320FCE70000024B0022C3E90023AF
:10D07000704700BF9C62002007B5FFF795FB084B87
:10D0800001934FF492730093064A07490748062319
:10D09000FFF7D0FA034803B05DF804EBFFF768BB75
:10D0A000096E0100C0620020A4620020CC62002052
:10D0B0002DE9F34110F0400805460E4617461C4680
:10D0C0000ED11868018AFFF79BFC0623CDE9008387
:10D0D000394622682B46304600F08FFEC4F80080A7
:10D0E00002B0BDE8F08106F065BC7047172938BF73
:10D0F00017218181704710B5044606F0B9FE30B1A2
:10D10000A38923B16089984228BF184610BD172013
:10D11000FCE710B50C46FFF7EEFF218A814205DDE2
:10D12000411A2046BDE81040FFF76ABC10BD37B574
:10D1300004460D4605F018F96B4601AA294620461B
:10D1400006F038FC40B90098FFF7D5FF044605F01B
:10D150000DF9204603B030BD0024F8E70421FFF7A5
:10D16000E6BF0000A0F11703B3F5FC7F70B50546DC
:10D1700016D80C4B188005F0F7F80026304605F05D
:10D18000F5FD044618B905F0F1F8204670BD0421FC
:10D1900005F02AFD837BDB0758BF45810136EDE7AB
:10D1A0000320F3E7A469002008B506F041FE38B17A
:10D1B00004230381C380034B1B884381024B83619B
:10D1C00008BD00BFA469002019D2000023280FD891
:10D1D000052806D8022818BF04280CBF012000200B
:10D1E0007047044B0638C0B2C34003F001007047DB
:10D1F0000020704755158524012809D00338C3B293
:10D200001E2B04D80348D84000F0010070470020CE
:10D21000704700BF555551482DE9FF41044606F0BF
:10D220005CFE4FF6FF73984205463BD02069268985
:10D230000DF107030122002104F11007FFF7B4FBF1
:10D2400070BB042E16D19DF80700FFF7D5FF88B1FB
:10D2500005F08AF802AA03AB3146284606F0C1FB66
:10D26000024638B90298039980F86C2000F089FBD7
:10D2700005F07CF89DF80700DFF86080002398F83F
:10D280000020904210D004D301331E2B08F108086F
:10D29000F5D13B4632462946FFF70AFF082418E03D
:10D2A000042416E0072414E020690121FFF7A8FBFD
:10D2B000D8F804303A46314628469847044640B1EB
:10D2C000082C06D19DF807003B4632462946FFF759
:10D2D000EFFE204604B0BDE8F08100BFA47101005C
:10D2E000024BF7221A800020704700BFA46900207B
:10D2F000F8B506460F4610460421154606F03BFBDE
:10D30000044640B92B681A683946D378B2F8012030
:10D31000304603F083FE2046F8BD30B5162985B0AF
:10D3200005460C463BD905F01FF801AB02AA0421C3
:10D330002846FFF7D8FE28B105F018F80724204644
:10D3400005B030BD019B9B7BDB0709D405F00EF8CF
:10D35000022103AA084600F004FB28B90624EEE7E0
:10D3600005F004F80224EAE70480039A0421284621
:10D3700000F03CFB04460028E1D104F0F5FF01ABCE
:10D3800002AA04212846FFF7AEFE044620B9019AFE
:10D39000937B43F00103937304F0E8FFCFE703248A
:10D3A000CDE7F7B506460F4610460221154606F0B2
:10D3B000E2FA044668B92B681D6804F0D5FF2246DE
:10D3C00001AB39463046FFF78EFE044618B104F033
:10D3D000CDFF00250EE029880198FFF787FE019810
:10D3E000FFF789FE054604F0C1FF2A4604213046B6
:10D3F00002F098FC30462B462246042103F028FE1A
:10D40000204603B0F0BDF7B506460F461D4614464C
:10D4100082B19A420ED8042101AA084600F0A1FA6E
:10D4200050B104804580019A3946304600F0DEFA5A
:10D4300003B0F0BD0320FBE70620F9E72DE9F04734
:10D44000064686B00F4610460121144606F093FAB0
:10D450000546A8BB20680121D0F80090FFF7D0FA5C
:10D4600023681B8A63B399F800A0BAF1010F23D097
:10D47000BAF1020F23D14FF012084146204606F0C0
:10D480007AFA48BB23681868FEF76EFFBAF1020FFC
:10D490002168ADF800001CD002231A4601A807F04D
:10D4A000ABF960B920684146FFF7AAFA6A463946E7
:10D4B000304603F0E1FDD3E74FF00408DDE70A252D
:10D4C00030462A46394603F003FE284606B0BDE83A
:10D4D000F08710235246E1E70546F1E72DE9F341D5
:10D4E000DDF8288006460F461D461446D2B19A4202
:10D4F00018D801AA08F10601062000F032FA98B106
:10D50000BDF820300999048045808380424606306A
:10D5100009F0AEF9019A3946304600F067FA02B0D8
:10D52000BDE8F0810320FAE70620F8E773B5054669
:10D530000E46144623681A8A32B92846314603F04B
:10D5400017FE002002B070BD0421204606F013FA39
:10D55000B0B92068036859781A7842EA0122ADF818
:10D5600004209A78DB78042142EA0323ADF80630E0
:10D57000FFF746FA01AA3146284603F0CBFDD9E76A
:10D580000A22DAE72DE9F341DDF8208006460F464E
:10D590001D461446C2B19A4216D8404607F074F9A7
:10D5A00001AA011D082000F0DCF978B1011D0480FA
:10D5B0004580404607F032F9019A3946304600F07E
:10D5C00015FA02B0BDE8F0810320FAE70620F8E77B
:10D5D0002DE9F043064685B00F461046012114465A
:10D5E00006F0C9F9054670B92068036893F8008011
:10D5F0000121FFF705FAB8F1010F28D9A8F10209B6
:10D6000023681B8A43B930462A46394603F0EEFDAB
:10D61000284605B0BDE8F0834146204606F0ABF948
:10D62000B8B923681B6859781A78CDF8089042EA8F
:10D630000122ADF8042002333946304601AA039393
:10D6400003F0BAFD20684146FFF7DAF9D8E70A256A
:10D65000D9E70546D7E773B505460E4614466AB1C5
:10D6600001AA02210A2000F07CF948B10480019A45
:10D670003146284600F0BAF902B070BD0320FBE73E
:10D680000620F9E708B51346002203F023FE002028
:10D6900008BDF7B505460E461F46144672B101AAED
:10D6A00004210C2000F05DF950B104804780019AFC
:10D6B0003146284600F09AF903B0F0BD0320FBE79D
:10D6C0000620F9E708B51346002203F01FFE0020EC
:10D6D00008BD13B5002413460094224603F029FE2A
:10D6E000204602B010BD082070472DE9F341DDF857
:10D6F000208006460F461D461446C2B19A4216D8EF
:10D70000404607F0C1F801AA011D102000F029F9D8
:10D7100078B1011D04804580404607F07FF8019AEA
:10D720003946304600F062F902B0BDE8F0810320CE
:10D73000FAE70620F8E72DE9F043064685B00F46E4
:10D7400010460121144606F016F9054658B920681E
:10D750000368012193F80080FFF752F9A8F104094A
:10D7600023681B8A43B930462A46394603F08FFDA9
:10D77000284605B0BDE8F083B8F1040F21DD41462D
:10D78000204606F0F8F8F0B923681868FEF7ECFDBB
:10D790002368ADF8040018680230FEF7E5FD236841
:10D7A000ADF806001B68CDF80890043339463046C2
:10D7B00001AA039303F034FD20684146FFF720F9E6
:10D7C000CEE70425CFE70546CDE708B503F0C7FD52
:10D7D000002008BD2DE9F341089D074688461C46F8
:10D7E000164602B32B8A2344B3F5007F1BDCFFF7F8
:10D7F0009EFC2B8A0438984215DD01AA04211620CC
:10D8000000F0AFF8A0B14480068029460198FFF7E8
:10D810005CFA019A4146384600F0E8F80446204692
:10D8200002B0BDE8F08103242846FFF722F8F6E7AE
:10D830000624F9E72DE9F74306460F461046042172
:10D84000154606F098F80446A0B928680368042134
:10D85000B3F80090B3F80280FFF7D2F83046CDE974
:10D8600000854B462246394603F08AFD204603B028
:10D87000BDE8F0834FF00008C146EFE773B50446FA
:10D880000D461646012101AA182000F06AF838B1A9
:10D890000670019A2946204600F0A8F802B070BD33
:10D8A0000620FBE708B5002203F08CFD002008BD30
:10D8B00073B5064615460C4699B101AA02211B20F4
:10D8C00000F04FF890B1048029460198FFF7FDF968
:10D8D000019A0421304600F089F80446204602B03F
:10D8E00070BD03242846FEF7C4FFF7E70624F9E7D6
:10D8F000F7B506460F461D4614469AB101AA022105
:10D900001D2000F02EF890B1048029460198FFF701
:10D91000DCF9019A3946304600F068F804462046A2
:10D9200003B0F0BD03242846FEF7A3FFF7E7062463
:10D93000F9E708B503F060FD002008BD013170B5BE
:10D9400089B2064610461546FFF7DDF9044620B9B0
:10D950002846FEF78EFF204670BD2C6804F8016B48
:10D96000F9E770B5164604460D4605F0DAFF0246A3
:10D97000306028B129462046BDE87040FFF7DEBF81
:10D9800070BD70B505460E4614465AB990F86C3015
:10D99000C3B9446EB4B16368436613B900F164035C
:10D9A0008366103C23681878FFF710FC78B195F86F
:10D9B0006C304BB100236361AB6E04F11002143480
:10D9C0001A60AC66002070BD012385F86C302368B6
:10D9D0001878FFF78AFB21463046FFF79AFB22466C
:10D9E00031462846BDE8704006F006BB37B5044610
:10D9F000154604F0B9FC20466B4601AA042105F047
:10DA0000F0FF044638B104F0B1FC2846FEF731FFC0
:10DA1000204603B030BDDDE900102A46FFF7B1FF14
:10DA2000044604F0A3FCF3E738B505460C4604F0C1
:10DA30009BFC284605F098F9836D2360BDE83840CB
:10DA400004F094BC2DE9F0430746147A9FB01646C3
:10DA50001D46A1B1E00705D402232B7010201FB092
:10DA6000BDE8F08304F0040904F0080804F0100491
:10DA700049EA040454EA08040CD10020EFE7A107A6
:10DA800001D40323E9E704F0200904F0400804F07E
:10DA90008004EDE769463846FFF7C6FF59EA0809F2
:10DAA0009DF8003038D013F001092BD104F05CFC54
:10DAB000384605F041F901AC80B103A905F06AF9D7
:10DAC00008224946204608F0B8FEDDF81300BDF8EC
:10DAD00017209DF819300190A280A37104F046FC34
:10DAE0000AA9204606F0DAFD50B99DF8503013F02F
:10DAF000010F14BF0F200520287000F58070AEE7DD
:10DB00000520F9E7B8F1000F06D09A0704D40523E1
:10DB10002B7040F20510A2E7727AB2EBD30FACD9AA
:10DB20000C232B704FF4867099E72DE9F04186B0F5
:10DB30000546039300238DF817304FF6FF73984284
:10DB40000C9F0C4616460FD12369019303AB00933B
:10DB5000D4F80C806189334601222846C04778B149
:10DB60008DF81700092007E00A460DF1170301217F
:10DB7000FFF768FF0028E7D017B19DF817303B701A
:10DB800006B0BDE8F08110B5144605F0F4FE062895
:10DB900014BF0023112304B1237010BDF8B5069FF4
:10DBA0001D463B78102B038A164614BF142206220A
:10DBB00013448B4211DC1146FFF7A5F8044670B1FF
:10DBC0003146FEF7C5FB2946A01CFEF7C1FB211D0F
:10DBD000384606F023FE0020F8BD0420FCE70620AE
:10DBE000FAE773B504460DF1060015461E46FEF72A
:10DBF000AFFB02220DF106012046FEF74DFE20B1DB
:10DC000011233370062002B070BD29460DF10600C5
:10DC1000FEF79EFB02220DF106012046FEF73CFEB8
:10DC20000028EDD10120EEE710B504468068FEF72C
:10DC300020FE21460248BDE81040FFF7FDB900BFB5
:10DC4000A8690020F0B51D4685B04FF6FF730C465D
:10DC500098424FF00001064617468DF80F100DD17F
:10DC60002369CDE900730222E76861890023304609
:10DC7000B84750B18DF80F00092006E00DF10F03F1
:10DC80002246FFF7DFFE0028EAD015B19DF80F30DD
:10DC90002B7005B0F0BD2DE9F743DDF82C9004465C
:10DCA0000E4690461F4605F03CFE054600B303466F
:10DCB000CDF80090204600223146FFF736FF04469B
:10DCC00030B92E8A46450AD90E2389F8003004243B
:10DCD0002846FEF7CEFD204603B0BDE8F0833B4664
:10DCE000014632462846FEF75FFE0A9B1E80EFE79C
:10DCF0000624EDE72DE9F041804614480F4616460C
:10DD00001D46FFF772F90446E8B11422002108F01D
:10DD100094FD0F4BC4F804801A882772013292B226
:10DD20001A80069BE360079B236100232360094B55
:10DD30006672596862810C605C6015B90020BDE8AC
:10DD4000F0812A80FAE70620F9E700BFC46C0020C2
:10DD5000E46C0020F06C0020014B1888704700BF75
:10DD6000E46C0020044A0346106800B970474289F9
:10DD70009A42FBD00068F8E7F06C002070B50D46C1
:10DD8000164640B90A4B1C681CB16389B34204D9DA
:10DD90000024204670BD0468F6E7002DF9D06068C5
:10DDA000294606F0F1FC0028F3D02468ECE700BF18
:10DDB000F06C0020036823B14068401A20EAE0704C
:10DDC00070476FF0004070472DE9F0410446084667
:10DDD00015461E46FFF7C6FF069F014628B90FB13C
:10DDE00001233B700520BDE8F081069733462A46A3
:10DDF0002046BDE8F041FFF798BE2DE9F843044600
:10DE00000D4601200421BDF820909DF8248016467F
:10DE10001F46FFF793FD58B1077080F80380A0F804
:10DE20000190324629462046BDE8F843FFF7DEBDA3
:10DE30000620BDE8F8832DE9F34106469DF82480CD
:10DE40000F461C46154672B1B8F1000F04D0A3B9B5
:10DE500005F067FD0446A0B92046FEF70AFD2846F6
:10DE600002B0BDE8F0811A46FFF7C0FD054608B9CB
:10DE70000024F1E74FF00E08EAE7198A1846FEF78A
:10DE8000BFFDBDF828300093CDF804809DF8203008
:10DE9000224639463046FFF7B0FFE9E72DE9F04367
:10DEA000042989B00646894617466AD10DF1170242
:10DEB00002213846FFF767FE044600284AD13B6836
:10DEC0008DF817001B680546B3F8008004F04CFA83
:10DED000224607AB49463046FFF705F9044600B332
:10DEE00004F044FA002302939DF8173001930223B3
:10DEF000009322462B4604213046FFF79CFF044640
:10DF000058B904F031FA06AB07AA04213046FFF7EE
:10DF1000EAF8044608B304F029FA204609B0BDE83F
:10DF2000F083079BB3F80A9004F020FA3D683C6048
:10DF3000298A2846FEF764FD2A4602210320FFF7BE
:10DF4000FDFC20B911238DF817300624CAE7A0F88C
:10DF50000090C7E70025A846C4E741460698FFF7AA
:10DF6000C5F80698837B43F001038373FFF7C3F87A
:10DF7000054604F0FBF92A460421304601F0D2FEA2
:10DF8000CBE70824C9E700002DE9F04F8BB0164617
:10DF900005908A4600240DF12702042130468DF8B1
:10DFA0002740FFF7F0FD0546002875D13468236847
:10DFB000B3F80080B3F802B0D84502D8B8F1000F2A
:10DFC00014D101238DF8273000240A259DF827302D
:10DFD0000193042300930598CDF8088023462A4630
:10DFE0005146FFF728FF0BB0BDE8F08F218A306063
:10DFF0002046FEF705FD224601210520FFF79EFC85
:10E00000074620B911238DF827300625DEE705984D
:10E010005146FFF78CF8214B3D701E680690A946CB
:10E0200016B173899B4505D2B9F1000F16D04FF098
:10E030000008CBE798452DD871683B7809781029FE
:10E0400014D183B901233B700421238A069A0B441F
:10E050009342E9DC2046FEF756FE80B90A238DF88C
:10E0600027300525B2E7012BEED0DDE723B94FF0CD
:10E0700002033B701221E8E7022BFBD0D4E7718941
:10E080000790FEF765F9079B7068991C06F0C6FBC0
:10E0900009F101093668C3E7A04697E7F06C002054
:10E0A0002DE9F04F8FB016460591814600240DF101
:10E0B0002102062130468DF82140FFF764FD054618
:10E0C00000285FD133681B68B3F80080B3F802B052
:10E0D000D84502D8B8F1000F14D101238DF82130B2
:10E0E00000240A259DF82130019306230093059909
:10E0F000CDF8088023462A464846FFF79CFE0FB01D
:10E10000BDE8F08F9F8805F00CFC044650B1024634
:10E1100029460720FFF712FC38B911238DF821306A
:10E120000625DFE734683560F7E705994846FEF7CE
:10E13000FEFF3368069310238DF824304A4BADF868
:10E1400026701E6804902F46AA463EB173899845F2
:10E1500024D8BAF1000F18D19B4541D2238ABAF1D5
:10E16000000F0DD004991A1D914209DB0DF1210316
:10E170003A4651462046FFF734FD0128D0D1238A84
:10E18000012B69D94FF00008ACE79DF82430102B23
:10E1900013D172681378102B02D077893668D4E7D0
:10E1A00009A8079206F00BFB034642F601008342E2
:10E1B000079A32D8B3F5205F40D2238A04991A1DFA
:10E1C0009142DDDB0DF121033A4651462046FFF72F
:10E1D00008FD012845D173895B454FF0000739D808
:10E1E000706809A906F0D0FAA0B90DF121030193D6
:10E1F0000DF12203009310220AAB31464846FFF787
:10E200004AFD78BBBDF8223006980AAA0621FEF71F
:10E2100043FCE0B14FF0000AC0E742F6030083423E
:10E22000CBD11046079306F0CAFAA0F5205292B25D
:10E23000012AC2D9079B9842AFD1BEE7104606F02B
:10E24000BEFAA0F5205080B20128A6D8B5E777899C
:10E25000BA46A3E7BA4681E70A238DF8213005259F
:10E2600040E7062005463DE7F06C00202DE9F04F21
:10E2700013681E8A97B00025062E05900791174651
:10E280008DF82D5001D0142E12D10DF12D023146F2
:10E290003846FFF778FC044628BB39680B681D88B0
:10E2A0005B8806939D4200D89DB901238DF82D30DF
:10E2B00000260A249DF82D30019308230093079926
:10E2C0000598029533462246FFF7B5FD17B0BDE825
:10E2D000F08F331F042211A806F08EFA044628B1ED
:10E2E00004248DF82D4000252E46E3E73E688DF886
:10E2F0002D00318A38603046FEF782FB324601211C
:10E300000920FFF71BFB814628B911238DF82D301A
:10E31000054606202CE007990598FEF708FF031F25
:10E320009BB28246A046A346274608933846069AE3
:10E3300011A9FFF723FD0746002852D04389AB42BD
:10E34000F4D30DF12D0301930DF12E03009301463B
:10E350000CAB05981322FFF79EFC58B17D89BBF1E9
:10E36000000F2BD19DF82D30002B3CD000283ED043
:10E3700004469FE7BDF82E20AAF103039342DEBFB7
:10E38000089A1346ADF82E30B8F1000F1ED1BDF833
:10E390002E80338A023313449A45E0DB911C89B204
:10E3A00030460992FEF7AFFC7B89099A88B91122A1
:10E3B0008DF82D201D46BBF1000FAAD0002308F1D7
:10E3C00002088DF82D3089F8008073E79045E0D081
:10E3D000C5E720F8023B0CA908F04AFA4FF0010B00
:10E3E000A4E70520BBE70A238DF82D30BEE70524FE
:10E3F00060E72DE9F04786B017460DF1170A804611
:10E40000894600265246022138468DF81760FFF7EC
:10E41000BAFB044650BB3D682B68298A1E883860C9
:10E420002846FEF7EDFA2A4621460B20FFF786FA2A
:10E4300090B911238DF8173006249DF817300193F9
:10E440000A23009302962B46224649464046FFF790
:10E45000F2FC06B0BDE8F0872246CDF800A02B46BE
:10E4600031464046FFF7B0FC0446E6E73546E4E7B0
:10E470002DE9F04F87B017460DF1170A80468946FF
:10E4800000265246042138468DF81760FFF77BFBC3
:10E49000044660BB3D682B68298A1E88B3F802B029
:10E4A00038602846FEF7ACFA2A4621460D20FFF7D1
:10E4B00045FA90B911238DF8173006249DF81730CE
:10E4C00001930C23009302962B4622464946404670
:10E4D000FFF7B1FC07B0BDE8F08FCDF800A02B46E8
:10E4E0005A4631464046FFF76FFC0446E6E735469C
:10E4F000E4E72DE9F04F87B000248846164607462A
:10E500008DF81740FEF713FE814605F00AFA05461E
:10E5100090B1024621460F20FFF710FA044668B179
:10E520000DF1170B33681B8A012B02D92B8A4B453F
:10E5300018D30024A24606E03568346011238DF814
:10E5400017304FF0060A9DF8173001930E23009301
:10E5500002942B46524641463846FFF76CFC07B002
:10E56000BDE8F08F5A4602213046FFF70CFB824689
:10E57000A0B933681868FDF7F7FE02210446306839
:10E58000FEF73EFA5246CDF800B02B4621463846FB
:10E59000FFF71AFC82460028C4D0D4E70024D2E753
:10E5A000082070472DE9F04F13688B46198A99B0FF
:10E5B00000250629069017468DF8255001D014290C
:10E5C00013D10DF125023846FFF7DDFA0446002885
:10E5D00040F0D68039680B681D88B3F802904D452D
:10E5E00000D89DB901238DF8253000260A249DF816
:10E5F0002530019310230093069802953346224656
:10E600005946FFF718FC19B0BDE8F08F0B8A0422B9
:10E61000043B0EA806F0F0F8824608B10423E2E7B6
:10E620000EA806F0CCF8A0F5205080B2012805D93C
:10E63000102326468DF825301C46D8E75946069803
:10E640008DF82540FEF773FD3E680590318A3C60E9
:10E650003046FEF7D5F9324601211120FFF76EF959
:10E66000804620B911238DF825300624BFE7484A9B
:10E6700080F800A0176854465246C7B9002A72D0E5
:10E680004FF6FF7413AB0093059923463046FFF70E
:10E6900085FA0628044602D111238DF82530338AE5
:10E6A000022B69D80A238DF8253005249FE77B8942
:10E6B0009D420DD8994566D30792DAB1786806F085
:10E6C0007EF8A0F5205080B20128079A02D97C89F3
:10E6D0003F68D2E713AB0093059923463046FFF716
:10E6E0005DFA044630B106287D8924D111238DF8C6
:10E6F00025307CE778680EA906F046F8002839D165
:10E700000DF1250301930DF12603009310220AABAE
:10E7100039464FF6FF70FFF7BEFA044638B9BDF828
:10E7200026200AA913A806F010F8044628B17D890E
:10E73000042C7FF45CAF002459E798F80030062BD6
:10E740000DD0142B11D073B99DF84C30102B0CBF89
:10E750000623142388F800307A891446B8E79DF818
:10E760004C30102BF8D0002499E79DF84C30102B3A
:10E77000F2D1F8E70022ABE7002C3FF438AFD7E73F
:10E7800000252E4633E7002A7FF47CAFEBE700BF7D
:10E79000F06C00202DE9F043164687B00746884606
:10E7A00000250DF11702022130468DF81750FFF7B2
:10E7B000EAF9044600283AD133681B68B3F80090A0
:10E7C00005F0AFF80546C8B1024621461320FFF711
:10E7D000B5F8B0B911238DF8173006249DF817301D
:10E7E000019312230093CDF808902B462246414610
:10E7F0003846FFF720FB07B0BDE8F083356834608A
:10E80000E8E730680221FEF7FBF84846FFF7AAFA6E
:10E81000014620B901238DF817300524DEE70DF1FC
:10E82000170332463846FFF70DFA0446D6E7A946E5
:10E83000D4E773B5144605460DF1070202212046C0
:10E84000FFF7A1F980B9206803681E880221FEF74E
:10E85000D7F83046FFF786FA014638B10DF10703C5
:10E8600022462846FFF7EEF902B070BD0520FBE70F
:10E8700010B50446206800B910BD03682360FFF797
:10E88000D3F9F7E72DE9F04F8BB01646079107460D
:10E890004FF0000A0DF12702042130468DF827A021
:10E8A000FFF771F90446002840F0998033681D682D
:10E8B000B5F800904846FFF755FA804698B901230D
:10E8C0008DF8273005249DF82730019316230093F7
:10E8D0000799CDF80890434622463846FFF7ABFA31
:10E8E0000BB0BDE8F08F024621460DF127033846F4
:10E8F000FFF7A8F80446002874D103F035FDB5F8F9
:10E9000000B01FFA8BF30593B5F802A01FFA8AF343
:10E91000069338463368049304F026FA804632485A
:10E92000FEF763FB0546A0B909238DF827300624BE
:10E9300003F01CFD0023D6F800803360002CC2D108
:10E9400001214046FEF73AF9D8F8003017221A7034
:10E95000B9E70C22214607F070FF04F0E2FFA8603F
:10E9600020B92846FFF760F91123DEE7049B0499DC
:10E970001B8AA5F804B0043BA5F806A09BB20422AC
:10E98000FDF7EBFF044630B12846FFF74DF90923A8
:10E990008DF82730CCE7D8F844C0024663461BB157
:10E9A0009888059981420ED2AAB9C5F800C0C8F866
:10E9B0004450FBF7F3FE00F5EA403030C8F8480059
:10E9C00003F00AFDB4E703D1D88806998842EBD852
:10E9D0001A461B68E3E713682B601560E9E7D14628
:10E9E000D04670E7D0466EE7A86900202DE9F04FC9
:10E9F00089B01546059181460DF11A02012128467C
:10EA0000FFF7C1F80446002840F09280D5F8008056
:10EA1000D8F80030B8F810101E7828604046FDF78E
:10EA2000EFFF424621461920FEF788FF80B103F030
:10EA30009BFC484604F098F9456C446403F096FC4E
:10EA4000002E3DD1264607A80795FFF711FF04E0E9
:10EA5000112326468DF81A3006249DF81A300193AA
:10EA60001823009305990296434622464846FFF72D
:10EA7000E2F909B0BDE8F08FF9881AB1BE88908834
:10EA8000B04203D041B1BE8807230DE09068D28820
:10EA9000008A02448A42F7D1BA68128A0A44B2F55F
:10EAA000007F05DDBE880D238DF81A300924CAE7E2
:10EAB0003A463F68002FDFD12DB92B462E462AE07B
:10EAC0002F462246F6E7AE88AA464FF0000BAA88EA
:10EAD000B2420AD1BBF1000F25D1D5F808B0AF6022
:10EAE0002D685046FFF7A0F8DDB93046CDF81CB0D0
:10EAF000FFF738F90DF11B03014607AA4846FFF757
:10EB0000A1F883460798FDF7B4FEBBF1000FD3D000
:10EB10009DF81B402346002C8DF81A3018BF09249D
:10EB200091E7AA46D3E7A9685846FEF7CEF8D6E79C
:10EB30000026B04691E7F7B51546064600220221A9
:10EB40002846FFF720F80446A8B92B681B681F88E1
:10EB50009FB101A93046FEF767FF28680221FDF743
:10EB60004FFF2A6823463946304601F057F82C609B
:10EB7000204603B0F0BD0624FAE70A24F8E708208F
:10EB800070472DE9F043154687B08046894600223C
:10EB900002212846FEF7F7FF044680BB2B681B685E
:10EBA0001F8887B304F0BDFE064640B102462146E9
:10EBB0001E20FEF7C3FE28B91123062412E02E689A
:10EBC0002C60F9E705A94046FEF72EFF28680221D0
:10EBD000FDF716FF01232A683946404601F01EF86A
:10EBE0002C602346CDE901371D230093224633468E
:10EBF00049464046FFF71FF907B0BDE8F083002300
:10EC00001E461F46EEE73B463E460A24EAE7000062
:10EC100073B5134C134D206807F0FAFC28880023C5
:10EC2000236018B90025284602B070BD1426704331
:10EC300007F0E6FC0346206078B10B4A0092298871
:10EC40000A483246FEF7A2F90028EBD00B252068CF
:10EC500007F0DEFC00232360E5E70625F7E700BFA9
:10EC6000E06C0020BC6E0020106E0100C46C00201F
:10EC700007B50B4B00930B480B4B0C224021FEF7C2
:10EC800085F950B9094BC3E90003094BC3E90003F7
:10EC9000084B188003B05DF804FB0B20FAE700BFB7
:10ECA000276E0100A8690020C4690020F06C0020D4
:10ECB000E86C0020E46C002070B588B001AE0C4612
:10ECC0003146054604F066F896E8030004F10803AF
:10ECD000606023F8021B090C1970DDF80B30C4F8D2
:10ECE0000B30BDF80F30A4F80F309DF8113063746D
:10ECF000DDF81230C4F81230BDF81630E3829DF80A
:10ED000018302376DDF81930C4F81930BDF81D30FD
:10ED1000A4F81D309DF81F30E377AB882384AB8BBC
:10ED20006384EB8BA3842B8CE38495F8223084F8E6
:10ED30002930AB6D236095F82830DB4303F00103E5
:10ED400084F8283008B070BD07B5002300931A4638
:10ED5000194642F20E0004F029F903B05DF804FBF5
:10ED60001FB500238DF80C008DF80D1000930222C2
:10ED700003A942F20C0004F019F905B05DF804FB98
:10ED80001FB500238DF80C000093012203A942F265
:10ED90000A0004F00BF905B05DF804FB0B4A11689A
:10EDA00038B50C4600230CB9204638BDA58A8542EB
:10EDB00002D023462468F6E723B90B68136003F0FA
:10EDC0000BFBF1E722681A60F9E700BF046D002031
:10EDD000054B1A886FF308021A805A7C22F0080249
:10EDE0005A7403F0F9BA00BF506D0020F8B5094E0F
:10EDF000354604460F4603F0B7FA0FCD0FC42B6813
:10EE000023601FB1FFF7E4FF00233374BDE8F8402F
:10EE100003F0ACBA506D002010B40C4611461CB182
:10EE200023465DF8044B18470278042A07D1D0E93D
:10EE300001120B6813604B6853608B68936000206D
:10EE40005DF8044B704770B50D46044603F08CFA2C
:10EE5000284603F071FF50B1D0E9175603F086FA47
:10EE6000324629462046BDE87040FFF7D5BF03F083
:10EE70007DFA072070BD0000044B1B7C23B9044BB6
:10EE80005878C0F38000704701207047506D002013
:10EE9000406D0020014610B10148FEF7CDB8704723
:10EEA000086D002038B5054B1C68054604B938BD0F
:10EEB000D4E9003128469847A468F7E73C6D002064
:10EEC00000B593B03422002105A807F0B6FC082352
:10EED0008DF814300121002368460693FFF786FF62
:10EEE000029919B1039A05A8FFF796FF05A8FFF745
:10EEF000D9FF13B05DF804FB30B5114B1B78012B23
:10EF000093B0044615D0022B11D101216846FFF7BA
:10EF10006DFF029D5DB10021342205A807F08DFC34
:10EF2000002303998DF81430069405A8A84713B060
:10EF300030BDFFF7C5FF13B0BDE83040FFF748BF55
:10EF4000506D002030B58FB034220021044601A856
:10EF500007F073FC092301A88DF804300294FFF731
:10EF6000A1FF03F001FA094A1388D2E9024523F40C
:10EF7000875323F01F03138003F02EFA03F0F6F9F2
:10EF800014B1294601A8A0470FB030BD406D002044
:10EF900038B5104D2B78BBB16B78DB0614D56C6897
:10EFA000FBF7FCFB201A002810DC0020FFF7E8FE2E
:10EFB00068B92B8823F4875323F01F032B8003F0B9
:10EFC0000BFA0D20FFF7BEFF6FF0004038BD642044
:10EFD000FCE700BF406D002038B5094D00202C78BB
:10EFE000FFF7CEFE58B92B8823F4875323F01F0375
:10EFF0002B8003F0F1F9013C18BF0124600038BDFB
:10F00000406D0020F0B585B004460E46154603F06D
:10F01000DBF900B303F0A8F9204603F08DFE0746A4
:10F0200003F0A4F9CFB104230093022203AB02A999
:10F0300042F23000ADF8084003F0B8FF48B9BDF81F
:10F040000C30A3420BD19DF80E3033709DF80F3079
:10F050002B7005B0F0BD1E20FBE70720F9E70C2060
:10F06000F7E72DE9FF4107460D4614461E4603F01B
:10F07000ABF9C0B303F078F9384603F05DFE804683
:10F0800003F074F9B8F1000F2FD045EA0403072B01
:10F090002DD8022E2BD80722002102A807F0CDFB85
:10F0A000ADF80870CDB99DF80A3043F001038DF832
:10F0B0000A30ACB99DF80A3043F002038DF80A30EB
:10F0C00000230093072202A942F23200ADF80D603E
:10F0D00003F06CFF04B0BDE8F0818DF80B50E8E759
:10F0E0008DF80C40ECE71E20F4E70720F2E7122031
:10F0F000F0E7000030B51A4B05461878012893B0A8
:10F1000028D15B7CDA0709D56A78E96805AB03F09A
:10F11000F5FC18B9059B1A78022A18D03422002170
:10F1200005A807F08AFB07238DF814300FCD06AC35
:10F130000FC495E8030084E8030000216846FFF748
:10F1400055FE029B43B905A8FFF7ACFE02E09B7891
:10F15000DB07E3D413B030BD039905A89847F2E765
:10F16000506D0020F0B50E46017895B00546002997
:10F1700038D002290CD03C2903D1724B1B78012BCB
:10F1800002D0002015B0F0BD0020FFF7DBFEF8E74D
:10F190006D4B1A78002AF4D01B7C022B03D11D2062
:10F1A000FFF7AAFEEDE7012102A8FFF71FFE049C6E
:10F1B000002CE6D03422002107A807F03EFB0023F4
:10F1C0008DF81C304FF6FF73ADF824309DF81930E0
:10F1D000059913F0080F0CBF0D230923089307A806
:10F1E000A047CEE7408803F0B9FC0028C9D02B79AE
:10F1F000002B79D0012B7DD0688803F051FDAB89BD
:10F200008383EB89C3832B8A0384AB7C80F8223011
:10F210002B790446002B77D14B4B9A68C265DA688C
:10F2200002665B7C90F82820C3F3410342F00102A0
:10F2300080F828208371FFF7CBFD6B79E3710622FC
:10F24000A91804F10800012707F012FB05F11906BF
:10F25000062205F11301A77304F10F0007F008FB64
:10F260000023062231460DF11D000793CDF81F3013
:10F2700007F0BAFA00285CD1E379BB420ED1637B78
:10F2800003F0C003402B09D1D4F80730C4F815307F
:10F29000B4F80B30A4F81930637BE37603F064F81C
:10F2A0003422002107A807F0C8FA204603F050FDD9
:10F2B000002403F05BF86B88ADF8243007A88DF8C4
:10F2C0001C400894FFF7EEFD698807A8FFF7BBFD17
:10F2D0006B88ADF8083000942346022202A942F25E
:10F2E000160003F063FE4CE7174B1B78022B83D00C
:10F2F000052047E7002EFBD1124B1A78012AF7D1DF
:10F300005B781B07F4D577E70E4A310102EB06164E
:10F31000B368C365F36803667378C3F3010383714D
:10F32000535A23F4875323F01F03535203F054F826
:10F3300083E767750622314604F1160007F098FA54
:10F34000ACE700BF406D0020506D002038B504468A
:10F3500003F00AF8608803F0EFFC054628B16378F3
:10F360001BB9201DFDF702F86862BDE8384002F0C5
:10F37000FDBF30B58FB004460D463422002101A8F0
:10F3800007F05BFA0523214601A88DF80430ADF89B
:10F3900010400295FFF757FD0FB030BD70B58EB02D
:10F3A000458804463422002101A807F046FA1223BA
:10F3B0008DF804306378029323798DF80E3001A81C
:10F3C00063798DF80F30AEB2ADF80C50FFF76AFDDF
:10F3D000314601A8FFF737FD0EB070BDF8B52C4DD2
:10F3E0002B786BB16B78DB070AD56C68FBF7D6F925
:10F3F000241A002C0BDC2B78012B27D0022B02D0F7
:10F400006FF0004403E0FFF79FFCD0B16624214F6A
:10F4100002F0AAFFFBF7C2F93A6801466FF0004517
:10F420004FF6FF70DAB92DB302F0A0FFAC42A8BFCF
:10F430002C46FFF7ADFDA04227DCBDE8F840FFF702
:10F44000A7BD6B7860F300036B70D9E70021084615
:10F45000FFF786FC0028D9D1FFF732FDD0E713690A
:10F460005B1A23EAE373AB42B8BF908A1268B8BF55
:10F470001D46D7E7FFF792FC064602F077FF002E05
:10F48000D4D03046FFF706FDC2E72046F8BD00BFE6
:10F49000506D0020046D00202DE9F0438BB08046B4
:10F4A0000F4691461D4602F08FFF002800F0C180F4
:10F4B00002F05AFF002D00F09880B8F1030F00F21F
:10F4C00094806B78022B00F290805B4E3378002B97
:10F4D00040F0AB802B78012B00F08380022B77D09B
:10F4E000002B40F082802B7ADA077ED46FF0004345
:10F4F000994505D003A9484606F08DFD002874D132
:10F50000FFF7BAFC002840F09280404604F0C1F9B1
:10F510000446002856D1129BB360139BF3602A78EF
:10F520000490111E18BF012108F0030343EAC10330
:10F530007178CDF8130021F00B010B4373706988CB
:10F54000AB8851EA030003D1002A50D1F023A02157
:10F55000ADF81810ADF81A30002A4BD0012A4FD060
:10F5600004A9002F18BF3946062211F8013B8DF877
:10F570001C400DF11F008DF81E308DF81D8007F026
:10F5800077F9AB79002B08BF07238DF82530EB798D
:10F590008DF82630002300930F2206A942F20600C0
:10F5A00003F004FD044668B901203070FFF7E8FB62
:10F5B000044660B3338823F4875323F01F0333805A
:10F5C00002F00AFF02F0D2FE20460BB0BDE8F08345
:10F5D0002B7ADB0709D403F0F3FA002886D106243E
:10F5E000F0E717B13B78032BF5D90324EAE7602352
:10F5F0003021ADE76B78002B14BF02240324AFE762
:10F600002B7A13F0010F0CBF04240124A8E76FF03C
:10F6100000439945D6D0039DFBF7C0F873780544A5
:10F6200043F0100375607370CAE70224CAE71D2413
:10F63000C8E71E24C8E700BF406D002030B58BB07E
:10F6400005460C4602F0C0FEB8B115B91CB1032046
:10F6500011E01F2CFBDC224629460DF1090007F0C2
:10F6600007F900230093202202A942F208008DF836
:10F67000084003F09BFC0BB030BD1E20FBE710B52B
:10F680008AB0044602F0A0FE70B11F230DF10702FC
:10F6900002A9204603F00EFA20B99DF8071002A82F
:10F6A000FFF7CCFF0AB010BD1E20FBE7024B187815
:10F6B000431E584258417047406D0020024B187855
:10F6C000431E584258417047506D0020024B187835
:10F6D000831E584258417047506D00201FB590F866
:10F6E000283013F00203044614D18288ADF80C20B0
:10F6F0008DF80E100093032203A940F2064003F098
:10F7000055FC28B994F8283043F0020384F82830D7
:10F7100004B010BD0220FBE738B505460C4602F0E8
:10F7200053FE78B102F020FE284603F005FB38B105
:10F730002146FFF7D3FF044602F018FE204638BDED
:10F740000724F9E71E24F9E730B58FB004460D46CB
:10F750003422002101A807F070F8032301A88DF8D6
:10F760000430ADF80C400295FFF79CFB214601A840
:10F77000FFF769FB0D2D03D113212046FFF7CCFFC6
:10F780000FB030BD2DE9F0418EB0342204460D4655
:10F7900001A8002107F051F802F0E6FD204603F031
:10F7A000CBFA064620B902F0E1FD0EB0BDE8F081CB
:10F7B00003A9FFF781FAD6E9177802F0D7FD02F026
:10F7C000D3FD2046FFF7EAFA064602F0CFFD36B138
:10F7D00020462946FFF7B8FF3046FFF75BFB294676
:10F7E000204604F0C7FD204602F0BEF9204601F095
:10F7F0001DFE204603F0AAFB204603F099F90123E1
:10F8000001A88DF804300295FFF74CFB42463946BB
:10F8100001A8FFF701FBC8E770B5B0F801600378F5
:10F820008EB00446B5B24BB9C17809B101F500718B
:10F8300028460EB0BDE87040FFF7A4BF3422002177
:10F8400001A806F0FAFF06238DF804302378ADF8FE
:10F850000C600BB103F5007301A80293FFF722FBC4
:10F86000294601A8FFF7EFFA0EB070BD38B504467F
:10F870004FF6FF7503F086F9A84203D02146FFF743
:10F8800081FFF7E7054B1B78012B02D12046FFF7DC
:10F8900059FB2046BDE83840FFF72EBB406D0020E5
:10F8A00070B590B004463422002103A806F0C5FFCD
:10F8B0000822002101A806F0C0FF02F055FD66886D
:10F8C000304603F039FA18B16378E3B11A2B2AD025
:10F8D000BDF8043023B93046FFF760FAFFF7DAFAD3
:10F8E00002F044FDBDF80430002B3BD001A9204AB2
:10F8F0000023304604F0C2FC014610B13046FFF749
:10F9000023FF10B070BD6279237943EA0223838319
:10F91000E279A37943EA0223C383237A627A43EA32
:10F9200002230384D4E7134B1D68002DD0D0AB8A8B
:10F93000B34201D02D68F8E790F82830DB07C7D430
:10F94000AB88ADF80430EB88ADF806302B89ADF804
:10F9500008306B89ADF80A30FAF720FF00F5204037
:10F960002861B5E761780029C8D001F50071C5E7C5
:10F9700079F90000046D002070B504460D4602F0D0
:10F98000F3FC2046FFF70AFA064602F0EFFC4EB100
:10F990003046FFF77FFA2DB129462046BDE870407A
:10F9A000FFF7D2BE70BD2DE9F04134229AB0044673
:10F9B00000210DEB020006F040FF2279E37843EAD4
:10F9C0000223ADF80C30A279637943EA0223ADF843
:10F9D0000E30227AE37943EA0223ADF81030A27A9E
:10F9E000637AB4F8014043EA02230025ADF81230EF
:10F9F000059503AE96E807000DF1180888E80700A2
:10FA0000342229460DEB0200A7B206F016FF0423AC
:10FA100039460DA88DF83430CDE90E68ADF8404078
:10FA2000FFF711FAADF82440034690BBBDF818204B
:10FA3000ADF82620BDF81A20ADF82820BDF81C200E
:10FA4000ADF82A20BDF81E20ADF82C20BDF82020EE
:10FA5000ADF82E20BDF82220ADF8302000900E2207
:10FA600009A942F2200003F0A1FA044670B102F0A5
:10FA70007BFC3846FFF792F9054602F077FC2846F2
:10FA8000FFF708FA21463846FFF75EFE1AB0BDE8D8
:10FA9000F0818DF8260000952B46032209A942F239
:10FAA000210003F083FAF1E72DE9F0410B884A8841
:10FAB000934288B006460C4600F2A380052B40F224
:10FAC000A080B2F5486F00F29C808B88B3F5FA7F76
:10FAD00080F09780C988013313FB02F3B1EBA30FC9
:10FAE00040F38F8002F070FC002800F08C80082228
:10FAF00000210DEB020006F0A0FE02F035FC3046BE
:10FB000003F01AF9804630B902F030FC454607246C
:10FB100002F062FC64E03D4B1F68002F39D13C4885
:10FB2000FDF763FA054600283DD01822394606F055
:10FB300084FE20686168AE822B1D03C3A068186034
:10FB4000FAF72CFED8F8243000F520409A072861F7
:10FB50002DD52388ADF812306388ADF81430A38812
:10FB6000ADF81630E388ADF818302389ADF81A30B7
:10FB70006389ADF81C30002300930E2204A942F2E1
:10FB80001300ADF8106003F011FA044602F0EEFB2A
:10FB9000BEE7BB8AB34201D03F68BEE702F0E6FB96
:10FBA00002240025B4E702F0E1FB0624B0E798F850
:10FBB0002830DB07CDD402F0D9FB2388ADF808301C
:10FBC0006388ADF80A30A388ADF80C30E388ADF84F
:10FBD0000E30104A3B4602A9304604F04FFB044663
:10FBE00002F0C2FB4CB9094B1A682A601D6002F092
:10FBF000BDFB204608B0BDE8F0812846FFF74AF972
:10FC0000F5E70324F5E71E24F3E700BF046D0020A9
:10FC1000086D002079F9000003F0A5BDF0B58FB0A4
:10FC200004460F4616460021342201A81D4606F060
:10FC300004FE0C238DF804309DF81030ADF80E4012
:10FC400065F3000301A88DF81030ADF80C70029632
:10FC5000FFF728F9214601A8FFF7F5F80298FCF70D
:10FC600008FE0FB0F0BDF0B58FB00C460746164643
:10FC70000021342201A81D4606F0DFFD0D238DF87A
:10FC800004309DF81030ADF80C4065F3000301A876
:10FC90008DF810300297ADF80E60FFF703F921469A
:10FCA00001A8FFF7D0F80FB0F0BDF0B58FB0054652
:10FCB0000F4616460021342201A81C4606F0BDFD61
:10FCC0009DF85020ADF80850003A4FF00E038DF823
:10FCD000043018BF0122231E18BF012343EA420348
:10FCE0009DF85420ADF80A70003A18BF012243EA8B
:10FCF00082039DF858208DF80C60003A18BF01224D
:10FD000043EAC2039DF80D2022F00F02134301A81D
:10FD10008DF80D30FFF7C6F8294601A8FFF793F8D4
:10FD20000FB0F0BD70B58EB004460E4615460021EA
:10FD3000342201A806F081FD0F2301A88DF80430BC
:10FD4000ADF80840ADF80A60ADF80C50FFF7AAF81E
:10FD5000214601A8FFF777F80EB070BD38B5FFF760
:10FD60003BF920B9104A537843F0040353700F4C09
:10FD70002378022B0CD1FEF7E7FF48B9238A23F43E
:10FD80000F6323F00F0343F4006343F00203238265
:10FD90002578012D07D100210846FEF7E1FF10B9B3
:10FDA000FFF716F8257438BD406D0020506D002017
:10FDB00008B502F0D9FAFFF75FF808B9FFF7CEFFF0
:10FDC000BDE8084002F0D2BAF0B5224D22488FB00B
:10FDD0004FF0FF3106F038F808220021284606F0DF
:10FDE0002CFD02F0C1FA1D4A53785C0744BF23F092
:10FDF000040353701A4BD2E902011A7C4FF000043D
:10FE000048BFC5E90001012A03BF1C74D3E902679A
:10FE10001446274618BF264602F0A8FA0923296887
:10FE20008DF804301D23029319B16A6801A8FEF70A
:10FE3000F3FF094806F01AF84CB108238DF8043096
:10FE40003A461D23314601A80293FEF7E5FF0FB0A5
:10FE5000F0BD00BFF86C0020006D0020406D002058
:10FE6000506D002010B50B4C226813460BB90520CD
:10FE700010BD834207D09B68F8E713469268824220
:10FE8000FBD1996003E09A429968F6D12160002085
:10FE9000EEE700BF3C6D002013B51422002110488E
:10FEA00006F0CBFC102200210E4806F0C6FC0E48DE
:10FEB00005F0BFFF044680B90C4B18600C4B18606E
:10FEC0000C4B00930C480D4B18220121FDF75EF8F6
:10FED00018B101280CBF06240B24204602B010BD27
:10FEE000506D0020406D0020006D0020046D00204A
:10FEF0003C6D0020436E0100086D0020246D002041
:10FF000043680A689B1A002B06DD4A689A4201DCA6
:10FF1000002070474B60FBE7012070470B884FF6CD
:10FF2000FF72934230B506D002899A4203D04A88C4
:10FF300043899A4214D1047BD1E9010200239A42F9
:10FF400001DC002005E010F83350A54206D100EB9B
:10FF5000C300C860003818BF012030BD0133EEE790
:10FF60000020FAE7407B00F001007047034630B103
:10FF70000E2808BF002103480380418070470146D6
:10FF8000F9E700BF646D002070B504460846656956
:10FF900011461A464DB12689FFF7E8FFA3690146CD
:10FFA000AC463046BDE870406047284670BD00232F
:10FFB0001A460D21FFF7E8BFB1F5857F08BF0E2176
:10FFC000002389B2FFF7E0BF70B504460846A56A72
:10FFD00011461A464DB12689FFF7C8FFE36A01466C
:10FFE000AC463046BDE870406047284670BD0023EF
:10FFF0001A460D21FFF7E8BFB1F5857F4FF00003EA
:020000021000EC
:1000000008BF0E21FFF7E0BF70B504460846A5699A
:1000100011461A464DB12689FFF7A8FFE36901464C
:10002000AC463046BDE870406047284670BD0023AE
:100030001A460D21FFF7E8BF838A1BB9B1F5857F0A
:1000400008BF0E210023FFF7DFBF70B50446084646
:10005000656911461A464DB12689FFF787FFA369E6
:100060000146AC463046BDE870406047284670BD4A
:1000700000231A460D21FFF7E8BFB1F5857F4FF049
:10008000000308BF0E21FFF7E0BF70B50446084625
:10009000A56A11461A464DB12689FFF767FFE36A44
:1000A0000146AC463046BDE870406047284670BD0A
:1000B00000231A460D21FFF7E8BFB1F5857F4FF009
:1000C000000308BF0E21FFF7E0BFF7B505461E4647
:1000D000AC69084611465CB12F89FFF747FFEB6911
:1000E000009301462A8A33463846A04703B0F0BD44
:1000F0002046FBE700231A460D21FFF7E6BFB1F5C6
:10010000857F4FF0000308BF0E21FFF7DEBF70B5FB
:1001100004460846A56A11461A464DB12689FFF7DE
:1001200025FFE36A0146AC463046BDE870406047B3
:10013000284670BD00231A460D21FFF7E8BF0023B3
:10014000FFF7E5BF70B504460846656911461A46D3
:100150004DB12689FFF70AFFA3690146AC46304638
:10016000BDE870406047284670BD00231A460D2147
:10017000FFF7E8BF0023FFF7E5BF0000034610B517
:10018000084641B1062907D15A7B084C42F00102CA
:100190005A7323680BB1002010BDFAF7FFFA10F56F
:1001A00080600ABF012320602360F4E7686D0020AF
:1001B0002DE9F74F0024184FC3E9004380468946D4
:1001C00092461E4602F0D0F83D68A346A5B12A68C3
:1001D000019249462846C047019AC8B18CB93B688C
:1001E0001B683B6003B97F607368C5F800B0BAF163
:1001F000010F1D6075600CD103B0BDE8F04F02F037
:10020000B5B823681B682360002BEDD17C60EBE759
:100210002C461546DAE700BF6C6D0020028A018982
:1002200001230D20FFF71FBD70B50446E0B1037B2D
:100230000D2B07D00E2B13D021460C48BDE8704083
:10024000FCF7FABE4069FCF714FBF5E756F83500F9
:10025000FCF70FFB013594F83030AB42F6DCEBE7EE
:10026000002500F11406F6E770BD00BF746D002094
:100270002DE9F743054690F8317095F83030008944
:100280006989BB420BD80122FDF7F8FA0546002424
:100290002046FCF7EEFA284603B0BDE8F083FCF7F1
:1002A00046FF441FA4B2F4B105F1100808EBC706DD
:1002B000736872881B8A9B1AA342A8BF23466B8669
:1002C00003F032FB044680B16B8E72887168FCF7D4
:1002D00044FB50B9738838F837200094698928891D
:1002E000FDF778FAD2E70725D2E70625D0E773B500
:1002F000418904460089FCF71AFF431F002B28DDC3
:100300006269108A628A801A9842A8BF184600283B
:100310000CDC618920890122FDF7B0FA0446002532
:100320002846FCF7A6FA204602B070BD208303F0F1
:10033000FBFA054678B1238B628A6169FCF70DFBF5
:1003400048B90095638A228A61892089FDF742FABB
:10035000E4E70724E3E70624E2E70246438A5189FB
:100360000089128A0BB9FDF776B9FDF792B938B555
:100370000546FFF7F2FF01462846FFF7FFFE044659
:1003800028B1002301461A462846FFF7DBFE204627
:1003900038BDF7B51368174602691E8ACDE90023F8
:1003A0006B4600220D460446FFF7CCFE019B3B60E6
:1003B000054302D00E2003B0F0BD61892089FCF70F
:1003C000B6FE0028F6D00138864206DA2B462A46C9
:1003D0000E212046FFF7B6FEECE7638A33446382C2
:1003E0002046FFF7C4FF0028E5D0E3E7428A4189B1
:1003F000013238B592B2838A04460089FDF703F8CA
:1004000001462046FFF7BAFE054628B10023014603
:100410001A462046FFF759FE284638BD1FB5044648
:10042000074BA28C1868039003AB00930132E38C56
:100430006189208992B2FDF7A5F804B010BD00BF14
:10044000CC73010038B50546FFF7E8FF01462846A2
:10045000FFF794FE044628B1002301461A462846B9
:10046000FFF713FE204638BD08B50B4629B100231F
:100470001A46FFF70AFE0E2008BD818CC28C9142FD
:1004800002D11A460E21F4E7FFF7DCFF0028F3D073
:10049000F1E700001FB50446074B228A1868039055
:1004A00003AB00930132638A6189208992B2FDF720
:1004B00069F804B010BD00BFCC73010038B5054623
:1004C000FFF7E8FF01462846FFF758FE044628B12B
:1004D000002301461A462846FFF7B7FD204638BDDF
:1004E00008B50B4629B100231A46FFF7AEFD0E20D2
:1004F00008BD018A428A914202D11A460E21F4E7D0
:10050000FFF7DCFF0028F3D0F1E700001FB503463A
:10051000094A598950689A8A039018894AB91A8AEF
:1005200003AC013200945B8A92B2FDF72BF804B061
:1005300010BDFDF790F8FAE7CC73010038B5054619
:10054000FFF7E4FF01462846FFF718FE044628B1EE
:10055000002301461A462846FFF756FD204638BDBF
:1005600008B50B4629B100231A46FFF74DFD0E20B2
:1005700008BD018A4FF6FF72914202D11A460E2140
:10058000F3E7FFF7DBFF0028F2D0F0E72DE9F041B9
:1005900088B0044600F1100604AD2946304604F048
:1005A0003DF92789B4F80A80A48C304604F06CF930
:1005B0000134A4B24FF42053CDE9015000932246F8
:1005C0004FF6FF7341463846FCF788FF08B0BDE898
:1005D000F08138B50546FFF7D9FF01462846FFF7F9
:1005E000CDFD044628B1002301461A462846FFF7F0
:1005F000EBFC204638BD000030B504460E4B228A85
:10060000986885B003AB00930132618903904FF67F
:10061000FF7392B22089FDF768F801462046FFF784
:10062000ADFD054628B1002381B21A462046FFF7EA
:10063000ABFC284605B030BDCC73010010B50548B1
:10064000FCF7D3FC044618B13C22002106F0F5F873
:10065000204610BD746D002037B50B4600250A8872
:100660008988ADF8002004469868ADF8025003F080
:100670005EF9A8420CBF0621294601906B462A4626
:100680002046FFF744FD04460198FCF7F2F8AC421F
:100690000CBF20460E2003B030BD072938B50446F4
:1006A0000D460AD12846228A21890123FFF7DBFA69
:1006B0002089BDE8384001F071BB018A008901F052
:1006C00099FB0028EED038BD70B50D4688B01C22CD
:1006D0000646002101A806F0B0F86A682B88ADF83C
:1006E0000430052A0DD0132A0BD00A2401AB0022B6
:1006F00021463046FFF7A9FC204318BF0E2008B062
:1007000070BDA968033A033103A804F05EF80446FB
:100710000028EAD1A86810F8013B8DF80830FBF7F3
:1007200023FE2B88328AADF806009A42DDD233824E
:10073000DCE730B5054687B00C4618220021684634
:1007400006F07BF8AB8A13B1002007B030BD2388D8
:100750002A8A9A4205D22B826368042B0BD0062B7F
:1007600013D000226B4611462846FFF74DFC0028A7
:10077000EAD00E20E9E7A068FBF7F6FDA882A068A2
:100780000230FBF7F1FDE882DEE7A068FBF7ECFD45
:10079000ADF80000A0680230FBF7E6FDA168ADF8F7
:1007A00002000222043101A804F00FF8D9E770B565
:1007B0000E4688B01C220546002101A806F03DF82F
:1007C00072683388ADF80430052A01D0132A25D188
:1007D000B168033A033103A803F0F7FF0446E8B910
:1007E000B06810F8013B8DF80830FBF7BDFD338889
:1007F000AA8CADF806009A4210D2AB8405F1100124
:1008000003A803F0C1FF30B901AB224621462846B8
:10081000FFF73BFC40B9204608B070BD00231A46E4
:100820000A212846FFF731FC0E24F4E7F0B51546FF
:1008300087B01023002207460C4601A8296803F060
:10084000DBFF06462868FCF714F800232B60DEB9AE
:10085000BB8ACBB174B97B69009322466B462146B3
:100860003846FFF7D1FB58B97C613846FFF766FE82
:10087000044630B100231A4621463846FFF7C4FB30
:100880000E24204607B0F0BD0A24F3E708B50B4656
:1008900029B100231A46FFF73AFC0E2008BD0A468C
:1008A0000E21F8E710B5064C236833B1F9F776FF4F
:1008B0002368181A20EAE07010BD6FF00040FBE7D3
:1008C000686D002010B50446A9B9437BDB0704D44A
:1008D000F9F764FF00F5F040606001F045FD00238A
:1008E0002360074B5A6814605C6001F03FFDBDE86F
:1008F000104001F071BDBDE81040FFF795BC00BF8E
:100900006C6D00201FB5ADF800008DF80420ADF827
:100910000210054802AB01226946FFF749FC029824
:1009200005B05DF804FB00BFA90901007FB502AD69
:10093000ADF800008DF804100D480E4E2B46002235
:100940006946FFF735FC029C0CB904B070BD237BEF
:10095000002256F82330072120469847029B1B6847
:10096000029303B903952046FFF75EFCEBE700BF57
:10097000FF0D01008C7301007FB5CDE90323002337
:10098000ADF80800ADF80A10059306486B46012241
:1009900002A9FFF70DFC089B059A00981A6007B0A2
:1009A0005DF804FB1DFF00000A8803899A420BD101
:1009B0004A8843899A4207D10B79027B9A4205D033
:1009C000FF3B584258417047002070470120704754
:1009D00073B504460846656B11465DB12689FFF77D
:1009E000C5FAA36B0093014694F8303004F110026D
:1009F0003046A84702B070BD38B50546FFF738FC51
:100A000001462846FFF7BAFB044620B10146002202
:100A10002846FFF7DDFF204638BD10B50446FFF736
:100A2000D7FF94F8312094F830309A4206D2618989
:100A300020890022BDE81040FCF720BF10BD73B52F
:100A40000446084631B994F8311094F830508D427C
:100A500007D80A20014600222046FFF7DEFF0E20BD
:100A600028E004F1100606EBC10536F8311091427A
:100A7000EFD169889942ECD1638E069A009312688F
:100A800003466868FCF73CF80028E2D16B88628E68
:100A900013446A68128A9BB29A426B809FBF688037
:100AA00094F83130013384F831302046FFF7A4FF49
:100AB0000028CFD102B070BD08B50022FFF788FF33
:100AC0000E2008BD00220D21FFF782BF70B504463D
:100AD0000846E56911465DB12689FFF747FA04F13A
:100AE0001002236A0146AC463046BDE870406047BC
:100AF00070BD38B50546FFF7FAFB01462846FFF7FB
:100B00003DFB044620B1014600222846FFF7DEFFE8
:100B1000204638BDF7B5054617460C46F9B96A694F
:100B2000408AB2F810C0604518D2B5F810E0BE4552
:100B300014D1984212D1089E3668378A38446045ED
:100B40000CDC288B874209D100973046FBF7D8FF91
:100B500060B1698928892246FCF790FE0A24214663
:100B600000222846FFF7B2FF0E2409E06B8A328A82
:100B700013446B822846FFF7BCFF04460028EED1E1
:100B8000204603B0F0BD438A70B504460D461646B4
:100B900043B14269128A9A4204D9418900890022EC
:100BA000FCF76CFE324629462046BDE87040FFF750
:100BB0008DBF10B54469428A238A9A4204D3002229
:100BC000FFF784FF0E2010BD0A20FCE700220D2154
:100BD000FFF77CBF43692DE9F34104460D461646F5
:100BE0009BB108220021684605F027FE238AB4F84D
:100BF0000880ADF80030314628466769FFF7B6F93E
:100C00006A460146A3694046B84702B0BDE8F08194
:100C1000FFF7E0BF00220D21FFF7DCBF2DE9F04F09
:100C200085B01D4602AF90F82030C7E900216A4622
:100C3000A2EBC3039D46836A044602AE002B3FD05D
:100C400008220021304605F0F8FD04F10E0BB246F3
:100C50004FF0000994F8203099451CDA3BF8023F28
:100C6000AAF800304FF00003AAF80230002D3ED061
:100C70002868038A002B3AD00221FCF770F828601C
:100C80000068FBF771FB022180462868FBF7B8FE7D
:100C9000B8F5007F18D9D7E90010A56AB4F8088024
:100CA000FFF764F9E36A0093014632465FFA89F37D
:100CB0004046A8470436002594F820309D421BDBAF
:100CC0000C37BD46BDE8F08F00214046FBF7BBFD69
:100CD000CAF804000028DED0296843460022FBF74A
:100CE0003CFE0028D7D128684146FBF789FE09F170
:100CF00001090AF1080AADE756F8350008B1FBF71B
:100D0000B8FD0135D8E790F821C02DE9F743054635
:100D10000E4617461C46BCF1000F04D003B0BDE8D8
:100D2000F043FFF77BBFCDF800C003B11B68D5F8D7
:100D300024800193B8F1000F0AD039463046B5F847
:100D40000890FFF713F96A460146EB6A4846C04728
:100D50000CB1019B236003B0BDE8F0830023FFF7D3
:100D6000D2BF00231A460D21FFF7CDBF0023FFF7A6
:100D700055BF70B504460846656911461A464DB11F
:100D80002689FFF7F3F8A3690146AC463046BDE873
:100D90007040604770BD13B51446038AADF800304B
:100DA0002368019300226B46ADF80220FFF7E1FFB4
:100DB000019B23600E2002B010BD0023FFF7D9BFB6
:100DC00000231A460D21FFF7D4BF70B5044608462C
:100DD000256911461A464DB12689FFF7C7F86369A0
:100DE0000146AC463046BDE87040604770BD002308
:100DF000FFF7EBBF00231A460D21FFF7E6BF0A8875
:100E000003899A4207D10B79027B9A4205D0FF3BB6
:100E10005842584170470020704701207047000039
:100E2000F0B585B0F9F7BAFC6FF000430290039378
:100E30000022224800926B4602A9CDF804D0204F30
:100E4000FFF7B6F9039D6E46009CA4B9FFF72AFD93
:100E500060B91C4B1C4E18600246014602AB1B4891
:100E6000FFF7A6F9029CCCB9FFF71CFDA842A8BF6A
:100E7000284605B0F0BD237B57F823300BB1204640
:100E8000984720891321FEF747FC009B1B680093BD
:100E900003B901962046FFF7C7F9D5E7237B56F83B
:100EA0002320637B23F001036373204690470146B0
:100EB0002046FFF707FD2468D5E700BF01FF0000CB
:100EC0000C730100686D00204C73010065FF000089
:100ED000F7B507460E461546FFF7B0FB044618B3B4
:100EE000002303730423C0E904654381078101F0F3
:100EF0003BFA618920896B4601AAFCF7F4F80546A4
:100F000040B101F033FA20462946FFF7DBFC2846C2
:100F100003B0F0BD009B5D8901F028FA29462089C5
:100F2000FCF7FBF90546EEE70625ECE7F7B50746C3
:100F30000E46144662B902F0F7FC0446D8B100220E
:100F40000346009231464FF6FF70FCF73DFFA0B913
:100F5000224631463846FCF7ABFC00240546002308
:100F6000324639462846FEF77EFE2046FBF781FCD6
:100F7000284603B0F0BD0625F1E70925EFE700227A
:100F8000FFF7D4BF0F21FFF7D1BC2DE9F341804615
:100F90000F461446FFF752FB064640B30F23037378
:100FA0000423A0F808804381078264B902F0BCFCE6
:100FB0000446E0B100220346009239464FF6FF7026
:100FC000FCF702FF28BB718923463A464046FCF7EE
:100FD0008FFC054648B901F0C7F9404601F0ACFE68
:100FE00008B1A0F8547001F0C1F9002400E0062512
:100FF00001233A4641462846FEF735FE294630464B
:10100000FFF760FC2046FBF734FC284602B0BDE841
:10101000F0810925ECE70022FFF7B7BF70B516464F
:10102000FF221D46FFF76EFC044668B1027B074BAA
:1010300053F822301BB1324605F58071984720469F
:10104000BDE87040FFF7F0B870BD00BF8C730100C1
:1010500070B50421154600221E46FFF753FC0446D6
:1010600048B1334629460022FFF7AFFE2046BDE8CF
:101070007040FFF7D9B870BDF0B5144687B00622AE
:10108000FFF740FC054608B32388428AADF80030DC
:101090009A4204F1040438BF43820FCC01AE0FC65C
:1010A00038BF00272368336028BF0A2739466B46BC
:1010B00000222846FFF709F857EA000118BF0E2161
:1010C000284607B0BDE8F040FFF7FCBB07B0F0BD15
:1010D00038B515460622FFF715FC0446C8B155B1D0
:1010E00000231A462946FEF7F0FF0E212046BDE8F0
:1010F0003840FFF7E7BB428A838A9A4203D12B46E6
:101100002A460E21EFE7FFF771F901460028EDD0DE
:10111000EBE738BD70B5154686B00222FFF7F2FB4B
:10112000044618B36B88828C9A421DD22A88ADF887
:10113000002000F110068384ADF802300FCE01AD1F
:101140000FC533682B60002529466B4600222046D8
:10115000FEF73AFF55EA000118BF0E21204606B0FF
:10116000BDE87040FFF7AEBB0A25EDE706B070BDE5
:1011700038B515460222FFF7C5FB0446D0B155B17C
:1011800000231A462946FEF71FFF0E212046BDE820
:101190003840FFF797BB828C4FF6FF739A4203D11A
:1011A0002B462A460E21EEE7FFF713FA01460028E8
:1011B000ECD0EAE738BD000030B585B003AB009352
:1011C00015460423084AFFF7D7FB044650B1039B9A
:1011D00029465B6898470146204605B0BDE8304087
:1011E000FFF770BB05B030BDEC72010030B585B0C3
:1011F00003AB009315460423084AFFF7BDFB0446E2
:1012000050B1039B29465B6898470146204605B0CC
:10121000BDE83040FFF756BB05B030BDCC720100D1
:1012200070B5164686B00122FFF76CFB054660B329
:1012300018220021684605F000FB7268022A12D0CD
:10124000102A10D00A24A1B26B4600222846FEF7CD
:101250009BFE54EA000118BF0E21284606B0BDE8E7
:101260007040FFF72FBBB16801A803F0AEFA044647
:101270000028E7D173882A8A9A42E3D232882B82E7
:10128000ADF80020ADF80230DDE706B070BD38B52E
:1012900015460122FFF736FB0446D0B155B10023B5
:1012A0001A46A9B2FEF770FE0E212046BDE838406E
:1012B000FFF708BB028A4FF6FF739A4203D12B4611
:1012C0002A460E21EEE7FFF797F901460028ECD0F9
:1012D000EAE738BD7FB51E4603AB009315460323EE
:1012E000094AFFF749FB044658B1039B29465B684E
:1012F000324698470146204604B0BDE87040FFF7EB
:10130000E1BA04B070BD00BFB472010070B51546FB
:1013100009221E46FFF7F6FA044648B1294632462E
:10132000FFF737F801462046BDE87040FFF7CABA1C
:1013300070BD70B515469DF810200A32D2B21E4617
:10134000FFF7E0FA044648B1334629460022FFF78A
:10135000DAFC2046BDE87040FEF766BF70BD10B5F0
:101360000C22FFF7CFFA044640B100221146FFF7E6
:1013700031FC2046BDE81040FEF756BF10BD00000E
:101380002DE9FF411E4603AB0093154602230C4A8C
:10139000BDF828800B9FFFF7EFFA044668B1039B66
:1013A00000975F68294643463246B84701462046C3
:1013B00004B0BDE8F041FFF785BA04B0BDE8F081A4
:1013C000A472010030B585B003AB0093154602232B
:1013D000084AFFF7D1FA044650B1039B29465B68DF
:1013E00098470146204605B0BDE83040FFF76ABA8D
:1013F00005B030BD9472010010B50F22FFF782FADC
:10140000044690B1018A008900F0F4FC40B90E2036
:10141000228A21890123FEF726FC208900F0BEFCE8
:101420002046BDE81040FEF7FFBE10BDFF21FFF7CC
:101430007DBA000007B5074B07480022C3E9002327
:10144000064B00933C22064B0421FBF79FFD03B0A3
:101450005DF804FB6C6D0020746D0020526E01007D
:10146000906D002010B5084A0849128809680346A3
:101470000020824202DC4FF0FF3010BD51F83040B6
:101480009C42FAD00130F4E7A86E0020AC6E002038
:1014900010B5074A126803460020824202DC4FF072
:1014A000FF3010BD33F820408C42FAD00130F4E711
:1014B000806E0020024691F902008B78002810B55A
:1014C0000FDA13F001040AD113F0020006D0B2F8CB
:1014D000542042B91D2003F07F038B7010BD1B20E8
:1014E000F9E70020FAE72046F8E738B5DDE90434EB
:1014F00060681D6803F0C8F981B22846FBF703FC59
:10150000014620B1606803F089F9002038BD112040
:10151000FCE770B5DDE9046504213068FBF7F3FBF7
:10152000044608B9112070BDA988FAF711FFA01C64
:10153000E988FAF70DFF2B68586803F040F9044674
:1015400008B90020EFE730680221FBF7DCFB002838
:10155000E8D02146FAF7FCFEF3E72DE9F84F1C46E8
:101560001B780A9FDDF830B0054689461646032BE6
:101570003BD8DFE803F002300230F6B9386860602B
:10158000B046B0F810A05B46284622460B9D49465F
:10159000A8470546C8B961680B8AA3EB0A039B1BE1
:1015A00012D4B8F1000F13D038689BB23246FBF763
:1015B000D4F96068FBF75DF90AE002F0B5F9606004
:1015C000A8B14FF00108DCE70725B8F1000FF0D112
:1015D0002846BDE8F88F3B680B9D636022465B465A
:1015E000A84763683B600546F2E70E25F0E7112542
:1015F000EEE730B589B01D46023A0D9B0793544281
:1016000054419A6802925B6801930C9B00932A46AE
:1016100005AB8DF81440FFF7A0FF09B030BD10B541
:1016200088B01446022C1A460B9B07930CBF032468
:1016300002248DF81440DC6802949B6801930A9B95
:10164000009305ABFFF789FF08B010BD08B5FEF7A2
:101650002DF808B1002008BDFEF730F80028F9D1B8
:10166000FEF734F80028F5D101F08EFBB0FA80F0D7
:101670004009F0E738B5064C0025206804F0C8FFA3
:101680002560044C206804F0C3FF256038BD00BF0E
:10169000A46E0020AC6E002030B585B09DF82040CF
:1016A00083EA0405AD070CD004F00205029504F0AE
:1016B000010403F002050195009403F00103FEF715
:1016C000F4FA05B030BD70B5DDE904650C4630684C
:1016D0000321FBF718FB08B9112070BD2A8A02F01C
:1016E0000103910748BF43F00203510748BF43F08D
:1016F0000403110748BF43F00803D10648BF43F075
:101700001003910648BF43F02003510648BF43F041
:10171000400312F4C07F18BF43F08003611C00F83F
:10172000013B89B2FAF714FE2868346803F0ACF87C
:1017300081B22046FBF7E7FA01460028CCD02868A2
:1017400003F06CF80020C8E703469B06C0F30010C6
:1017500048BF40F0020070472DE9F04780468AB04C
:101760000D46144600F000FE404601F0E5FA06463C
:1017700028B900F0FBFD0E200AB0BDE8F087129BEF
:101780006F1EBFB2D3F800A0BD424FF00003ADF80A
:101790002030EED3C56C39462846FFF779FE421C4F
:1017A000E7D015EB8005E4D0022C95F8029008D024
:1017B00002215046FBF7A7FA90BB00F0D7FD11209D
:1017C000DAE7BAF81010022952D15046FBF7C7FAEF
:1017D0000068FAF7C9FDEA7830EA020A44D1AA782B
:1017E000824222D0C4B2AC7096F858305B0720D445
:1017F00000F0BCFD404600944B4601223946FFF7FD
:101800004BFFBDF820000028B6D0BDF822309BBBAE
:1018100003A806A902F054FF03A802F04DFFABE7AE
:10182000A97801F00301FAF793FD00F09FFD4C4603
:10183000E0E7B6F80B20737BD6F807008DF81E3072
:10184000ADF81C200690F07902F0E1F8ADF82070B8
:10185000AB78ADF822309DF824308DF818006AF38B
:1018600000038DF82430C3E700F080FD062083E7F5
:1018700000F07CFD0D207FE706A802F019FF7BE752
:101880002DE9F04FA84B0F46B3F800C0A749A84B6D
:101890000D881B6899B04FF00008049203EBC50354
:1018A000C6464FF6FF790278064608EB05043AB9BA
:1018B0000C800392039B4345C0F22D81002085E0FC
:1018C000A44500F1100003F1080340F3918043F8B0
:1018D000086C23F804EC23F8029C08F10108E2E705
:1018E000934B1E6806EBCA0305939B88002B48D1D7
:1018F00056F83A50AC6824B1043C54F8040F002860
:1019000036D12878431E012B45D86B68002B42D076
:10191000884C894E894B0093022818BF26460195B2
:101920000DF11A03002201213046FCF7E3F90028EB
:101930004AD157B101238DF824300499BDF81A30EB
:10194000ADF8283009A80B95B847AB682BBBEC68FD
:101950001CB123681834002B3BD1059ABDF81A300E
:101960009380FCF7F9F9059B09F10109D88008E09B
:10197000FFF778FD431C04D006EBC0008388002BE2
:10198000BBD10AF1010A694B1B889A45A8DBB9F162
:10199000000F40F0C480032018E0694E0024AB68BB
:1019A00018590028D3D0FFF75DFD614B1B6803EB8E
:1019B000C003CDE90063634813AB00220121FCF7AB
:1019C00099F904340028EAD00128DAD019B0BDE82A
:1019D000F08F54F8143C002BDDD034F8080CFFF7DE
:1019E000B3FE50B1584B594A1B6812889A4201DA2B
:1019F0000620EBE7544A01331360554B0093A4F1E2
:101A0000180B5448CDF804B007AB00220121FCF7B5
:101A100071F90028D8D134F8083CC3F3400113F021
:101A20000C0F18BF41F00201980548BF41F00401B6
:101A30005A0548BF41F008011E0548BF41F010019A
:101A4000D80448BF41F020019A0448BF41F040014A
:101A50005B04414B14F8062C0093CDF804B048BF4A
:101A600041F0800154F8180C0DF11E03FCF742F907
:101A70000028A9D154F8043C13B1BDF81E201A80E7
:101A80007FB102238DF83830BDF81C30ADF83C3002
:101A90000499BDF81E30ADF83E300EA8CDE910B562
:101AA000B84734F8080CFFF74FFE50B12B4B0093AA
:101AB00000222B48019208AB0321FCF71BF90028F8
:101AC00082D154F80C6C002E3FF443AF30680028EC
:101AD0003FF43FAFB368002B3FF45DAF214B727909
:101AE0003179009301960DF12203FCF703F90028E8
:101AF0007FF46AAF6FB14FF003038DF84C30049957
:101B0000BDF82230ADF8503013A8CDE916B51596C2
:101B1000B8471036DAE74FF00009CA4633E7039BAF
:101B20004B440393C6E600BFBA6E0020A86E0020A7
:101B3000AC6E00206811002064110020EB1401003D
:101B40001315010060110020806E0020B86E002087
:101B5000C71601005C110020F315010059170100A0
:101B6000581100201F1601002DE9F743054600F02B
:101B7000FBFB284601F0E0F820B903B0BDE8F043D4
:101B800000F0F4BBD0E913780024C0E9134400F05E
:101B9000EDFB2846FFF7F6F9C7B13E46A14644459E
:101BA00006F1040606DB0B48394603B0BDE8F043F6
:101BB000FBF742BA16F8023C36F8041CCDF8009048
:101BC00002222846FFF768FD0134E8E703B0BDE8CC
:101BD000F08300BF886E00202DE9FF474A4B4B4F32
:101BE0001868039000F0C0FBFFF730FDDFF83C8180
:101BF000002800F08280FFF73DFDFDF709F806465A
:101C000000287CD1DFF82891B9F80000002844D1E1
:101C10003F4B188830B1C00004F0F2FC3D4B186017
:101C2000002841D03C4BDFF80CA100251D80D8F8DE
:101C300000303868AB4243DC04F0EAFC00233B6030
:101C4000C8F80030354B1A680AB3354BB9F80010A4
:101C50000093344B91FBF2F11B683348920089B238
:101C6000FBF794F9044600284BD12F48DFF8C890C1
:101C7000FBF7BBF9C9F80000B0B125462746284656
:101C80004FF6FF7203A9FCF779F8054618BB00F080
:101C90006DFB304604B0BDE8F087800004F0B0FC76
:101CA000204B18600028B3D10624FFF7E3FC386806
:101CB00004F0AEFC00233B60C8F800302646E6E79F
:101CC000DAE9001250F82500FFF7DAFD0446002893
:101CD000EBD10135ABE72B69188AFFF735FD0028FA
:101CE000CDD0D9F800106B8901EB8402013321F8C3
:101CF0002430D07097700134C1E70F24D5E7044633
:101D0000D3E70B24D1E700BFD8730100B46E0020E5
:101D1000BA6E0020AC6E0020A86E0020806E0020FD
:101D2000666E0100A46E0020886E0020B06E002058
:101D3000B86E00206C110020846E0020054B1B68DB
:101D40002BB1054BD888003818BF012070470120FF
:101D5000704700BF806E0020886E002038B50C4DA3
:101D60002B68002B04460EDD0A48FBF73EF9206085
:101D700060B1094B2A681968920004F079FD2B685C
:101D80006360002038BD00230360F9E70620F9E70F
:101D9000806E0020886E0020846E0020F8B5044616
:101DA00000F0E2FA204600F0C7FF28B1066D0023DC
:101DB0009E4205DC002510E000F0D8FA0720F8BDAF
:101DC000C56C05EB830292F902709178002F0DDA51
:101DD00035F8235001F07F03937000F0C7FA3DB14E
:101DE00029462046BDE8F840FFF715B90133DFE783
:101DF0000520E4E72DE9FF41284B1C6806462046F4
:101E0000FFF746FB471C0D4612D004EB80044FEA57
:101E10008008E37899070BD500F0A6FA304600F069
:101E20008BFFB0F85470AF42034605D000F09EFA25
:101E3000052004B0BDE8F08190F858200026520734
:101E4000A0F8546026D5C46C444494F90220B242F0
:101E500020DBB3F80B105A7BD0F80700ADF8041064
:101E60008DF806200090D87901F0D1FDADF808700A
:101E7000A378ADF80A309DF80C308DF8000066F3B9
:101E800000038DF80C3000F071FA684602F010FC87
:101E90000020CEE700F06AFAFAE700BF846E002067
:101EA000F0B5274B014689B005461868FFF7F0FAF0
:101EB000411C044642D000F057FA0026A4003746E1
:101EC000304600F053FF40B1C36C234401369A788A
:101ED00062F07F029A700127F2E700F047FA0FB133
:101EE00000F09EFA00230193ADF80C50CDF80730B6
:101EF00004A901A88DF80E3002F0D5FBF0B900F06E
:101F000033FA01A800F09EFF68B900F02FFA9DF89F
:101F10001C30DA070DD443F0010304A88DF81C30FF
:101F200002F0C6FB05E0BDF81A309B07EDD400F0C7
:101F30001DFA9DF80E300133DBB2D9E709B0F0BDD0
:101F4000846E002070B5064615460C46A9B100F017
:101F50000BFA304600F0F0FE68B1012D2A4600F180
:101F6000560128BF0122204604F082FC002400F024
:101F7000FDF9204670BD0724F9E70324F9E773B59E
:101F8000002406468DF804400D4669B30846FAF76A
:101F90007AFC012828BF012082B201AB21462846E5
:101FA000FAF702FDA04221DB9DF8043003F007039D
:101FB0008DF8043000F0D8F9304600F0BDFE78B15D
:101FC00090F856309DF8042093430BD1012201A9CB
:101FD000563004F04DFC00F0C9F9204602B070BD47
:101FE0000E24F8E71324F6E71124F6E70E24F4E7AD
:101FF0002DE9F84FDFF87490DFF874A00026D9F8C7
:102000000030B34201DCBDE8F88FDAF8000030F8A8
:1020100026804146FFF73CFA431C1AD08400002773
:1020200000F0A2F9384600F0A1FE054678B1C16C77
:102030002144FFF73FFA8346AD8800F097F9BBF1E2
:102040001B0F08D0BBF11D0F0AD00137E8E700F0E5
:102050008DF90136D3E741462846FEF790FFF4E7B5
:1020600041462846FEF7D7FFEFE700BF806E00200D
:10207000846E002070B5054600F076F9FFF7E6FAA9
:1020800098B10C4C0C4E216830680131890004F085
:1020900075FB60B12368306040F823500133236042
:1020A000002400F063F9204670BD0F24F9E70624F0
:1020B000F7E700BFB06E0020B46E00200023F0B53B
:1020C00001461D461C46087868B9214A11880C440F
:1020D0001480204A11880B4413801F4A138803EB95
:1020E0004503138033E0013801282FD84A686AB3CA
:1020F0008A6801339BB242B1043A184652F8046F21
:102100000346013080B2002EF8D1CA680AB11068C7
:1021100018B90134A4B21031D5E75068B0B1108AB3
:1021200000F0300040B90233D0689BB210B10668AD
:1021300007462EB91832EAE70135ADB20333F3E7AB
:10214000BE6801339BB21030002EF0D10320F0BDE9
:10215000BA6E0020BC6E0020B86E0020024B00203A
:102160001860024B18607047806E0020846E00205B
:1021700037B5044600F13C05E06BA0B14368E3636A
:1021800003B925641038019001A9204600F0CEFF64
:102190000128F1D1019BE26B5A6112B903F11402DB
:1021A00022641033E36303B030BD0000024B0349E7
:1021B000186803F007BE00BFD86E0020FC6E002038
:1021C00010B5846801460448FAF736FF2046BDE89A
:1021D000104001F049BA00BF10700020FFF708BF9F
:1021E00007B50C4B1B78022B01460CD04FF0FF3388
:1021F0000948009300231A4603210068F9F71AFDE5
:1022000003B05DF804FB044803B05DF804EB03F091
:10221000B1BE00BFF86E0020DC6E002070B5054630
:10222000F8F7BCFA094E04463068F9F763FD012857
:1022300004D02846BDE87040FFF7D2BF3068F9F7F8
:102240004DFD2C44241A002CF3DB70BDDC6E002005
:102250006FF00043984201D0FFF7E0BF70470000E5
:1022600070B50C4D01232B7001F0C6FCB0FA80F361
:102270005B0904465B0066202B70FFF7CFFF3CB97B
:1022800001F0C8FB044B1B6913B1BDE8704018474F
:1022900070BD00BFF96E00206C1100200E4B0022B3
:1022A00010B51A700D4801F0CDFB88B90C4C2068B0
:1022B000FDF7DCFA01F0FAFA0A4BDB6813B120688B
:1022C00000B1984700232360BDE81040FFF7C8BF66
:1022D000FAF7CFFAE6E700BFF96E0020C46E0020DF
:1022E000F46E00206C11002008B50E4B1B789BB1DA
:1022F000022B15D1FEF794FDFFF7AAFF02F052F86A
:10230000FFF7A6FF00F0CEFDFFF7A2FFFDF766F88E
:10231000BDE80840FFF79CBFBDE80840FFF7BEBF1F
:1023200008BD00BFF96E0020FFF7B8BF08B5F8F789
:1023300025FD012806D0F8F71BFD034B1B681B1A6F
:102340005842584108BD00BFF06E002002484FF0CF
:10235000FF3103F079BD00BFC06E0020014803F0DB
:1023600085BD00BFC06E0020FFF7F0BFFFF7F6BFCE
:1023700008B5044801F066FB00B908BD01F090F90A
:10238000F7E700BFC46E0020FFF7F2BF10B5FFF7FC
:10239000DDFF00F0F9FC30B190F828305B070AD57A
:1023A000FFF7E6FE18B900F0EFFC04462CB9BDE8D3
:1023B0001040FFF7D3BF0068EDE72046FFF7D8FED7
:1023C0000028F4D12468F1E7024B1878831E5842A4
:1023D00058417047F86E00200020FFF701BF000051
:1023E00038B505460B48FAF700FE044620B92846E2
:1023F000BDE8384002F07ABA00210C2204F01DFA40
:10240000054BC4E90135054B21461868BDE8384045
:1024100003F0D8BC10700020C1210100D86E00204C
:10242000024B0349186803F0CDBC00BFD86E0020F2
:10243000206F0020034B04491860044B186803F018
:10244000C1BC00BFF46E0020146F0020D86E0020C5
:1024500000F5C060FFF7EEBF10B5FFF777FF154B33
:102460001C78012C21D0022C04D03CB1FFF776FF60
:10247000112401E0FFF772FF204610BD02221A70FE
:10248000FFF76CFFF8F774FC0B4B0C4918600C4A13
:1024900009680C48234603F04BFDFFF79DFB0446FB
:1024A0000028E9D1FFF7DCFEE6E7FFF757FF0F242E
:1024B000E2E700BFF86E0020F06E0020D86E00202A
:1024C000E9220100DC6E0020FFF7C6BF02F0ADBBC1
:1024D00013B52B4B00930C222A4B2B481321FAF7F0
:1024E00055FD2A4B2A4800241C602A4B21460C2209
:1024F0001C7004F0A2F9284B254A2848C2E901348F
:1025000021460C2204F099F9254B244A2548C2E9BA
:10251000013421460C2204F090F9234B214A234830
:102520002146C2E901340C2204F087F9204B1F4AEE
:10253000C2E9013400F096FE00F0EEFC01F07CFDF3
:10254000FDF7AAFCFAF7CCFEFCF792FBFEF772FF50
:10255000FFF704FE01F05CFC16491748224601F023
:1025600061FA164803F065FCFAF7CCF8144B1860D2
:10257000FAF7C8F80B4902B0BDE8104003F022BCDE
:102580007D6E01002C6F002010700020F46E002082
:10259000206F0020F86E0020DD210100146F002064
:1025A00029230100086F0020AD210100FC6E0020EE
:1025B000C924010089230100C46E0020C06E0020E0
:1025C000D86E0020002100F08BBDFFF781BF42785C
:1025D0000B789A4206BF486000200120704773B50F
:1025E000DDE906548DF807008CB101318DF8061035
:1025F00001220DF106012046FAF74EF928B9012211
:102600000DF107012046FAF747F902B070BD2E78A8
:10261000B01C084490420BDC013199552A781344D0
:102620009DF807205A702B7802332B702046ECE778
:102630000420EAE72DE9F3470A9EDDF830A0CFB287
:10264000CDE9006A0C46904639469DF82C20994603
:10265000FFF7C5FF054698B9BAF1000F07D0A2B23F
:102660004146504602B0BDE8F047FAF715B9307858
:1026700022464146484404F0FBF833781F44377043
:10268000284602B0BDE8F0872DE9F04F89B01F461B
:1026900000238DF81B300378129D049204460E46E9
:1026A000002B71D1D4F80480B8F1000F7FD1D4F899
:1026B0000C80B8F1000F40F0AF80D4F81480B8F16E
:1026C000000F40F0E180E269002A40F0138194F8A5
:1026D0002330D90700F12581626A002A40F0428147
:1026E000226E002A40F04D81A26A002A40F05C81EF
:1026F000226B002A40F06B8194F83830DA070ED54F
:102700000DF11B030093CDE90175334604F1360248
:1027100002211920FFF78EFF0346002843D194F8C9
:102720003C30DB071AD50DF11B03009301953346AE
:102730003A4602211A20FFF752FF0346002832D101
:10274000618F002D40F059819DF81B8006EB080039
:1027500008F10208F9F7FCFD8DF81B80226C002AB5
:1027600040F05781A26C002A40F06681226D002A59
:1027700040F07581A26D002A40F08481049B002BFB
:1027800040F0938100230EE00DF11B0300930B46F4
:1027900001210246CDE901750846FFF74BFF0346CC
:1027A00000283FF47FAF184609B0BDE8F08F94F8D9
:1027B0000890B9F1000F3FF47AAF607A01950DF1FE
:1027C0001B034FEA490100F0010000933A463346EB
:1027D00001F0FE010230FFF702FF03460028E2D1BC
:1027E00082466DB12946404602F03EF80346002875
:1027F000D9D10AF1010AD14508F10408F1DC56E704
:102800009DF81BB0404606EB0B010BF1020B02F0EA
:1028100005F88DF81BB0ECE794F81090B9F1000FB3
:102820003FF44BAF607C01950DF11B034FEA89012A
:1028300000F0010000933A46334601F0FC010430F9
:10284000FFF7CDFE03460028ADD108F1040858F883
:10285000331005934DB10791042207A92846FAF7D2
:102860001BF8059B60B103469DE79DF81BB006EB86
:102870000B00F9F771FD0BF1040B059B8DF81BB0F4
:1028800001339945E3DC18E794F818B0BBF1000F69
:102890003FF419AF607E01950DF11B034FEA0B1950
:1028A00000F0010000933A46334609F0F00106308B
:1028B000FFF795FE034600287FF475AFD944C14465
:1028C00065B12946404601F0CFFF034600287FF45A
:1028D0006AAF08F11108C845F2D1F4E69DF81BB0C3
:1028E000404606EB0B010BF1100B01F097FF8DF842
:1028F0001BB0EEE794F8201000293FF4E8AE94F8FE
:1029000021000DF11B0300F001000093CDE90175DA
:1029100033460830FFF78EFE034600283FF4D7AE5B
:1029200041E794F9223013F1800F18D10DF11A000C
:1029300000F008FF034600287FF435AF0DF11B03BC
:102940000093CDE9017533460DF11A0201210A20E9
:10295000FFF770FE034600283FF4BEAE23E78DF874
:102960001A30EBE70DF11B030093CDE901753346F7
:1029700004211220FFF75EFE034600283FF4B0AEAC
:1029800011E794F8641000293FF4AEAE0DF11B037B
:102990000093CDE9017533463020FFF74BFE034627
:1029A00000283FF4A1AEFEE694F82C1000293FF475
:1029B0009FAE0DF11B030093CDE901753346162040
:1029C000FFF738FE034600283FF492AEEBE694F89A
:1029D000341000293FF490AE0DF11B0301EB4101CF
:1029E0000093CDE90175334649001720FFF722FE19
:1029F000034600283FF480AED5E6ADF81C10022255
:102A000007A92846F9F748FF034600283FF4A6AE79
:102A1000C9E694F8441000293FF4A4AE0DF11B035D
:102A20000093CDE9017533462020FFF703FE0346EE
:102A300000283FF497AEB6E694F84C1000293FF416
:102A400095AE0DF11B030093CDE9017533462120AE
:102A5000FFF7F0FD034600283FF488AEA3E694F8A4
:102A6000541000293FF486AE0DF11B030093CDE90D
:102A7000017533462420FFF7DDFD034600283FF4AF
:102A800079AE90E694F85C1001297FF677AE0DF1EF
:102A90001B030093CDE901753346FF20FFF7CAFD04
:102AA000034600283FF46AAE7DE6049A9DF81B3089
:102AB000137067E613B500240094FFF7E5FD02B03C
:102AC00010BD2DE9F04106460C4617469846012CEC
:102AD00006D93378A3420ED241463046B84710B9E2
:102AE0000020BDE8F0813578013C641B013504F01D
:102AF000FF042E44EBE70A20F3E7000037B51C463D
:102B000000230546019308466B461146074A8DF897
:102B10000050FFF7D6FF20B9019B23B1236003B01B
:102B200030BD0A20FBE70520F9E700BFCF250100F3
:102B300010B50446FFF718FC204600F0FDF80446E7
:102B400018B9FFF713FC072010BD00F0E9F8204684
:102B500000F084F8FFF70AFC0020F5E738B50546D9
:102B60000C46FFF701FC284600F0E6F840B114B12E
:102B700090F8283023700024FFF7F8FB204638BD7A
:102B80000724F9E710B5FFF7EFFB00F0FDF820B1DF
:102B90008488FFF7EBFB204610BD4FF6FF74F8E783
:102BA00010B403780A780446981A06D1601C0622ED
:102BB0005DF8044B013103F017BE5DF8044B70471C
:102BC00008B5074BD88840B1064BDB88022B05D9E6
:102BD000FFF7B4F8003818BF012008BD0020FCE75B
:102BE0009C700020C8720020C06A00B97047038939
:102BF0008B4203D001D80068F7E70020704770B51A
:102C0000C46A0022234623B11E890D89AE420CD02E
:102C100004D932B90C60C162002070BD1A461B682D
:102C2000F1E713680B601160F6E70220F5E7036B2C
:102C30000A688B4208BF002310B408BF0363C36A4D
:102C40008B4204D1C2625DF8044B01F001B91C460D
:102C50001B688B42FBD12260F5E7000038B50446C3
:102C6000D0B14430FBF704FEE16A49B904F13C05F8
:102C7000E06B48B921460948BDE83840FAF7DCB9AD
:102C80002046FFF7D4FFEFE74368E36303B9256409
:102C90001038F9F7EEFDEBE738BD00BF9C7000205F
:102CA00038B505461D48FAF7A0F9044680B300215F
:102CB000702203F0C2FD0023A580E3622846FAF7E4
:102CC00073FA014620B32046FFF799FF00BB284660
:102CD00001F042FB0146D8B12046FFF790FFB8B99A
:102CE000284601F03FFC014690B12046FFF787FFE0
:102CF00070B904F14C00FFF731F848B9234643F8A6
:102D00003C0F2364234643F8640FA366204638BD76
:102D10002046FFF7A3FF0024F8E700BF9C700020C7
:102D2000044902680B68834201D10A607047194662
:102D30001B68F8E7B8700020044A0346106800B921
:102D4000704782889A42FBD00068F8E7B87000208C
:102D500008B501468088FFF7EFFF024B1A680A604A
:102D6000196008BDB8700020FFF7E6BF054B0246AA
:102D70001868002300B970479342FCD00068013303
:102D8000F8E700BFB8700020014B1868704700BF1B
:102D9000B870002073B5044680790D4600F031FE0E
:102DA0002E46002206F8010B01A900F02FFD019923
:102DB0000622304603F05CFD2149062204F10F0093
:102DC00003F012FD05F10E0318BB2A68C5F80E20AA
:102DD000AA889A80AA799A71D4F80730C5F8073082
:102DE000B4F80B30D4F80720A5F80B30637B6B7375
:102DF000C5F8152005F11503B4F80B20A5F8192026
:102E0000627B9A71E279022A0BD0032A15D002B0B4
:102E100070BDD4F80E20C5F80E20628A9A80227DFB
:102E2000D9E70022EA71D4F81520C5F81520B4F8C6
:102E300019209A80E27E9A71E9E70122F2E700BF49
:102E4000DC73010030B5054689B018B9002420466E
:102E500009B030BD124B1C68002CF7D02B78012B29
:102E600029460CD1AB7903F0C003402B07D104F104
:102E70001500FFF795FE0028E9D02468ECE7E01D77
:102E8000FFF78EFE0028E2D0E379012BF5D901A9E6
:102E90002046FFF77FFF29460DF10B00E9E700BF51
:102EA000B87000202DE9F041F7F778FC0746FFF7EE
:102EB0005BFA184B1C686FF0004524B9FFF756FA0F
:102EC0002846BDE8F08194F8283013F0020209D1B9
:102ED000266B76B1636BDB1B002B05DC13212046D0
:102EE000FCF7FCFB2468E8E79D42D2BF16469846F3
:102EF0000126394604F14400FAF75CFF031EEDDDBC
:102F00009D4203DC002E18BF4546EBE798461D4660
:102F1000E8E700BFB870002007B5084B00930848E9
:102F2000084B70220121FAF731F820B9064B1860DE
:102F300003B05DF804FB0B20FAE700BF906E0100C0
:102F40009C7000202C700020B8700020704700207A
:102F50007047000008B506481021F9F75EFC18B963
:102F6000BDE8084000F0DABC02680432026008BD27
:102F7000DC70002030B129B1034B1880034B0020D6
:102F8000198070470320704720720020BC70002019
:102F9000054A13881844B0F5803F02DB0C20FFF788
:102FA00049BA1080704700BFBC7000202DE9FF4176
:102FB0000C46904607464FF0FF3146489DF8286082
:102FC0001D4602F041FF42462146384600F06CF9AA
:102FD000DFF80881044600283AD13F484FF40061E9
:102FE00002F060FF38B106280CBF13240B242046E2
:102FF000FFF720FA2CE010222146684603F01DFC62
:10300000D8F8002013780E2B03D00F2B44D01124B6
:10301000EDE7517803292ADC01D00C24E7E7B2F868
:103020000330002BF9D1CDE90044029415B1019988
:10303000002944D100230293BDF80C300195BB4216
:10304000EBD1002CE9D1009C14B9029BB342CED144
:10305000D8F8000020B101F049FC0023C8F8003086
:103060001C4802F003FF204604B0BDE8F081D3788D
:10307000107943EA0023ADF80C30537943B103F5DE
:10308000007304390093029121B106320192CDE719
:103090002346F6E70191C9E75378042BBDD1137994
:1030A0005179CDE9014443EA0123ADF80C3093781E
:1030B0001BB103F500730093B8E72346FBE7029AC0
:1030C000B242C8BF32462846C4BF02960C2403F061
:1030D000CFFBB1E72C720020287200202472002060
:1030E00038B503780E2B044606D00F2B12D020469D
:1030F000FFF776F9002038BDB0F80330002BF6D08A
:10310000084D2868F8F788FB80B228B1204601F006
:10311000EDFBEFE78388F1E7034B28461C6002F0E4
:10312000E5FEE7E728720020247200202DE9F7432E
:103130000B68009300230B6090F82890344FDFF861
:10314000D88005460E46C9F38009009C002C57D054
:103150003B884BB12F4AB8F8001000236846F9F7B6
:1031600082FA044630B9009C34600124204603B042
:10317000BDE8F08300224946A88800F0DDFA014648
:1031800001A8F9F7E5F8218A0DF10600F9F7E0F852
:1031900004212046F9F712FD50B9062495F828308D
:1031A000009823F0040385F82830F9F762FBDDE787
:1031B0000421F9F7D4FD04460028EED004220DEBDB
:1031C0000201006803F054FB0DF10600F9F7CCF89A
:1031D000204600F07DFB2046FFF778F995F828306F
:1031E00004460028DAD143F0040385F828302B8FF9
:1031F00001332B873B88013B3B804FF00109A4E75B
:1032000095F8283023F0040385F82830AEE700BF96
:10321000BC700020552F010020720020C36B0BB939
:10322000FFF784BF01207047014B1860704700BF53
:103230001C720020014B1870704700BF18720020EC
:10324000014B1878704700BF18720020014B1860BE
:10325000704700BF14720020014B1868704700BF10
:103260001472002007B50021094802F010FE094839
:1032700002F0DFFD084B01934FF496730093074A69
:10328000074908480123F9F7D5F903B05DF804FBB5
:10329000287200202C720020A16E0100DC7000203A
:1032A000C0700020E8700020F8B5124B1B78012B8D
:1032B00007460E46154604D0022B07D023B1112035
:1032C00003E0FFF733F808B91620F8BD01F0F6FA6D
:1032D00004460780857025B12A463146033003F045
:1032E000C7FA204601F09FFC0028EED00728E6D15F
:1032F0001420EAE7F96E0020042A14BF0C200020F5
:103300007047032A14BF0C20002070473AB1087898
:10331000182806D8044B53F8203013B118470C2056
:1033200070470020704700BFE47301000020704721
:103330000D2A14BF0C2000207047012A08B504D1C3
:103340000878FFF785F8002008BD0C20FCE7062A66
:1033500008B5084603D1FCF721F8002008BD0C2071
:10336000FCE770B586B014460D4618220021684669
:1033700003F063FA012C2BD96B78B4EB031F27D130
:103380002C1D00266B78B34202DC002006B070BD15
:1033900014F8023C8DF80030214614F8013C8DF8F9
:1033A000023006220DF1030003F062FAA3798DF8D2
:1033B0001030E11D06220DF1110003F059FA637B74
:1033C0008DF809306846FBF795FE01361034D9E7D1
:1033D0000C20DBE7F0B587B014460E46182200211A
:1033E000684603F02AFA012C41D9A21E7478631EA4
:1033F000182B06F1020538D828460021092A36D9AB
:10340000037A0A3A9A4232D30131D21AA14203F125
:1034100005031844F2DB52BB04921446CDF8132086
:103420007378A34202DC002007B0F0BD2B788DF842
:103430000030A91C6B782F7A8DF8023006220DF12E
:10344000030003F015FA2B7A8DF801302B44053771
:1034500005F109025B7A03922F4468468DF8093022
:103460000134FBF747FE3D46DAE70A20DCE70C2093
:10347000DAE70B2A08B5084603D1FCF794FA0020D6
:1034800008BD0C20FCE70C2A08B5084603D1FBF761
:103490005DFF002008BD0C20FCE70A2A08B508469D
:1034A00003D1FCF7FDF9002008BD0C20FCE7042A3D
:1034B00010B50C4612D1FEF757FFB4F80100FFF724
:1034C0003BFC10B1008FFFF763FDFEF74FFF204676
:1034D000FCF7A2F9FEF75AFF002010BD0C20FCE714
:1034E000F8B50B789B00013393420C4623D100259D
:1034F00023789D4203DBFEF749FF0020F8BD04EB73
:103500008507B7F803608EB1FEF72EFFB7F801000C
:10351000FFF712FC40B1038F9E4209D90C20FEF741
:1035200089FF3046FFF734FDFEF720FF0135DFE766
:103530009B1B0387F5E70C20E0E710B51F2A88B036
:103540000C4643D120220021684603F076F96378C7
:103550008DF80030A3BBE278A37843EA0223ADF8EC
:103560000230062223798DF80430A11863798DF892
:1035700005300DEB020003F07BF9062204F10C018B
:103580000DF1130003F074F9062204F112010DF19C
:10359000190003F06DF9627E237E43EA0223ADF841
:1035A0000C30E27EA37E43EA0223ADF80E30237F87
:1035B000627F43EA0223ADF81030A37F8DF812300A
:1035C00000216846FBF7CEFD08B010BD0C20FBE7DC
:1035D00010B5132A88B00C4635D120220021684648
:1035E00003F02BF963788DF8003033BBE278A378D1
:1035F00043EA0223ADF80230062223798DF8043025
:10360000A11863798DF805300DEB020003F030F955
:10361000627B237B43EA0223ADF80C30E27BA37B81
:1036200043EA0223ADF80E30237C627C43EA022396
:10363000ADF81030A37C8DF8123000216846FBF7FE
:1036400091FD08B010BD0C20FBE700207047002062
:10365000704700207047002070470020704700200E
:10366000704700207047000038B504460B4B0078C7
:103670000022197881420AD00132062A03F1080398
:10368000F7D10825204601F031F9284638BD5B689E
:103690006278A11C98470546F4E700BF4874010012
:1036A0002DE9F04186B003A9054600F083F80446F1
:1036B00010BB284600F00CF9BDF80E202B8A9A4268
:1036C00038D1BDF80C80C8F30B08FEF74DFE40461C
:1036D000FFF732FB074698B94FF0FF330593FEF72B
:1036E00045FE0726059B5A1C05D000229BB21146B9
:1036F000404600F00CFF34462846F9F7BAF815E0CA
:1037000005AB00932A4604AB03A900F0F6FB06467E
:10371000FEF72CFE1EB1012E08D02546E2E7386BDD
:10372000049B9847396B384600F0DDFB204606B015
:10373000BDE8F0810A24DFE740EA823040EA013048
:1037400080B270471FB50123002204460093114642
:1037500003AB42F20700FFF729FC10B99DF80C30CB
:10376000237004B010BD10B5A1F11B03E02B86B08F
:1037700004461DD8A2F5A4739BB244F248108342BC
:1037800016D80223ADF81210ADF8142000930622CB
:1037900003AB04A942F22200ADF81040FFF706FC8B
:1037A00020B9BDF80C30A34218BF0C2006B010BDE4
:1037B0000320FBE770B50B460C46042200210646A9
:1037C000F9F7F2F8054678B904213046F9F718F907
:1037D0002046F8F7C9FD234623F8020B1846F8F7F0
:1037E000C3FD6080284670BD0C25FBE710B504467C
:1037F000FEF7BAFD21460448062203F039F8BDE879
:103800001040FEF7B3BD00BF36720020F8B50F467A
:10381000164690B1012815D10C4D6C793F2C8CBF08
:10382000002401240A490622284602F0DDFF58B18F
:1038300007B13D6026B90020F8BD064D0446F1E70A
:103840003460F8E70320F7E71520F5E73072002031
:103850007874010036720020012807B504D9831E50
:10386000012B08D9032011E00022114603B05DF8B6
:1038700004EBFFF7CBBF00F0C4F801AA0021FFF76B
:10388000C5FF18B90198002818BF152003B05DF8CE
:1038900004FB10B50446FFF7DFFF30B9023C012CF2
:1038A00003D8BDE8104000F0DFB810BD08B506220F
:1038B0000021054802F0C1FFBDE808400348062288
:1038C000002102F0BABF00BF367200203072002023
:1038D00037B5054600242B8AA34201DC03B030BD76
:1038E00021460DF1070301222846F9F75DF801345E
:1038F000F1E710B5102104460020F8F7A4FF0346B5
:1039000028B182681288A24204D2F8F7B2FF0023DD
:10391000184610BD026822440260F9E70420FFF750
:10392000E8BF0820FFF7E5BF0D20FFF7E2BF70B545
:1039300005460E46FFF7F8FF044640B133462A46D7
:103940000021F9F786F918B12046F8F792FF002414
:10395000204670BD38B5058A954228BF15461C46DD
:103960002A460B460021F9F71FF810B904B125804B
:1039700038BD1120FCE710B504460068038A8B426D
:1039800008DB89B2F9F7EBF9002820600CBF0620AC
:10399000002010BD0A20FCE708B591F83930DB079C
:1039A000084605D501F1290210F8011B00F090F836
:1039B000002008BDF8B50F4616461D46FFF7BCF9B6
:1039C000044658B13946FFF70FF9011E0CBF072016
:1039D000002006B1346005B12960F8BD014607201A
:1039E000F7E737B515461C4601AA6B46FFF7E2FF1D
:1039F00028B90DB1019B2B600CB1009B236003B073
:103A000030BD00F0FD00431E584258417047FFF79B
:103A1000F8BF000002490022022000F05DBE00BF96
:103A200099390100F8B50025C0E9005004460F4659
:103A3000164629460C22083002F0FFFEC4E9037640
:103A40002846F8BD38B50446F8F75AFB25681DB975
:103A5000F8F774FB284638BD6B68236003B96460CF
:103A6000F8F76CFB103DF5E71FB50A4C23787BB9DE
:103A70004FF49672ADF80C200093022203A942F293
:103A80002E00FFF793FA08B90123237004B010BD8C
:103A90000020FBE74C7200201FB50378012B15D8DE
:103AA0008DF80F100622411C0DF109008DF8083029
:103AB00002F0DEFE0023082200930DEB020142F229
:103AC0004E00FFF773FA05B05DF804FB1220FAE729
:103AD00070B50D468EB006461446FCF769F9012D07
:103AE0002FD8062231460DF111008DF8105002F04A
:103AF000BFFE154910220DF1270002F0B9FE214644
:103B000010220DF1170002F0B3FE002300932722CC
:103B100004A942F22700FFF749FA044660B90622D9
:103B200031460DF109008DF8085002F0A1FE012187
:103B300002A8FFF7B1FF0446FCF746F920460EB095
:103B400070BD1224F8E700BF3C72002010B501469A
:103B500088B01022002848D00DEB020002F088FE49
:103B6000102223480DEB020102F03EFE044600281D
:103B700038D010220DEB02011D4802F079FE00231F
:103B80000093012202A942F22D008DF80830FFF7C0
:103B90000DFA044630BB009003460246014642F24D
:103BA0002900FFF703FA0446E0B90122009003461A
:103BB00002A942F22D008DF80820FFF7F7F904461C
:103BC00080B90146062202A802F037FE10222146E3
:103BD0000DEB020002F031FE214604AA02A8FFF715
:103BE00077FF0446204608B010BD0249B4E700BF85
:103BF0003C7200207E740100F0B595B00023009364
:103C00001A46194640F60340FFF7D0F9044600284B
:103C100040F0B780082502460146009504AB41F20A
:103C20000100FFF7C3F90446002840F0AA809DF880
:103C30001000FFF7FFFA402300932246214604AB11
:103C400041F20200FFF7B2F90446002840F09980E3
:103C50009DF82600C0F38000FFF7F8FAFFF7F0FAAE
:103C60000746FFF7F9FA52A3D3E900230094CDE900
:103C70000223064623462A460DEB050140F6014085
:103C8000FFF794F9044600287BD1062F11D9F307DA
:103C90000FD54FF400020023CDE904230090034622
:103CA0002A4604A940F66340FFF780F9044600283D
:103CB00067D1FFF7C5FA062866D81F220023CDE991
:103CC000042300230093082204A942F20100FFF715
:103CD0006DF90446002854D103230093024601469F
:103CE00004AB42F20200FFF761F90446002848D114
:103CF000BDF810209DF8121072B9072300931146E9
:103D000004AB41F20500FFF751F90446002838D111
:103D1000BDF81020BDF813101046FFF72BF904462C
:103D200078BB082300930246014604AB42F203002D
:103D3000FFF73CF9044620BB0498FFF775FA062309
:103D400000932246214604AB41F20900FFF72EF909
:103D50000446B0B9144D04A8FFF748FD6B69F3B1F0
:103D60002022214604A802F068FD6B694FF6FF721D
:103D700004A90220984790B904A8FFF7E7FEFFF7CF
:103D8000E6F8204615B0F0BD072804D0082804D175
:103D900040F27F6292E73F2290E7044A8EE70020DC
:103DA000EBE700BFAFF300806C1100207FFE0F0037
:103DB000908000020080002013B54FF0FF330F48C1
:103DC000009300231A4603210068F7F733FFFEF73C
:103DD000CBFA0B48FCF746F80A4A00231468136034
:103DE000094A1370FEF7C2FA0CB902B010BDD4E94B
:103DF000003100209847A468F6E700BF5072002009
:103E00006872002064720020F86E0020FFF7D4BFB3
:103E100010B5F8F777FCBDE810400146024A0348A8
:103E2000002302F085B800BF0D3E01005072002053
:103E300038B505460548F9F7D8F8044620B11C22E4
:103E4000002102F0FAFCA580204638BDC87200208F
:103E500010B50C4641B10869F8F70BFD214603483F
:103E6000BDE81040F9F7E8B810BD00BFC8720020E7
:103E7000807B00F00100704738B5134614460422D9
:103E8000F8F792FD054658B92046F8F76DFA234633
:103E900023F8020B1846F8F767FA6080284638BD09
:103EA0000425FBE737B504460D4601A81146F8F78F
:103EB0004FFA29460DF10600F8F74AFA2046042188
:103EC000F8F7B4FF044628B1042200680DEB0201A4
:103ED00002F0CEFC204603B030BD08B180887047A8
:103EE0004FF6FF70704738B50C460025056308692A
:103EF000F8F7BFFC2561A58238BD2DE9F341089D87
:103F000098464FF0FF332B600B88C3F30133012B2E
:103F10000746164651D0022B24D101AA0021304673
:103F2000FFF7AAFF002865D104213046F8F768FDA5
:103F3000BDF806103846FEF757FE044640B9BDF8F6
:103F400006304FF6FF72934200D02B6005252EE01D
:103F5000C288403A92B23F2A06D8BDF8042043896D
:103F60009A4201D90A2522E023691BB1214638462D
:103F7000FFF7B9FF2389BDF80450042B1BD120465D
:103F8000F9F7B9F88542EDD8BDF804303C63A38257
:103F90002069C8B9266123691D8AA38AED1A002DFC
:103FA00016DD21463846FFF79EFF0A2500263046DB
:103FB000F8F75FFC10E06089E4E7046B002CD1D0D7
:103FC0002369002BE4D1CDE73146F8F75EFFE2E745
:103FD00006D1A369C8F80030284602B0BDE8F081D8
:103FE000F6F7DCFB00F5EA4030307863FEF7F4F9D1
:103FF0000125DBE70425DAE713B5C98801920446F9
:104000001046128AFFF74EFF019090B101A9204699
:10401000FFF704F950B1012809D1019B00225A6130
:10402000226C03F11001143311602364002002B0EC
:1040300010BD0620FBE7000007B5094B00930948B7
:10404000094B1C220321F8F7A1FF20B903B05DF84A
:1040500004EB00F0EBB90B2003B05DF804FB00BFEC
:10406000B16E0100C87200207472002008207047F1
:10407000C36813B10269008918477047F8B50F4645
:1040800015460646FEF770F9114A116800230C46E2
:104090001CB9FEF76BF92046F8BD2089B04214D157
:1040A000A07AB84211D115B1E07AA8420DD12BB94E
:1040B0000B681360002BECD1054B04E0196809680C
:1040C00019600029E5D15360E3E723462468DFE760
:1040D00018730020F0B5868885B000F110070546FA
:1040E0000069FFF7F5FB04213846FFF744FC04465E
:1040F00028BB2B6903AAD988186800F0CBF9286976
:104100000421F8F77DFC2B691A8ABDF80E309A421B
:104110001AD19DF80C301A2B14D80C4A52F82330BF
:1041200083B13A4603A930469847044638B1002384
:104130009DF80D1000931A46304600F0CCF9204649
:1041400005B0F0BD1024F2E70A24F8E790740100EE
:10415000014610B10148F8F76FBF7047E4720020C4
:1041600008B54A780121FFF789FF08B1FFF7F0FF92
:10417000002008BD70B516464A780021FFF77EFF83
:104180000546B8B102213046FFF7F5FB044678B981
:1041900033681B681B885BB1012B0CBF10210A21FF
:1041A0002846FFF765FF2846FFF7D2FF204670BD7F
:1041B0002146F5E70446F9E7F0B5054687B00F4616
:1041C000104608211646FFF7D6FB044698BB0DF1B2
:1041D00007012846FEF7C2FC044660BB9DF8074075
:1041E000E44314F0010446D133681B681A88ADF823
:1041F0000C2090B25A88ADF80E2091B29A88ADF892
:1042000010201FFA82FCDA88ADF8122093B2821FC8
:1042100092B240F67A46B24205940FD901267978D7
:1042200002AB0222132000F03CF920B10680029973
:10423000284600F013F9204607B0F0BD8A1F92B25D
:10424000B242EBD88842E9D8BCF5FA7FE6D20A3B05
:104250009BB240F676429342E0D803A92846FBF78A
:1042600088F80028DAD103A92846FBF71DFC061EB2
:1042700018BF0126D3E71024DDE700002DE9F04345
:10428000074685B00E4691469846FEF76DF802AB9C
:1042900003AA05213846FFF7A4FB054630B1FEF717
:1042A00065F800242046FFF753FF47E0039B93F88F
:1042B000285005F00105FEF759F8002D42D123489A
:1042C000F8F793FE044600283ED02946142202F057
:1042D000B4FA1F4AA572117827814D1C15F0FF0111
:1042E0000ABF01230B4619461370C4E90398E17213
:1042F00001AB0822122000F0D4F828B333880380E1
:1043000073884380B3888380F388C38001993846DB
:1043100000F0A4F805460028C4D1F6F73FFA00F5EE
:10432000F0406060FEF758F8FEF71EF8094B1A6877
:10433000226002B95C601C60FEF718F8284605B0E0
:10434000BDE8F0830325ACE70625ABE7E472002067
:10435000147300201873002008B5FFF769FD30B111
:104360000523C38003F5C8038360014B836108BD47
:10437000D540010070B50A4C0E46256805B970BDE0
:10438000AB7A1BB931462846FFF772FE23681B68DB
:10439000236003B964602846FFF7DAFEEDE700BF4B
:1043A00018730020F7B5F6F7F9F9002406460094D3
:1043B000CDF804D0FDF7D8FF1B490A686FF000451F
:1043C0002346274632B9FDF7D1FF009CFCB92846A9
:1043D00003B0F0BDD2E900C4A41B002C13DC5BB910
:1043E0000B681B680B6003B94960019B17601A607A
:1043F000019263466246E5E7186800681860002885
:10440000F3D14B60F1E7A542A8BF2546F1E7A37AB7
:104410001BB90D212046FFF72BFE23680093204691
:10442000FFF796FED1E700BF1873002007B5074BD2
:1044300007480022C3E90023064B00931422064BD1
:104440000121F8F7A3FD03B05DF804FB1873002009
:10445000E4720020C56E01000073002037B50446E9
:104460000D46FDF781FF20466B4601AA0521FFF7A7
:10447000B8FA044650B9DDE900102A46FFF7BCFD42
:104480000446FDF773FF204603B030BD2846F8F719
:10449000F0F9F6E70378137043785370438853803C
:1044A0007047F8B51D4607460E461446FFF739FA21
:1044B000286040B1211D89B2F8F725FC2B6820B98E
:1044C0001846F8F7D6F90020F8BD1868077046704E
:1044D00044800430F8E7F7B5089F1646BA1C044636
:1044E0001D4692B201AB0120FFF7DBFF60B1294608
:1044F00020F8026B3A4602F0BBF90199204603B05E
:10450000BDE8F040FFF7AABF062003B0F0BD1FB51D
:10451000ADF80C300423ADF80E200093022203AB5B
:10452000FFF7D9FF05B05DF804FB13B5FFF7D5FC25
:10453000044698B101AA0121052000F021F878B1C4
:1045400005230370FDF710FF2046019900F02FF8B6
:104550000446FDF70BFF204602B010BD0724FAE722
:104560000624F8E708B5FFF763FC30B10623C380E3
:1045700003F582038360014B836108BD2B45010075
:1045800070B5154606460C46FFF7CBF9286040B1DA
:10459000611C89B2F8F7B7FB2B6820B91846F8F709
:1045A00068F9002070BD186800F8016BFAE737B5AC
:1045B0000D466B4601AA0621FFF713FA044640B9DF
:1045C000DDE900102A46FFF717FD0446204603B038
:1045D00030BD2846F8F74DF9F8E70000034A536A62
:1045E0000BB1916A18470820704700BF6C1100207A
:1045F00070B504460D461646FDF7B6FE064B9B69A0
:1046000043B120463246294698470446FDF7AEFEA0
:10461000204670BD0824F9E76C11002038B5044627
:104620000D46FDF7A1FE064B1B6A3BB1204629460D
:1046300098470446FDF79AFE204638BD0824F9E75E
:104640006C1100201FB50123CDE9013001A80391B1
:10465000FFF7C4FF05B05DF804FB0000F8B50E4F8E
:10466000FB6905460E46A3B1FDF77EFEFB693146A8
:10467000284698470446FDF779FE44B11B2C06D125
:1046800031462846FFF7DEFF04460028ECD02046DE
:10469000F8BD0824FBE700BF6C1100200A46014664
:1046A0000220FFF7A5BF0A4601460320FFF7A0BF7F
:1046B00001460320FFF7D2BF01460320FFF7AEBF3C
:1046C00003468A790868186088889A710A891A816D
:1046D000002298809A7270472DE9F04198B0044604
:1046E0000D46164600210C2201A802F0A6F8022C65
:1046F00005DC002C0CDC032018B0BDE8F081032C95
:10470000F9D1002301930DF10E08CDF8073005E033
:10471000002301930DF10B08CDF80730002788F82E
:10472000007004AA01A92046FFF762FF18B105280E
:10473000E2D10020E0E70DB90137F0E7324604A9E5
:104740002046A8470028F7D0F3E7042A10B504460E
:1047500008460AD0102A0ED0022A13D11023237043
:10476000F7F702FE6080002010BD20232370F7F7CA
:10477000FDFD6060F7E72046802300F8013B02F072
:1047800077F8F0E70320EFE703780A78934201D047
:10479000981A7047202B07D0802B08D0102B0BD1F4
:1047A00040884B88C01A704740684B68FAE710226F
:1047B0000131013002F018B84FF0FF307047037834
:1047C000102B0CBF408800207047022A10B5044609
:1047D000084606D110232370F7F7C6FD608000203D
:1047E00010BD102A06D12046802300F8013B02F0BC
:1047F0003FF8F4E70320F3E730B51C4685B00546E3
:104800006B46084611462246F8F7CEF820B92246F4
:1048100069462846FFF7D9FF05B030BD38B50378A3
:10482000202B05460C4609D0802B12D0102B16D118
:1048300041882046F7F78CFD002038BD0949102239
:10484000204602F015F8696804F10C00F7F784FDC2
:10485000F2E7411C1022204602F00AF8ECE70320A0
:10486000EBE700BF9811002010B5044608462178F8
:10487000C908F8F748FA014620B12046FFF7CEFFF5
:10488000002010BD0620FCE70078C008704700003B
:1048900030B44D8A05F00305022D04460B4605D1C0
:1048A000054D2D6815B12B4630BC184720461946DA
:1048B00030BCF8F7B2BB00BF207300200148F8F706
:1048C00094BB00BF847D002008B520B1BDE808403E
:1048D0000448F8F78ABB0448F8F787FB0028F5D0AE
:1048E00008BD00BFF4770020907C0020014610B581
:1048F00004460C48F8F760FB214620B10948BDE8A2
:104900001040F8F799BB0848F8F756FB214608B164
:104910000548F4E70548F8F74FFB10B10348214676
:10492000EDE710BD847D0020907C0020F47700200E
:1049300007B5174B00934FF48172164B16480121AF
:10494000F8F724FB154B00934622154B154803211D
:10495000F8F71CFB144B00934622144B144810210B
:10496000F8F714FB134B00934FF49472124B134857
:104970000421F8F714FB1149114804234FF49472F1
:10498000F7F726FF0F4B0D4AD36103B05DF804FB28
:10499000DD6E0100A07D0020847D0020F06E01000E
:1049A000AC7C0020907C0020036F01001078002078
:1049B000F4770020196F0100547300203073002039
:1049C0002473002091480100F8B510210546F7F73F
:1049D0003AFF044610B900242046F8BD83680582DA
:1049E0001E880368043326F0030603604379B6B2D9
:1049F000F31A043BED1A0746002DEDDD0021A8B2A5
:104A0000F7F700FF18B92046F7F733FFE3E7F86040
:104A1000AD1B0746F0E7000038B501F031F9094B4E
:104A200004461D7A01F032F91CB9012D02D0042D83
:104A300004D038BDBDE8384000F0B8B9BDE8384012
:104A400000F018BBA87E002010B50C4B1B7A012B80
:104A5000144609D0042B0ED101F00CF90146204672
:104A6000BDE8104000F00CBB0078BDE8104000F03D
:104A70000F0000F07FB94FF0FF3010BDA87E00207E
:104A800038B50C460346154620468A8B498BF7F706
:104A90008BFF637E2B70207F38BD000008B500F0CF
:104AA000E5FE002000F040FF064B1870064B7F2209
:104AB0001A704FF0FF31054801F060F943689847DC
:104AC000F7E700BF197F0020187F0020BC7E002080
:104AD000014B1872704700BFA87E0020014B187A66
:104AE000704700BFA87E00200146014801F06AB966
:104AF000BC7E002000234361054B9A6A00F110013F
:104B000014301160986203F11800FFF7EDBF00BF89
:104B1000A87E0020F8B50B880578447803F0800261
:104B2000C3F3C01603F00703042B074605F00F0577
:104B300003D1BDE8F84000F0D1BA9AB3082D2DD8C2
:104B4000DFE805F0231E231E23292305050000228C
:104B5000012B29D122BBA01CFFF736FF044618B158
:104B60000146384600F008FE28463246214600F04D
:104B700095F8054614B12046FFF7BCFF2846F8BD5E
:104B8000B4F10C0218BF0122E2E7A21F1F2A94BF52
:104B900000220122DCE7B4F12202F3E70122D7E789
:104BA0000024E1E7012BD6D04FF0FF35E6E7000007
:104BB00038B50446094DF7F7A3FA00236361EB6BA0
:104BC00004F110021A601434EC63F7F7B7FA05F138
:104BD0002C00BDE83840FFF787BF00BFA87E00204B
:104BE00038B504460D460020C9B200F0FFFCA042D3
:104BF00017D8201A032D12D8DFE805F00E02080B93
:104C0000C0F3CF001B2838BF1B2038BDC0F38F0076
:104C1000F8E7C0F38F10F5E7C0F30F10F2E70020BC
:104C2000F0E71B20F1E700F0C7BC00F0D3BC00F0B8
:104C3000B0BC000010B504464C30FFF755FF002013
:104C4000FFF746FFF7F75CFAA38923F03003A3814F
:104C5000F7F774FA014B00221A6010BD1C7F002088
:104C6000F8B50C6C06460D4604B1247CAB8913F0F4
:104C7000010F14BF44230423A71D137005F1200165
:104C800006223046FFB201F0F3FD2CB1286CB31DB3
:104C900022460021F7F788FE3846F8BD2DE9F84393
:104CA000DFF8CC8007460D4649B9D8F80000FFF779
:104CB000C1FF4FF0FF340020FFF70AFF50E012B9A8
:104CC000C8F80020F5E7032801D0052832D1D8F82C
:104CD00000602C68062204F1080106F1200001F0B2
:104CE00083FD38BBF37814F8029B032F0CBF03F04D
:104CF000010303F00203C9F38019A3B92B8B032F1F
:104D000043F040032B831BD04946204600F098F91E
:104D100080B9F3895B070DD50622214606F13200E2
:104D200001F062FD06E000224946204600F09AFCB0
:104D30000028E3D14FF0FF340023C8F80030BAE771
:104D40000948314600F0EAFD08480022314600F0EB
:104D500041FF04460028EFD12B8B43F010032B8337
:104D60002046BDE8F88300BF354C0100614C0100CE
:104D70001C7F002008B50C4A0346032B106807D19E
:104D8000C38999070ED4FFF755FF4FF0FF3008E0B5
:104D9000052BF8D1C389DA07F5D5C3F3001080F0ED
:104DA000010008BD0120FCE71C7F002008B500F0D1
:104DB000C1FD034B1868BDE80840FFF73BBF00BFCB
:104DC0001C7F002008B500F0B5FD0020FFF780FE35
:104DD000014B00221A6008BD247F002010B5044654
:104DE000FFF7F0FF2CB104F1A400BDE81040FFF77D
:104DF0007BBE10BDFFF7F2BF13B5124AC36FD0F8E8
:104E00008440127890F881101C44A41A90F88020F5
:104E10000A44D2B202B10134426F2AB113441A1BC0
:104E200034EA220428BF1C4601A800F0EBFB28B19D
:104E3000019B1A1B34EA220428BF1C46204602B0FC
:104E400010BD00BF3C7F00202DE9F04F90F90130EC
:104E5000002B8DB004464BDA23784FF0000843F066
:104E600004032370464601274546237859070BD58E
:104E70000CAB029300238DF82030ADF82230ADF852
:104E800024300DF1200802AE94F838300BB147F011
:104E9000080794F8393047EA051013B140F00400D0
:104EA000C0B294F9013088F80100002BC0F2C08034
:104EB000E379022B00F0A88000200227214600F0B1
:104EC0002DFD5D483A46314600F084FE68B92378EE
:104ED00065F3410323705B0707D594F90130002B7C
:104EE000BEBFA37843F00103A3700DB0BDE8F08FFF
:104EF000D0E92C65002E75D1037858077ED4002D9B
:104F0000AAD0D5F80490C4F8B490A5F11006B9F170
:104F1000000F03D104F1B403C4F8B8306B7AA8468B
:104F200003F00303032B38F808BB47D13146204672
:104F30005FFA8BFA00F027FA6F7AA5F80CA000232D
:104F4000C4F8B0604D4603EB0A010DB959458CDA3F
:104F50002046CDE90031FFF74FFF0199627BA58B19
:104F60005945BDBF009BABEB0303A3EB0A031346FC
:104F7000B8BF9BB294F81EB0934228BF13460BF003
:104F8000030B81465946D8B200F030FB59460090D9
:104F9000504600F02BFB009B05F5E1751D44E379BD
:104FA000012B08BFA38B054404BF9633ED18F7F718
:104FB000B3FB0544A5EB0905ED0F56E794F8241063
:104FC00011B9A17F01F00301208BFFF709FE94F8CE
:104FD0000DA0DA4528BFDA46824528BF82465FFA2F
:104FE0008AFAA9E7738BB6F810B096F81CA006F100
:104FF00018083BB9777E07F00307A4E7B046B3462D
:105000003346B24601279EE7002D7FF455AF94F852
:105010003A30002B7FF450AF94F83C30DA063FF57D
:105020004BAF3368197800F0A4F900287FF444AF3F
:105030000248002742E700BF814A0100F54D010008
:105040000B4B70B51C6805460E460CB9204670BD6A
:105050000622294604F19D0001F0C6FB20B994F810
:105060009C307340DB07F1D5D4F8BC40EDE700BFBE
:10507000207F0020014B1868FFF7B0BE247F00207E
:1050800038B5154D2C680CB9012038BDE36D8B4245
:105090000BD00020FFF71CFD04F1A400FFF724FD56
:1050A00000232B604FF0FF30EFE72278A388C37016
:1050B00042F0010202232270A371D3B2D206E3D5DB
:1050C00023F0100323708368C4F88830E367C36853
:1050D00084F88030D8E700BF247F00202DE9F04F0E
:1050E0009B4B0C88D3F800904378067885B014F079
:1050F000800405460F46019303D0981CFFF764FC1B
:105100000446B9F1000F1CD099F81E10BB68019835
:10511000D7F80C800293C1F3810100F067FA3A8856
:105120001206804450D499F83A200132D2B2012AB2
:1051300089F83A2005D899F80720012A04D0022AD4
:1051400032D04FF0FF3BAAE099F8002012F0020F96
:10515000F7D0484699F81E70FFF74EFED9F8B01008
:1051600007F003070646002940F0EC80D9F8B400A8
:10517000002800F0EA80A0F110010288498B521A41
:1051800099F80D1092B28A4228BF0A46D0B2394629
:1051900000F02CFAB9F81C20029B02F596724244EA
:1051A000F61A10448642CCD94846FFF74DFE834696
:1051B000002C76D1BBF1000F02D04846FFF70EFE5F
:1051C000584605B0BDE8F08F029B89F83C60002787
:1051D00003EB080206F0030A89F83A70C9F8942034
:1051E000BAF1030F08BFAF7824B1330799F839201B
:1051F0001AD5DAB999F8001099F8382011F004019D
:1052000006F0040302D1D9F8B000B0B19BB1A2B945
:1052100082F0010289F8382069B399F8002022F061
:10522000040289F8002008E0002AE3D182F001029C
:1052300089F83920DEE7002AEAD1BAF1030F0DD14F
:10524000022F0BD1019B022B08D199F8012042F0CB
:10525000800289F80120EA7889F8432099F807202C
:10526000012A7FF46CAF99F8002006F0100602F0D6
:10527000020232436CE7D9F8B0B0BBF1000FDCD0CA
:105280009BF8190000F00300032812D1C9F8B010F0
:105290005846494600F042F983460028CDD0002CFC
:1052A0008BD02846214600F067FA2046FFF722FC03
:1052B00080E7BBF81A10BBF81C00BBF810C0014413
:1052C00089B26145ABF81A1012D350B1B9F8521037
:1052D000013189B20229A9F8521002D91D48FFF7FD
:1052E00003FC5846F7F7C5FA0022C9F8B020A4E736
:1052F000ACEB010C1FFA8CF3BAF1030F03930AD144
:1053000099F80710022906D1182F04D1E87800F087
:1053100023F889F8240099F8241019B999F81E1077
:1053200001F00301B9F81800FFF75AFC99F80D10C5
:10533000039B994228BF1946814228BF0146ABF81A
:105340001C107AE701F1100017E7394620E700BF8B
:10535000247F0020F47E00204207034607D410F08B
:10536000010005D1C3F340035B00D8B270470320AE
:10537000704700F00300032803D18B1E58425841A8
:10538000704700207047F0B50D682978012987B073
:10539000044600F09C80182900F0A880002974D1F0
:1053A0001822684601F049FAB4F89810B4F8506031
:1053B000A378B4F80A210E4413F0040306F107069B
:1053C00018BF04F58673B6B2002A61D0B4F8703005
:1053D000ADF80230B4F87230ADF806300023A4F80E
:1053E0000A31ADF80410ADF80C206B469F8959883E
:1053F0004FF6FF72974268D0B4F870C0588940F2F7
:10540000E24E0EFB01F20EFB0CFC0EFB07F7A0EBCD
:10541000060E1EF4004F4ED10CFB0E77B7FBF2F0D8
:1054200002FB107240F2E240B2FBF0F292B2A4F83A
:105430000021DA889B88A4F80431A4F80211A4F8AA
:105440000621012384F8FE30A4F808616B70B4F8DB
:105450000011A81CF6F77CFFB4F80211281DF6F71E
:1054600077FFB4F80411A81DF6F772FFB4F806111F
:1054700005F10800F6F76CFF314605F10A00F6F772
:1054800067FFA37843F00203A370002007B0F0BDCC
:10549000002BABD1B4F8F420A4F80221B4F8F82022
:1054A000A4F80621B4F8F620A4F80031A4F80421E9
:1054B00094F84030C6E7301A0CFB00F0C01BB0FB7C
:1054C000F2F702FB1700121AACE70022AFE7B0F8C0
:1054D0009830B0F850101944073189B20186A81DE0
:1054E000F6F736FFA37843F02003CDE7AB786E786C
:1054F0001E431FBFB0F85010B0F89830C9180731DC
:105500001DBF89B2418401263146E81CF6F720FF11
:10551000002EBAD0A37843F04003B5E738B503684E
:105520001A78162A044626D009D8022A0BD0112A46
:1055300010D000252046F7F79CF9284638BD182AD8
:10554000F7D198781EE04B7843F040034B704FF052
:10555000FF35EFE791F84120062AEAD15A780F2A61
:10556000E7D19B78232BE4D081F83D308B7843F052
:1055700010038B70DDE7CB79022BDAD191F8200094
:10558000C0F38200FFF7E8FE81F82400D1E7FDF7C1
:1055900019B808B50020FFF797F960B10E22027024
:1055A00003224270012282700022BDE80840C270CE
:1055B0000271FFF7ECBF08BD0346054810B504783B
:1055C00024B98360FFF790FA204610BD0720FCE75E
:1055D000287F002008B5FFF7EBFA002008BD000087
:1055E000014B33F81000704708750100034B5A5CFB
:1055F000034B33F8113000FB02307047FC7401009C
:105600000075010010B50446F6F77AFD054B1B68DE
:1056100033B15B6823600124F6F790FD204610BD8E
:105620001C46F9E7347F0020F8B50D4D06460F46BD
:10563000002315F8022C5C1C5AB115F8013CBB4242
:1056400007D106223146284601F0CEF808B9204697
:10565000F8BD082C234605F10805EAD10020F7E73C
:105660003F7F0020FFF7E0BF0B4B9A7A824204D0C5
:10567000012803D0022809D098727047074A0321F5
:10568000C2F810150649C2F81415F5E7034A0421BB
:10569000C2F810150349F6E7888100200010004089
:1056A0000801100008011001064AD2F850353BB13C
:1056B00023F00801042903D1D2F850159942FAE7E2
:1056C000704700BF00100040184B194AC3F804256A
:1056D000184A4FF48011C2F808154FF40001C2F8BF
:1056E0000815154900228A710122CA708A7A032A94
:1056F0001AD0002A0CBF052200224A730832C3F8D0
:1057000060250022C3F80421C3F81421C3F828211E
:10571000C3F81C21C3F8302140F25312C3F8002211
:105720001222C3F8042370470522E6E70010004068
:10573000837F002000F00140888100200A4B43F263
:10574000FF42C3F8082301210022C3F80022196197
:1057500003F5F0330549C3F80815054B0221C3F8DA
:105760008011044BDA70704700100040F000B082E6
:1057700000E100E0888100202DE9F0418B684D793F
:10578000B3F800E00A8AAEEB05050E46043D0F466D
:10579000AA42944628BFAC462CF0030C3968A7F8FF
:1057A00006C0A2EB0C02E046444603E050F8083085
:1057B00041F80830B8F10408F8D500190919032A8E
:1057C00003D8A5EB0C05AA4202D9FF687546DFE7AE
:1057D000FB881344FB8001E0835C8B54013AFBD5CA
:1057E000034906F118001022BDE8F04101F040B86D
:1057F000A081002010B5164B01289C7A154B05BFDF
:10580000154AD3F84835D3F84035525C13490CBFDC
:105810009B3328331A44124B31F814101B5D0B4490
:105820001A440C4B0F49C3F84C250022C3F84C21F5
:1058300030200122C1F804055A64D3F84445D3F856
:105840004C359C4282BF084BC1F808051A6110BD57
:1058500088810020008000401C7501002475010033
:105860001875010000F0014000100040F8B5254D0A
:10587000254F40F201136B812823AB70234B012489
:10588000002643F2FF422C730321C3F8FC6FC3F8D8
:10589000FC4FC3F808231E4AC3F81015C3F814259B
:1058A0001C4AC3F81825D3F850262243C3F85026C3
:1058B00040F20312C3F82C65C3F83045C3F8342511
:1058C00040F25B62C3F838259622C3F8442503F5FD
:1058D000E04304225C601C61C3F80815C3F804654A
:1058E000C3F8102500F0DAF90B4987F80163204668
:1058F00000F0E6FC02233B602B7803B92C700020FB
:10590000F8BD00BF8881002000E100E000100040E9
:1059100008011000FF00030261590100014BC3E9B7
:105920000A1070478881002008B540B200F0D6F90F
:1059300008BD000008B5084B01225A601A6103F542
:1059400040534FF48032C3F84823FFF7F7FE034B70
:1059500000225A7108BD00BF0080004088810020ED
:10596000F8B58F4B8F4CD3F8046316F0020F46D076
:10597000D3F80421002A42D000250222C3F80451A2
:10598000C3F8082303F5F0333022C3F80825FFF7E6
:10599000A5F8A27A844FE576032A98BF834B844DFD
:1059A0002083844898BF9B5635F81250A277BA5C82
:1059B000D0F84405A178A17688BF4FF0FF332A4480
:1059C0006377236B90423CBF03F1FF351E30A3EB9E
:1059D0000203034423624FF000036362704B38BF3D
:1059E0002563D3F85025D3F8280100283FD1002A99
:1059F000F7D143F2FF41C3F80813C3F80022F306BE
:105A00003DD5674BD3F81021002A38D00022C3F8C7
:105A10000C21C3F810211022C3F80823E278012AD0
:105A200030D0022A2BD1E36AA57A26790BB1A06A7D
:105A30009847022E70D1207BFFF716FEFFF744FE39
:105A4000012000222946FFF7D5FE5A4A5A49D2F8CA
:105A50004835495D6C330B44C2F840350023C2F829
:105A60004031564B4FF40012C3F8042507E0544A66
:105A70005448FEF7E9FF002848DB0123A371002307
:105A80006371F8BDA079002843D04C4A4FF400114F
:105A9000C2F80815D3F84825D3F830315242DBB2AA
:105AA00022771BB1238B43F080032383E07AFFF737
:105AB000DBFD404AA17F4448D2F84835415C434869
:105AC0006E335B1AA17A415C3C485B1A0021C2F834
:105AD00040354FF48015C2F840110121C0F804553B
:105AE000D164D2F84C65B34205D2D2F8403113B933
:105AF000C0F8085561713648314903794371C3785C
:105B000000F8043FFFF706F80028B8DAFFF712FFA5
:105B1000B5E7FEF781FFB2E7032E264B2FD194F8AD
:105B20003620254E02B3D3F84835A08E1844A27A09
:105B30002649735D8A5C283B9B1A1E4A0344C2F8BF
:105B400040350023C2F840311C4B01204FF4801136
:105B5000C3F80415D064D2F84C05D2F84025904221
:105B60008DD9C3F808158AE72846D3F84475FFF79E
:105B700037FDA38E725D3B441344181AD7E7012208
:105B80005A601A610D4B3022C3F808254FF4801279
:105B9000C3F808254FF00042C3F808256FE700BF9F
:105BA0000010004088810020187501001075010068
:105BB00024750100008000401C75010000F00140C8
:105BC000A0810020837F0020147501002075010052
:105BD000807F00202DE9F341224D6C7980461646E6
:105BE00008462CB1FFF7A6FE052002B0BDE8F08103
:105BF000FFF75AFD1C4B1D4F3022C3F808254FF408
:105C00000002C3F808254FF00072C3F808250146CA
:105C10000DF107023846C0479DF8073007F8033CEE
:105C2000134B07F8020CFA1E07F8014CC3F80425C1
:105C30000322C3F80041C3F80C41C3F81041C3F874
:105C400000221022C3F804232E716872D3F8503555
:105C50000B2B03D00223EB702046C6E7FFF76AFE4A
:105C60000120C2E78881002000F0014087800020E9
:105C700000100040014B5869704700BF8881002028
:105C8000014B9879704700BF88810020024BD3F800
:105C90005005C0B2704700BF001000400D4B4FF0E0
:105CA0008062C3F804254FF00062C3F804250A4A55
:105CB000C3F8302502F5DE424832C3F8342502F538
:105CC0008072C3F83825A2F5E2423C3AC3F83C257D
:105CD000704700BF00F0014004110040032812DCAF
:105CE0001DD0002811DA031D11DA10F1080F11DAA6
:105CF00010F10C0F11DA10F1150FCCBF6FF013007B
:105D00006FF02700704704207047002070476FF045
:105D1000030070476FF0070070476FF00B0070478B
:105D200013B50C4B01930423044600930A490B4816
:105D300000234FF40472F4F7F5FB094B01930123A0
:105D40000093084900234FF404722046F4F7EAFB5D
:105D500002B010BDC48100202C6F01000DC70000EF
:105D6000C08100202F6F0100034B5868C0F308006A
:105D7000003818BF0120704700ED00E013B5002384
:105D800004460093FFF7F0FF03460A462068ABB1D4
:105D900001AA6946F5F7ECFC019B4BB14FF0E023FB
:105DA0004FF08052C3F8042DBFF34F8FBFF36F8FB6
:105DB000009808B10023037002B010BD6946F5F7E2
:105DC00081FBF5E730B50D7885B004460191BDB98A
:105DD00001230B70FFF7C8FF0346206893B12B46E1
:105DE00003AA01A9F5F7BCFA039B4BB14FF0E023DE
:105DF0004FF08052C3F8042DBFF34F8FBFF36F8F66
:105E000005B030BD4FF0FF3201A9F5F7D7F9F7E73C
:105E100010B5F5F783FF0346406803F1080118B198
:105E2000BDE81040FFF7CEBFBDE81040DB68084674
:105E3000184710B5044628B10420F5F761FA206030
:105E4000002010BD0320FCE710B5024660B1FFF74B
:105E50008BFF044608B1062010BD1068F5F76CFCF6
:105E60000128F8D12046F7E70320F5E708B50246F8
:105E700048B1FFF779FF20B91068F5F753FA012808
:105E800003D1002008BD0320FCE70520FAE710B588
:105E9000044628B18020F5F77BF92060002010BD72
:105EA0000320FCE707B50246F0B1FFF75DFF0346AC
:105EB0001068B3B101AA0021F5F75AFC019B4BB160
:105EC0004FF0E0234FF08052C3F8042DBFF34F8F03
:105ED000BFF36F8F012814BF0620002003B05DF8C8
:105EE00004FBF5F781FBF5E70320F7E707B502466A
:105EF000E0B1FFF739FF0346106893B101A9F5F748
:105F00008FFA019B4BB14FF0E0234FF08052C3F862
:105F1000042DBFF34F8FBFF36F8F002003B05DF8E8
:105F200004FB1A461946F5F749F9F6E70320F5E7A9
:105F3000F7B50F4616460021142204461D4600F010
:105F40007CFC0A4B00930022234601210848F5F708
:105F500045FE0C22C4E90007002104F1080000F00E
:105F60006CFCC4E9036503B0F0BD00BF115E010025
:105F7000336F0100F0B5012987B0054638BF012114
:105F8000FFF7F2FE04460E46286854B3002403AB24
:105F9000224608210094F5F77BFE009404AB3246BC
:105FA00009212868F5F774FE2D68F4F7F7FB05ABB7
:105FB0000246009407212846F5F76AFEDDE9033220
:105FC0001343059A134309D04FF0E0234FF080525A
:105FD000C3F8042DBFF34F8FBFF36F8F002007B0BE
:105FE000F0BD4FF0FF372346224600970321F5F717
:105FF00021FE00972346324604212868F5F71AFE51
:106000002D68F4F7C5FB0097024623460221284677
:10601000F5F710FEE2E738B5850D0C464FF47A72BD
:1060200000232946800200F055F9B5F57A7F36BF86
:1060300020600220002038BD936813B5186814460C
:10604000FEF7BDFBB0F5285F05D042F6012398426C
:1060500010D00E200CE02378E3B91148646800F0FA
:1060600015FC0F4982B22046F6F716FCA8B90020AD
:1060700002B010BD23786BB90A4B60681B88ADF87D
:10608000063002220DF10601F6F706FC002818BFC3
:106090001120EDE7012BDCD1E9E71120E8E700BF93
:1060A000FC110020C881002038B5054600F0EEFB49
:1060B0001F28044608DC02462946044800F0D8FBA5
:1060C000024B0020185538BD0320FCE7FC110020CE
:1060D00008B50448FBF7F2FFBDE808400148FBF7AC
:1060E000C9BF00BF2C75010013B51378144683B9DE
:1060F00001220DF10701FBF725FF10B10E2002B0C0
:1061000010BD606801220DF10701F6F7C5FB002004
:10611000F5E7012BFBD15168FBF731FF0028F6D0E2
:10612000ECE7000010B550680421F6F7ECFD0446DA
:1061300050B1064B1988F6F70BF9054BA01C1988CE
:10614000F6F706F9002010BD0620FCE7CE810020FE
:10615000CC81002010B51478134634B9044958682E
:106160000122F6F799FB204610BD0320FCE700BF93
:10617000CA81002008B50448FBF7A0FFBDE808402D
:106180000148FBF777BF00BF4C750100936810B55D
:1061900018681446FEF713FB42F61923984208D1FB
:1061A000054960680122F6F777FB002818BF112027
:1061B00010BD0E20FCE700BFD281002008B5074BC0
:1061C00064281A7828BF6420824204D01870044BD7
:1061D0001888FBF765FE002008BD00BFD2810020B3
:1061E000D481002008B50448FBF768FFBDE80840EB
:1061F0000148FBF73FBF00BF6C75010038B59368DD
:1062000018681446FEF7DBFA42F62423984211D1AF
:10621000094B1D680DB9002038BD2846646800F0A0
:1062200035FB294682B22046F6F736FB0028F2D02D
:106230001120F1E70E20EFE7FC120020014B18605F
:1062400000207047FC120020014B5861002070476D
:10625000FC12002008B50448FBF730FFBDE80840F9
:106260000148FBF707BF00BF8C7501004FF080436A
:1062700010B5D3F800216AB10022C3F80021D3F889
:1062800000210122C3F808230C4B587910B95A7128
:106290001B6898474FF08043D3F804216AB100226D
:1062A000C3F80421D3F804210222C3F80823034BC6
:1062B000BDE810401B680120184710BDD8810020A0
:1062C000034B40B29B68103043F82010704700BF6A
:1062D00000ED00E053B94AB9002908BF00281CBFEF
:1062E0004FF0FF314FF0FF3000F088B9ADF1080CEE
:1062F0006DE904CE00F006F8DDF804E0DDE90223E4
:1063000004B070472DE9F047089D0F4604468C46BF
:10631000002B48D18A42164661D9B2FA82F34BB1BA
:10632000C3F1200201FA03FC20FA02F29E4042EA85
:106330000C0C9C404FEA164EB7B2BCFBFEF1220C8F
:106340000EFB11CC42EA0C4201FB07F0904209D946
:10635000B21801F1FF3C80F0EE80904240F2EB80F9
:1063600002393244121AA4B2B2FBFEF00EFB102224
:1063700044EA024400FB07F7A74209D9341900F1A7
:10638000FF3280F0DA80A74240F2D78034440238EE
:1063900040EA0140E41B00211DB1DC400023C5E9B7
:1063A0000043BDE8F0878B4206D90DB1C5E9000175
:1063B00000210846BDE8F087B3FA83F1002948D1EF
:1063C000BB4202D3824200F20781841A67EB0302C8
:1063D00001209446002DE4D0C5E9004CE1E7002AF5
:1063E00000F09280B2FA82F3002B40F0A8808A1A63
:1063F0004FEA164E1FFA86FC0121200CB2FBFEF775
:106400000EFB172240EA02420CFB07F0904207D92C
:10641000B21807F1FF3802D2904200F2E2804746FC
:10642000121AA4B2B2FBFEF00EFB102244EA0244A0
:106430000CFB00FCA44507D9341900F1FF3202D24D
:10644000A44500F2CB801046A4EB0C0440EA0740C0
:10645000A2E7C1F120068B4022FA06FC4CEA030CAD
:1064600007FA01F420FA06F3F7404FEA1C492343E8
:1064700000FA01F81FFA8CFEB7FBF9F01C0C09FBBF
:10648000107744EA074400FB0EF7A74202FA01F234
:106490000AD91CEB040400F1FF3A80F09B80A7426C
:1064A00040F2988002386444E41B9FB2B4FBF9F3D5
:1064B00009FB134447EA044403FB0EFEA64509D931
:1064C0001CEB040403F1FF3780F08280A6457FD9DE
:1064D000023B644443EA0040A4EB0E04A0FB02E745
:1064E000BC427346B94663D360D05DB1B8EB0302DA
:1064F00064EB090404FA06F622FA01F31E43CC40C9
:10650000C5E9006400214CE76208480842EAC1710D
:106510000B0C43EA00438AB242EA0342B3FBF6F1B2
:10652000E407B4463746B6461F23B0FBF6F0D21B4D
:1065300041EA004161E7614614E7104628E7C3F1EC
:10654000200120FA01F29E4027FA01F19F403A43D0
:106550004FEA164E1FFA86FCB1FBFEF70EFB171032
:10656000110C41EA004107FB0CF8884504FA03F4DA
:106570003AD9711807F1FF3001D288451FD8A1EB35
:106580000801B1FBFEF808FB0CF70EFB181192B2E4
:1065900042EA0142BA422FD2B21808F1FF31C6D204
:1065A000BA42C4D2A8F102013244C0E7F0459CD2FD
:1065B000BEEB020367EB0C070138B94695E7A6EB83
:1065C00008084144B81EB1FBFEF808FB0CF7DCE7F5
:1065D0003B467FE7504667E70846FBE6344402380F
:1065E00032E7023F32441BE7A1EB08013846B1FB1A
:1065F000FEF808FB0CF7C8E7414698E7704700BF74
:10660000024B0146186800F02DB800BF1813002097
:10661000024B0146186800F041B900BF1813002072
:1066200070B50F4E0C463168054611B900F00EF9F1
:1066300030602146284600F009F9431C03D14FF091
:10664000FF34204670BDC41C24F00304A042F8D0DF
:10665000211A284600F0FAF80130F2D1EFE700BF26
:10666000E08100202DE9F843CD1C25F00305083515
:106670000C2D38BF0C25002D064601DBA94204D99C
:106680000C2333600020BDE8F883DFF8D48000F0ED
:1066900069F8D8F800301C4644BB29463046FFF75D
:1066A000BFFF431C044658D1D8F800402746002FAE
:1066B00043D1002C4BD023683946304604EB030904
:1066C00000F0C4F8814542D121686D1A2946304650
:1066D000FFF7A6FF01303AD023682B442360D8F897
:1066E00000305A6862BBC8F800700FE02268521B85
:1066F00020D40B2A17D96119A342256018BF59600D
:10670000636808BFC8F8001062514B60304600F063
:106710002FF804F10B00231D20F00700C21A1CBF44
:106720001B1AA350AFE76268A3420CBFC8F8002051
:106730005A60EBE723466468AEE73C467F68B6E7FD
:106740001A465B68A342FBD100235360DEE70C23AB
:106750003360304600F00CF894E70560D6E700BFE0
:10676000E4810020014800F081B800BFE8810020EA
:10677000014800F07CB800BFE8810020024B0A46C7
:106780000146186800F002B8181300202DE9F04106
:10679000074614460D4621B9BDE8F0411146FFF702
:1067A00061BF2AB900F07AF825462846BDE8F08195
:1067B00000F0BEF88442064602D8B4EB500FF4D87D
:1067C00021463846FFF74EFF804608B94546ECE7BC
:1067D000B4422246294628BF324600F049F82946ED
:1067E000384600F05BF8F1E710B5013902449042F9
:1067F00001D1002005E0037811F8014FA34201D038
:10680000181B10BD0130F2E7884210B501EB0204FD
:1068100002D98442234607D8431EA14207D011F86B
:10682000012B03F8012FF8E70244824200D110BD8A
:1068300013F8011D02F8011DF7E7024403469342D5
:1068400000D1704703F8011BF9E7000038B5064D89
:106850000023044608462B6000F072F8431C02D166
:106860002B6803B1236038BDEC810020704770476E
:106870000A44914200F1FF3300D1704710B511F87E
:10688000014B03F8014F9142F9D110BD034613F8B3
:10689000012B002AFBD1181A0138704738B505467C
:1068A000002941D051F8043C0C1F002BB8BFE4185C
:1068B000FFF758FF1D4A136833B963601460284618
:1068C000BDE83840FFF754BFA34208D9206821181B
:1068D0008B4201BF19685B6809182160EDE71A4611
:1068E0005B680BB1A342FAD911685018A0420BD1D2
:1068F00020680144501883421160E0D118685B6839
:10690000536008441060DAE702D90C232B60D6E705
:10691000206821188B4204BF19685B68636004BF5C
:10692000091821605460CAE738BD00BFE481002027
:1069300051F8043C181F002BBCBF0B58C0187047FF
:10694000044A05491368002B08BF0B461844106021
:106950001846704728830020308300200D0A005B12
:10696000005D20005465726D696E616C00D0040D8D
:1069700011132B3F544C180D0B1F2300D0040C1186
:10698000132C3F44512F1F1F2023006E65676F7427
:10699000696174653A20726571756573742041543C
:1069A00054204D545520323437006E65676F74693A
:1069B0006174653A20415454204D54552062656CF1
:1069C0006F7720746172676574202870686F6E65D8
:1069D000206D6179206861766520726566757365E2
:1069E0006429006E65676F74696174653A20726529
:1069F000717565737420444C45203235312F323522
:106A000031006E65676F74696174653A20444C4566
:106A10002073686F727420E28094207468726F75BE
:106A2000676870757420636170706564206E65615D
:106A300072203534206B422F73006E65676F746966
:106A40006174653A207265717565737420324D20EA
:106A5000504859006E65676F74696174653A2032F9
:106A60004D205048592072657175657374206661B8
:106A7000696C6564006E65676F74696174653A205E
:106A8000504859206E6F7420324D202870686F6E08
:106A900065206F72206C696E6B2072656675736518
:106AA0006429006E65676F74696174653A20726568
:106AB000717565737420636F6E6E656374696F6E54
:106AC00020696E74657276616C006E65676F7469BB
:106AD0006174653A20636F6D706C65746520E28047
:106AE00094206C6F672061637475616C204D545500
:106AF0002F444C452F5048592F696E74657276614A
:106B00006C207669612053544154555300424C45E2
:106B10003A20636F6E6E656374656420E280942032
:106B20007374617274696E67206E65676F746961F2
:106B300074696F6E00424C45206E65676F746961C1
:106B4000746564204D54553D30780020444C455FB9
:106B500074783D307800205048595F74783D307823
:106B6000002069763D307800424C453A20646973D4
:106B7000636F6E6E656374656400424C453A204DE8
:106B80005455206576656E74206D74753D307800BF
:106B9000424C453A205048592075706461746564D0
:106BA0002074783D3078002072783D307800536C46
:106BB0006174650050696E6554696D6500424C45AD
:106BC0003A2067617474735F636F756E745F636698
:106BD00067206661696C656400424C453A206761D4
:106BE0007474735F6164645F737663732066616954
:106BF0006C656400424C453A206164766572746944
:106C000073696E6720536C61746520736572766971
:106C1000636500424C453A204E696D424C45206800
:106C20006F737420737461727465642028536C618F
:106C30007465202B204241532F444953202B206C54
:106C40006567616379204446552900623300433A01
:106C50002F55736572732F686967686A2F446F6375
:106C6000756D656E74732F50726F6A656374732FE0
:106C700045766F54696D652F74686972645F7061E1
:106C80007274792F4672656552544F532D4B65725D
:106C90006E656C2F7461736B732E630049444C45B1
:106CA00000433A2F55736572732F686967686A2FBE
:106CB000446F63756D656E74732F50726F6A656390
:106CC00074732F45766F54696D652F7468697264AB
:106CD0005F70617274792F4672656552544F532DFF
:106CE0004B65726E656C2F71756575652E6300431B
:106CF0003A2F55736572732F686967686A2F446FFE
:106D000063756D656E74732F50726F6A656374730B
:106D10002F45766F54696D652F74686972645F7072
:106D2000617274792F4672656552544F532D4B65CD
:106D3000726E656C2F74696D6572732E6300546D8D
:106D4000722053766300433A2F55736572732F6830
:106D50006967686A2F446F63756D656E74732F5031
:106D6000726F6A656374732F45766F54696D652F12
:106D700074686972645F70617274792F46726565B8
:106D800052544F532D4B65726E656C2F706F727439
:106D900061626C652F4D656D4D616E672F68656131
:106DA000705F342E6300433A2F55736572732F68FA
:106DB0006967686A2F446F63756D656E74732F50D1
:106DC000726F6A656374732F45766F54696D652FB2
:106DD00074686972645F70617274792F4672656558
:106DE00052544F532D4B65726E656C2F706F7274D9
:106DF00061626C652F4743432F41524D5F434D34D1
:106E0000462F706F72742E63006D7379735F31005B
:106E1000626C655F6174745F7376725F656E7472C5
:106E2000795F706F6F6C00626C655F6174745F7323
:106E300076725F707265705F656E7472795F706F85
:106E40006F6C00626C655F6761705F757064617420
:106E50006500626C655F67617474635F70726F6315
:106E60005F706F6F6C00626C655F67617474735FF5
:106E7000636C745F6366675F706F6F6C00626C65F4
:106E80005F68735F6863695F65765F706F6F6C00E2
:106E9000626C655F68735F636F6E6E5F706F6F6C5F
:106EA00000626C655F68735F6863695F66726167E3
:106EB00000626C655F6C326361705F6368616E5F16
:106EC000706F6F6C00626C655F6C326361705F73D2
:106ED00069675F70726F635F706F6F6C007472616F
:106EE0006E73706F72745F706F6F6C5F636D640050
:106EF0007472616E73706F72745F706F6F6C5F65C8
:106F00007674007472616E73706F72745F706F6FFD
:106F10006C5F6576745F6C6F007472616E73706F16
:106F200072745F706F6F6C5F61636C006C6C006299
:106F30006C6500636F00417061636865204D796E18
:106F4000657774204E696D424C4500455749443081
:106F500031323334353637383941424344454600BF
:106F60000C0C00333300000077C295F360D2EF7F42
:106F70003552500F2CB6798017001B001B00010101
:106F80001800000090010000000017001B001B000B
:106F90000101000000000000010000000371010079
:106FA000000000002C70010001000000BF70010013
:106FB00000000000C86F0100000000000000000099
:106FC0000000000000000000AE700100819D000084
:106FD0000000000000000000180000002A17002038
:106FE0009D700100419D00000000000000000000B5
:106FF00004000000000000008C7001007D9F000074
:10700000000000000000000002000000000000007E
:107010000000000000000000000000000000000070
:10702000000000000000000008000000F2700100F5
:10703000C19D0000000000000000000004000000EE
:1070400000000000E1700100A199000000000000B4
:1070500000000000100000002E170020D07001007A
:10706000199D000000000000000000001200000058
:107070002C170020000000000000000000000000AD
:107080000000000000000000000000008023D1BCD0
:10709000EA5F782315DEEF1212341500008023D149
:1070A000BCEA5F782315DEEF121232150000802350
:1070B000D1BCEA5F782315DEEF1212311500008093
:1070C00023D1BCEA5F782315DEEF121230150000E1
:1070D00080FBAC79E90300FA44A962E96E4CF078D0
:1070E000F380FBAC79E90200FA44A962E96E4CF046
:1070F00078F380FBAC79E90100FA44A962E96E4CAF
:10710000F078F380FBAC79E90000FA44A962E96EFB
:107110004CF078F317001B001B0001011800000061
:1071200090010000000007050505070202020202A7
:107130000701070407070107010705050701010704
:1071400004070107070407050707010101010705F7
:1071500007050707050701070705070505040407D5
:1071600005070704040407010107050707040704CE
:1071700007070407040400000100000002000000EB
:107180000400000008000000040000007C620020F1
:1071900000000000000000000000000000000000EF
:1071A0000000000001000000F1D200000200000019
:1071B0009DDE000003000000A3D3000004000000D7
:1071C00089DF0000050000003DD40000060000003B
:1071D000A1E00000070000002DD50000080000001D
:1071E0006DE2000009000000D1D500000A00000097
:1071F000F3E300000B00000085D600000C00000047
:1072000071E400000D000000C5D600000E00000073
:10721000F3E400000F000000D3D6000010000000CF
:10722000A5E500001100000037D7000012000000A3
:1072300095E7000013000000CBD700001600000007
:1072400085E800001700000035D800001800000095
:10725000EDE9000019000000A5D800001B000000A7
:1072600037EB00001D00000083EB00001E00000053
:1072700033D9000020000000A1E50000210000003B
:10728000E7D60000230000007FEB00005200000062
:1072900033E800000D000000B30B01000E000000F9
:1072A000B90A01000D000000150B01000E000000DE
:1072B0003F0A010007000000970D010009000000CF
:1072C00093030100030000002D08010003000000EB
:1072D0006105010004000000E10401000500000058
:1072E00069040100080000008D080100030000008F
:1072F0003307010004000000C9060100050000007A
:10730000AF0701000800000059060100F50D01005B
:10731000AFFF0000EFFF00002F000100710001002F
:10732000B1000100F5000100C10D010035010100AF
:107330006B010100630D010000000000150C01004D
:10734000CD0B0100C50A01001D0201000000000074
:10735000F9050100D30501003D050100BD04010050
:1073600045040100ED0301000000000000000000E2
:107370006F0301000000000000000000000000009A
:10738000F30A0100F909010000000000EF0D0100FF
:10739000B9FF0000F9FF0000390001007B00010087
:1073A000BB000100FF000100BB0D01003F01010017
:1073B000750101005D0D01006D0D0100110C010052
:1073C000870B01001B0A01009B0601001000032827
:1073D0001000022810000028100003280000000000
:1073E0000000000000000000D1350100D53301008D
:1073F0009B340100873401003133010073340100F4
:107400000000000000000000000000003B3501000B
:10741000633301004F3301002D3301005736010063
:107420005B3601005F3601004F3601005336010024
:1074300063360100000000000000000000000000B2
:10744000000000004B3601003E0000000D3301003B
:1074500013000000E134010005000000AF3401001A
:1074600008000000F9320100300000000333010081
:10747000100000003B330100000000000000EF8D11
:10748000E2164FEC430DBF5BDD34C0531EB8000065
:107490000000000061410100000000006D4001009B
:1074A000000000006D4001006D4001006D400100D2
:1074B000000000006D400100000000006D40010070
:1074C000000000006D400100000000006D40010060
:1074D000000000006D400100B9410100754101004C
:1074E0006D4001006D4001006D4001006D400100E4
:1074F0006D4001006D4001006D4001001008044026
:10750000CE0150002C00D00278012800180078012C
:10751000030102031606021B1106021103040309EC
:107520000504030578012800180078010100000017
:10753000F811002000000000A81100200000000049
:10754000000000000000000000000000010000003A
:1075500088120020000000001C1200200000000023
:10756000000000000000000000000000010000001A
:10757000C0120020000000008C120020000000005B
:1075800000000000000000000000000001000000FA
:10759000F812002000000000C412002000000000CB
:0C75A000000000000000000000000000DF
:0875AC0058EDFF7F0100000013
:1075B40053454747455220525454000000000000F0
:1075C400010000000100000064690100ED140020C6
:1075D40000010000000000000000000000000000A6
:1075E40064690100DD1400201000000000000000A8
:1075F4000000000000000000060006000000170064
:107604001B001B0001011800000090010000000095
:107614000101000000000000000000000000000064
:107624000000000000000000000000000000000056
:107634000000000000000000000000000000000046
:107644000000FFFF00000000000000000000000038
:107654000000000000000000000000000000000026
:107664000000000000000000FFFF01000000000017
:107674000100010100000000000000000000000003
:1076840000000000000000000000000000000000F6
:1076940000000000000000000000000000000000E6
:1076A40000000000000000000000000000000000D6
:1076B40000000000000000000000000000000000C6
:1076C40000000000000000000000000000000000B6
:1076D40000000000000000000000000000000000A6
:1076E4000000000000000000000000000000000096
:1076F4000000000000000000000000000000000086
:107704000000000000000000000000000000000075
:107714000000000000000000000000000000000065
:107724000000000000000000000000000000000055
:107734000000000000000000000000000000000045
:107744000000000000000000000000000000000035
:107754000000000000000000000000000000000025
:107764000000000000000000000000000000000015
:107774000000000000000000000000000000000005
:1077840000000000000000000000000000000000F5
:1077940000000000000000000000000000000000E5
:1077A40000000000000000000000000000000000D5
:1077B40000000000000000000000000000000000C5
:1077C40000000000000000000000000000000000B5
:1077D40000000000000000000000000000000000A5
:1077E4000000000000000000000000000000000095
:1077F4000000000000000000000000000000000085
:107804000000000000000000000000000000000074
:107814000000000000000000000000000000000064
:107824000000000000000000000000000000000054
:107834000000000000000000000000000000000044
:107844000000000000000000000000000000000034
:107854000000000000000000000000000000000024
:107864000000000000000000000000000000000014
:107874000000000000000000000000000000000004
:1078840000000000000000000000000000000000F4
:1078940000000000000000000000000000000000E4
:1078A40000000000000000000000000000000000D4
:1078B40000000000000000000000000000000000C4
:1078C40000000000000000000000000000000000B4
:1078D40000000000000000000000000000000000A4
:1078E4000000000000000000000000000000000094
:1078F4000000000000000000000000000000000084
:107904000000000000000000000000000000000073
:107914000000000000000000000000000000000063
:107924000000000000000000000000000000000053
:107934000000000000000000000000000000000043
:107944000000000000000000000000000000000033
:107954000000000000000000000000000000000023
:107964000000000000000000000000000000000013
:107974000000000000000000000000000000000003
:1079840000000000000000000000000000000000F3
:1079940000000000000000000000000000000000E3
:1079A40000000000000000000000000000000000D3
:1079B40000000000000000000000000000000000C3
:1079C40000000000000000000000000000000000B3
:1079D40000000000000000000000000000000000A3
:1079E4000000000000000000000000000000000093
:1079F4000000000000000000000000000000000083
:107A04000000000000000000000000000000000072
:107A14000000000000000000000000000000000062
:107A24000000000000000000000000000000000052
:107A34000000000000000000000000000000000042
:107A44000000000000000000000000000000000032
:107A54000000000000000000000000000000000022
:107A64000000000000000000000000000000000012
:107A74000000000000000000000000000000000002
:107A840000000000000000000000000000000000F2
:107A940000000000000000000000000000000000E2
:107AA40000000000000000000000000000000000D2
:107AB40000000000000000000000000000000000C2
:107AC40000000000000000000000000000000000B2
:107AD40000000000000000000000000000000000A2
:107AE4000000000000000000000000000000000092
:107AF4000000000000000000000000000000000082
:107B04000000000000000000000000000000000071
:107B14000000000000000000000000000000000061
:107B24000000000000000000000000000000000051
:107B34000000000000000000000000000000000041
:107B44000000000000000000000000000000000031
:107B54000000000000000000000000000000000021
:107B64000000000000000000000000000000000011
:107B74000000000000000000000000000000000001
:107B840000000000000000000000000000000000F1
:107B940000000000000000000000000000000000E1
:107BA40000000000000000000000000000000000D1
:107BB40000000000000000000000000000000000C1
:107BC40000000000000000000000000000000000B1
:107BD40000000000000000000000000000000000A1
:107BE4000000000000000000000000000000000091
:107BF4000000000000000000000000000000000081
:107C04000000000000000000000000000000000070
:107C14000000000000000000000000000000000060
:107C24000000000000000000000000000000000050
:107C34000000000000000000000000000000000040
:107C44000000000000000000000000000000000030
:107C54000000000000000000000000000000000020
:107C64000000000000000000000000000000000010
:107C74000000000000000000000000000000000000
:107C840000000000000000000000000000000000F0
:107C940000000000000000000000000000000000E0
:107CA40000000000000000000000000000000000D0
:107CB40000000000000000000000000000000000C0
:107CC40000000000000000000000000000000000B0
:107CD40000000000000000000000000000000000A0
:107CE4000000000000000000000000000000000090
:107CF4000000000000000000000000000000000080
:107D0400000000000000000000000000000000006F
:107D1400000000000000000000000000000000005F
:107D2400000000000000000000000000000000004F
:107D3400000000000000000000000000000000003F
:107D4400000000000000000000000000000000002F
:107D5400000000000000000000000000000000001F
:107D6400000000000000000000000000000000000F
:107D740000000000000000000000000000000000FF
:107D840000000000000000000000000000000000EF
:107D940000000000000000000000000000000000DF
:107DA40000000000000000000000000000000000CF
:107DB40000000000000000000000000000000000BF
:107DC40000000000000000000000000000000000AF
:107DD400000000000000000000000000000000009F
:107DE400000000000000000000000000000000008F
:107DF400000000000000000000000000000000007F
:107E0400000000000000000000000000000000006E
:107E1400000000000000000000000000000000005E
:107E2400000000000000000000000000000000004E
:107E3400000000000000000000000000000000003E
:107E4400000000000000000000000000000000002E
:107E5400000000000000000000000000000000001E
:107E6400000000000000000000000000000000000E
:107E740000000000000000000000000000000000FE
:107E840000000000000000000000000000000000EE
:107E940000000000000000000000000000000000DE
:107EA40000000000000000000000000000000000CE
:107EB40000000000000000000000000000000000BE
:107EC40000000000000000000000000000000000AE
:107ED400000000000000000000000000000000009E
:107EE400000000000000000000000000000000008E
:107EF400000000000000000000000000000000007E
:107F0400000000000000000000000000000000006D
:107F1400000000000000000000000000000000005D
:107F2400000000000000000000000000000000004D
:107F3400000000000000000000000000000000003D
:107F4400000000000000000000000000000000002D
:107F5400000000000000000000000000000000001D
:107F6400000000000000000000000000000000000D
:107F740000000000000000000000000000000000FD
:107F840000000000000000000000000000000000ED
:107F940000000000000000000000000000000000DD
:107FA40000000000000000000000000000000000CD
:107FB40000000000000000000000000000000000BD
:107FC40000000000000000000000000000000000AD
:107FD400000000000000000000000000000000009D
:107FE400000000000000000000000000000000008D
:107FF400000000000000000000000000000000007D
:10800400000000000000000000000000000000006C
:10801400000000000000000000000000000000005C
:10802400000000000000000000000000000000004C
:10803400000000000000000000000000000000003C
:10804400000000000000000000000000000000002C
:10805400000000000000000000000000000000001C
:10806400000000000000000000000000000000000C
:1080740000000000000000000000000000000000FC
:1080840000000000000000000000000000000000EC
:1080940000000000000000000000000000000000DC
:1080A40000000000000000000000000000000000CC
:1080B40000000000000000000000000000000000BC
:1080C40000000000000000000000000000000000AC
:1080D400000000000000000000000000000000009C
:1080E400000000000000000000000000000000008C
:1080F400000000000000000000000000000000007C
:10810400000000000000000000000000000000006B
:10811400000000000000000000000000000000005B
:10812400000000000000000000000000000000004B
:10813400000000000000000000000000000000003B
:10814400000000000000000000000000000000002B
:10815400000000000000000000000000000000001B
:10816400000000000000000000000000000000000B
:1081740000000000000000000000000000000000FB
:1081840000000000000000000000000000000000EB
:1081940000000000000000000000000000000000DB
:1081A40000000000000000000000000000000000CB
:1081B40000000000000000000000000000000000BB
:1081C40000000000000000000000000000000000AB
:1081D400000000000000000000000000000000009B
:1081E400000000000000000000000000000000008B
:1081F400000000000000000000000000000000007B
:10820400000000000000000000000000000000006A
:10821400000000000000000000000000000000005A
:10822400000000000000000000000000000000004A
:10823400000000000000000000000000000000003A
:10824400000000000000000000000000000000002A
:10825400000000000000000000000000000000001A
:10826400000000000000000000000000000000000A
:1082740000000000000000000000000000000000FA
:1082840000000000000000000000000000000000EA
:1082940000000000000000000000000000000000DA
:1082A40000000000000000000000000000000000CA
:1082B40000000000000000000000000000000000BA
:1082C40000000000000000000000000000000000AA
:1082D400000000000000000000000000000000009A
:1082E400000000000000000000000000000000008A
:1082F400000000000000000000000000000000007A
:108304000000000000000000000000000000000069
:108314000000000000000000000000000000000059
:108324000000000000000000000000000000000049
:108334000000000000000000000000000000000039
:108344000000000000000000000000000000000029
:108354000000000000000000000000000000000019
:108364000000000000000000000000000000000009
:1083740000000000000000000000000000000000F9
:1083840000000000000000000000000000000000E9
:1083940000000000000000000000000000000000D9
:1083A40000000000000000000000000000000000C9
:1083B40000000000000000000000000000000000B9
:1083C40000000000000000000000000000000000A9
:1083D4000000000000000000000000000000000099
:1083E4000000000000000000000000000000000089
:1083F4000000000000000000000000000000000079
:108404000000000000000000000000000000000068
:108414000000000000000000000000000000000058
:108424000000000000000000000000000000000048
:108434000000000000000000000000000000000038
:108444000000000000000000000000000000000028
:108454000000000000000000000000000000000018
:108464000000000000000000000000000000000008
:1084740000000000000000000000000000000000F8
:1084840000000000000000000000000000000000E8
:1084940000000000000000000000000000000000D8
:1084A40000000000000000000000000000000000C8
:1084B40000000000000000000000000000000000B8
:1084C40000000000000000000000000000000000A8
:1084D4000000000000000000000000000000000098
:1084E4000000000000000000000000000000000088
:1084F4000000000000000000000000000000000078
:108504000000000000000000000000000000000067
:108514000000000000000000000000000000000057
:108524000000000000000000000000000000000047
:108534000000000000000000000000000000000037
:108544000000000000000000000000000000000027
:108554000000000000000000000000000000000017
:108564000000000000000000000000000000000007
:1085740000000000000000000000000000000000F7
:1085840000000000000000000000000000000000E7
:1085940000000000000000000000000000000000D7
:1085A40000000000000000000000000000000000C7
:1085B40000000000000000000000000000000000B7
:1085C40000000000000000000000000000000000A7
:1085D4000000000000000000000000000000000097
:1085E4000000000000000000000000000000000087
:1085F4000000000000000000000000000000000077
:108604000000000000000000000000000000000066
:108614000000000000000000000000000000000056
:108624000000000000000000000000000000000046
:108634000000000000000000000000000000000036
:108644000000000000000000000000000000000026
:108654000000000000000000000000000000000016
:108664000000000000000000000000000000000006
:1086740000000000000000000000000000000000F6
:1086840000000000000000000000000000000000E6
:1086940000000000000000000000000000000000D6
:1086A40000000000000000000000000000000000C6
:1086B40000000000000000000000000000000000B6
:1086C40000000000000100000000000000000000A5
:1086D4000000000000000000000000000000000096
:1086E40017001B001B000101000000000000000037
:1086F400000000000000000000000000AAAAAAAACE
:10870400000000005011002010000229100003286E
:1087140010000228100001281000002800000000AA
:108724000000000003000000000000000000000042
:108734000000000000000000000000000000000035
:108744000000000000000000FB349B5F80000080FC
:108754000010000000000000F41100203960010046
:108764000000000000000000020000000000000003
:10877400F01100203960010000000000000000003A
:1087840002000000000000000000000000000000E3
:1087940000000000000000000000000000000000D5
:1087A4001000012A1000002A100000186E696D6282
:1087B4006C650000000000000000000000000000E4
:1087C40000000000000000000000000084120020EF
:1087D40025610100000000000000000020000000EE
:1087E400D0810020801200205561010000000000AB
:1087F4000000000002000000000000007C120020C5
:10880400E960010000000000000000000A00000010
:108814000000000000000000000000000000000054
:108824000000000000000000000000001000292BE0
:1088340010003A2B1000052A10000118BC12002069
:108844008D61010000000000000000001200000023
:10885400D48100200000000000000000000000009F
:108864000000000000000000000000001000192AB1
:1088740010000F18F4120020FD6101000000000038
:1088840000000000020000000000000000000000E2
:1088940000000000000000000000000000000000D4
:1088A400000000001000242A10000A18366F01008E
:1088B40000000000000000000000000000000000B4
:1088C40000000000000000001C1300200000000055
:1088D400F081002058820020C082002000000000A7
:1088E4000000000000000000000000000000000084
:1088F4000000000000000000000000000000000074
:108904000000000000000000000000000000000063
:0889140000000000000000005B
:040000030000810177
:00000001FF
