:1080200000000120018100007981000079810000B9
:108030007981000079810000798100000000000052
:10804000000000000000000000000000914201005C
:108050007981000000000000F14201005543010059
:108060004DE40100798100007981000079810000F0
:108070007981000079810000A192000079810000DF
:108080007981000079810000798100007981000008
:1080900079810000798100007981000079810000F8
:1080A00079810000F5C2000079810000798100002B
:1080B00079810000798100007981000079810000D8
:1080C00079810000798100007981000079810000C8
:1080D00079810000798100000000000079810000B2
:1080E00079810000798100007981000021DC0000A5
:0880F000798100007981000094
:1081000008B5144A144B15498B4213D3144B154A26
:108110000021934213D300F053F800F02FF8124CD3
:10812000124DAC420ED3124C124DAC420ED30AF09B
:10813000D3FAFEE752F8040B43F8040BE4E743F8E4
:10814000041BE6E754F8043B9847EAE754F8043B7D
:108150009847EAE768FE010000000020142D002087
:10816000002E00203CED002064FE010064FE0100B2
:1081700064FE010068FE0100FEE7000010B50A4A37
:108180000A4811460023013350F8044B41F8044BD0
:10819000362BF8D14FF0E023C3F8082DBFF34F8FF3
:1081A000BFF36F8F10BD00BF002E002020800000A5
:1081B000024AD2F80034002BFBD0704700E00140A7
:1081C00008B54FF0804301220021C3F87825C3F899
:1081D0001825C3F804119A60D3F80421002AFBD0B3
:1081E0004FF01020D0F80C32023312D01549FFF7AF
:1081F000DFFF0123C1F80435FFF7DAFF6FF0010359
:10820000C0F80C32FFF7D4FF0023C1F80435FFF7A4
:10821000CFFF0D4B012200215A600420DA60C3F821
:1082200004150321C3F80815C3F810051A604FF0B0
:10823000A0434FF48032C3F84017C3F80C25C3F8AD
:10824000182508BD00E0014000800040024B0122DB
:108250001A64D3F84005704700800040064B0121A6
:108260001964D3F8402510441964D3F84025121A34
:10827000002AF9DB704700BF0080004070B504465B
:108280004FF47A7604B970BDB4F5FA7F254628BF5D
:108290004FF4FA7506FB05F0FFF7E0FF641B06F0EC
:1082A00025F9EFE738B54FF0A0444FF48035C4F816
:1082B0000855FFF7E3FFC4F80C5538BD084A536A68
:1082C000116A013310B5B3FBF1F401FB1433916A69
:1082D00099421FBF516AD4695362605410BD00BFF8
:1082E00000000020704710B5441E14F8010F00B9BB
:1082F00010BDFFF7E3FFF8E708B5FFF7F4FFBDE8AF
:1083000008400148FFF7EFBF60EC010070B505467B
:108310000748084EFFF7E7FF1C2425FA04F303F093
:108320000F03043CF05CFFF7C9FF231DF5D170BDBE
:10833000D4F001007AF40100022838B504460D4655
:1083400012D80A48013CFFF7CEFF032C96BF084B1A
:108350003F20185DFFF7B2FF0648FFF7C4FF28462D
:10836000BDE83840FFF7C8BF38BD00BF63EC01006F
:1083700076F4010065EC01004FF0A0431C4A30B5D3
:108380000321002004240825C2F80005C3F80817BB
:10839000C3F80C45C3F80C17C3F80C554FF48025EF
:1083A000C3F81007C3F84817C3F808554FF0007515
:1083B000C3F86417C3F808552025C3F81417C3F889
:1083C00008550223C2F808354FF00043C2F80C15D7
:1083D000C2F81045C2F824350623C2F85435FF23ED
:1083E000C2F8C0350723C2F80035024B187030BD03
:1083F00000300040E8300020034B0722C3F800257E
:10840000024B01221A70704700300040E830002013
:10841000014B00221A707047E8300020014B187899
:10842000704700BFE83000200D4BF0B54FF6FF75E8
:108430000024012601B9F0BDA9420A4628BF2A46F8
:10844000C3F81841C3F84405C3F84825C3F83845B4
:108450001E61D3F81871002FFBD01044891AE9E788
:1084600000300040F8B515461C4610B109B1FFF7C1
:10847000DBFFE5B1DCB10E4B0E4900200126B4F55F
:10848000807F224628BF4FF48072C3F81801C3F8DA
:108490004415C3F84825C3F83455C3F838251E6180
:1084A000D3F81871002FFBD0A41A1544E7D1F8BDFA
:1084B00000300040E82F002001234FF0A04283400D
:1084C000C2F80C35704701234FF0A0428340C2F838
:1084D000083570474FF0A0434FF48022C3F80C25B5
:1084E00070474FF0A0434FF48022C3F8082570472F
:1084F00037B515460C468DF80700FFF77DFF1920AC
:10850000FFF7DAFFFFF7E6FF0DF107000121FFF7A4
:108510008BFFFFF7E6FF29462046FFF785FF19206E
:10852000FFF7D1FFFFF774FF03B030BD07B58DF83B
:108530000700FFF761FF1920FFF7BEFFFFF7CAFF33
:1085400001210DF10700FFF76FFF1920FFF7BBFFB7
:10855000FFF75EFF03B05DF804FB00007FB54FF04E
:10856000A04403234FF000724FF08065C4F86437D5
:108570000A20C4F80825C4F86837C4F80855C4F8B8
:108580000C55FFF77BFEC4F808557820FFF776FE00
:108590000120FFF7CBFF9620FFF770FE1120FFF7B9
:1085A000C5FF0A20FFF76AFE5523012269463A20DB
:1085B0008DF80030FFF79CFF00230122694636202A
:1085C0008DF80030FFF794FF454B186800901B7939
:1085D0008DF8043005226946B220FFF789FF352364
:1085E00001226946B7208DF80030FFF781FF19237B
:1085F00001226946BB2001258DF80030FFF778FF86
:108600002C2301226946C0208DF80030FFF770FF4F
:108610002A466946C2208DF80050FFF769FF1223F1
:108620002A466946C3208DF80030FFF761FF2023FA
:108630002A466946C4208DF80030FFF759FF0F2302
:108640002A466946C6208DF80030FFF751FF4AF2EE
:10865000A41302226946D020ADF80030FFF748FF8E
:10866000204B6C466A4603F108061868596815469F
:1086700003C50833B3422A46F7D118689B8828609F
:10868000AB800E222146E020FFF732FF164B224638
:1086900003F1080618685968154603C50833B34244
:1086A0002A46F7D118689B88AB800E2221462860A5
:1086B000E120FFF71DFF2120FFF738FF0120FFF722
:1086C000DDFD1320FFF732FF0120FFF7D7FD292042
:1086D000FFF72CFF142004B0BDE87040FFF7CEBDBB
:1086E0008BF4010071EC010080EC010008B5102052
:1086F000FFF71CFFBDE808400520FFF7BFBD08B528
:108700001120FFF713FFBDE808407820FFF7B6BD42
:1087100037B552BAADF8062040BA0422ADF80400CD
:108720000D462A200DEB02011C46FFF7E1FE042254
:108730006DBA64BA0DEB02012B20ADF80450ADF810
:108740000640FFF7D5FE2C2003B0BDE83040FFF710
:10875000EDBE38B50D460446FFF74EFE1920FFF773
:10876000ABFEFFF7BEFE29462046FFF75DFE19204F
:10877000FFF7A9FEBDE83840FFF74ABE4FF4B473D7
:1087800090FBF3F202FB13001844B0FBF3F203FB7F
:1087900012005A28094B02DC33F910007047B42844
:1087A00002DCC0F1B400F7E7B0F5877FD4BFB4387E
:1087B000C0F5B47033F910004042704790F40100E6
:1087C00070B500F5805400254FF0FF330646C4F81D
:1087D000005EC4F8043EC4F8085EC4F80C5E4FF4B2
:1087E000F052294616F07DF9C4F8005E304670BD9F
:1087F00000F5805010B5B0F80C3EA3B1B0F8084EAB
:108800008C4212D823449BB28B420ED9B0F80A3E58
:1088100093420AD8B0F80E1E581880B2904294BF06
:108820000020012010BD0120FCE70020FAE7EF291D
:10883000F8B504460D4616461F461FD8EF2A1DD828
:10884000FFF7D6FFD0B104F58053D208D3F8041E49
:10885000002901DB914211D1F02106F0070601FB4E
:108860000655390A04F8151004EB45040121677018
:108870009140D3F8002E0A43C3F8002EF8BD2DE92D
:10888000F0471446BDF82020BDF82480CD18F02D07
:108890002244A8BFF025F02AA8BFF022EF290746FE
:1088A0000E4613D8EF2C11D8013A1FFA82F9E108CD
:1088B000C2F3CC0200F580504FF0010C8A4201D384
:1088C0001E2905D1013DADB24C451AD9BDE8F0874E
:1088D000D0F8003E0CFA01FE43EA0E03C0F8003E59
:1088E0000131EBE75146434622463846FFF79FFFEA
:1088F0000AF1010A1FFA8AFAAA45F3D90134A4B28F
:10890000E2E7B246F8E72DE9F04F994687B00E4608
:108910001FFA89FC89B2BDF84050BDF94030009380
:10892000ACEB01071FFA87FA14463FB292B2A5EBEF
:108930000208002F1FFA88FBB8BFA1EB0C010FFA49
:1089400088F8BCBF1FFA81FA0FB2B8F1000FA2BFBE
:10895000521B1FFA82FB0FFA82F8B145D4BF4FF0C9
:10896000FF3201220192009ABDF84430A242D4BFE6
:108970004FF0FF3201220AEB0B0502922DB2B1B289
:10898000EF290AD8A2B2EF2A07D8CDE90413039041
:10899000FFF74DFFDDE9041303984E4502D1009A1D
:1089A000944214D01FFA85FC4FEA4C0212B2904553
:1089B00005DC019EDC4431440FFA8CF50EB297427F
:1089C000DDDB029A554414442DB224B2D7E707B038
:1089D000BDE8F08F89B2EF2907D892B2EF2A04D808
:1089E000036840681B88FFF722BF70472DE9F04FEE
:1089F00085B04FF0000B009099465C468EB297B25E
:108A0000A14502DA05B0BDE8F08F0EAB0293009BE2
:108A100003931FFA89FAA5B216FA89F317FA84F4B8
:108A20001BB20FFA84F8A6EB0A041946424624B298
:108A300002A80193FFF7CEFF4246214602A8FFF7A6
:108A4000C9FF019B7A1B0FFA82F81946424602A819
:108A5000FFF7C0FF4246214602A8FFF7BBFFAB1954
:108A60000FFA83F80AEB0702741B12B224B24146D4
:108A700002A80192FFF7AEFF2146019A02A8FFF774
:108A8000A9FFA7EB0A0212B2414602A80192FFF722
:108A9000A1FF2146019A02A8FFF79CFFBBF1000F3E
:108AA00005F10105C8BF0AF1FF3AABB22CB2C8BF4D
:108AB0000FFA8AF90BF10105ADB2C8BFA4EB0903A7
:108AC00005EB43050FFA85FB9AE710B44468036889
:108AD00024781B8889B20CB9494289B21944C36809
:108AE0001B7889B292B20BB9524292B2EF290CD8DC
:108AF00083681B881A4492B2EF2A06D803695DF88E
:108B0000044B1B884069FFF792BE5DF8044B704729
:108B10002DE9F04788B04FF0000A8DF80330036864
:108B2000ADF80610ADF80420B3F9005006465446DF
:108B30000DF106070DF103080DF10409A54202DA53
:108B400008B0BDE8F08710AB05937368069329461B
:108B5000B3680793224602A8CDE90278CDF81090B9
:108B6000FFF7B3FF2A46214602A8FFF7AEFFBAF18E
:108B7000000F04F10104C8BF05F1FF35A2B20AF1EC
:108B8000010324B2C8BF2DB29BB2C8BF621B03EB66
:108B900042030FFA83FAD1E72DE9F04F8BB08146FB
:108BA000BDF85470BDF85050BDF858B002938846D7
:108BB00016462FBB0124CDF804B00094FFF75FFEEA
:108BC0006A1E3244029B92B241464846CDE9004BB0
:108BD000FFF755FE2346324641464846CDE9005B45
:108BE000FFF74DFE029B591E4144CDE9005B234631
:108BF000324689B24846FFF742FE0BB0BDE8F08F1F
:108C0000029CCDF804B0AC4228BF2C466408BC429C
:108C100028BF3C460B199BB2039363009BB204939D
:108C20000499029BADF81A404FF0010A77195B1ABC
:108C3000BFB20399CDF800A09BB20593FFF71FFECA
:108C40007A1E059B03994846CDE900AB92B2FFF727
:108C500016FE049BED1A3444ADB2A2B2CDE9005B1E
:108C60005346414648460492FFF709FE029B049A88
:108C7000029208EB0304A4B2611ECDE9005B5346E7
:108C8000484689B2FFF7FBFD029ABDF90C100DF1C1
:108C90001A030025079316ABCDE9083907A82B4620
:108CA000009512B2FFF734FFBDF81A1000958A192B
:108CB000611A0139534607A812B209B2FFF728FF1B
:108CC000BDF81A10CDF800A07A1A013A41442B469B
:108CD00007A812B209B2FFF71BFFBDF81A30CDF892
:108CE00000A0FA1AE11A013A0139534612B209B248
:108CF00007A8FFF70DFF80E72DE9F84FBDF92840E1
:108D0000BDF92CA0BDF830B006460F4690461D4672
:108D10004FF4B479544501D1BDE8F88F04F15A00FD
:108D2000FFF72CFD684348BFFF3007EB2021EF29F8
:108D30000FD82046FFF722FD684348BFFF30A8EB5D
:108D40002020EF2805D882B25B4689B23046FFF773
:108D50006EFD013494FBF9F309FB134424B2D9E707
:108D60002DE9F74F03EB0109BDF830B00D469046F1
:108D70001E4600241FFA89F95C452DD20D9B04FB89
:108D8000063A04EB080329469FB220E01AF8012BAB
:108D900002F003034FEA521E4FEA921CC2F3820212
:108DA00002EBC2024CEA8E0C520142EACC2203EBE7
:108DB000830C5B0843EA4C0313439BB23A46CDE96C
:108DC0000001FFF734FD01990098013189B289450E
:108DD000DCD10134A4B2CFE703B0BDE8F08F2DE9B8
:108DE000F04F87B0984608EB0109BDF84030BDF858
:108DF00048A0BDF84CB001920D46029300241FFA22
:108E000089F9029B9C4224D2019BE21808FB04F6DC
:108E1000294692B218E0119F0390F3086FEA060CFE
:108E2000FB5C0CF0070C43FA0CF313F0010F0CBFC2
:108E30005B465346CDE90412FFF7F9FC0499059A05
:108E40000398013189B201364945E4D10134A4B215
:108E5000D7E707B0BDE8F08F00F58050C0F8041EDA
:108E6000704700F58050A0F80C3EBDF80030A0F827
:108E7000081EA0F80A2EA0F80E3E704700F580509C
:108E80000023C0F80C3E704710B500230C0A421CAA
:108E9000C9B200F8134002F813100133B3F5F06FB4
:108EA000F7D110BD38B500F580550446D5F8041E3D
:108EB0001D290FD8C90089B2CB1D9BB2EF2200201B
:108EC000FFF726FC4FF470612046FFF742FC0023B9
:108ED000C5F8003E38BD00000D4A4FF08023C2E9BE
:108EE00000330C4BC3F820250422C3F824250121AC
:108EF0000022C3F82825C3F82C2599605960C3F8CF
:108F000000254FF0A043044AC3F80825704700BF6E
:108F1000EC30002000C001400040C0004FF0A043F2
:108F200003224FF48041C3F83827C3F808154FF4E3
:108F30008001C3F85827C3F80815C3F85C274FF41D
:108F40000002C3F80825114B00220E21C3F80025AA
:108F5000C3F860151621C3F864151721C3F8681506
:108F60004FF00041C3F86C15FF21C3F80425C3F886
:108F70000C25C3F808150221C3F81015C3F81425F1
:108F80000122C3F80025FFF7A7BF00BF00C00140C2
:108F900010B418B95DF8044BFFF79EBF104C11498F
:108FA000642828BF6420C0EB00236422B3FBF2F3E3
:108FB0000D4A23439BB20120C2F800050B804B8071
:108FC0008B800423CC80C2F82015C2F824350023FE
:108FD000C2F828355DF8044BC2F82C359060704714
:108FE0000080FFFFEC30002000C00140FFF774BF9D
:108FF0001920FFF7CDBF3C20FFF7CABF6420FFF761
:10900000C7BF4FF040230022C3F80421C3F8242136
:10901000C3F86021C3F85C21C3F848217047F8B554
:1090200006460D46FFF712F94FF040240746D4F8E4
:10903000043123B10023C4F804310120F8BDD4F871
:10904000242122B3C4F82431D4F8C434C4F8C4347D
:109050009A071AD413F0040F14BF032304234FF00C
:1090600040242B700023C4F8043101236361FFF70F
:10907000EDF80546D4F804312BB9FFF7E7F8401BAB
:10908000B0F57A7FF6DD0020D8E70223E7E7FFF7A7
:10909000DDF8C31BB342CADD01232B706361F2E725
:1090A0004FF0402370B500224FF0A044C3F80025D4
:1090B00040F20D63C4F81C378026C4F818374023EB
:1090C000C4F808650520C4F80835FFF7C7F8092576
:1090D000D4F810355B060BD40520C4F80C65FFF7F7
:1090E000BDF8C4F808650520FFF7B8F8013DEFD1D9
:1090F0004FF0A04440250520C4F80C55FFF7AEF80A
:109100008023C4F808350520FFF7A8F8C4F80855EF
:109110000520FFF7A3F80C23C4F81C37C4F8183750
:109120004FF040230722C3F808250622C3F80C2578
:10913000C3F8002570BD08B54FF040214FF0A042A4
:1091400000230C20C1F80035C2F81C07C2F818072C
:109150000722C1F8082506204FF0C862C1F80C05A7
:10916000C1F82425C1F80032FFF74BFFC1F8000514
:1091700008BD73B506461546184612B34FF0402495
:109180000623C4F80035FFF73CFF4FF48073C4F8A2
:109190008865C4F84415C4F84855C4F80032012362
:1091A000A36000250DF107018DF80750FFF737FF89
:1091B00028B9FFF775FF9DF8070002B070BDC4F82D
:1091C00000520020F9E773B506461546184612B35B
:1091D0004FF040240623C4F80035FFF712FF4FF488
:1091E0008053C4F88865C4F83415C4F83855C4F8F9
:1091F00000320123236000250DF107018DF807508F
:10920000FFF70DFF28B9FFF74BFF9DF8070002B0ED
:1092100070BDC4F800520020F9E72DE9F3471D4660
:10922000DDE90A8716463AB93B464246294602B06E
:10923000BDE8F047FFF7C7BFB8F1000F05D13B46C7
:1092400002B0BDE8F047FFF794BF4FF0402406237B
:10925000C4F80035FFF7D5FE4FF4A053C4F88805D5
:10926000C4F84415C4F84865C4F83455C4F83885C2
:10927000C4F800320123A36000250DF10701384630
:109280008DF80750FFF7CBFE30B9FFF709FF9DF8C7
:10929000070002B0BDE8F087C4F800522846F8E79E
:1092A000104BD3F87C21AAB10022C3F87C210E4BCD
:1092B00001221A704FF0A043D3F8702722F44031F6
:1092C000C3F8701742F440324FF08051C3F82015B4
:1092D000C3F87027034BD3F8002112B10022C3F862
:1092E0000021704700600040F53000207FB51D4B25
:1092F0004FF0A04500241C704FF480660323C5F88E
:1093000028370A20C5F80C65FEF7B8FFC5F80865D0
:109310003220FEF7B3FF144BC5F87037134B4FF0F4
:109320000042C3F81045C3F87C41C3F804234FF052
:10933000E0234022C3F88022C3F8002162B6012254
:109340004FF4FA63CDE900230DF10F010DF10E0387
:1093500015208DF80E408DF80F40FFF75EFF04B02A
:1093600070BD00BFF53000200C000300006000401D
:10937000014B1878704700BFF530002030B5214A06
:109380001178002393B004460360436001B1137069
:109390003F252A46002102A815F0A3FB40F6B8336A
:1093A000CDE90053184902AB01221520FFF735FF24
:1093B00020BB9DF8093023709DF80A309DF80D20E0
:1093C0009DF80B1003F00F03637012029DF80E302E
:1093D00002F47062134309029DF80C2001F47061DD
:1093E0000A43EF2AA8BFEF22EF2BA8BFEF23A380E9
:1093F00023886280003B18BF0123A371204613B06D
:1094000030BD00BFF5300020F430002070B54FF0C3
:10941000A0464FF40043C6F808350A20FEF71EFFA9
:1094200004250024D6F8103505209B0458BF0134CC
:10943000FEF714FF013DF5D14FF0A043022C4FF48D
:109440000042C3F80C2594BF0020012070BD00002D
:109450004FF0A0430322C3F83C274FF40042C3F867
:109460000C250C22C3F83427034A00231370034A47
:109470001370034A1370704700310020F63000204B
:10948000F730002037B5FFF7C1FF0446FEF7DEFED8
:109490003D4B1A78042A19D8DFE802F0031629494F
:1094A000670024B101221A70384B18600EE0384A68
:1094B00013785BB1354B37491B68C31A8B4205DD06
:1094C000147040F2011325E014B91C70002321E050
:1094D0002E4A126844F62061801A8842F6DD022185
:1094E00019702D4B1A602D4B00221A70EEE70CB943
:1094F0000322D8E729490A78002AE7D1264B1B68BE
:10950000C31A27488342E1DD01230B70204B1A70F8
:109510004FF48173ADF804309DF80430002063F3FC
:1095200007009DF8053063F30F2003B030BD0CB188
:109530000222DAE715490A6844F62065821AAA422F
:10954000C4DD164A1578124A15B11C701470BDE7B7
:10955000157825B11C70147040F20313DAE701246A
:10956000147004221A700860B0E7084A1CB1012187
:1095700019701060AAE71268801A064A9042A5DDA9
:109580001C70034B1C709CE700310020FC30002055
:10959000F630002030570500F8300020F73000206A
:1095A00020A10700F0B51AB315461C464FF0000C79
:1095B000634505D1A3421BD90C235C43105BF0BD6E
:1095C000EF888FB12E897EB1B5F802E070450BD3DC
:1095D0007744BFB2B84207D2AF88B94204D33E4401
:1095E000B6B2B14238BF64460CF1010C0C35DFE76E
:1095F0004FF6FF70E3E70000024A00231360024ABF
:10960000136070470831002004310020024B1860BD
:10961000024B1960704700BF083100200431002060
:1096200037B5324A136803605368436093688360B8
:109630000446FFF727FF10F47F4FADF8000008D075
:109640009DF800302BB104222270E371204603B054
:1096500030BDFFF78DFE0028F8D06846FFF78EFE7C
:109660009DF80630002BF1D09DF80030BDF80200C7
:10967000BDF8041060805A1EA1800B2AE6D801A50F
:1096800055F822F0D7960000D7960000D796000034
:10969000D7960000B59600004D9600004D9600004C
:1096A0004D9600004D9600004D960000BB960000C0
:1096B000D39600000123237003E0052323700223C7
:1096C000A3720B4B0B4A1B681268FFF76BFF2081DC
:1096D000BCE70223EFE7023BDBB20322022B22703E
:1096E00096BF054A0123D35CA371AFE74AF5010099
:1096F000043100200831002046F501001FB5044662
:1097000001A880E80E0007C884E80B00069BE36010
:10971000079B23610023C4E905334FF6FF73A3833E
:1097200004B010BDC0E905127047034610B41C68B0
:109730000846114664B158B152B11A691AB1127E85
:10974000023A022A04D89A6823465DF8044B184767
:109750005DF8044B704703464069F0B560B1D3F83B
:1097600018C0002703466646BC4506D1B44586BFEF
:109770000C2303FB06000020F0BDDD888DB11C89A1
:109780007CB1B3F802E071450BD37544ADB2A94288
:1097900007D29D88AA4204D32C44A4B2A24238BF67
:1097A0003E4601370C33DFE7022804D0C31E58427F
:1097B000584140007047012070477FB50B78013B4E
:1097C00004460D46042B15D8DFE803F0646420033B
:1097D00097000369CA797BB19B7E6BB1012A0BD1DB
:1097E000062369468DF80030FFF79FFF20690021AE
:1097F00002F0DAFA04B070BD1046FFF7D5FF04237B
:109800008DF800308DF80100022231E08B794A8812
:10981000042B28BF01230F2A12D8032B10D140F2AA
:109820000921ADF800108DF80320694604228DF857
:109830000230FFF77AFF20690028DBD00021D7E74C
:10984000E06808B300F500525168E9B1B2F894112C
:109850009BB9183189B201F083FCE36803F500532A
:109860000522B3F89431ADF80020ADF8023004229F
:1098700069462046FFF759FFBCE7012B04D11829A0
:1098800038BF18211839E5E703228DF800208DF83C
:109890000130B9E78A884988FFF75DFFD8B1837A3C
:1098A000DE06A7D41907068848BFA6835A0704D541
:1098B000636813B1A168002098472A78022AF3B29E
:1098C0004FEA16260AD18DF800208DF801308DF868
:1098D00002600322CCE74FF6FF76EEE72A79A978FB
:1098E0008DF8042001208DF800008DF801308DF8EE
:1098F00002608DF803100522BAE78A884988FFF7CD
:109900002AFF0346D0B1827A12F0100016D11E88C9
:10991000530703D563680BB1A1689847AA78A97A61
:109920002B798DF8042008208DF800008DF80110A7
:10993000ADF802608DF80530062299E74FF6FF7604
:10994000ECE7037B10B54BB9D0E90142A24298BFC6
:10995000A31A99424FF0010302D90373002010BDEE
:109960001846FCE710B501210446FFF7EAFF20B1D5
:10997000A3682268591CA160D05C10BD037B70B540
:1099800004460E46154623BB1AB3FFF7EBFF03460A
:10999000207BF8B99BB902212046FFF7D2FF03468E
:1099A00048B1A2682068511CA160835C0232A260A9
:1099B000425C43EA0223207B60B92B800AE0013B32
:1099C000DBB20F2B03D8F21892F820201AB9022329
:1099D0002373022070BD36F81330EEE738B5037BF1
:1099E00005460C464BB941B1FFF7BCFF0346287B47
:1099F00020B93F2B03D902232B73022038BD03F07B
:109A00000302032AF7D0C3F38703012B38BF0123D6
:109A100022706370F2E700290CBF002000F0010003
:109A2000704710B502210446FFF78BFF48B1A368C9
:109A300021685A1CA260C85C0233A3608B5C40EAB8
:109A4000032010BD38B504460D46FFF77AFF20B15C
:109A5000A368206818442B44A36038BD10B50446A1
:109A6000EF2C18460CD8EF290AD84AB13BB1144460
:109A7000F02C05DC1944F029CCBF0020012010BDDA
:109A80000020FCE72DE9F04FA1B0884617460021E1
:109A900014222A9C05461E4615F023F8B8F1000F43
:109AA00006D147B102232B70284621B0BDE8F08FC4
:109AB0007368BB42F6D3CDE91087002730223946C0
:109AC00014A812978DF84C7015F00BF80A970997A7
:109AD0009DF84C20129B6ABB119A9A422AD90A9A85
:109AE0001AB96F683268974203D302222A70AB60BA
:109AF000DAE710A8FFF736FF9DF84C30D3B900F134
:109B00002003DBB201370F2B6F601AD810A8FFF7C4
:109B100088FF9DF84C30DDF84880074653B9014670
:109B200010A8FFF70EFF08B1474412979DF84C307C
:109B3000002BCDD02B78002B7FD19DF84C302B7093
:109B40007BE0312837D8002842D0013830283FD870
:109B5000DFE810F05A0075009F00EB0041018E0114
:109B6000D6012A027B02AE023E003E003E003E00CD
:109B70003E00BA0214038403C7033E003E003E00C9
:109B80003E003E003E003E003E003E003E003E00E5
:109B90003E00FB0351043E003E003E003E003E00FE
:109BA0003E003E003E003E003E003E003E003E00C5
:109BB0003E00AA04F704602800F091850DD85028D3
:109BC00000F00585512800F05F85402800F0CF8423
:109BD00002238DF84C302B702BE0F02800F0AC8580
:109BE000F12800F0D2856128F2D110A8FFF7BAFE63
:109BF0009DF84C200346E2B9642840F28F85022389
:109C00008DF84C302B7014E000230DF13E0214A9A6
:109C100010A8ADF83E30FFF7B1FE50B9307A2146BA
:109C2000FFF7F9FE28B12368BDF83E101B682046F7
:109C300098472B78022B7FF479AF129B57E710A837
:109C4000FFF790FE074610A8FFF7EBFE9DF84C309B
:109C50000246002BEDD10F2F04D902238DF84C3092
:109C60002B70E6E720AB03EB4703012123F8300C10
:109C700007F180036B44307A03F8101C2146FFF78C
:109C8000CAFE0028D5D0236839465B68204698472D
:109C9000CFE710A8FFF766FE074610A8FFF762FEA1
:109CA000804610A8FFF75EFE814610A8FFF75AFE17
:109CB0009DF84CB08246BBF1000FBAD103464A462C
:109CC00041463846FFF7CAFE20B902238DF84C30D2
:109CD0002B70AEE74FF480730DF13E0214A910A86B
:109CE000ADF83EB0ADF83C30FFF748FE0028A0D1FB
:109CF0000FA910A8FFF772FE00289AD1307A2146EA
:109D0000FFF789FE002894D0BDF83C202368ADF809
:109D10000820BDF83E20CDE900A23946D3F808A0BE
:109D200042464B462046D04783E710A8FFF71AFE6D
:109D3000074610A8FFF716FE804610A8FFF712FE90
:109D4000814610A8FFF70EFE824610A8FFF70AFE14
:109D50009DF84CB00B90BBF1000F7FF46AAF5346F7
:109D60004A4641463846FFF779FE20B902238DF86E
:109D70004C302B705DE74FF480730DF13E0214A957
:109D800010A8ADF83EB0ADF83C30FFF7F7FD002865
:109D90007FF44FAF0FA910A8FFF720FE00287FF433
:109DA00048AF307A2146FFF736FE00283FF441AF36
:109DB000BDF83C202368ADF80C20BDF83E2002928F
:109DC0000B9ACDE900A23946D3F80CA042464B4687
:109DD0002046D0472DE710A8FFF7C4FD074610A87E
:109DE000FFF7C0FD804610A8FFF7BCFD814610A814
:109DF000FFF7B8FD9DF84C308246002B7FF419AF79
:109E0000EF2F30D8B8F1EF0F2DD8B9F1EF0F2AD8D6
:109E1000EF2828D80DF13E0214A910A8ADF83E3065
:109E2000FFF7ACFD00287FF404AF10A8FFF79AFD00
:109E30009DF84C200346002A7FF4FBAE307A214681
:109E4000FFF7E9FD00283FF4F4AE22680293BDF865
:109E50003E30CDE900A33946D2F810A04B46424629
:109E60002046D047E5E602238DF84C302B70E0E623
:109E700010A8FFF777FD074610A8FFF773FD80468F
:109E800010A8FFF76FFD9DF84C308146002B7FF442
:109E9000D0AEEF2F2FD8B8F1EF0F2CD8ADF83E3061
:109EA0000DF13E024FF4807314A910A8ADF83C30B8
:109EB000FFF764FD00287FF4BCAE0FA910A8FFF7E0
:109EC0008DFD00287FF4B5AE307A2146FFF7A3FD63
:109ED00000283FF4AEAEBDF83C202368ADF8042066
:109EE000BDF83E200092D3F814A042464B463946B6
:109EF0002046D0479DE602238DF84C302B7098E623
:109F000010A8FFF72FFD074610A8FFF72BFD80468E
:109F100010A8FFF727FD834610A8FFF782FD8146B2
:109F200010A8FFF77EFD9DF84C308246002B7FF491
:109F300080AEEF2F33D8B8F1EF0F30D8B9F5B47F3A
:109F40002DD2B0F5B47F2AD20DF13E0214A910A88B
:109F5000ADF83E30FFF712FD00287FF46AAE10A87E
:109F6000FFF700FD9DF84C200346002A7FF461AE08
:109F7000307A2146FFF74FFD00283FF45AAE2268A1
:109F80000393BDF83E30CDF80090CDE901A33946EA
:109F9000D2F818905B4642462046C84749E602235D
:109FA0008DF84C302B7044E610A8FFF7DBFC9DF8D1
:109FB0004C300746002B7FF43CAE012804D8022326
:109FC0008DF84C302B7034E60DF13E0214A910A828
:109FD000ADF83E30FFF7D2FC00287FF42AAE10A87F
:109FE000FFF7C0FC9DF84C308046002B7FF421AE7B
:109FF000790010A8FFF726FD9DF84C200346002AA3
:10A000007FF417AE013013F81210EF29D7D810F8EB
:10A010001210EF29D3D80132D1B28F42F3D82A7867
:10A02000022A3FF406AE307A2146FFF7F4FC0028FE
:10A030003FF4FFAD22680093D2F81C90BDF83E209B
:10A04000434639462046C847F3E510A8FFF78AFC87
:10A05000074610A8FFF786FC804610A8FFF782FC91
:10A06000814610A8FFF77EFC9DF84C308246002BFD
:10A070007FF4DFAD03464A4641463846FFF7EEFC23
:10A0800020B902238DF84C302B70D2E5307A21466E
:10A09000FFF7C1FC00283FF4CCAD2368CDF800A049
:10A0A000D3F820A042464B4639462046D047C0E56B
:10A0B000307A2146FFF7AFFC00283FF4BAAD2368A1
:10A0C00020465B6A9847B4E510A8FFF74BFC814631
:10A0D00010A8FFF747FC074610A8FFF743FC9DF8C0
:10A0E0004C308046002B7FF4A4ADB9F1000F40D175
:10A0F000EF2F3ED8EF283CD80DF13E0214A910A84E
:10A10000ADF83E90FFF73AFC00287FF492AD10A81E
:10A11000FFF728FC814610A8FFF724FC9DF84C307F
:10A120008246002B7FF485ADB9F1020F21D801469C
:10A1300010A8FFF787FC9DF84CB00346BBF1000F59
:10A140007FF477AD307A2146FFF765FC00283FF4B5
:10A1500070AD2268CDF80490CDE902A3BDF83E3081
:10A160000093D2F8289043463A4659462046C847BD
:10A170005FE502238DF84C302B705AE510A8FFF7ED
:10A18000F1FB804610A8FFF7EDFB0B9010A8FFF73E
:10A19000E9FB0C9010A8FFF7E5FB074610A8FFF7B6
:10A1A000E1FB9DF84C300D90002B7FF442ADB8F1EF
:10A1B000000F4ED103463A46DDE90B01FFF74EFC96
:10A1C000002846D00DF13E0214A910A8ADF83E803B
:10A1D000FFF7D4FB00287FF42CAD10A8FFF7C2FBDB
:10A1E000804610A8FFF7BEFB814610A8FFF7BAFB18
:10A1F0009DF84C308246002B7FF41BADB8F1020F66
:10A2000027D8B9F1070F24D8014610A8FFF71AFC88
:10A210009DF84CB00346BBF1000F7FF40AAD307AD5
:10A220002146FFF7F8FB00283FF403AD2268CDE993
:10A2300005A3BDF83E3002930D9BCDE90389CDE91E
:10A2400000735946D2F82C802046DDE90B23C04725
:10A25000EFE402238DF84C302B70EAE410A8FFF7EE
:10A2600081FB074610A8FFF7DCFB804610A8FFF72C
:10A2700079FB814610A8FFF775FB9DF84C308246AC
:10A28000002B7FF4D6AC3FBBB8F1020F24D8B9F154
:10A29000EF0F21D8EF281FD80DF13E0214A910A806
:10A2A000ADF83E70FFF76AFB074600287FF4C1ACAB
:10A2B000307A2146FFF7AFFB00283FF4BAACBDF877
:10A2C0003E202368CDE900A23946D3F830A04246AB
:10A2D0004B462046D047ACE402238DF84C302B701F
:10A2E000A7E410A8FFF73EFB814610A8FFF799FBF3
:10A2F000074610A8FFF736FB804610A8FFF732FB91
:10A300009DF84C200346002A7FF493ACB9F1000F6E
:10A3100016D1AFB9B8F1EF0F12D8EF2810D8307AB4
:10A320002146FFF778FB00283FF483AC22680093B6
:10A33000D2F8349043463A4639462046C84778E436
:10A3400002238DF84C302B7073E410A8FFF70AFB42
:10A350000B9010A8FFF706FB804610A8FFF702FB42
:10A36000814610A8FFF7FEFA074610A8FFF7FAFA91
:10A370009DF84CB08246BBF1000F7FF45AAC0B98AD
:10A380003B464A464146FFF769FB78B3BAF1640F92
:10A390002CD80FAA14A910A8ADF83CB0ADF83EB067
:10A3A000FFF7ECFA00287FF444AC0DF13E0214A94B
:10A3B00010A8FFF7E3FA00287FF43BAC307A21467F
:10A3C000FFF729FB00283FF434ACBDF83E2023689A
:10A3D0000392BDF83C200097CDE901A20B99D3F878
:10A3E00038A042464B462046D04722E402238DF84F
:10A3F0004C302B701DE410A8FFF7B4FA074610A8E4
:10A40000FFF7B0FA804610A8FFF7ACFA824610A812
:10A41000FFF7A8FA9DF84C308146002B7FF409AC79
:10A42000EF2F3BD8B8F1EF0F38D8642836D80FAAF1
:10A4300014A910A8ADF83C30ADF83E30FFF79EFAF5
:10A4400000287FF4F6AB0DF13E0214A910A8FFF727
:10A4500095FA00287FF4EDAB10A8FFF783FA9DF87A
:10A460004C200346002A7FF4E4AB307A2146FFF704
:10A47000D2FA00283FF4DDAB22680393BDF83E30EA
:10A480000293BDF83C30CDE900933946D2F83C90B8
:10A49000534642462046C847FFF7CBBB02238DF800
:10A4A0004C302B70FFF7C5BB10A8FFF7BAFA0B9022
:10A4B00010A8FFF757FA074610A8FFF753FA80468F
:10A4C00010A8FFF74FFA814610A8FFF74BFA824613
:10A4D00010A8FFF747FA9DF84C308346002B7FF415
:10A4E000A8AB53464A4641463846FFF7B7FA58B13B
:10A4F000BBF11F0F08D8099B072B0BD902238DF83E
:10A500004C302B70FFF795BB02238DF84C302B702D
:10A51000FFF78FBB307A2146FFF77DFA20B9099B00
:10A5200001330993FFF785BB2368CDF80090CDE98F
:10A5300001AB0B99D3F840903A4643462046C847B2
:10A54000EDE7099B2BB902238DF84C302B70FFF7F8
:10A5500070BB307A2146FFF75EFA18B123682046B7
:10A560005B6C9847099B013B0993FFF762BB10A8FE
:10A57000FFF7F8F9074610A8FFF7F4F9804610A88E
:10A58000FFF74FFA9DF84C200346002A7FF451ABA9
:10A59000EF2F16D8B8F1000F13D007EB0802F02AFE
:10A5A0000FDC307A2146FFF736FA00283FF441AB42
:10A5B00022683946D2F8489020464246C847FFF7FD
:10A5C00038BB02238DF84C302B70FFF732BB10A83C
:10A5D000FFF7C8F90D9010A8FFF7C4F9834610A83B
:10A5E000FFF7C0F9804610A8FFF7BCF90B9010A840
:10A5F000FFF7B8F90C9010A8FFF7B4F9814610A83E
:10A60000FFF7B0F9824610A8FFF70BFA9DF84C301F
:10A610000746002B7FF40DABDDE90B23414658467E
:10A62000FFF71CFA50B3B9F1030F27D8BAF1010FA5
:10A6300024D8B7F5805F21D8394610A8FFF702FA71
:10A640009DF84C200346002A7FF4F3AA307A214675
:10A65000FFF7E1F900283FF4ECAA22680D99CDE953
:10A660000473CDE9029A0C9B01930B9B0093D76C6A
:10A6700043465A462046B847FFF7DBBA02238DF817
:10A680004C302B70FFF7D5BA10A8FFF76BF9804656
:10A6900010A8FFF767F9074610A8FFF763F99DF8C0
:10A6A0004C200346002A7FF4C4AAEF2F11D8EF28CC
:10A6B0000FD8307A2146FFF7AEF900283FF4B9AA47
:10A6C00022684146D2F8509020463A46C847FFF7E4
:10A6D000B0BA02238DF84C302B70FFF7AABA10A83D
:10A6E000FFF740F99DF84C200346002A7FF4A1AA09
:10A6F000042805D902238DF84C302B70FFF799BA46
:10A70000307A2146FFF787F900283FF492AA2268A1
:10A710001946526D20469047FFF78BBA307A214692
:10A72000FFF779F900283FF484AA22681946926D50
:10A7300020469047FFF77DBA10A8FFF713F99DF860
:10A740004C200346002A7FF474AA032805D902236B
:10A750008DF84C302B70FFF76CBA099A2AB102239E
:10A760008DF84C302B70FFF764BA68730122307A91
:10A770002A732146FFF74FF90A9000B32268194661
:10A78000D26D20469047FFF754BA10A8FFF749F959
:10A790009DF84C200346002A7FF44BAA0122E88151
:10A7A0002146307A2A74FFF736F900283FF441AA8F
:10A7B00022681946126E20469047FFF73ABA0A926D
:10A7C000FFF737BA70477047704770477047704758
:10A7D00070477047704770477047704770477047C1
:10A7E00070477047704770477047704770477047B1
:10A7F00070477047704730B5046D072C11D8651C41
:10A800000234056500EBC40520F83410EB709DF8A8
:10A810000C302B719DF810306B719DF81430AA70BC
:10A82000AB7130BD026D2DE9F34103466AB3511E91
:10A83000013200EBC202016592E8030002AA02E9BC
:10A8400003009DF80650AA071FD45C68ECB1986815
:10A85000D8B10268DB689A4217D20C2151436318C1
:10A860009DF802E09DF803C09DF804709DF8056016
:10A87000BDF8008024F801800132A3F802E0A3F8BB
:10A8800004C0DF801E819D72026002B0BDE8F081CD
:10A8900010B5446D04B12170816D01B10A70C26DB3
:10A8A00002B11380036E0BB101221A7010BD704704
:10A8B00070470846FEF76CBB042938B59ABF094BB0
:10A8C0005D5C1E250C462846FDF7ECFC022C07D1EA
:10A8D0002820FDF7D3FC2846BDE83840FDF7E2BC50
:10A8E00038BD00BF56F5010010B504464068FEF7BC
:10A8F000C5FA0023237410BD0123018183724068CF
:10A90000FEF7C2BA2DE9F04F85B092469DF8382087
:10A9100081469DF83C00012A9B460C464FEA800385
:10A9200011D1B1EB530F4FEA530212D98B1A9CB2DB
:10A93000DDF8408008EB00030393039B98450AD1A0
:10A9400005B0BDE8F08F022AF2D18B4201D2CB1ABA
:10A95000EDE70024ECE718F8015B303D092D0CD938
:10A9600005230093CDF804B0032352462146484600
:10A97000FDF785FF0434A4B2DFE7104BEDB205EB21
:10A9800085051D4400270026EB5DC6F10202D34079
:10A99000DB070BD50AEB0702A1190123CDF804B0A0
:10A9A000009392B289B24846FDF769FF0136032E43
:10A9B000EAD10137052FE6D1DCE700BFA0F60100A0
:10A9C00007B50123C17202730374009240680A46FE
:10A9D000F0230021FEF745FA03B05DF804FB28B12F
:10A9E00019448B1A04D4EF2B04DCDBB218467047F1
:10A9F0000023FBE7EF23F9E72DE9F04F85B0D0F80E
:10AA000004909DF83880BDF83CA00F461D46C17AE1
:10AA10001346C289007CFFF7E2FF9DF840409DF895
:10AA200041B014F0FD0F064607D10246CDE9008A79
:10AA30002B4639464846FDF722FF013C012C23D81E
:10AA400000241EE0B5EB440F4FEA44031CD998459F
:10AA50001AD9A1B2C1EBC130400080B205EB000CA5
:10AA600040447218002380B2394401930090CDF81D
:10AA700008A01FFA8CF392B289B24846FEF78CF810
:10AA80000134E3B25B45DDD305B0BDE8F08F2DE9BD
:10AA9000F74F04460D461F46C17A9DF83C809DF84D
:10AAA00030909DF834B0BDF838A01346C289007CC0
:10AAB000FFF795FF18F0FD0F064607D1CDE9009A84
:10AAC00002463B4660682946FDF7D9FE08F1FF388B
:10AAD000B8F1010F0CD8CDE90DBACDF8309060680F
:10AAE0003B463246294603B0BDE8F04FFEF754B866
:10AAF00003B0BDE8F08F2DE9F04F85B004460F4656
:10AB00009946C17A9DF83C60BDF838A01346C289C9
:10AB1000007CFFF764FF16F0FD0580460FD102B2FE
:10AB20000FFA87FBCDF800A0EBB26068039259469C
:10AB30000135FDF75BFFEBB24B45039AF2D9013EBD
:10AB4000012E0BD8CDF838A060684B460FFA88F27A
:10AB5000394605B0BDE8F04FFDF748BF05B0BDE888
:10AB6000F08F2DE9F14F077C90F80BB0D0F80480FE
:10AB70009DF828A0BDF82C900C461E465946134659
:10AB8000C2893846FFF72BFF5346054659463846DB
:10AB9000FFF725FF00B20A9033462AB2214640460D
:10ABA000CDF82C9001B0BDE8F04FFDF7ACBE2DE91B
:10ABB000F04F85B005460E9C0E46904600270137A3
:10ABC000FBB29E4204F1020402D805B0BDE8F08F4A
:10ABD00095F810B0E97AEA8914F8013C03915846D7
:10ABE000FFF7FDFE63780399D5F804A08146584627
:10ABF000FFF7F5FE00B20090CDF80480237814F83A
:10AC0000021C0FFA89F25046FDF77DFED7E72DE9C9
:10AC1000F047D0F80480BDF82060BDF82470BDF87E
:10AC200028900C461D46C17A1346C289007CFFF766
:10AC3000D6FE3FB236B2CDF82890099708962B463B
:10AC400002B221464046BDE8F047FEF755B82DE96F
:10AC5000FF470546BDF838909DF83040BDF834A058
:10AC60000E461F46C17A1346C289007CFFF7B7FE25
:10AC7000CDF8089040F267134FF00009CDE900933A
:10AC80000FFA80F836B23FB23B466868424631461A
:10AC9000FEF732F84FF4B47314FB03F46423B4FBEF
:10ACA000F3F46CB124B2CDE90C94CDF838A0686807
:10ACB0003B464246314604B0BDE8F047FEF71CB8BB
:10ACC00004B0BDE8F0872DE9F04146689DF81870A2
:10ACD0000C461D46C17A1346C289007CFFF77FFEF1
:10ACE000069702462B4621463046BDE8F041FEF766
:10ACF000B8B82DE9F04F87B005469DF84CB00392E7
:10AD0000159A9DF840609DF844709DF84840BDF844
:10AD100050A00492BBF1000F60D1C289C17A007CBF
:10AD2000FFF75DFE814674BB06FB07F3BAEB430FEA
:10AD300054D3A3461FFA8BF297424FD9049B4A443F
:10AD400003EB440A4FF0000892B212E0039B1AF89A
:10AD5000010C059219441AF8023C43EA00230193BE
:10AD600001230093686889B2FDF789FD059A08F10F
:10AD700001081FFA88F18E420AF1020AE6D80BF1A7
:10AD8000010B3444D6E7012C0FD107FB06F39A459B
:10AD900024D3049B0399CDE91073024668683346B7
:10ADA00007B0BDE8F04FFDF7DBBF032C16D107FB62
:10ADB00006F30733BAEBD30F10D34FF6FF7312939A
:10ADC000049BCDF84CB0CDE9107302460399686836
:10ADD000334607B0BDE8F04FFEF701B807B0BDE855
:10ADE000F08F2DE9F0414568C17ABDF818609DF8F3
:10ADF00020809DF81C701446C289007CFFF7EFFD8F
:10AE0000099B0697CDE9078302463346214628462B
:10AE1000BDE8F041FFF776BD2DE9F0414568C17A04
:10AE2000BDF820609DF82C809DF824701446C289DE
:10AE3000007CFFF7D4FD0C9B0697CDE90783024603
:10AE4000334621462846BDE8F041FFF75BBD70B5AB
:10AE5000C2894568C17A007CBDF814601C469DF823
:10AE60001030FFF7BCFD08230246059604932146E7
:10AE70002846BDE87040FDF702BD37B54568C28978
:10AE8000C17A007C1C469DF81830FFF7A8FD1023FE
:10AE900047F6EF31CDE90031024621462846FDF75D
:10AEA000EEFC03B030BD2DE9F74F9DF83080BDF8C2
:10AEB0003CB09DF834A0BDF838901D4604461346BA
:10AEC0000E46C289C17A007CFFF789FDCDE9008B6F
:10AED0002B4602460746314660680AFB05F5FDF73A
:10AEE000CEFC632D0CD9CDE90C8960683A46314619
:10AEF0006423B5FBF3F303B0BDE8F04FFDF7BFBC2F
:10AF000003B0BDE8F08F016000F5005000234360FE
:10AF1000C0F88C3180F89631A0F894317047000069
:10AF200070B500F50055A4B0002604464422314611
:10AF3000C5E9636685F896610FA813F0D2FD1F4B33
:10AF40000B932B460A330C9304F506530C330D93E5
:10AF500020230E9304F506531033209304F5065373
:10AF60001133174A219304F5065307CA123322936B
:10AF700004F506531633239308AB83E80700012238
:10AF80008DF828200BAA009204F580516A680431DC
:10AF900002A8FEF777FD95F896316BB1B5F89231BE
:10AFA00095F89121934284BF9B1A9EB2B5F89431D3
:10AFB000B34288BFA5F8946124B070BD64F5010068
:10AFC000D4F601002DE9F043036891B00446002B4C
:10AFD0003FD000F500577A68002A3AD01E4ADFF8C1
:10AFE0007C800025CDE90B2300F58056B7F894311D
:10AFF0000F95CDE90D55A946ADF83A3004362946EE
:10B000002068FDF729FF2068FDF738FF2068002140
:10B01000FDF73AFF98E8070008AB83E80700012234
:10B020008DF828200BAA00927A688DF83C90314662
:10B0300002A8FEF727FD01352068FDF733FF1E2D1E
:10B04000DDD120684FF0FF31FDF706FF2068FDF7E6
:10B0500015FF11B0BDE8F083D0F50100D4F6010072
:10B060002DE9F0430D4695B09046002114221F466D
:10B07000044613F036FD2B6813B1B8F1000F05D16B
:10B0800002232370204615B0BDE8F083B7F5805F3A
:10B09000F6D8FDF7DBF8304E814696E8070009AB9D
:10B0A00083E807000022009241463A460FA8FEF7C7
:10B0B000E9FC109BE360119B2361FDF7C7F89DF845
:10B0C0003C30A0EB09006060002BDAD19DF84830DD
:10B0D000002BD5D005F10409414605F580583A46C4
:10B0E000484608F1040813F045FD49463A464046F3
:10B0F00013F040FD05F500599DF84C30C9F8047077
:10B100001BB1BDF84A30A9F808302846FFF708FF00
:10B1100005F50050D9F88C110A30FEF777FA96E859
:10B1200007000E4B08930CAB83E8070001228DF853
:10B13000382008AA0092D9F80420414602A8FEF758
:10B14000A1FCFDF783F806462846FFF73BFFFDF715
:10B150007DF8801BA06095E7D4F601003CF6010065
:10B1600010B400F5005494F8963123B9A4F8943142
:10B170005DF8044B704794F89131B4F892219A42EB
:10B1800086BFD31A9BB200238B4228BF0B46A4F87C
:10B1900094315DF8044BFFF715BF2DE9F041089E8F
:10B1A0000C4696469846DDE9061276B307282CD859
:10B1B00014F0100529D114F0010702D0A30720D5FF
:10B1C0002F464FF0020C099B02EB0C05AB421CD33F
:10B1D000F42D1AD802B1D1B104F01F0444EA40148E
:10B1E000347086F801E027B14FEA182386F8028010
:10B1F000F3701AB106EB0C0013F0BCFC2846BDE856
:10B20000F08101274FF0040CDDE70025F6E70D463D
:10B21000F4E72DE9F04FC5B081464E9C984616469E
:10B2200042B14F9B33B1B4F5805F03D824B1B8F17C
:10B23000000F16D1002011E007AFCDE90147F4233C
:10B24000039301F01C01CDF800803278A3B241F0E5
:10B2500003014846FFF7A1FF002836D145B0BDE8FD
:10B26000F08FF22CE8D901F01C05A3B245F00101E2
:10B270000027F02205934FF0F40B0DF11C0AE31B9D
:10B28000934228BF1346CDE902AB3A4642441F44DD
:10B290000193A742009228BF41F00201059B32783A
:10B2A0004846FFF77AFF01460028C3D03378509A0A
:10B2B0000133337050464F9B98470028BAD0A742BD
:10B2C0004FF0F202CAD22946D9E73378509A0133B7
:10B2D000337001464F9B38469847BFE707299FBF09
:10B2E00000EBC102002340F83130C2F80330704750
:10B2F00010B50024E1B20134FFF7F0FF082CF9D1BA
:10B3000000F58050002380F84430036410BD2DE91F
:10B31000F04700F58058002316460446C8F8403030
:10B320000A4659B1B31EF22B08D80B7813F0100956
:10B330004FEA531507D02946FFF7D0FF4FF0020917
:10B340004846BDE8F087062D7CD0072D03D198F83C
:10B350004510002976D003F0020A13F0010307D04C
:10B36000BAF1000F04D1032E32D829462046E3E774
:10B370004FF0000C0227D119F61BEF00507827443C
:10B38000002B3BD0002344F83530C7F803300123AD
:10B39000BB711844BAFA8AF35B09787004F8353047
:10B3A000BCF1000F18D053887B805A1EB2F5805F25
:10B3B000DBD2B342D9D3324604F1400013F0DAFBBA
:10B3C000B3B2BB80BAF1000F0CD14FF00109B7E75F
:10B3D0004FF0010C0427CEE7BAF1000FC5D0B3B28D
:10B3E0007B80E6E77A889A42BFD1C8F8406088F847
:10B3F000445029462046FFF771FFA1E714F8353085
:10B40000002BB2D0BB79002BAFD07B788342ACD17C
:10B4100001337B70BB887A8898199042A5D804F1D3
:10B4200040003246184413F0A5FBBB881E44B6B258
:10B430007B88BE80BAF1000F01D09E42D4E79E42C5
:10B44000C3D192E74FF003097AE7034610B45C6872
:10B450000846114624B19A6823465DF8044B184704
:10B4600020465DF8044B704730B5C1B08123B2F57A
:10B47000807F054614468DF8003008D94FF480745B
:10B48000621E01310DF1010013F074FB01E0012A8D
:10B49000F6D8224669462846FFF7D7FF41B030BDAF
:10B4A0007FB5037F0546002B3ED0D0E908329A4293
:10B4B0003AD30368C3B39847AA6A6E6A0023841A12
:10B4C0002B7733D01A482246A6FB000113F042F82E
:10B4D00082238DF80030230A8DF80230230C8DF87A
:10B4E0000330330A8DF80630330C8DF80730330EF5
:10B4F0008DF80830030A8DF80A30030C8DF80B30F4
:10B50000030E8DF801408DF80900240E8DF80C30E3
:10B510000E220023694628468DF804408DF8056008
:10B520008DF80D30FFF791FF04B070BD2046CFE7D6
:10B53000A0860100042A38B50446154619D90368C7
:10B54000BBB1D1F801200262002242629847236A0F
:10B55000A0621A1E18BF0122052D227709D043B11F
:10B56000636A053B2B4463622046BDE83840FFF721
:10B5700097BF38BD017F31B12AB1416A013A114408
:10B580004162FFF78DBF7047F0B5012A93B00546C1
:10B5900014461DD90368DBB1013A402A18D8842328
:10B5A00001310DF101008DF8003013F0E3FA2B6842
:10B5B00098476E463719030A0DF804007B70030C98
:10B5C000BB70030EFB70221D69462846FFF73DFF46
:10B5D00013B0F0BD30B5436987B0044643B3816909
:10B5E00001A89847BDF80400BDF80610BDF8082072
:10B5F000BDF80A308DF80D008DF80F108DF8112070
:10B60000000A090A120A8DF80E008DF810108DF844
:10B6100012208DF8133085251B0A092203A9204624
:10B620008DF80C508DF81430FFF70FFF07B030BDC8
:10B630001A4619461846DDE730B5012A85B0054699
:10B6400038D9C468DCB30369013A01316846A047C0
:10B65000DDE90012029B9DF80C008DF80110862494
:10B660008DF800400C0A8DF802400C0C090E8DF884
:10B670000410110A8DF805208DF80610110C120E19
:10B680008DF808201A0A8DF80A201A0C8DF8071078
:10B690008DF809308DF80B201B0E8DF80D000E2251
:10B6A000694628468DF803408DF80C30FFF7CDFE33
:10B6B00005B030BD012000231A461946CDE7012010
:10B6C0002346F9E7F8B5134641B34AB30E78771E1F
:10B6D000052F03D9BDE8F840FFF7B7BE023E042EA0
:10B6E00004D8DFE806F0080C101417001A46FFF71C
:10B6F000BBFE0120F8BD1A46FFF71CFFF9E71A460A
:10B70000FFF738FFF5E71A46FFF73EFFF1E7FFF7CF
:10B7100061FFEEE71A46FFF78FFFEAE70846E9E721
:10B720001046E7E70268136810B59F2B9FBF40687B
:10B730005C1C1460C15410BDCA08006801F0070108
:10B7400001238B40815C0B438354704718B101285F
:10B7500001D0022804D1034B0C2202FB00307047B9
:10B7600000207047E0F6010007B52022002101907B
:10B7700013F0B7F901A80121FFF7DEFF01A80221AC
:10B78000FFF7DAFF01A80321FFF7D6FF04210DEB35
:10B790000100FFF7D1FF01A80521FFF7CDFF01A8A8
:10B7A0000621FFF7C9FF01A80721FFF7C5FF01A880
:10B7B0000821FFF7C1FF01A80921FFF7BDFF01A87C
:10B7C0000A21FFF7B9FF01A81021FFF7B5FF01A873
:10B7D0001121FFF7B1FF01A81221FFF7ADFF01A86A
:10B7E0001321FFF7A9FF01A82021FFF7A5FF01A85A
:10B7F0002121FFF7A1FF01A83021FFF79DFF01A83C
:10B800003121FFF799FF01A84021FFF795FF01A81B
:10B810005021FFF791FF01A85121FFF78DFF01A8EB
:10B820006021FFF789FF01A86121FFF785FF01A8CB
:10B83000F021FFF781FFF12101A8FFF77DFF03B0A1
:10B840005DF804FB2DE9F04F8846ADB09146074600
:10B8500018B900202DB0BDE8F08F04AC002501AB75
:10B86000012102A8029301950394FFF75BFF29468B
:10B8700002A8FFF757FF0B2102A8FFF753FF294645
:10B8800002A8FFF74FFF01982F4E231801222254E0
:10B890005D70831CF022E118E254031D4D70E11825
:10B8A0000630E25401904D702044FFF75DFF019B8C
:10B8B00003F12002A118A55410224A70223303215B
:10B8C00002A80193FFF72EFFAA46317802A8FFF7DE
:10B8D00029FFD6F804B000251BF805300BB1102D58
:10B8E0002AD1E9B202A8FFF71DFF5D44AB4525D17F
:10B8F000317A02A8FFF716FF019B7289E254E11822
:10B900000AF1010A120A0233BAF1030F4A700193D5
:10B9100006F10C06D9D1002102A8FFF703FF494622
:10B9200002A8FFF7FFFE019A424592D82146384609
:10B9300013F020F901988DE70135CDE71BF8011BC5
:10B9400002A8FFF7EFFED1E7E0F6010010B50822EC
:10B95000044600211C3013F0C4F8002384F82C3076
:10B9600010BD70B50D46044606460FCD0FC695E8CE
:10B9700003004FF0807386E80300A3612046FFF7C1
:10B98000E5FF0023C4E90D3384F82D30E38584F806
:10B99000303070BD30B4056835B129B122B143698A
:10B9A000AC46022030BC604730BC704707B5072367
:10B9B0008DF80510022201A98DF80430FFF7EAFF87
:10B9C00003B05DF804FB13B5046874B1837EB3FA69
:10B9D00083F35B090A221B01ADF804208DF80630C1
:10B9E0000322436901A90020A04702B010BD13B58E
:10B9F00004685CB106238DF804308DF805104369A6
:10BA00008DF8062001A903220020A04702B010BD36
:10BA100030B50368A9B0044663B190F83020A02186
:10BA20006846FFF70FFF024620B125686369694643
:10BA30000020A84729B030BD70B5044608460D4621
:10BA4000FFF784FE30B1E368E5761BB16169BDE8BC
:10BA50007040184770BD000070B500250446C0E96D
:10BA60000D1180F82F5085764576FFF76FFF012383
:10BA70002376A36884F82E5013B16169284698474D
:10BA80002046FFF7C5FF236923B161690248BDE87D
:10BA90007040184770BD00BF8FEC0100037E70B589
:10BAA00004465BB190F82C3043B100F11C01082230
:10BAB000243013F05FF8012384F82D300025A5769B
:10BAC00084F82F502046FFF741FFA368257613B175
:10BAD000616928469847236923B161690248BDE836
:10BAE0007040184770BD00BFBBEC01000A2AF8B5D2
:10BAF00004460D46164629D90B78022B26D14F78DD
:10BB00003846FFF723FE00B3AB7A0B339E421DD3BA
:10BB100004F11C060822A91C304613F02BF894F8F7
:10BB20002D00012384F82C3040B1082204F12401B7
:10BB3000304612F0ADFFB0FA80F0400984F82E00D4
:10BB400039462046FFF778FF0120F8BD0020FCE7CA
:10BB5000002310B50446837680F82F3043760AB16F
:10BB6000FFF724FFA36813B1616900209847237E83
:10BB7000033B012B9CBF022323762046BDE81040E7
:10BB8000FFF721BF90F82F3010B504468BB9A37E84
:10BB9000012084F82F002BB104232376A3680BB176
:10BBA00061699847236923B161690248BDE8104083
:10BBB000184710BDDFEC010070B504461D46002992
:10BBC00071D0002A6FD00B78023B092B6BD8DFE8CD
:10BBD00003F0052B344C6A64716B6A8B237E012B56
:10BBE00061D12046FFF782FF38B92369002B5AD074
:10BBF00061694148BDE870401847002384F82F3040
:10BC0000A3760223237665632046FFF7DCFE2369D3
:10BC1000002B48D094F82E006169384A384C00282F
:10BC200018BF14462046E5E7237E012B3BD123694C
:10BC3000002B38D061693348DCE7237E023B022BBE
:10BC400031D894F82F3065636BB3A07E00239842FF
:10BC500084F82F300CBF022303232376A36813B389
:10BC600008BB6169BDE870401847012A1BD0237EDC
:10BC7000023B022B17D84D782846FFF767FD30B9F5
:10BC8000012229462046BDE87040FFF7B0BE294694
:10BC90002046FFF7D1FE0022F3E7237E023B022B72
:10BCA00001D80123637670BD237E023B022BFAD8B4
:10BCB0000023F7E7A07E0028F5D00138C0B20023AA
:10BCC000A076637660B902232376A36884F82F00F8
:10BCD0000BB1616998472046BDE87040FFF773BE1D
:10BCE0002046FFF74FFFF6E720460122BDE87040EF
:10BCF0000321FFF72DBF00BF3DED010000ED010066
:10BD00001CED01005CED010070B504461D46237E6C
:10BD1000023B022B0846114622D8636803B3F8B1F0
:10BD2000F2B1A27EAAB1667E62699847C0B9012EBF
:10BD3000A27E10D1062A01D80132A276002384F80F
:10BD40002F300323238365632046BDE87040FFF74F
:10BD50003ABE0126E8E7002AF0D10123A376EDE7F9
:10BD600070BD0000037E023B022B10B5044618D8BC
:10BD7000436BC91A42F20F7399420BD9036913B18D
:10BD8000416908489847012220461146BDE8104005
:10BD9000FFF7DEBEB1F57A6F03D3BDE81040FFF7C1
:10BDA000F1BE10BD87ED0100807E003818BF012074
:10BDB0007047000007C8024B83E80700704700BFC8
:10BDC0000C31002070B4064E35682DB121B11AB186
:10BDD000B368AC4670BC6047002070BC704700BFC1
:10BDE0000C31002070B4064E75682DB121B11AB126
:10BDF000B368AC4670BC6047002070BC704700BFA1
:10BE00000C310020024AD2F80034002BFBD07047DE
:10BE100000E0014010B5064C237843B905484FF4C3
:10BE200080524FF4FE2112F0A5FE0123237010BDB5
:10BE3000183100201C310020024B00221A70FFF73D
:10BE4000E9BF00BF1831002070B5044616460D4604
:10BE500011B90024204670BD002AFAD00228F8D873
:10BE6000FFF7D8FF0B490C4AA30201EB8424C85802
:10BE70009042EED16468621EB2F57E7FE9D2B44290
:10BE800028BF3446083322461944284612F072FE71
:10BE9000E0E700BF1C310020544C50532DE9F04125
:10BEA000074616460C4600294BD0531EB3F57E7F3D
:10BEB00047D2022845D8244D4FEA872805EB87272B
:10BEC000FFF7A8FF214B45F8083008F1080032467B
:10BED00021467E60284412F04DFE06F108004044E1
:10BEE000C6F57E72FF21284412F0FBFD1848FFF7CB
:10BEF00089FF0223C0F804354FF4FE21FFF782FFCB
:10BF0000C0F80815FFF77EFF0023C0F80435FFF7DF
:10BF100079FFFFF777FF0123C0F80435FFF772FFC1
:10BF200055F8043B41F8043BFFF76CFFB1F5002FD7
:10BF3000F6D10023C0F80435FFF764FF0120BDE807
:10BF4000F0810020FBE700BF1C310020544C50530F
:10BF500000E00140034A13680BB150681847002005
:10BF6000002170473841002030B50A4D421E00F1D3
:10BF700017034FF0FF3012F8011F4840082140F32B
:10BF800000042C40013984EA5000F8D19342F2D1E8
:10BF9000C04330BD2083B8ED03C808B5054B182257
:10BFA00083E803000448002112F09BFD034B0022AC
:10BFB0001A7008BD38410020204100201C4100209B
:10BFC00070B586B018220021684612F08AFD18224A
:10BFD00069460020FFF7F6FE17281AD90E4B009A83
:10BFE0009A4216D100236846059C0593FFF7BCFFD3
:10BFF000A0420ED16C460FCC084E35460FC594E8D2
:10C0000003007368064A5B1A85E8030018BF012322
:10C01000137006B070BD00BF43544C532041002044
:10C020001C41002038B5084D084B2B6000242846E1
:10C030006C61FFF799FF2946686118222046BDE828
:10C040003840FFF7CFBE00BF2041002043544C537F
:10C050002DE9F047DFF8E080354C0746FFF77AFF1F
:10C0600098F8003005460E46002B57D0D4E902322E
:10C07000834272EB060151D2B5EB030A66EB020272
:10C08000D4F810904FEADA3A4AEA424A4FEAE97C99
:10C09000A9FB0A01274A00230AFB0C1112F00AFA35
:10C0A00010EB0A0241F100031F2A73F1000135DB96
:10C0B0006168B7EB010C6EEB0E0EBCF11F0F7EF149
:10C0C00000012BDB1B49BCEB020C6EEB030EACFB3F
:10C0D000010C01FB0EC112F0EDF9DFF860E04FF04A
:10C0E000FF3C70450A4671EB0C01034641F2893171
:10C0F000BCBF734662468B4272F10001A4BF41F29D
:10C10000883300220321C9FB0132002A02DA5B18BE
:10C1100042F100029B0843EA827323610123C4E9D0
:10C120000175E66088F80030BDE8F047FFF77ABF98
:10C130002041002040420F001C41002078ECFFFF0E
:10C14000F8B5164B1E783EB3FFF704FF144BD3E946
:10C150000225904271EB05045E681DD3841A61EBE1
:10C16000050518690F4AE40B44EA4544ED0BC31773
:10C1700000FB05F104FB0311A0FB04070023394475
:10C1800012F098F9341945F10005001945EB010545
:10C19000002DACBF064600263046F8BD1C410020ED
:10C1A0002041002040420F0070B50446FFF7C8FF51
:10C1B0002C4BB0FBF3F307220433B3FBF2F2C2EBD8
:10C1C000C2023C219B1AE371B0FBF1F301FB1300A7
:10C1D000B3FBF1F201FB123318216371B2FBF1F3EF
:10C1E00001FB1322A07122714FF4C87040F2B272A9
:10C1F0006426910705D1B2FBF6F106FB112189B245
:10C2000071B9B2FBF0F100FB112189B241B10025F7
:10C2100040F26D118B4207D301325B1A92B2E8E70C
:10C2200001254FF4B771F5E70F4822800122022A59
:10C23000014600F1010000D145B90978994207D9BA
:10C240000133DBB2A270E370204670BD1D21F5E71B
:10C250000132D2B20D2AA3EB0103E8D10C221F2335
:10C26000F0E700BF8051010004F70100014B18788E
:10C27000704700BF1C4100200B4B012200215A6077
:10C280009A60C3F80815C3F80C110221C3F84413CF
:10C29000C3F804134FF0E0214FF40030C1F88002DE
:10C2A000C1F800011A6070470010014010B5074B3B
:10C2B000074C1A68D4F8040519689142F9D120F0A6
:10C2C0007F4040EA0160090A10BD00BF40410020E4
:10C2D00000100140054BD3F80C2132B10022C3F805
:10C2E0000C21034A136801331360704700100140AA
:10C2F00040410020FFF7EEBFF8B50D46AB421C46AB
:10C3000028BF2C46074611461E4614B1224612F09D
:10C3100031FCAE423CBF00233B55069B1C70F8BD70
:10C3200020B140F60422002112F0DBBB704730B58B
:10C3300030B110F8A04B0023A025DAB2944200D807
:10C3400030BD05FB03F201338154F6E740B10378B9
:10C350008B4204D9A02303FB010004307047002066
:10C36000704770B50446F0B103788B421BD9013198
:10C37000CDB2A026207885420BD30138C0B2207000
:10C3800006FB0040A0220021043012F0AAFB01208D
:10C3900070BD06FB0540011D9D229C38013512F041
:10C3A000E9FBEDB2E6E70020F2E72DE9F04F134696
:10C3B0008BB00D46044618B900200BB0BDE8F08FD5
:10C3C0000029F9D0002AF7D00E78032E03D1FFF709
:10C3D000A7FF0120F1E7022E25D1012AECD091F828
:10C3E000018008F102029A42E6D8023500274FF098
:10C3F000A0092378FEB2B342DED909FB06F0231868
:10C400001B7943450DD1053042462946204412F0A0
:10C410003FFB30B9314620460BB0BDE8F04FFFF787
:10C42000A0BF0137E5E7012EC6D1012AC4D04F785D
:10C430007A1D9A42C0D8BFD011F802B007F1060A9F
:10C440000BEB0A029A42B7D2501C8A5C0492111874
:10C450000A1D9A42B0D8AB1C0393EB194FF00009A8
:10C460009A780592DA7806921B7907936A182B1846
:10C47000089393785078695CD2781B0443EA0023D0
:10C480000B4343EA02630993A02322785FFA89F8F9
:10C4900042450CD80F2A06D94FF0A0082278B242A4
:10C4A00054D8013AD2B2531C237016B210E003FBE9
:10C4B00008F022181279BA4245D1053003993A465C
:10C4C000204412F0E5FAA02300283CD10FFA88F6A8
:10C4D000A022564306F10408A0440021404612F071
:10C4E00000FB701D3B46039ACDF80080A719282158
:10C4F0002044FFF701FF059B87F82D30069B87F846
:10C500002E30079B87F82F3006F1300306F13100FB
:10C510002344009305EB0A025B4620212044FFF7E9
:10C52000EBFE06F1520051362644049B089A009611
:10C5300048212044FFF7E0FE099BC7F89C30002308
:10C5400087F8A03045E709F101099EE708FB06409E
:10C55000011D9D229C38013612F00CFBF6B29DE7BE
:10C5600018B16422002112F0BCBA704710B504461D
:10C570009AB008B36422002101A812F0B2FA7F2316
:10C58000642201A901208DF808308DF810308DF853
:10C5900018308DF820308DF828308DF830308DF837
:10C5A00038308DF84030FFF70DFC632804D9642241
:10C5B00001A9204612F0DEFA1AB010BD014618B1EA
:10C5C00064220120FFF70EBC7047F7B504469DF8C2
:10C5D000207028B90025284645EA002003B0F0BDA8
:10C5E00090F860C053EA070024D0012000FA02F25C
:10C5F0002546204600265FFA86FEF4451DD8002316
:10C6000095F84120002A3CD06A6C8A4239D804EB64
:10C61000C305002385F841302046FFF7CFFF95F88A
:10C6200040000225D8E706F830E00130C5B2AC453D
:10C63000F9D8DAE7661D8646F8E790F801E0BEF122
:10C64000000F1BD090F805E0BEF1000F16D190F856
:10C6500004E01EEA020F11D090F802E09E450DD1D1
:10C6600090F803E0BE4509D104EBC603012520463E
:10C670005D71FFF7A3FF14F83600ADE7013608300F
:10C68000B9E70133042B05F10805B9D1A2E713B5C9
:10C6900003468DF807201C68084634B1DB68012288
:10C6A0000DF10701A04702B010BD2046FBE703468D
:10C6B00010B45C680846114634B12AB1A446DB6860
:10C6C0005DF8044B0122604700205DF8044B704781
:10C6D00037B504460FC9002584E80F002582B6222D
:10C6E0007E212046FFF7D3FFA36813B1E168322013
:10C6F00098470DF10702002120468DF80750FFF7FB
:10C70000D6FF28B19DF80730112B03D101232374E4
:10C7100003B030BD132BFBD10223F8E72DE9F7431B
:10C7200004461646894621B90025284603B0BDE8CF
:10C73000F083002AF8D00368002BF5D0002259219D
:10C74000FFF7A5FF0028EFD00025A6EB0508B8F1FC
:10C75000080F28BF4FF00808E3682768424609EB36
:10C7600005015E20B8470028DED04544AE42ECD833
:10C77000012259212046FFF78AFF05460028D3D021
:10C78000A36813B1E1689620984700230DF10702D2
:10C790005F2120468DF80730FFF789FFC5E738B5E0
:10C7A000A82240210446FFF772FF10B90025284651
:10C7B00038BD002241212046FFF769FF0028F5D04F
:10C7C00004227D212046FFF762FF05460028EDD0B8
:10C7D0000A2253212046FFF75AFF042258212046FF
:10C7E000FFF755FFE3E7F8B51D46037C044673B138
:10C7F0000023437429B122B1FFF790FF08B1012350
:10C80000637429462046BDE8F840FFF7C8BF1846C4
:10C81000F8BD437C13B513B9002002B010BD4468C5
:10C820000023ADF804308DF80630002CF4D0C36836
:10C83000032201A91E20A0470028EDD09DF8060084
:10C840009DF80530000440EA03209DF804301843A9
:10C85000E3E707B500230DF107021C218DF807302F
:10C86000FFF725FF20B19DF80700003818BF012011
:10C8700003B05DF804FB000007C8024B83E8070023
:10C88000704700BF44410020094A08B5136813B936
:10C890004FF47A6008BD906898470028F8DB4FF4A1
:10C8A000FA63584340F2D943B0FBF3F080B2F1E7AA
:10C8B0004441002008B5FFF7E7FF40F6E443984203
:10C8C00010D941F2670398424FF064030CD85843E3
:10C8D000A0F5A120A0F588704FF46173B0FBF3F0D0
:10C8E000C0B208BD0020FCE71846FAE7034A5368C7
:10C8F0000BB1906818471846704700BF44410020AC
:10C90000014B1868704700BF480000204FF0A0435B
:10C91000D3F8100580F48050C0F300307047000059
:10C920001FB54FF0A0430C22C3F830270023039318
:10C93000044B019301A8044B0293FFF79DFF05B040
:10C940005DF804FB01C900000DC90000014B18602F
:10C95000704700BF48000020D0E9013210B5934273
:10C960003FBF02685C1C4460D15424BF00230373A2
:10C9700010BD10B50C46C9B2FFF7EEFF210ABDE8A5
:10C980001040FFF7E9BFF0B585B072B930238DF8DC
:10C9900004300123591AC9B21BB1013BDBB28B42EF
:10C9A00018D10023037005B0F0BD01AD01230A26A4
:10C9B000B2FBF6F706FB1724303405F8014B14469A
:10C9C000092C3A4601D8DBB2E4E701330B2BEFD157
:10C9D0000A23DFE703F110026A4412F80C2C00F876
:10C9E000012BD9E72DE9F041054606981E4617466A
:10C9F000884612F0CDF8102104462846FFF7ACFF18
:10CA00000021FFF7A9FF4146FFF7A6FF3946FFF7D0
:10CA1000A3FF0121FFF7A0FF3146FFF79DFFE1B221
:10CA2000FFF79AFF069C6618B44201D1BDE8F08179
:10CA300014F8011B2846FFF78FFFF5E708B5002122
:10CA4000FFF78AFFBDE80840FFF793BF2DE9F04FDD
:10CA5000046893B00546002C00F01A82002900F00B
:10CA60001782072A40F2148200230F9301238DF8C6
:10CA7000443023780E911092052B00F20982DFE8F2
:10CA800013F00600B8006701A401BE01E40102A88A
:10CA9000FFF78AFB0EA80121FFF75EFFFFF7CEFF2D
:10CAA0000221FFF759FF0021FFF756FF4FF6FF71F4
:10CAB000FFF75FFF0221FFF74FFF0121FFF74CFF58
:10CAC0004FF4FC61FFF755FF9DF80C300A25B3FBCE
:10CAD000F5F205FB123330338DF811303A238DF81F
:10CAE00012309DF80D3002F13001B3FBF5F205FB79
:10CAF000123330338DF810108DF8143002F13001FC
:10CB000004AB8DF8131000260093462201237821F0
:10CB10008DF81560FFF766FF9DF80B30B3FBF5F25B
:10CB200005FB123330338DF821309DF80A308DF833
:10CB3000286002F130018DF82010B3FBF5F105FB00
:10CB4000113330332D228DF82430BDF808308DF8A4
:10CB500022208DF82520642201F13000B3FBF2F190
:10CB600002FB1133DBB2B3FBF5F105FB11333033BC
:10CB70008DF823008DF8273001F1300008AB8DF8D7
:10CB800026000093782101230EA8FFF72BFFE37DF9
:10CB900063B10BADA2680C212846FFF7F4FE0095A7
:10CBA0000123822278210EA8FFF71CFF06ADA2798F
:10CBB00008212846FFF7E7FE0023C82228210EA8F7
:10CBC0000095FFF70FFF2179B34AB44B002918BF36
:10CBD0001346C8220093114602230EA8FFF702FF56
:10CBE0006379002B4BD0AE4B0093A0220123782118
:10CBF000E7E00EA80121FFF7AFFEFFF71FFF0221BC
:10CC0000FFF7AAFE0021FFF7A7FE4FF6FF71FFF71F
:10CC1000B0FEA44B0093082201237821FFF7E2FE27
:10CC20006F68002F39D03C7808AD22460421284691
:10CC3000FFF7A9FE00950123182278210EA8FFF71F
:10CC4000D1FE062CA04628BF4FF006083CB3C8EB27
:10CC5000C804A400A4B20EA84021FFF77DFE28213D
:10CC6000FFF77AFEB421FFF777FE2146FFF781FE3A
:10CC7000DFF824A230240026F1B2414511D30EA8DA
:10CC8000F021FFF769FE0021FFF766FE9DF84400E2
:10CC9000002800F0FE800F98FBE03C46C4E701242A
:10CCA000D9E73846FFF752FB054600284CD00EA8BE
:10CCB0003021FFF751FE06F1640189B2FFF759FEFA
:10CCC0000421FFF749FEA4F10801C9B2FFF744FEB1
:10CCD000E821FFF741FE1A21FFF73EFE0121FFF791
:10CCE0003BFE95F82B30A3F13002092A88BF302390
:10CCF0004FF000090DF12C0B8DF82C3022464B46DD
:10CD00000C21CDF800B08DF82D90FFF76BFE95F853
:10CD10002C2008215846FFF736FE4B46CDF800B0D0
:10CD2000224628210EA8FFF75DFE95F89C303BB106
:10CD3000CDF800A04B462246C8210EA8FFF752FEB0
:10CD400031210EA8FFF708FE1C340136E4B293E748
:10CD50000EA80121FFF700FEFFF770FE0221FFF78A
:10CD6000FBFD0021FFF7F8FD4FF6FF71FFF701FE15
:10CD70004D4B00930BAD012314227821FFF732FEB7
:10CD8000227D04212846FFF7FEFD002350222821A2
:10CD90000EA80095FFF726FE627D04212846FFF7C6
:10CDA000F2FD00236E2228210EA80095FFF71AFE3F
:10CDB000A27D04212846FFF7E6FD009500238C2282
:10CDC00028210EA8FFF70EFE59E70EA80121FFF754
:10CDD000C3FDFFF733FE0221FFF7BEFD0021FFF781
:10CDE000BBFD0BAD4FF4FC61FFF7C3FDA279082139
:10CDF0002846FFF7C8FD009501236422F7E60EA838
:10CE00000121FFF7A9FDFFF719FE0221FFF7A4FD9D
:10CE10000021FFF7A1FD0BAD4FF47841FFF7A9FD0D
:10CE2000227F04212846FFF7AEFD012350227821FE
:10CE30000EA80095FFF7D6FD627F04212846FFF774
:10CE4000A2FD009501237822D1E60EA80121FFF76B
:10CE500083FDFFF7F3FD0221FFF77EFD0021FFF7C1
:10CE60007BFD4FF6FF71FFF784FD0C4B00936E22A4
:10CE700001237821FFF7B6FDF0210EA8FFF76CFD26
:10CE80000021FFF769FD9DF84430002B7FF403AFCC
:10CE9000002013B0BDE8F08FD3ED0100D0ED01000C
:10CEA000CCED0100CFED0100D2ED01004FF4406266
:10CEB0003C21C0E90012826040F6042C4FF48052FD
:10CEC000C0E903C27047000073B50F4C064694E8F2
:10CED00003000822CDE9000169460220FEF772FF37
:10CEE00007280A4A06F1280308D90199914205D179
:10CEF000DDE9000183E8030002B070BD94E803009F
:10CF000083E80300F262F7E710F7010053544C5333
:10CF100030B5036885B00446C3B100F11403019332
:10CF200000F5B35500F6144302931C3500F5B053D9
:10CF3000183329464FF4007201A80393FFF786FDCA
:10CF4000014618B12368E2682846984705B030BD0D
:10CF500070B5044615460FC9256184E80F004FF4EB
:10CF60004062002104F1140011F0BBFD002664238F
:10CF700004F5B055A37604F6144018352675FFF76E
:10CF8000CFF92846FFF7ECFA2846FFF7EFFA2046DC
:10CF9000FFF79AFFFFF714F8206938B1037C2BB133
:10CFA00094F8293032463146FFF71DFC2046BDE893
:10CFB0007040FFF7ADBF10B5012304460383002185
:10CFC00000F61440FFF7B3F9237D052B04BF0023BF
:10CFD00023752046BDE81040FFF79ABF10B5002327
:10CFE00004460376012100F61440FFF7A0F920461D
:10CFF000BDE81040FFF78CBF037D41760BB9FFF70A
:10D0000087BF704710B5044600F61440FFF7CDF90E
:10D0100038B1237D012B04D12046BDE81040FFF735
:10D0200077BF10BD10B504460846FFF711F820463B
:10D03000BDE81040FFF76CBF00F58053012283F874
:10D040008828836813B1C1683720184770470423C4
:10D0500010B50375436880F83010044680F831201D
:10D0600013B1C168022098472046FFF7E5FF20462C
:10D07000BDE81040FFF74CBF73B50446006918B314
:10D08000037C0BB3FFF7C5FB0546FFF759F80646CF
:10D090006846FFF789F89DF805309DF804203C218B
:10D0A0004B434FF4616101FB02339DF806201344AA
:10D0B000F61A636A0BB1B34201D0C4E90856236A79
:10D0C000AB4298BFED1AE56102B070BD10B50446E1
:10D0D000FFF7F0FBA076FFF709FCE37D60B10122CA
:10D0E0008BB90323E27523752046FFF7A5FF204681
:10D0F000BDE81040FFF70CBF33B1237DE075032B73
:10D1000003D12075F3E71346E37510BD10B586B063
:10D110000446FFF7ABF800B304A8FFF745F8FFF7A4
:10D120000FF89DF815300093014604F5B0509DF8B6
:10D1300014309DF817201830FFF747FAC1B20129C3
:10D14000ADF80C0007D19DF80D20204606B0BDE8D3
:10D150001040FFF77CBF0229F5D006B010BD10B516
:10D1600090F82830044683B1006970B1FFF771FB75
:10D1700058B12046FFF760FF237D0BB1052B04D18A
:10D180002046BDE81040FFF7C3BE10BD70B500F5E6
:10D1900080560446D6F88038CB1AB3F5FA6F0D46A0
:10D1A00008D3FFF769FF237DC6F8805813B92046DE
:10D1B000FFF7AEFED6F8843841F28732EB1A93427D
:10D1C00004D92046FFF782FFC6F884582046FFF7AF
:10D1D0009DFF2046BDE87040FFF7C1BF10B5044673
:10D1E000FFF72AFF237D042B06D100232375204659
:10D1F000BDE81040FFF78CBE23B15A1E5342534185
:10D200005B00F3E70123F1E713B5FF2305248DF855
:10D2100007308DF80640FBF7EFF82046FBF74CF996
:10D2200001230DF1070219460DF10600FBF71AF96B
:10D230002046FBF748F9FBF7EBF89DF8070002B032
:10D2400010BD000010B5054CFFF7DEFFC30704D585
:10D250003220FBF703F8013CF6D110BDA086010097
:10D2600007B58DF80700FBF7C7F80520FBF724F991
:10D2700001210DF10700FBF7D7F80520FBF723F993
:10D28000FBF7C6F803B05DF804FB000010B5064CD0
:10D2900023783BB1AB20FFF7E3FF3220FAF7DEFF44
:10D2A0000023237010BD00BF50410020014B00221D
:10D2B0001A7070475041002007B5FFF7E7FF9F2322
:10D2C0008DF803300023ADF804308DF80630FBF7FD
:10D2D00093F80520FBF7F0F803230DEB030001AAF8
:10D2E0000121FBF7BFF80520FBF7EDF8FBF790F8FD
:10D2F0009DF804000138C0B2FD288CBF0020012039
:10D3000003B05DF804FB73B5054614460E4619B329
:10D3100012B31318B3F5800F1ED8FFF7B7FF03231E
:10D320008DF804302B0C6DBA8DF80530ADF8065031
:10D33000FBF762F80520FBF7BFF804210DEB0100B5
:10D3400023463246FBF78EF80520FBF7BCF8FBF7C7
:10D350005FF8012002B070BD0020FBE7F0B5054684
:10D36000C3B016460C46A1B3531EFF2B31D852FA58
:10D3700080F3B3F5807F2CD81318B3F5800F28D82D
:10D38000FFF784FF01AF0620FFF76AFF02233B701F
:10D390002B0C6DBA7B707D8020460DF10703A2191E
:10D3A00010F8011B03F8011F9042F9D1FBF724F894
:10D3B0000520FBF781F8311D3846FBF735F80520CD
:10D3C000FBF781F8FBF724F8FFF73CFF012043B09F
:10D3D000F0BD0020FBE713B50446C0F30B0020BBF3
:10D3E000B4F5800F1FD2FFF751FF0620FFF738FF7B
:10D3F00020238DF80430230C64BA8DF80530ADF885
:10D400000640FAF7F9FF0520FBF756F804210DEB6B
:10D410000100FBF709F80520FBF755F8FAF7F8FFCC
:10D42000FFF710FF012002B010BD0020FBE7000055
:10D4300010B5064C23783BB90520FBF744F8B9201A
:10D44000FFF70EFF0123237010BD00BF50410020E5
:10D45000FFF71CBF0020704701F1B40008B50003BE
:10D46000FFF7B9FF00280CBF6FF00400002008BDD3
:10D47000F8B5B431069C1E4602EB01350CB92046C6
:10D48000F8BDB4F5807F274628BF4FF480773A4631
:10D4900031462846FFF762FF18B13E443D44E41B85
:10D4A000ECE76FF00400EBE710B501F1B4001446AF
:10D4B0001946029A04EB0030FFF725FF00280CBF45
:10D4C0006FF00400002010BD10B586B01346074A67
:10D4D000039203AA009200240A4601460448CDE9BB
:10D4E000044403F0C1FE06B010BD00BF544100204B
:10D4F000EC44002038B5244D2C78002C35D1FFF7B2
:10D50000D5FEFFF7A5FFFFF7D7FE542221461F489F
:10D5100011F0E7FA1D4A1E4B53601E4B93601E4BE1
:10D52000D3601E4B136110234FF48051C2E90533C1
:10D530004FF45373C2E907134FF480704023C2E9DC
:10D540000A034FF4FA735362154B5363154B9363FD
:10D550001548164BD363114603F05EFD38B91449E4
:10D56000114803F0BBFF01232B7001240AE0074997
:10D570000D4803F0F3FC28B904490B4803F04CFDB7
:10D580000028ECD0204638BD944400209844002068
:10D59000A9D4000071D4000059D4000055D4000073
:10D5A0009443002094420020EC4400205442002088
:10D5B000D5ED0100FFF73CBFF0B51D46194B1B78B8
:10D5C00097B006460F46144613B9002017B0F0BDB9
:10D5D0000028FAD0002AF8D0002DF6D0FFF738FF47
:10D5E0000122314601A8FFF76FFF03460028ECD166
:10D5F0000D483A4601A903F06EFF002804DA01A99C
:10D60000094803F043FFE0E722462B4601A90648FC
:10D6100003F048FF01A90446034803F037FF24EA5A
:10D62000E470D3E794440020EC440020F0B51C469D
:10D630001A4B1B7897B006460F46154613B90020C3
:10D6400017B0F0BD0028FAD0002AF8D0002CF6D090
:10D65000FFF7FEFE4FF48172314601A8FFF734FF59
:10D6600003460028EBD10E483A4601A903F033FFE8
:10D67000002804DA01A90A4803F008FFDFE723467F
:10D680002A4601A9064803F024FF01A905460448DB
:10D6900003F0FCFE631B58425841D1E7944400203C
:10D6A000EC440020084B10B50446187848B14CB142
:10D6B000FFF7CEFE0548214603F06CFDB0FA80F07E
:10D6C000400910BD2046FCE794440020EC440020B3
:10D6D0000068704700234FF48062C0E90633437549
:10D6E000C3820362828480F82630704713B5C46811
:10D6F0006CB1084B02691B88ADF80430838C8DF83F
:10D7000005301B0A8DF80630032101A8A04702B09E
:10D7100010BD00BF18F7010070B50C46064605465F
:10D720000FCC0FC523682B603046FFF7D3FFBDE851
:10D730007040FFF7DBBF13B5C468BCB11123009381
:10D74000C38A8DF801301B0A8DF80230036A8DF808
:10D7500003301A0A8DF804201A0C1B0E8DF80520D0
:10D760008DF80630026907216846A04702B010BD57
:10D77000C36807B543B112228DF804208DF8051057
:10D780000269022101A8984703B05DF804FB2DE966
:10D79000F041044615460E46002900F0C680002AD6
:10D7A00000F0C3800B78013B032B05D8DFE803F0C2
:10D7B00002428E990B2D01D8022105E090F81580C8
:10D7C000B8F1000F05D001212046BDE8F041FFF778
:10D7D000CFBFB1F80130C382C81CFFF779FFA06149
:10D7E0000346C81DFFF774FFE061CF7A202FE3D80E
:10D7F00007F10C02AA42DFD8013BB3F5003F01D389
:10D800000421E1E73A460C3104F12600274411F0E7
:10D81000B1F94FF4806387F82680A38401236375F0
:10D82000A368C4F820800BB1206998472046FFF711
:10D830005DFF1CE0437D002BBED0062DBCD9C28A03
:10D84000B1F801309A42B7D1C81CFFF741FF237DE0
:10D850000746073D43B1B5F5807F05D9062120462F
:10D86000FFF786FF4FF48075236ABB4204D0204641
:10D87000BDE8F041FFF75FBFA269EB1993429BD867
:10D88000A38CAB429FD3D4F80080B8F1000F08D12D
:10D8900005212046FFF76CFF2046BDE8F041FFF769
:10D8A00019BF23692A46F11D3846C0470028EFD02A
:10D8B000236A2B442362A38C5B1B9BB2FF2B01D9F1
:10D8C000A384D4E74FF48063A384AFE783680BB1EC
:10D8D000006998472046FFF7FDFEBDE8F041FFF7DD
:10D8E00005BF437D002B3FF467AF022D7FF664AF89
:10D8F000C28AB1F801309A427FF45EAF8369016A4F
:10D9000099427FF459AF45682DB10369C269263049
:10D91000A8470028DED103212046FFF729FFA3688E
:10D92000002BB9D020699847B6E7BDE8F081000028
:10D93000024A13680BB151681847704770450020C0
:10D9400008B5FAF76BFD50B9054BC3F800054FF069
:10D950004023C3F80005BDE80840FFF72BBE08BD13
:10D9600000300040044B0722C3F800254FF040234D
:10D970000622C3F800257047003000404FF0804376
:10D9800001220249DA670220FAF7D6BCDDED010078
:10D9900007B50C23ADF8043001A9FFF7E3FF4420DD
:10D9A00040F6B8330222FBF7E4FBFFF7C9FF03B0F0
:10D9B0005DF804FB03C808B5184B83E80300184B57
:10D9C00002221A70174A00231370174A1370174B5C
:10D9D00001221F215A609A60C3F808154FF4803164
:10D9E000C3F84413C3F804134FF0E0210820C1F832
:10D9F0008002C1F88402C1F80001C1F804011A6074
:10DA00004FF08043DA67FFF7C3FFFFF799FFBDE8E8
:10DA1000084007490320FAF78FBC00BF704500207B
:10DA20004C0000206F4500206E4500200040024061
:10DA300028EE0100F8B52C4C2C4DFFF793FF082180
:10DA400000230122C4F80035C4F8F025C4F8F435E9
:10DA5000C4F8F835C4F810152549C4F81435C4F8CD
:10DA60001815C4F82C56C4F83026C4F80025C4F89C
:10DA70000031C4F80431C4F810312260FAF7E6FB33
:10DA800041F288370646D4F8003123B9FAF7DEFBB5
:10DA9000801BB842F7D901236360FAF7D7FB124E17
:10DAA000044641F28837D6F8043123B9FAF7CEFBA1
:10DAB000001BB842F7D90123B360FAF7C7FB0A4E3F
:10DAC000044641F28837D6F8103123B9FAF7BEFB85
:10DAD000001BB842F7D90023C6F80035FFF730FF26
:10DAE000B5F90000F8BD00BF007000406C45002093
:10DAF00000050200014B1878704700BF4C00002061
:10DB000038B5354B1D788542044664D018703348CB
:10DB1000FAF7E9FBFAF79AFBFAF7F8FB3048FAF75D
:10DB2000E2FB032D96BF2F4B2F4853F82500FAF741
:10DB3000DAFB2E48FAF7D7FB032C96BF294B2A486D
:10DB400053F82400FAF7CFFB2948FAF7D5FB032C4A
:10DB500041D8DFE804F002172633264CFBF746FADB
:10DB600023783BB9FFF7FEFEFAF7C0FD01232370CF
:10DB7000FFF7E6FEFFF7E4FE4FF4C870BDE838405B
:10DB8000FFF7D6BE1B4C23782BB1FFF7EBFEFAF75D
:10DB9000B6FD00232370FBF72BFABDE83840FFF7F2
:10DBA000CFBE144C23782BB1FFF7DCFEFAF7A7FDAC
:10DBB00000232370FBF71FFA1820DFE70D4C2378B2
:10DBC0002BB1FFF7CFFEFAF79AFD00232370FBF786
:10DBD00015FA0C20D2E738BD4C00002068EE010099
:10DBE00066EC01001CF7010066EE010071EE010019
:10DBF00062EC01006F45002038B5057804461DB180
:10DC0000022D14BF022503252846FFF779FF15B121
:10DC1000207AFBF7BDF96089BDE83840FFF788BE80
:10DC2000054BD3F840212AB10022C3F84021034B11
:10DC300001221A70704700BF004002406E4500206C
:10DC4000FFF706BC10B5FFF703FC4FF48024204615
:10DC5000FFF7C1FB20B104F58054B4F5342FF6D1A1
:10DC600010BDF8B5044616460F46E1B1DAB1B0F57D
:10DC7000E82F18D8C0F5E823934214D3FFF7E8FB48
:10DC800004F58024E5B2C5F58075B54228BF354658
:10DC90002A4639462046FFF761FB20B1761B2C440B
:10DCA0002F44EFD1F8BD0020FCE700001FB5054B65
:10DCB0000FCB8DE80F00102269460348FFF7D1FF14
:10DCC00004B010BD2CF70100F03F07004FF0E02337
:10DCD000014AC3F80C2DFEE70400FA0538B500250B
:10DCE00004464FF40063C0E908550577C5830385F2
:10DCF000202229462A3010F0F4FE84F8C05038BDA6
:10DD0000836810B504460BB9012010BDC3683BB948
:10DD1000A368A06998471D2894BF00200120F4E75C
:10DD2000806998470028F3D0EEE7000013B54469F6
:10DD30006CB1084B82691B88ADF80430038D8DF8F7
:10DD400005301B0A8DF80630032101A8A04702B058
:10DD500010BD00BF3CF7010070B50C4606460546F5
:10DD60000FCC0FC594E8070085E807003046FFF7A1
:10DD7000B5FF3046BDE87040FFF7D8BF13B5446922
:10DD8000BCB111230093C38B8DF801301B0A8DF8B1
:10DD90000230436A8DF803301A0A8DF804201A0CF9
:10DDA0001B0E8DF805208DF8063082690721684624
:10DDB000A04702B010BD436907B543B112228DF8E8
:10DDC00004208DF805108269022101A8984703B04C
:10DDD0005DF804FB2DE9F041044688B00E460029A9
:10DDE00000F0E280002A00F0DF800B78013B032B7B
:10DDF00005D8DFE803F0024B9EA12A2A01D80221B0
:10DE000003E0FFF77DFF30B90621204608B0BDE8EA
:10DE1000F041FFF7D0BFD6F803707B1EB3F5E82FB3
:10DE200001D30421F1E7257FB6F801806DB1E38BC2
:10DE3000434508D12046FFF7A1FF204608B0BDE8C2
:10DE4000F041FFF773BF0121DFE723680BB905211C
:10DE5000DBE7A06998470028F9D04FF400632385D9
:10DE60002022F11DC4E90875A4F81E8004F12A00DF
:10DE700010F080FE04F1500000F040F9012384F816
:10DE8000C03023772046FFF751FF17E0037F002BB8
:10DE9000B5D0062AB3D9C18BB6F801309942AED1BC
:10DEA000D51FB5F5007FD6F8037004D90721FFF719
:10DEB00082FF4FF40075636ABB4205D0204608B06C
:10DEC000BDE8F041FFF75ABF226A7B19934296D80A
:10DED000238DAB42B7D3D4F80480B8F1000F1AD029
:10DEE0000736A3692A4631463846C04798B194F8A8
:10DEF000C0302BB12A46314604F1500000F02AF917
:10DF0000636A2B446362238D5B1B9BB2B3F5007F76
:10DF10000BD32385D2E720460521FFF74CFF20468F
:10DF200008B0BDE8F041FFF7D9BE4FF40063238588
:10DF3000A8E7FFF7D3FE80E7037F002B3FF45FAF36
:10DF4000022A7FF65CAFC28BB6F801309A427FF4AA
:10DF500056AFD0E908329A427FF451AF90F8C03002
:10DF6000002B3FF44CAF6946503004F12A0500F015
:10DF700013F920222946684610F08AFD38B10321A2
:10DF80002046FFF718FF2046FFF7A8FE0CE02369A4
:10DF90006BB1A269206A2946984740B12046FFF735
:10DFA0009DFE2046FFF7C2FE08B0BDE8F0810521C6
:10DFB000E6E700002DE9F04FCBB00AAA01F14005D9
:10DFC00014464B780E781B0443EA0663CE7833433D
:10DFD0008E78043143EA06238D4244F8043BF0D1A5
:10DFE00010245168956B16464FEAB143043283EA18
:10DFF000F11383EAD1033168166A31440B444FEAC6
:10E00000F54181EA754181EA952101340B44402CA8
:10E01000D363E6D103680093436801938368029356
:10E02000C368039303690493436905938369069363
:10E03000C3690793DDE9067ADDE9041CDDE90258CE
:10E04000DDE900462C4B08934FF0000E0DF1280936
:10E05000089A52F8043B08924FEAF12282EAB11280
:10E0600082EA7162099259F82E2003EB020B099A99
:10E0700027EA01035A4401EA0C0B83EA0B031A4412
:10E08000524486EA05034FEAB40A06EA050B8AEA17
:10E09000743A23408AEAB45A83EA0B030EF1010E64
:10E0A0005344BEF1400F02EB080B1344A846BA4696
:10E0B0001AD1009A1A44019B026023444360029BD8
:10E0C00033448360039B2B44C360049B5B44036124
:10E0D000059B0B444361069B63448361079B3B4460
:10E0E000C3614BB0BDE8F08F674635468C46264687
:10E0F00059461C46ACE700BF40F701000E4A0F4BE3
:10E100000F49DFF84CC0C0E900230E4BC0E90213F1
:10E110000D4BC0E904C30D4B836103F17453A3F5A8
:10E120002303A3F69243C36100220023C0E908231E
:10E1300000238366704700BF67E6096A85AE67BB48
:10E1400072F36E3C3AF54FA58C68059BABD9831FE3
:10E150007F520E51F8B50C4601B92AB9A51800F145
:10E1600028060027AC4200D1F8BD836E14F8011BCD
:10E170005A1C0344402A826683F82810F2D13146A3
:10E18000FFF718FFD0E9083213F5007342F10002DF
:10E19000C0E908328766E5E7F8B5866E731C821918
:10E1A0000C46382B4FF0800182F8281009D900F175
:10E1B000270200213F2B3ED900F12801FFF7FAFE8C
:10E1C00000232733034400F15F020021934235D13D
:10E1D000D0E908310822E6FB0231C0E908311D46CA
:10E1E00000F1680C0023C3F12007A3F1200625FAF3
:10E1F00003F201FA07F73A4321FA06F608333243ED
:10E20000402B0CF8012DEED100F12801FFF7D2FED2
:10E21000031F21461C3053F8042F120E0A705A882F
:10E220004A701A68120A8A701A68CA70834201F129
:10E230000401F0D1F8BD0133D154BBE703F8011F4D
:10E24000C4E70000024AD2F80034002BFBD070472C
:10E2500000E001400A4A0B4B12F8011B1878884273
:10E260000BD10133B3F5F82FF6D1074B93F8E80043
:10E27000A0F1FF035842584170470020704700BF8B
:10E2800040F80100F0BF070000BF070008B5FFF726
:10E29000E1FFA8B10B490120FFF7D4FFC1F8040545
:10E2A000FFF7D0FF084B83F8E800FFF7CBFF002310
:10E2B000C1F8043503200549FFF7C4FFFAF73CF81D
:10E2C000012008BD00E0014000BF07007BEE010017
:10E2D00008B5FFF7BFFF18B1BDE80840FFF7D6BF8C
:10E2E00008BDFFF7F5BF70B50C46064605460FCCD6
:10E2F0000FC594E80F0085E80F000023C6E9093335
:10E3000086F8203070BDC36810B504460BB90120F3
:10E3100010BD03693BB9E368E06998471D2894BFC5
:10E3200000200120F4E7C06998470028F3D0EEE709
:10E33000836913B553B110248DF805108DF80620AC
:10E340008DF80440C269032101A8984702B010BDAE
:10E3500070B50B46044600293DD0002A3BD0097811
:10E36000481E05287DD8DFE800F0031C3C48617496
:10E370002046FFF7C8FF30B9062201212046BDE83C
:10E380007040FFF7D5BF2368002BF5D0E0699847B0
:10E390000028F1D000230122C4E9093384F82020A9
:10E3A000EBE794F82000012802D902220221E5E7D8
:10E3B000042A11D9D3F801306362013BB3F5E82F89
:10E3C0000BD3042202212046FFF7B2FF0023C4E949
:10E3D000093384F8203070BD012184F82010012217
:10E3E000E4E794F82030013B012B97BF022302227F
:10E3F00084F8203001220321C0E794F82030022B5A
:10E4000004D1636A13B1A26A934202D005220421A7
:10E41000B4E7A36823B9032384F820300122F6E788
:10E42000E06998470028F6D10622F0E794F82030FA
:10E43000032B02D002220521A0E70122052120465C
:10E44000FFF776FF6369002BC5D0E069BDE8704037
:10E4500018470023C4E9093384F82030012206213B
:10E460008CE703228AE770B504461546B1B1AAB11C
:10E4700090F82030012B2AD1032A0FD9466A6EB9B1
:10E480000B684362013BB3F5E82F08D30422022155
:10E49000FFF74EFFC4E9096684F8206070BD0223CF
:10E4A000042A80F82030F9D00431151FD4E909304E
:10E4B00042199A420ED96BB1042203212046FFF77C
:10E4C00037FF002384F820306362A362E6E7022B63
:10E4D000ECD0E3E766680EB90622EEE7E3692A4668
:10E4E000B0470028F8D0A36A2B44EEE7024B034A5A
:10E4F000C3F80026704700BF000001403546526E49
:10E500000368013304D04068431C584258417047A7
:10E510000120704710B50B6804689C4209D0406820
:10E520004968884205D08C4203D0181A18BF0120D0
:10E5300010BD0020FCE7D1E9003210B504689C4210
:10E5400002D14168914206D0944206D14068C31A74
:10E550005842584110BD0120FCE70020FAE740F383
:10E560000903B3F1FF3F08BF0130C0F309000430D5
:10E57000704710B5031F0439083053F8042F51F8C1
:10E58000044F834282EA04021A60F6D110BD0346AA
:10E59000006830B95A682AB99868B0FA80F0400922
:10E5A00070470020704708B503681B0D13F4E06343
:10E5B00004D00430FFF7AEFF80F0010303F0010048
:10E5C00008BD826A00F1280302B970471A688A42BE
:10E5D00002D10A681A60704713461268F4E7C36EE6
:10E5E000426D1944891AB1FBF3F203FB1211836DDA
:10E5F0008B4208D9CA08406E01F0070101238B4005
:10E60000815C0B438354002070470000194B1A4A69
:10E6100011F0805F30B508BF1C46036818BF144670
:10E6200083EA010525420DD043F30904013409D0E2
:10E6300001EA0204114A1A4042F09F4242F4E00209
:10E64000944203D100230360012030BD0A0D02F47F
:10E65000E064B4F5806F05D1C3F38924C1F3892147
:10E660008C4201D20020F0E752B203EB8223036018
:10E67000F8E700BF00FC0F7000FCFF7F00FC0F00FC
:10E6800008B502460846FFF76AFF136803441360A3
:10E69000002008BD036801330360002070472DE9A6
:10E6A000F04F87B0DDE911480393836E139EDB6959
:10E6B0001746A2199A428346894607D8C36E002B93
:10E6C00000F09A80109A934200F296806FF0530007
:10E6D0008FE0B9F1000F41D0D9F80030109A934281
:10E6E0003CD1D9E9015305EB030AA24536D9A5422D
:10E6F00014D8AAEB040AB245D9F80C1028BFB246C8
:10E70000651B40465246294410F034FAD044544424
:10E71000A6EB0A06002EDCD130466AE02D1BB5427E
:10E7200028BF354602953B68109A93421ED1D7E91F
:10E7300001130B44A34219D9A14211D8029D1B1BFE
:10E740009D4228BF1D46FB68611A40462A4619446F
:10E7500010F010FAA8442C44761BDBE70296E2E79F
:10E76000029B091B8B4228BF0B460293DBF8680013
:10E7700042684169B4FBF1F39446039A964201FB67
:10E78000134319D3C3B98E4216D3029BB3FBF1FADC
:10E7900001FB0AFAA3EB0A0304931099CDF800A039
:10E7A000434622466546A84718BB049B029A9B1A1B
:10E7B000D04454441E44ADE7059D109A3A600D4480
:10E7C0002544B5FBF1F54D43C169E21A1B1B8D428F
:10E7D00094BF5B195B18816A7A608B4228BF0B4635
:10E7E000BB600093FB6810996546A84700283FF47A
:10E7F00070AF07B0BDE8F08F039B013B059389E73D
:10E800002DE9F04FD1E9039587B006463C300F461D
:10E810009A460595FFF7C7FE9046044680B1C2F3BD
:10E8200089246CB1F36BCAF38922C3F38923934221
:10E8300004D16FF0010007B0BDE8F08F6CD3002465
:10E84000C8F3892B2846FFF78AFE031D4B45F0D8F5
:10E85000A9EB000905AACDE90192042303933A68C4
:10E860000092002132463046FFF719FF0028E2D11E
:10E87000059B1BBA6B4023F000430593BBF1000FCF
:10E880001ED0290D01F4E062B2F5806F18D1AAEB19
:10E890000402C2F3892CC5F38920844510D322F0E9
:10E8A0007F4222F4700222F47F7222F0030242F0CF
:10E8B000804242F48012AA42BBD049B204EB8124C8
:10E8C000AAEB0401694011EA080127D145F30903C5
:10E8D0000133AED0129BC5F30908984528BF98466E
:10E8E000119B0293109BCDF80C8004334B44019391
:10E8F0003B680093324643463046FFF7D0FE00287F
:10E9000099D1129BA3EB0802119B014603EB08006F
:10E9100010F0E7F860198EE7014C91E71D4691E78A
:10E9200000FCFFFF1FB5C3F309040294069C019489
:10E9300000240094FFF764FF04B010BD30B587B029
:10E9400003AD094B00951446084AFFF7EBFF00287A
:10E9500004DA831C00D1002007B030BD29462046D0
:10E96000FFF707FEF7E700BF0C00F07F0000F07F25
:10E9700030B5134687B00268044604AD0820916E96
:10E9800003900295586801901B680093CB6910466C
:10E9900002F11001FFF783FE18B9211D2846FFF789
:10E9A000B9FD07B030BD00002DE9F04FABB0002538
:10E9B0001F46CDE90A55BDF8E0300593BDF8DCB03F
:10E9C000BDF9E43006908A460493A9463846FFF71D
:10E9D000C6FDDAF80C3000EB0208984565D2042336
:10E9E000039309ABCDE90183069ADAF8003000936E
:10E9F000002104231046FFF752FE002840F0198141
:10EA0000099B1BBA7B4043F00047DAF800300A93B9
:10EA100008F104030B9309973C460AAB369A89EA3E
:10EA200004061640844A16403DD1369AC2F3892224
:10EA3000002A00F0A4804FF03C0C0CFB05FC0CF10C
:10EA4000A8026A44349942F86C1C359942F8681C53
:10EA5000369942F8483C42E91919059922F85A1C9E
:10EA6000049922F8581C3A9942F8541C3B9922F810
:10EA70005CBC42E91414DDE90A010CF1A80342F878
:10EA8000707C42E91EA80DEB030C443AACF14C0338
:10EA900082E80300CDE904663B93684B3696013566
:10EAA000B1463A93B346424690E7359B002B40F37C
:10EAB000BE803499349B0831349135991C6809948F
:10EAC00001395B6835919046A8E7B2F5817F1ED188
:10EAD0001C460026099BC3F309029642E3D2049A1E
:10EAE000A168C3F38923134441EA83212378626830
:10EAF00003F5407341EA0351DDE93A3098470028B5
:10EB0000C0F2978004F10C04CDD10136E2E71A4639
:10EB1000049B04EB8321DDE93A3098470028C0F2DA
:10EB20008880C0D0002D00F084802AAB013D3C22BB
:10EB300002FB053252E91C73349352F8683C35935A
:10EB400052F8643C369352E9110132F85A3C05936D
:10EB500032F9583C04930AAE52F8543C3A9352E9C5
:10EB60001EA852F8503C52F84C4C3B9386E80300E8
:10EB700052F8609C32F85CBC52F8483C0994369AD2
:10EB8000C2F3892232B1C4F389225A458BD3059945
:10EB90008A4288D2C4F30A52002A84D040F201117A
:10EBA0008A4292D1254A07933A9B93423FF47BAF26
:10EBB0003C222AAB02FB05360021A6F178000FF0BB
:10EBC00090FF349B46F86C3C359B46F8683C369B7E
:10EBD00026F85CBC46E91939059B26F85A3C049B8B
:10EBE00026F8583C3A9B46F8543CC4F3090B3B9B2F
:10EBF00046F8503C0BF101030593C4F38924049BB0
:10EC00000F4A46F8707CA4EB0B041C4423B2049317
:10EC1000079B46E91EA89A460023CDE93532013507
:10EC20004FF0005934934FF0FF3798463BE70020F0
:10EC300078E72BB0BDE8F08F0000F07F0DE6000014
:10EC400000FC0F602DE9F04F85B09846836E0F9D54
:10EC5000119EDB691446AA199A42074689461ED9B5
:10EC60006FF0530042E02368E06802331DD1D4E91D
:10EC700001130B449D4218D28D4216D3A3EB050A13
:10EC8000B24528BFB246691A0144524610980FF0A7
:10EC900071FF109B534410935544A6EB0A0646B3EC
:10ECA0006FF0010B08F1FF3ADDE7B96EC4F800B070
:10ECB000D1F814C0896AB5FBFCF20AEB0C032B44B3
:10ECC000B3FBFCF30CFB03F38B4228BF0B460CFB9E
:10ECD00002F26260A3604946CDE9010300920E9BF7
:10ECE000054A3846FFF78CFD0028BCDA05B0BDE8C0
:10ECF000F08F3046FAE700BF00FCF7FF2DE9F04F38
:10ED000087B00646119F884691469A4600240DF129
:10ED1000100BA74203D8002007B0BDE8F08F3D1BC1
:10ED2000109B082D28BF0825E318CDE900A3CDE9E5
:10ED300002B5A9EB0403424600213046FFF7AFFCC1
:10ED40000028E9D1129B2A461868594602F06AFC4D
:10ED5000129B2C441860DCE72DE9F04F97B0164663
:10ED60000A93C36E126807460D4653B1934205D805
:10ED70006FF05304204617B0BDE8F08F71688B42E6
:10ED8000F6D900214FF004080EABCDE90113009233
:10ED9000CDF80C8043463A463846CDE90E11FFF7D0
:10EDA0007EFC044610B110F1540FE3D1CDF80C8075
:10EDB0000FAB4FF000080293CDF804807368009306
:10EDC0003A46042341463846FFF769FC04460028CA
:10EDD00048D010F1540FCDD1414656F821302B6068
:10EDE00081F00103099356F823306B6016AB03EBF7
:10EDF00081014FF0FF3451F8203CAB600023EB6001
:10EE000002230893A34A92E8030010AB83E80300AF
:10EE1000042205F108014FF0FF3002F003FC00234B
:10EE2000CDE906330C90A14605934FF0FF389B4681
:10EE30004046FFF794FB0422BB6E039283440DAA65
:10EE4000CDE901B22A680092DB693A4600213846D2
:10EE5000FFF725FC064668B116F1540F00F0188143
:10EE6000344687E7DDE90E31C91A0029D4BF0021F5
:10EE70000121B2E70C9804220DA902F0D3FB0D9BEF
:10EE80000C901BBA88EA030ABAF1000FCDF834A03F
:10EE90001DDA4FEA185303F4F063A3F5A06673423A
:10EEA0007341EA68002A40F0FB80D5E90032C5E9E9
:10EEB0000023099B16AA02EB830353F8203CAB60A6
:10EEC000089B012B3FF454AF012308939AE7504667
:10EED000FFF745FBBB6EDA6900EB0B03934200F2D0
:10EEE000D7804FEA1A5101F4F061B1F5A06F2B6899
:10EEF0000BF1040833D10421039114A9CDE9018158
:10EF000000933146134638463A46FFF7C8FB06469B
:10EF10000028A1D1149A0C9B9A4240F0B9800D9B15
:10EF2000F86A1B0D04220CA98AEAC37A02F07AFB64
:10EF3000F8620D98FFF713FB059BAB82109BAB614A
:10EF40005844119BEB61C5E9030A069BEB754FF032
:10EF5000FF330C934B464C46D046994668E70CA9C4
:10EF60000438CDE90080029138463946FFF7C6FEE5
:10EF7000064600287FF470AF0D9B190D11F4E06078
:10EF80001CD1059AC3F389239A4201D80133059312
:10EF90000D99209B0A9A4B4013400B9362D12A682B
:10EFA000DDE92230CDE9142814AA9847061E0B9BF0
:10EFB00055DA16F1540F3FF474AF51E7B0F5806F96
:10EFC0001DD1059A48B242FA81F18AB20592324ABD
:10EFD00009EA020242F09F4242F4E002934202D167
:10EFE00049F00049D4E7B9F1FF3FD1D0C3F38923F9
:10EFF000C9F389229342CBD809EB8029C8E7B0F541
:10F00000C06F2B6813D101F0010208210692BA6E7D
:10F01000039110A9CDE901810093D36931463A46A5
:10F020003846FFF73CFB06460028B1D014E7C1F391
:10F030000A0240F2FF518A42AAD10821BA6E039116
:10F0400012A9CDE901810093D36931463A46384689
:10F05000FFF725FB54301BD00123079398E70D9B46
:10F0600003D199464B46A14675E70C4A89EA03014C
:10F070000A4052B1022EF5D1C9F38922C3F3892186
:10F080008A42EFD343F00049ECE74FF0FF39E9E75C
:10F09000002306E750F8010000FC0F0000FCFF7F92
:10F0A0000021A97513B3B96E8869B2FBF0F300FBB8
:10F0B0001323DBB9079BCBB14FF0FF33149314AB91
:10F0C0000293129BCDE900233846CA692B68394662
:10F0D000FFF714FE20B110F1540F01D0044649E6A9
:10F0E000DDE91332981A43424341AB75294607F1D3
:10F0F0003C00FFF758FA88B1FB6BC4F38922C3F3D5
:10F1000089239A4204D144F00044219B43B912E080
:10F11000611CFAD09A4288BFA4F58064219B3BB160
:10F12000AA8AC4F38923934228BF1346219A1380E5
:10F13000002CBFF61FAEAB8AC4F38924A34294BF50
:10F1400000246FF0010415E62DE9F04F002301259E
:10F150008BB0C2E906354FF0FF33CDE90533DFF858
:10F160007C90DFF87CA00746884614462E4604F1C2
:10F17000180B5846FFF7C4F910B16FF0010024E0F6
:10F1800005A95846FFF7D7F910BBAE4205D1A369D0
:10F190000593E369069375000646D8F80030089396
:10F1A000D8F80430099307ABCDE902930023CDE9E9
:10F1B00000A35A46084B0797214638460136FFF709
:10F1C000CBFD0028D3D0831CD1D00BB0BDE8F08F8D
:10F1D0006FF05300F9E700BFFF03F07F71E9000013
:10F1E000080000201FB50023CDE9023301934FF042
:10F1F000FF330093FFF7B0FD05B05DF804FB2DE988
:10F20000F74300230124C2E906344FF0FF33CDE970
:10F210000033074688469146254602F118063046D7
:10F22000FFF76EF910B16FF001001BE06946304640
:10F23000FFF781F9C8B9A54207D1D9F81830009372
:10F24000D9F81C3001936C00054641463046013523
:10F25000FFF760F930B1324649463846FFF7C2FF42
:10F260000028DCD003B0BDE8F0836FF05300F9E76D
:10F270002DE9F04F8DB016680692814688460593B9
:10F280001BB1059A40F2FF331380D9F82030C8F83B
:10F290001830444CD9F82430C8F81C304249304664
:10F2A0000FF045FC3518404928460FF02FFC012887
:10F2B000074605EB000623D13C49024628460FF0DD
:10F2C000E7FB0028EAD0B2464FF0010B3649504622
:10F2D0000FF02DFC8244344950460FF017FC0246D3
:10F2E000B8B1022811D10790314950460FF0D0FB38
:10F2F000079A50B9BBF1010B09D10AF10206CDE71B
:10F300000228E0D12A490246D8E70BF1010B9244CA
:10F31000DCE72B78002B3DD0069B1D60C4F30A531D
:10F32000022B3BD1C4F3892440F2FF339C4208F105
:10F33000180A23D10DF1240B2F2128460FF0D9FBF9
:10F34000059B1C4ACDF80CB0002818BF0023CDE95E
:10F35000013200974FF0F043524641464846CDE90E
:10F3600009950B97FFF7F8FC041E13DB96D198F86C
:10F370001730002BE0D16FF001040BE00E4B0F4A69
:10F38000CDF800A043EA842341464846FFF7CAFA75
:10F39000041ECFDA20460DB0BDE8F08F6FF01304E5
:10F3A000F8E700BF00FC2F00E9F10100A7EE010023
:10F3B000A6EE010025F400000800002000FC0F70FC
:10F3C0002DE9F04F87B00746129E884691469A462F
:10F3D00000240DF1100BA64201D800201BE0351BC4
:10F3E000109B082D28BF0825E318CDE900A3CDE91F
:10F3F00002B5A9EB0403424600213846FFF74FF956
:10F4000048B9119B2A46191958460FF041FB0028AC
:10F4100004D005DA012007B0BDE8F08F2C44DAE70C
:10F420000220F8E730B513468268C1F3090585B0BC
:10F43000AA4228BF2A460292416801915968009168
:10F4400001681B6804460846FFF7BAFF28B9A3689D
:10F45000AB4202D034BF0120022005B030BD036BA7
:10F460001944C1F30903003B18BF012321F00041F7
:10F4700041EAC37101637047F8B5C6690D68083E7B
:10F48000B5420F4613D3B5FBF6F001380FF07AF80A
:10F49000841CA5EB8404B4FBF6F420460FF072F84C
:10F4A000A5EB800504FB16553D602046F8BD002005
:10F4B000FCE72DE9F04F89B00646DDF84C80059257
:10F4C0000F464BB94FF0FF32C8F80020149A0020C5
:10F4D000136009B0BDE8F08F846E013B07A9204698
:10F4E0000793FFF7C9FF12A905462046FFF7C4FF9F
:10F4F0004FF0040A81460DF1140BA945059A03D378
:10F50000129BC8F80020E1E7A5EB0904B4FA84F4E3
:10F5100095FAA5F3B3FA83F3C4F11F049C4228BF04
:10F520001C46A300CDE90023CDE902BA04233A46E4
:10F5300000213046FFF7B3F80028CAD10123A340C9
:10F54000ED1ADAE72DE9F04FCE6A90464A6BB242E7
:10F5500085B007460C465BD2B61A9E4228BF1E46AF
:10F56000DFF8B0B0B14601F1400AB9F1000F01D1A6
:10F57000304618E0216B480304D5BB6EE26BDB69B3
:10F580009A421BD1CA02636B10D404F13C0202926E
:10F5900004F13802CDE900325146D4E90A23384655
:10F5A000FFF787FF30B105B0BDE8F08F6FF00102C3
:10F5B000C4E90E23216B41F480212163BB6EE26B11
:10F5C000DB6901929D1A4D4528BF4D4611F480110B
:10F5D000CDE9028515D0A2884BEA8222009204F17F
:10F5E000080152463846FFF72DFB0028DBD1636B3C
:10F5F0002B446363E36B2B44E363A844A9EB050945
:10F60000B3E7A26B009238465246FFF748F8ECE7A2
:10F610000020C8E7000010202DE9F04F89B0064611
:10F62000DDE9120A0F4690461D4688B30138059061
:10F6300005A9B06EFFF720FF0DF1180B04461498D2
:10F640002946D04720BB1CB304F00109C9F10203CD
:10F650009B00CDE90050CDE902B342463946304621
:10F66000FFF71DF8A0B9E54305F00105A84207DB47
:10F6700008AB03EB8505023C55F8085C4C44DEE71B
:10F6800006991498D04703460120002BEED0184667
:10F6900009B0BDE8F08F00002DE9F04F93B00446AB
:10F6A0000D46164600211C220AA805930FF019FAF0
:10F6B0004FF0FF32CDE90622012311939846994677
:10F6C00010A8FEF71DFF20B1A76A002F62D13846AF
:10F6D0004EE006A910A8FEF72EFF002840F0878014
:10F6E000C145109905D1119B06914FEA490807932E
:10F6F0008146304609F10109A847002838D11199FF
:10F700003046A847002833D110AA0AA92046FFF79F
:10F7100069FD68BBDFF8E4B0364F8246BDF83C2097
:10F720001FFA8AF39A42CBD908AA0BEA8A230092DD
:10F730003B43314A0AA92046FFF7F4F8002804DACF
:10F74000831C15D10AF1010AE8E740F20222B2EB6C
:10F75000105F4FEA10530ED1099B0093CDE901567B
:10F76000089B224600212046FFF756FF0028E9D0DB
:10F7700013B0BDE8F08F059A002AE3D0B3F5007FFF
:10F78000E0D108993046A8470028F1D109993046C0
:10F79000A847EBE7BB79012B01D03F6895E73B6BAE
:10F7A00003F48813B3F5803F13D03B6B03F490133D
:10F7B000B3F5003FF1D1CDE901567B6B0093BB6BF4
:10F7C000224607F140012046FFF726FF0028E4D03B
:10F7D000CEE7CDE90156FB6A0093BB6A224607F1EA
:10F7E00040012046FFF718FF0028DED0C0E76FF089
:10F7F0005300BDE70800002000FC0F7000FCFF0371
:10F8000038B5C26D436D1344C26EB3FBF2F102FB17
:10F8100011334365836EDA6A036ED1000025994285
:10F8200094BF816583650446C5652946406E0FF027
:10F8300058F90649012322462046FFF72DFF18B14B
:10F84000C4E91655E36E236638BD00BFDFE500004E
:10F8500070B504460D46A06DE36D834208D3236E58
:10F86000002B2FD02046FFF7CBFF0028F3D020E05D
:10F87000616EDA0803F007068A5CF240D20719D4F9
:10F88000626D1344E26EB3FBF2F002FB10332B60A7
:10F89000A56DE36D226E0133013AAB42E36522664A
:10F8A0000ED2DA0803F00703885CD84010F001009C
:10F8B000EFD170BD0133E365236E013B2366CBE7D7
:10F8C0000020F6E76FF01B00F3E77FB50C4604312C
:10F8D0000646FFF7BDFF054670BB21463046FFF7E1
:10F8E000B7FF054640BB2246042342F8080FCDE986
:10F8F0000223019022680092014632463046FEF70C
:10F90000CEFE10B110F1540F19D1B36E5A6A002A0D
:10F9100009DDA368013242F00102013B1344B3FB4D
:10F92000F2F35343A3604FF0FF330422C4E90323EF
:10F930000022C4E90523E361284604B070BD0546F2
:10F94000FAE7000007B500230449019301AAFFF775
:10F95000A3FE00B9019803B05DF804FB95E6000032
:10F96000C368184710B50C46826AE068FF210FF0A3
:10F97000B8F84FF0FF33236010BD2DE9F0430D467A
:10F9800009689846CB1C85B00646174603D9002067
:10F9900005B0BDE8F083806EAC6883691C44013C0F
:10F9A000B4FBF3F45C430094D0F80890EB686A6809
:10F9B000C8470028ECD1B8F1000F04D1B06E294639
:10F9C000FFF7D0FFE3E74FF0FF333B600294EB68B3
:10F9D00001936B6800932B68224639463046FFF747
:10F9E000EFFC0028D4DBE9D06FF05300D0E72DE91D
:10F9F000F84FDDE90B5A0D9E07460C469046994696
:10FA0000002E3AD0002107E00A9A22609A69B5FBDD
:10FA1000F2F35343C4E9013122680A98BB6E824273
:10FA2000F2D16068A842EFD89A6A0244AA42EBD9A0
:10FA3000521BE368B242A5EB000028BF3246514694
:10FA4000184493460FF096F86368A2685D44EB1A79
:10FA5000934238BF1346BA6EA360926A9A42DA4460
:10FA6000A6EB0B06CCD14B46424621463846FFF763
:10FA700084FF0028C4D0BDE8F88F3046FBE70000C3
:10FA80002DE9F04F044687B00D4605A92046FFF743
:10FA9000DFFE064658B9DDF81480A06E4146FFF738
:10FAA0005FFF0646002853D010F1540F56D0304661
:10FAB00007B0BDE8F08F2A6BCDF80C900DF1130A5A
:10FAC00012F4801FCDE9017AA3EB07031CD0AA88AA
:10FAD000244941EA8222009205F108015A46204653
:10FAE000FFF7B0F870B9CDE902A9CDE9008701238D
:10FAF000224604F110012046FFF779FF60B110F1B2
:10FB0000540F2BD00646D2E7AA6B009259462246E4
:10FB10002046FEF7C4FDE5E70137EB6BBB42CAD8D0
:10FB2000A36EE1699A6AE86C0FF024F823692B64EC
:10FB300063696B64A369AB64A06E04F11001FFF705
:10FB400011FF2B6BC5F8388043F400332B63AEE70D
:10FB5000074605F1400B4FF00109DEE74FF0FF3398
:10FB6000236192E7000010202DE9F04F93B0CDE91A
:10FB700007230B6BDA0206460D461BD54C6B089B20
:10FB8000CA6AE318934238BF1346C26F9A4211D231
:10FB9000C36ECC630366FFF773FF2B6B044630B173
:10FBA00043F400232B63204613B0BDE8F08F23F409
:10FBB00080132B63089B069305F140030C93069B6F
:10FBC0000BB9089CEFE72B6B13F4003204D0B16E35
:10FBD000EF6BC9698F4249D1DB026F6B00F1DF80A7
:10FBE00005F140030A93C2B9BFB111AB0293013FC3
:10FBF00005F1380301930097119205F14001D5E911
:10FC00000A233046FFF755FC044608B12B6BC7E7C3
:10FC1000B06E05F14001FFF7A5FEF36E3366AB6BE6
:10FC200009936B6B0593013B0B930FA93046FFF7CC
:10FC30000FFE04460028E9D1DDF83C80B06E414655
:10FC4000FFF78EFE044630B114F1540FDED14FF0B1
:10FC5000FF332B64E9E7059BD6F868904BBBC5E9F9
:10FC60000E831F462B6B43F400332B63B36EDB69AB
:10FC7000DF1B069B9F4228BF1F46079B03970293EB
:10FC8000EB6B0193AB6B00930C990123324630462A
:10FC9000FFF7ADFE0446002800F0858010F1540FF8
:10FCA000B4D129463046FFF7EBFE04460028E4D0E5
:10FCB000ACE70B9B109310A94846FFF7DDFB109FA4
:10FCC000D9F81C3001379F42109750D1471C97FA42
:10FCD000A7F7099B1193B7FA87F707F1010AA14625
:10FCE0000DF1440B4FEA89030D930423CDE902B3D0
:10FCF0004FEA8903CDE900830A9901233246304651
:10FD0000FFF775FE044600289ED14F4535D109F115
:10FD10000109CA45E6D8C5F838804FEA8A0724E0C9
:10FD2000099B0093CDE902BACDF80490A7EB090333
:10FD3000324600213046FEF7B2FC044600287FF42C
:10FD400065AFCDE902BACDE900890A9901233246AF
:10FD50003046FFF74CFE044600287FF475AF09F1EA
:10FD600001094F45DCD8C5F83880EF637AE7A14632
:10FD70004FF0010A0DF1440BF3E70423CDE902B380
:10FD80004FEA89030193119B0093014604233246F5
:10FD90003046FEF784FC04460028B8D036E76FF002
:10FDA0000103AB63E1E76B6B3B446B63EB6B3B4481
:10FDB000EB63079B3B440793069BDB1B0693F36EA9
:10FDC0003366FCE6F0B585B0CDE902231D464B68ED
:10FDD00001930B6800930C4617460023024600F17E
:10FDE0001001FFF704FE064640B9E0682A4639468E
:10FDF00001F018FC6368E0602B446360304605B096
:10FE0000F0BD2DE9F04F064687B010469946FEF743
:10FE1000A6FB4B6893464A69034493420C468046CE
:10FE200041D88B682BF0004A8AEA03031BBA05937A
:10FE300005AA04233046FFF7C5FF054678BBBBF192
:10FE4000000FA8F1040720DA0DF1130B2FB30123E3
:10FE5000CDE902B3D9F80430043B4344DB1B0193E2
:10FE6000D9F80030009332463B4600213046FEF779
:10FE700016FC40B901235A4621463046FFF7A2FF3F
:10FE8000013F0028E2D0054609E03B464A462146AC
:10FE90003046FFF797FF0028F5D1C4F808A02846A0
:10FEA00007B0BDE8F08F6FF01B05F8E713460A4670
:10FEB000D0E90001FFF7A5BFF0B50C46096B054678
:10FEC000480397B008D5CA0258BF4FF0FF3321F45A
:10FED000802158BF236421638B0302D4002017B014
:10FEE000F0BD11F48011666BE76A3FD1542201A87E
:10FEF0000EF0F7FDA36ACDE90B370123CDE90D36EE
:10FF000095E80F0011AF87E80F004FF0FF372F6023
:10FF1000626BE36A9A4212D304F1400701232A4636
:10FF200039462846FFF729FD20B310F1540FD6D1EA
:10FF300021462846FFF7A4FD0028EFD0CFE7012394
:10FF40000DF1030201A92846FFF7FCFA0028C6DBE1
:10FF500001230DF1030221462846FFF705FE002884
:10FF6000BDDB2B680133D3D01197D0E7BE422CBF45
:10FF700066636763A36BA362636BE362236B23F423
:10FF8000003343F48033C4E90C36A7E72DE9F74387
:10FF90001E460B6B17465A0305460C4619D4216BB7
:10FFA0000B051DD4D4F834806B6F08EB06029A421F
:10FFB0002FD811F4003919D033463A462146284645
:10FFC000FFF7D2FD002808DB236B23F40023236313
:10FFD00003E0FFF771FF0028E1D003B0BDE8F08334
:10FFE000E36A626B934288BF6363DBE7E36A984529
:10FFF000E2D96363636B9845DED901230DF10702F3
:020000021000EC
:10000000214628468DF80790FFF7AEFD0028F1DA6B
:10001000E3E76FF01A00E0E710B504460B6AE36609
:100020004B6BA1660846E36013B18B6B1BB9E361B0
:100030006FF00B0010BDE3612146FFF793FCA06E4B
:1000400004F11001FFF78EFCA36EDA6B0AB9626649
:10005000EEE762661A6C002A08BFFF2222675A6C1C
:10006000002A08BF6FF000426267996C40F2FE32CE
:10007000002908BF1146A1671A6DE267501C12D112
:100080000023E36700204FF0FF33C4E90833C4E9DD
:100090000A00C4E90F00C4E90C00C4E9120060645E
:1000A000A0632065C6E7002AECD1DA6C986A4AB1F1
:1000B000D3088842024628BF0A469A4294BFE267A4
:1000C000E367DFE7DB69DB08F3E72DE9F3410D4682
:1000D0000646496B4BB91446736FA34209D38C4251
:1000E00018D1204602B0BDE8F081012B04D18A1856
:1000F000F1D56FF01500F5E7022B09D1D5E90B43D7
:10010000980302D58C4238BF0C46A418E4D5F0E71A
:100110000C46E1E72B6B9B0319D4D6F8688000915D
:1001200040466946FFF7A8F901A9074640460194F1
:10013000FFF7A2F987420AD16B6C019A934206D865
:10014000A96C0B449A4202D26C63EA63C9E7294660
:100150003046FFF7B1FE0028C4D16C63C1E7000050
:100160002DE9F04F0D46816E6A688B69C9691432BA
:100170005F1E4FF0000A8A4294BFBF187F188BB0F1
:10018000B7FBF3F704465F43D1466FF0030B6E688D
:10019000BE4219D32B694FF0FF320892A9EB03023C
:1001A000CDE9003208AE02962B6809F1040221461F
:1001B0002046FEF7A3FD002847D1089B534500F0D9
:1001C000B0806FF0530040E0ABEB06033B440436D5
:1001D00040F2FE32934294BFF618B618BE424FF07A
:1001E000FF0335D38DF81F30A26ED2E90632D21A42
:1001F000B24236D3012203920DF11F02CDE9016212
:100200002A680092002122462046FEF748FA10B1E3
:1002100010F1540F19D1A36E9A6900964FF0FF3375
:10022000099309ABCDE9012321462B6808922046AA
:10023000FEF764FD10B110F1540F06D1404A08AB2F
:1002400029462046FFF7DDFD58B10BB0BDE8F08F21
:10025000A7F11402964228BF1646BE428DF81F3001
:10026000C2D29DF81F206B68E868D243ABEB03084D
:10027000C2F3C01202F5A062B04448EA0258AB686B
:1002800048F47F2848F4406888EA03031BBA0893BF
:1002900008AB1946042201F0C5F9082208ABE86052
:1002A000039202936B6801932B68099004F110018B
:1002B00000932246002320460591FFF798FB002873
:1002C000C3D10599B9F1000F04D16B68D5F80CA022
:1002D00003F104099DF81F306E60DB431B0603F039
:1002E000004383EA0803AB60B7424FF0FF33EB6093
:1002F00006D9A36E62699B6A1344B3423FF647AFC7
:100300004FF0FF332360224600232046FFF735FBE2
:1003100000289AD1A06E0369984700283FF437AFB0
:1003200093E70422CDE9009202962B6821462046ED
:10033000FEF7E4FC002888D1089B002B85D040E71D
:1003400008FCFF5F2DE9F04F97B0CDE90823836EDD
:10035000BDF884805A6A8B68BDF888B00133002AE2
:1003600004460D468B601ADC00270026A06E6968E3
:10037000109100234FF0FF32CDE91132CDE9132364
:10038000C36C002B3CD0083B1593FFF7E9FA00281B
:1003900038D010F1540F40F0BA803E4610E00132E0
:1003A00042F00102B3FBF2F102FB1133002BDBD16F
:1003B000012610A9284610931196FEF7ABF8D0B18C
:1003C0004FF0FF3300274FF00109236110A92846A1
:1003D000CDE91079FEF79EF850B1291D2046FFF7B0
:1003E00037FA50B110F11C0F40F09180002EBDD1B2
:1003F0006FF01B008BE03746B7E707464E46B5E780
:10040000C369C0E70DF14009042305F1080249461C
:100410002046FFF7D7FC0028BBD10BAB07933D4B21
:100420000693C8F100031BB2CDE904B33A4B029323
:10043000099B0193089B009302462099CDF80C80FC
:100440004FF0FF332046CDE90B49FEF7ADFA002807
:100450009FD105F118010846FEF752F860B9EA7D10
:100460000B462E4902F5C06241EA02522046494637
:10047000FFF7C7FC00288CD10023CDE90D330F9383
:100480004EB904F13C010DA8FEF773F804F13001F8
:100490000DA8FEF76EF804F1480A51460DA8FEF7C4
:1004A00068F80D9B0DAA6FF30903294620460D93AA
:1004B000FEF744FA58BB0DA8FEF769F840B9184A90
:1004C0000DAB49462046FFF79CFC00287FF461AF46
:1004D00049462046FFF744FE00287FF45AAFD5E98D
:1004E0000032C5E90023119BEB60ABEB0808129BBF
:1004F000A5F814802B61A064CAE9010036B904F1A3
:100500003C03303494E8070083E80700304617B016
:10051000BDE8F08FADFE000000FC0F4008FC0F00AE
:100520000CFCFF7F2DE9F0438DB00C4604A9BDF80B
:100530005490054617469846FFF7C7F9064628BB6C
:10054000E37D8DF82730A3690A93E3690B93BDF827
:100550005830CDE90193149B00933A46434604A9D1
:100560002846FFF7EFFE002814DB049F059AA761D9
:100570000123E261E37505F120012046FDF7CAFF82
:1005800020B9B9F1000F01D1C5E9087230460DB0AC
:10059000BDE8F0830646F9E72DE9F04F97B09A469B
:1005A000219F089200230D460646194640F2014954
:1005B00040F2FF4C0AF1040E209A934226D1002902
:1005C00046D1AB7D002B58D14FF0FF33B5F81480E6
:1005D00033610027BB46A8EB0709B9F1010F00F210
:1005E000DB80002F40F00E81B36E5A6A002A00F3C0
:1005F0001D810023CDE90053CDF80880209B524691
:1006000029463046FFF79EFE04460CE15AF83300B7
:10061000020DC0F30A50484504D1AA8A0132AA82C9
:100620000133C9E7604504D1AA8A013AAA820121AF
:10063000F6E702F4E068B8F5C06FF1D15EF8330078
:100640000468AC614068E86102F00102EA75E7E71E
:10065000AB8A002BB5D13A4629463046FEF7CFFD8E
:10066000044628B1831CACD0204617B0BDE8F08FFB
:10067000FB7D002BA5D0022473E0EA68B06E2B68E6
:1006800010934FF0FF31CDE91312C16C2B69119219
:10069000129301B3083915910BA90791AB49069143
:1006A0000021CDE90411CDE9021120990B96CDE985
:1006B00000A10DF1400B29463046CDF830B0FEF7D1
:1006C00073F9044648B114F11C0F3FF47DAF14F1E7
:1006D000540FC9D178E7C169DCE70DAF06F13009E5
:1006E000CDE90D000F9049463846FDF742FF06F16F
:1006F0003C031946384606F148080993FDF739FFCF
:1007000038464146FDF735FF0D9B38466FF3090328
:100710000D93FDF73CFF80B93A4629463046FEF777
:100720000DF9044600289FD1894A3B465946304678
:10073000FFF767FB04460028C5D159463046FFF74E
:100740000FFD04460028BED199E80700119BEB601D
:10075000129B2B6106F13C0383E80700B464C8E9EF
:100760000144089BB76A1B681093089B5B68119350
:1007700006F120030993002F3FF476AF07F1080834
:1007800010A94046FDF7C6FE8146002800F0828091
:100790003F68F0E7B8461CE710ABBAB207936D4B61
:1007A000069353421BB2CDE904836B4B0293209B0B
:1007B0000392CDE900A300224FF0FF3329463046D3
:1007C000CDF840B0FEF7F0F8044660BBB9F1FE0F7B
:1007D00013D8B36EDA69D86CA2F1280180B142084F
:1007E0009869431E1344B3FBF0F343438B42109AC2
:1007F00028BF0B469342BFF4F4AE07EB5907EAE675
:100800005208EDE7BFB2CDE90178209B0095524632
:1008100029463046FFF786FE04460028BAD010F17C
:100820001C0F3FF4E1AE002C9BDA1DE7AB680132F0
:10083000013342F00102B3FBF2F102FB1133002B52
:100840007FF4D7AE012710A9284610931197FDF722
:1008500061FE814600287FF4CCAE3046FFF772F887
:10086000041EFFF601AFF36E1C1BB4EBD30F7FF633
:10087000C0AECDE90198209B0095524629463046EE
:10088000FFF750FE044618B110F11C0FCBD1B0E6B3
:10089000B846AEE6AE46BEE80F00C446ACE80F0070
:1008A0009EE80F008CE80F00089B984507D040F2A7
:1008B000FF4140F20140209ABB8891451CD107F1CD
:1008C0002009BA88B7F81CB05A45FFF461AFFB7F26
:1008D000002B3FF45DAF09994846FDF71BFE10B1B0
:1008E000A2EB0B02BA804A4641463046FEF77AFC3C
:1008F0000028E6D00446B7E65AF83920C2F30A5C6D
:100900008C4514D1C2F389229A4206D14FF0FF33AD
:10091000C7E9023309F10109CDE7FBD2013BBB80F6
:10092000BB79022BF6D1BB6A013BBB62F2E784457F
:10093000F0D1C2F389229A42ECD80133BB80BB7953
:10094000022BE7D1BB6A0133EFE700BFADFE000029
:100950000CFCFF7F81E6000000FC0F402DE9F04F0A
:10096000866A9DB005460F4691469A46002E5FD195
:100970003B6804933E467B6805930FCE0CAC0FC4D6
:1009800096E80F000DF1300814AE84E80F00CDE9B1
:1009900000A64B463A4641462846FFF7FDFD041E99
:1009A00071DB04A93846FDF7B5FD48B9C646BEE877
:1009B0000F00BC46ACE80F009EE80F008CE80F006B
:1009C000022C29D105F1480239462846FDF7B6FF29
:1009D0000446002857D1149BFA7D0493159B059378
:1009E000954B019002F5C06243EA0253089301233C
:1009F0000093183708AB04AA314628460997FFF739
:100A0000CBFD041E3FDBB446BCE80F0047460FC7D2
:100A10009CE80F0087E80F00DFF82492874F4FF023
:100A2000000B012C40F0B38005F1200303938DE00F
:100A300006F10800B84201D1366897E73946FDF75C
:100A400069FD0028F8D1B379012BF5D1336BD902B8
:100A5000F2D5AB6EF26A9B6A9A42EDD9736BF3637F
:100A6000EB6E2B6631462846FFF70AF8044650B96C
:100A7000336B23F48013336331462846FFF71CFAA7
:100A800004460028D8D020461DB0BDE8F08F0AF1FA
:100A9000080104A8FDF73EFD08B9CAE902249AF846
:100AA0000630022B07D10AF12C0104A8FDF732FD14
:100AB00008B9CAE90B24DAF800A052E0012128465F
:100AC000FEF7CDFC314605F13000FDF76CFD002846
:100AD00063D02A6BC5F838A0C2F389233A40C5E930
:100AE0000C2AC4F38922934201D2A4F58064149A9B
:100AF0000292069240F2FF32934214BF49EA8323E6
:100B0000002308930023CDE9093401930223DDF883
:100B100054A0009306AA08AB31462846CDF81CA085
:100B2000CDF82C80FFF738FD041EACDB012C37D14B
:100B3000029BB646CDE9043ABEE80F00C446ACE8D5
:100B40000F009EE80F008CE80F00A346039904A84D
:100B5000FDF7E0FCDDE90C2408B9C5E90824D5F867
:100B600028A0BAF1000F92D1324604A92846FEF718
:100B7000EBFA041EA2DAA21C85D1324604A928464B
:100B8000FEF73DFB044670B1831C7FF47CAFBBF1E4
:100B9000000F0CBF0024032475E740F2FF33A6E7E3
:100BA0004FF0010AE9E72B6BC3F3090323B1CAF144
:100BB00000012846FEF753FC314605F13000FDF7F1
:100BC000F2FC002835D02A6BC2F389233A402A630D
:100BD0000022C5E90D22149A0492159A059240F25A
:100BE000FF32934214BF49EA8323002308939DF800
:100BF0006730114903F5C06341EA03530022CDE990
:100C00000A38022309920192009304AA08AB3146E4
:100C10002846FFF7C1FC041EFFF635AFB646BEE816
:100C20000F00C446ACE80F009EE80F008CE80F00F0
:100C3000F7E640F2FF33CEE708FC0F00FF03008029
:100C40000000F04F2DE9F041036BC3F30903A0B09E
:100C500004460F46002B4BD000251C22002108A87B
:100C60000DF03FFF01238DF837300F9300260EA8BB
:100C7000FDF746FC20B1002EEED19DBB0125ECE72F
:100C80000EAA10A92046FEF7ADFA58B99DF83730E4
:100C9000DBB918AA0EA92046FEF756FA002841DA59
:100CA000811C27D020B0BDE8F081236BA563C3F37E
:100CB00089226FF39E23C4E90C3540F2FF339A4238
:100CC0004BD0304B43EA822348E00DF1400EBEE8A2
:100CD0000F000DF1200CACE80F009EE80F008CE82F
:100CE0000F00C4E7216B494249B22046FEF7B7FB2B
:100CF0000020D7E7002DE8D0002FE6D004F148020D
:100D000010A92046FDF71AFE0028CBD19DF85720E8
:100D10001D4B02F5C06243EA0253049316AB0593E0
:100D2000012323E0002DD0D10DF108080346174A16
:100D3000CDF8008018A92046FDF7F4FD0028B1DBAE
:100D40000EA94046FDF7F7FB0028BED108A904F123
:100D50003000FDF728FC0028A7D1002304930C4B9A
:100D6000CDF81C800022CDE90523022304AA08A99E
:100D70002046FFF7F3FD002894DB032808BF46F068
:100D8000010674E70000F04F08FC0F0000FCFF7F35
:100D900008FC0F6010B50446FFF7E0FD002806DBF5
:100DA00005D020460021BDE81040FFF74BBF10BD25
:100DB00010B5036B9B0590B0044622D500F12002CC
:100DC00008A9FEF70FFA002844D1234B0293A36E23
:100DD000DB690393E36E0493236F0593636F0693BC
:100DE000A36F07931D4B009302AB01936A46012347
:100DF00008A92046FFF7CEFF60BB236B23F40073E6
:100E00002363E36B1B0D13F4E06F06D10121204631
:100E100010B0BDE81040FFF715BF04F1400208A96B
:100E20002046FEF7DFF9A8B9E36BA063C3F389227C
:100E3000236B6FF39E23C4E90C30094B43EA8223F2
:100E4000CDE9023002AA012308A92046FFF7A2FF3C
:100E50000028DBD010B010BD0100020018001020E7
:100E60000000F04F73B514460E4600F148022146CB
:100E70000546FDF763FD70B9E27D084B02F5C062DF
:100E800043EA02530093183401236A463146284648
:100E90000194FFF77FFF02B070BD00BF08FC0F0098
:100EA00070B50B6B1E0386B005460C4653D4FFF796
:100EB00003F8216B20B141F40021216306B070BD1D
:100EC000CA0348D504F108063046FDF719FB00288F
:100ED00041D111F480131FD0E36CE26A40F201208B
:100EE000A18842EA812242EA0052CDE90223226D22
:100EF000936843EA812343F0815304935368059335
:100F000002AA022331462846FFF744FF236BF8B1BB
:100F100043F400232363D1E729464FF0FF3241F821
:100F2000102B28462A46FEF728FD0028C6D1A86EB9
:100F3000036998470028C1D1236BDB02CCD4D4E9E4
:100F40000A016B46CDE90001082240F20220C7E702
:100F500023F4803323630020B0E7000030B597B05E
:100F60000446FFF759F80546002848D1A36E01460C
:100F7000DA6A606E0DF0B5FDD4E91A32DB6A656598
:100F8000DB00C4E91752934294BFA365A2650EA982
:100F90002046FEF79AFC00282FD11A4B0293A36E2D
:100FA000DB690393E36E0493236F0593636F0693EA
:100FB000A36F0793144BCDE90830144B0A93144BDD
:100FC0000B93144B0C9302AB0D9308AA03230EA9A9
:100FD0002046FFF7DFFE80B98DF84E00034602463B
:100FE0000EA92046FFF7D6FE38B9009001236A46C5
:100FF0000EA920460193FEF7F5F817B030BD6FF04B
:101000000B00FAE701000200000010400800F00F9A
:10101000A9EE0100180010202DE9F04399B0044614
:10102000FEF7FAFF0546002840F0A68001461C2284
:1010300010A80DF056FD4FF0FF33CDE90533012622
:10104000DFF84881DFF848911796374616A8FDF774
:1010500057FAB0B1236B03EBD373236304F130026F
:1010600007CA04F13C0383E80700E26EE36AB3FBBE
:10107000F2F102FB113363650023C4E916332266E3
:101080003DE005A916A8FDF756FA002871D1B74230
:1010900005D1169B0593179B06937E0007460823F0
:1010A000099307ABCDE90293354B0022CDE900321D
:1010B00010A9344B16AA2046CDE90748FDF74CFE8F
:1010C000002807F1010719DB49D040F3090001307E
:1010D00045D0109B2362119B63620AAB0093294A9F
:1010E000294B10A92046FDF71DFC002806DB0A9BB2
:1010F0009AB21B0C022B06D06FF01500054628464D
:1011000019B0BDE8F083012AF6D8236B82F0010202
:1011100023F4007343EA422323630D9B1BB1226F28
:101120009342E9D823670E9B1BB1626F9342E3D8C9
:1011300063670F9B43B1A26F9342DDD8E26FA36751
:101140009A4294BFE267E367A36E0C9A196A09B1E9
:101150008A42D1D1DB69E2660B9A9A42CCD104F182
:10116000300210A92046FDF7E9FB00283FF46EAFDE
:10117000C4E76FF05300C1E76FF00B05BFE700BF96
:101180000800F00F00FCFF7F18001020A9EE0100FE
:1011900025F40000F0B599B004460391FFF708FE6E
:1011A000002859D1034603AA06A92046FEF760F895
:1011B000002851DBC0F3892340F2FF3293424DD027
:1011C000060DA26A0E92022E4FEA832504AF1FD1AC
:1011D00045F00053234A009743F0080306A9204630
:1011E000FDF7A0FB002837DB3A4610A92046FDF7A3
:1011F000F9FF88BB159B33F47F022BD101212046D8
:10120000FEF72DF90EAB8DF83E20ADF83C20A36221
:10121000002345F09F45059345F4E00501233A4638
:1012200006A920460495FFF7B5FD0E9BA36298B969
:10123000022E11D14FF0FF312046FEF710F906AA19
:1012400010A9FDF7DCFF38B910AA06A92046FFF760
:1012500009FE01E06FF0260019B0F0BD6FF0150037
:10126000FAE700BF00FC0F702DE9F0438BB013F0DC
:10127000020F06460D469846039238D1129B2B6505
:1012800005F1080700236B63EB63EB64C5F830805E
:101290002B1D03AA39463046FDF7EAFF041E06DA85
:1012A000A31C17D1AA8840F2FF339A4212D001231F
:1012B000AB71B36A2B60A01CB56259D118F4807F62
:1012C00008D0039C20460DF063FC336F984217D979
:1012D0006FF023042B6B43F4002329462B63304625
:1012E000FFF7DEFD29463046FDF76BF904E0FFF716
:1012F0005FFD04460028C1D020460BB0BDE8F08356
:10130000AB885E4ADFF8808142EA832240EA83208C
:10131000049240F48010002248EA8323CDE90604B9
:10132000CDE908320592032304AA39463046FFF777
:1013300031FD10F11C0F0446CAD00028CAD1444622
:101340004FF000084FF00C092B6D9A68904533D38D
:101350001B68EB64002B5FD0B06E05F14001FEF717
:1013600001FB40F20123B3EB145F58D00024C3E724
:1013700018F4007F79D1240D012C79D1AB8818F4B1
:10138000806F4FEA832308D043F000542B6B43F463
:10139000803344F480142B63D2E705F1280243F034
:1013A0000053009243F00803354A39463046FDF7B2
:1013B000B9FA041EC4DA8DE72A6BD10705D42B6B6A
:1013C0009A071DD408F10108BEE75868B5F804C0B3
:1013D00009FB08F28118825C8B684968009143EA36
:1013E0008C2302F5407243EA02533946254A3046BF
:1013F000FDF798FA0028E2DA831CE0D0044669E79A
:101400002A6D526809FB08229168B26F914232D866
:1014100043F480332B63D5E76FF00B045AE72B6B53
:1014200043F480132B6300236B64B36E6FF00102EF
:10143000AA62C4F309042A649A6AEC62AA64002CC2
:1014400094D040F2FE339342A98828BF134643EA62
:101450008123EA6C009243F00053094A3946304632
:10146000FDF760FA041E81DA34E76FF0100431E70B
:101470006FF014042EE76FF01B042BE70000104000
:1014800000FC0F7000FCFF7F0000102070B50546C7
:101490000E46FFF705FD314604462846FDF791F854
:1014A000204670BD2DE9F0411F460B6B9B0305469E
:1014B0000C46164607D43B46324621462846BDE830
:1014C000F041FEF73FB8FEF7F7FC0028F3D0BDE887
:1014D000F081FEF75BBDFEF7F8BD00002DE9F04F8F
:1014E000A7B005460191FFF763FC044688B9AB6AD3
:1014F0001C9301AA0DF102031EA92846FDF7B8FEB0
:10150000831C044609D1BDF8029040F2FF3399458F
:1015100008D1204627B0BDE8F08F0028A8BF6FF0A3
:101520001004F6E7DDF804A050460DF031FB2B6FF8
:10153000984207466CD8EB6E2B660DF110084146B9
:101540002846FEF7C2F904460028E2D11EAE0FCEAF
:101550000CAC0FC496E80F0084E80F0012AE9DF8A3
:101560004730002B4BD1DFF8B8B0012302AA414627
:101570002846CDE902B6FFF70DFC04460028C8D185
:101580009DF88F30D3B101212846FDF768FF1CABD1
:10159000AB6214AA01230CA98DF87640ADF8744013
:1015A000CDE914B8FFF7F6FB1C9BAB62044600289C
:1015B000AFD14FF0FF312846FDF751FF164B43EAFC
:1015C0008923149300231593144B43EA8923CDE90F
:1015D00018389DF88F30002B114B47EA892718BF28
:1015E0000023CDE91A3847F40017042314AA1EA9D2
:1015F0002846CDE9167AFFF7CDFB044689E7324647
:101600000CA92846FDF7EEFD04460028A7D080E788
:101610006FF023047DE700BF0000104008000020A9
:1016200008FC0F6030B50C4D0A44914200D130BD2A
:1016300011F8013B83EA000404F00F0455F824403C
:1016400084EA101080EA131303F00F0355F82330D7
:1016500083EA1010E9E700BF58F801002AB102F54B
:101660008052936C0BB1D26C184700207047000079
:101670007FB500F58054064684F86C100D46F9F7E6
:1016800037FE0022C4E91C22C4E9142206F5825365
:1016900084F84550A267183306F58356B34213D138
:1016A0000B4E3068716801AA03C2B068106001AEC9
:1016B00003CE59601188927818606D0019819A7272
:1016C00084F86A5004B070BD03F8012BE6E700BF50
:1016D00098F8010000F58050C0E91212704700F53B
:1016E0008050C0E91412704700F5805200F5835015
:1016F0000B6803604B6843600B8903818B7A92F817
:101700006C108372DBB221B143F0020382F86A30BD
:10171000704703F0FD03F9E730B50729054685B0AA
:10172000084615D804D105F5805191F86C4064B194
:10173000084C029500F582511831CDE9003413466A
:101740006A180021F9F765FD0446204605B030BD52
:101750000024FAE75D16010070B50546F9F7D7FDDC
:10176000012808D0831EDBB2012B05F5805403D875
:10177000236F0133236770BD94F84400226C07285F
:1017800005F1400115D194F86C3093B1A36F23B1EA
:10179000BDE870401846F9F795BF13460A46014662
:1017A0002846FFF7B9FF0028E5D0636F0133636770
:1017B000E1E7256D002DDED0636DAC46BDE87040DD
:1017C00060470346084603B118477047F8B5074617
:1017D0000D461446002A00F08880444B03F11001A6
:1017E00053F8040B42F8040B8B42F9D11B88138089
:1017F0003F49E869FFF7E5FF2B6813B1F7209847E9
:1018000020802388F62B8CBF01230023A37303D8E9
:101810003849E869FFF7D5FF3749E869FFF7D1FF95
:101820006B681BB1FB2108469847E073AB6813B1A6
:10183000211DA01C984763883F2B02D9A3883F2B0A
:1018400005D800232D49E869E373FFF7BAFF2C4957
:10185000E869FFF7B6FFEB68002B33D101262B694F
:1018600013B1E11DA01D9847002E34D0E28840F24C
:1018700002239A422FD101232374002F32D0022F4A
:101880000CBF0C2618261F49E869FFF79AFF6B6901
:1018900023B14FF4C872002130469847AB6933B189
:1018A00004F10C0204F10A0104F1080098472389AD
:1018B000E8691549003B18BF01236374BDE8F8408F
:1018C000FFF77FBF984706460028C7D10F49E86950
:1018D000FFF777FFC3E700230D49E8692374FFF79B
:1018E00070FFCAE74FF4C876CDE7F8BDA4F8010051
:1018F000B2EE0100D1EE01000AEF010029EF010074
:1019000061EF0100CAEF0100F1EF01007BEF010080
:101910009CEF0100024B1860024B1960704700BF3A
:101920008445002080450020034B1B6813B1034A07
:1019300010681847704700BF84450020804500208C
:10194000024B1860024B1960704700BF7C450020B5
:1019500078450020034B1B6813B1034A10681847F1
:10196000704700BF7C4500207845002003880B703D
:1019700003881B0A4B7043888B7043881B0ACB700B
:1019800083880B7183881B0A4B7183798B71C379B0
:10199000CB7103890B7203891B0A4B72837A8B729A
:1019A0000023CB72704782B0C0E900120C220021E4
:1019B000083002B00DF095B8006808B1FFF7CCBE52
:1019C000704700007FB5144E0B46044671683068BE
:1019D00001AD03C5B06828609888ADF8080020689C
:1019E0005D8819891E88DB88ADF80460ADF8065063
:1019F000ADF80A30ADF80C108DF80E2010B101A929
:101A0000FFF772FE04F1080101A8FFF7AFFF00F035
:101A1000C3FBE07404B070BDB6F80100006808B103
:101A2000FFF758BE70470000004870474E00002086
:101A300008B1FB23038009B1FB230B807047000032
:101A400038B1094B1B7863B1022B0CBF0C23182350
:101A5000038009B100230B8012B14FF4C8731380C7
:101A600070474FF4C873F3E76A0000200220704704
:101A700001460320F6F760BC02F010BFFAF71ABF68
:101A800030B5334C3348334DA1B00CF0FDFB236827
:101A90003BB19B792BB128460CF0C6FC2E480CF0CC
:101AA000BDFC236843B11B7933B12C4B1B781BB1B0
:101AB000FAF700FF0CF072FC294808F0D7FB30B1B0
:101AC0002849012021B0BDE83040F6F735BC244854
:101AD00008F0A8FB044608B12349F2E70146682252
:101AE00006A80CF0FEFF0623204A8DF81830BDF83A
:101AF00038300D95134043F4827343F00103ADF881
:101B000038301B4B0B93BDF83030134043F48073D7
:101B100043F0010306A8ADF8303005F088FE02233B
:101B20008DF80C308DF80D30124B00936FF00042A1
:101B300003AB214601942046CDF80E40CDF812406B
:101B400005F082FD0C490320F6F7F6FB21B030BD0D
:101B5000C045002034F001003AF001008845002023
:101B6000C4F8010043F001005FF0010000FEFFFF38
:101B700002FA01007D1B01007AF0010070B50378C4
:101B80000F2B90B0044600F0D88007D8002B32D03D
:101B9000012B00F0B480002010B070BD122BFAD1E0
:101BA0004368002BF7D1C37A827A694C694D6A4E3B
:101BB0002B70022B08BF022AE371684832700CBFF9
:101BC000012300232374A271F6F78DFB3078F6F71A
:101BD0009DFB6348F6F787FB2878F6F797FB61488B
:101BE000F6F78AFB604B18680028D4D00122214602
:101BF000FFF7E8FECFE74368002BCCD15B4D0389AC
:101C00005B492B800320F6F797FB5A4B08935A4BFE
:101C100009935A4B0A935A4B0B935A4B0C935A4BBA
:101C20000D935A4B0E935A4B0F935A4B03AA03F141
:101C3000100618685968144603C40833B342224694
:101C4000F7D11B882380544B03AA187808A9FFF703
:101C5000BDFD3F4B03AC07AE224603CAB24218603B
:101C60005960144603F10803F6D112881A809DF8D2
:101C70001230394A03B9137813709DF81330354A7E
:101C800003B91378384E13703068B0B1434C012259
:101C900003A9FFF797FE23887BB12A884FF6FF73CD
:101CA0009A420AD030680C21083009F018FF024629
:101CB00018B12188288807F011FA3948F6F713FB84
:101CC000BDF80C00F6F722FB3648F6F70CFBBDF822
:101CD0000E00F6F71BFB3448F6F705FB9DF81200E3
:101CE000F6F714FB3148F6F7FEFABDF81400F6F7E4
:101CF0000DFB1C48F6F700FBFFF716FE4BE71B4BEE
:101D00002B494FF6FF7203201A80F6F715FBFFF7F9
:101D100021FE022300218DF820308DF82130254B43
:101D20000093019108AB6FF000420846CDF82210F5
:101D3000CDF8261005F088FC2DE71F48F6F7D3FAFA
:101D40002089F6F7E3FA0748F6F7D6FA23E700BF4B
:101D50005400002066000020670000201CF10100F4
:101D600033F1010062EC0100C04500206800002052
:101D700099F00100A91E0100811E0100311A010025
:101D8000591E0100FD1D0100BD1D0100411A010089
:101D9000711A010014FA01006A000020BA450020FF
:101DA000C1F00100D7F00100E2F00100EDF0010008
:101DB000F4F001007D1B010006F101001FB50E4B80
:101DC000044618884FF6FF7398424FF0000310D076
:101DD000ADF8081001A90393ADF80440ADF8064032
:101DE000ADF80A2005F038FFB0FA80F0400904B0E1
:101DF00010BD1846FBE700BF68000020134B37B545
:101E0000054618884FF6FF7398420C4613D00023FE
:101E10000DF107020DF106018DF806308DF807303F
:101E200005F0C8F938B90A4B9DF806201A70094B1D
:101E30009DF807201A7015B1054B1B782B7014B153
:101E4000044B1B78237003B030BD00BF6800002036
:101E5000670000206600002008B5084B18884FF680
:101E6000FF73984208D002220023114605F0D1F9F1
:101E7000B0FA80F0400908BD0020FCE768000020AF
:101E80000A46084908B5034608884FF6FF7188429C
:101E900006D0194605F098FFB0FA80F0400908BD59
:101EA0000020FCE76800002010B50A4C22884FF69D
:101EB000FF739A420BD003F02DFA002220881146BE
:101EC00007F0DEF82088BDE8104003F01FBA1720A5
:101ED00010BD00BF6800002030B51378012BBFB0E3
:101EE00003D00E2420463FB030BD5068058AF42D43
:101EF0000DD800232A4601A909F004FE0446002853
:101F0000EFD104482A4601A9FCF7ADFAEAE70D240F
:101F1000E8E700BF8C45002030B51378012B89B06D
:101F200003D00E24204609B030BD5068058A202D0C
:101F30000DD800232A46694609F0E4FD044600282E
:101F4000EFD104482A466946FCF702FAEAE70D2475
:101F5000E8E700BF8C45002008B5134612785AB94F
:101F6000064A116841B158680C22083102F06CFD34
:101F7000002818BF112008BD0E20FCE7C045002036
:101F800070B51378012BBEB003D00E2528463EB0A5
:101F900070BD5068068AF42E1FD80023324601A96E
:101FA00009F0B0FD05460028EFD1FFF73DFD0446DE
:101FB00002F0DAFC237980B213B12388834200D97E
:101FC000208001232371064B608018680028DDD033
:101FD000324601A9FFF7F0FCD8E70D25D6E700BF90
:101FE000C0450020FBF772BEFAF780BCFBF75EBE6F
:101FF000FBF737BEFBF726BE38B50B4C25884FF6EE
:10200000FF7295420ED0094D2A885AB150B189B25B
:1020100009F065FD024628B129882088BDE83840CE
:1020200007F05CB838BD00BF68000020B84500204C
:10203000F8B5154E32884FF6FF739A4201D1002051
:10204000F8BD124F3B88002BF9D089B209F047FD4B
:102050000546FFF7E9FC044602F086FC227983B2CC
:1020600012B122889A4200D9238001222271638012
:10207000002DE4D0398830882A4607F02FF8B0FACE
:1020800080F04009DCE700BF68000020BC4500206C
:1020900010B51F4B88B018601E4B0446197018B15C
:1020A0001D490022FFF7BAFCFBF7CAFD0023079386
:1020B0001A4B00931A4B01931A4B02931A4B03933A
:1020C0001A4B04931A4B1B48059369461A4B069307
:1020D000FCF709F902F0C4FB184B194A1A610CF01D
:1020E000E7F80CF037F954B1237923B10CF06AF911
:1020F000144B01221A70A3790BB10CF09BF9124812
:102100000BF0FEFE11490320F6F716F908B010BDDA
:10211000C04500206A00002031200100F51F0100A9
:10212000F11F0100ED1F01007D1A0100E91F0100F0
:10213000E51F01008C450020F91F0100182B00202D
:10214000811A010088450020791A01003AF1010046
:10215000024B1B780BB10CF021B970478845002069
:102160000B4B1A884FF6FF739A420ED0C7280AD835
:102170000D2834BF02230123064A002113704FF4B7
:10218000C872FFF71BBE0023F6E70020704700BFB0
:10219000680000206A000020014B1878704700BFDB
:1021A000C4450020024B1878003818BF0120704742
:1021B000C445002001460320F6F7BEB8F6F7E8BE96
:1021C000FAF778BB08B5F6F741F84FF47A73B0FB2D
:1021D000F3F008BD8FB54049DFF814A10320F6F7EE
:1021E000ABF8FFF7EFFF0646FFF7ECFF0746FFF7F8
:1021F000E9FF00258046A946FCF778F96DB9FFF79D
:10220000D1FF054650B1FFF7C7FF01280BBF334987
:10221000334903200120F6F78FF80125B9F1000FAB
:1022200008D1FFF7CFFFA0EB0800B0F5FA7F03D38A
:10223000FCF757F84FF0010901A8F7F7F1F99DF8FD
:1022400004305BB19AF80020002A3DD1254A927EE5
:10225000002A39D0244801A9F7F7AFFAFFF7B2FFF7
:10226000831BC72B04460ED91E4E01463046F9F794
:1022700079FD96F82F101D48FAF7BEFE1B4821463F
:10228000FAF784FF2646E21B4EF65F239A4208D9EE
:10229000FBF7D0FBFAF75AFBFAF70CFBFFF758FFF6
:1022A00027469AF80030ABB10E4A937ED27E53EAAD
:1022B00002040FD1FBF71EFC10B12046FBF720FCF7
:1022C000CC2000F0F9FE97E7042BC3D10748FAF7BA
:1022D00085FFC3E71420F4E772F101009DF10100CE
:1022E000BBF101002C1A00200C1A002080010020F4
:1022F0006B00002010B404460B4610460221224613
:102300005DF8044BFFF708BA10B4044618461346AC
:102310000A4621465DF8044BFFF7FEB910B40446A7
:102320000B461046052122465DF8044BFFF7F4B931
:1023300010B404460B461046032122465DF8044BB8
:10234000FFF7EAB910B50446FBF756FC0548F5F768
:10235000CAFF6068F5F7C7FFBDE810400248F5F70F
:10236000CBBF00BFD9F1010062EC010008B5014606
:102370000648FAF741FE064B01221A70034A002371
:1023800013751046BDE80840FAF7C2BD8001002071
:102390006B0000207FB502460B4668460749F8F7F8
:1023A0005FFE064B064803F5005303F10A01D3F81C
:1023B0008C2107B05DF804EBF7F7B4B9DC450020D9
:1023C0000C1A002070B506460C461546FFF7FAFEBB
:1023D0000346052E39D8DFE806F0031438221B31F6
:1023E0001A482A462146F9F7E7FB042D2DD9237810
:1023F000202B2AD1D4F801101548BDE87040FAF717
:1024000011BE2A4621461148BDE87040F9F77CBC50
:102410002A4621460E48BDE87040FAF7F3BD0B4B43
:102420009B7E1BB10B4B1B7883F001030A482A46A5
:102430002146BDE870400375FBF7A9B92A4621463D
:102440000648BDE87040FBF7C5BC70BD2C1A0020E3
:10245000800100206B000020380100207000002067
:1024600008B5FFF7AFFE01460348F9F717FBBDE8D3
:1024700008400248FAF7B2BD2C1A00208001002063
:1024800008B5FBF725FFFFF79DFE01460348F9F766
:10249000E3FABDE808400248FAF78DBD2C1A002087
:1024A0008001002010B5FBF701FC044608B1FBF7E2
:1024B0000DFC204610BDFAF719BAFBF7D2BBFBF7AB
:1024C000C1BB00000148FBF7EDB800BF26FA0100D0
:1024D0002DE9F0470D46CCB09146044620B90026C0
:1024E00030464CB0BDE8F0871329F8D9DFF8C88032
:1024F000DFF8C8A00C27EE1BB6F5807F28BF4FF48D
:1025000080762B4833460CAA3946FBF755F8B04283
:10251000E5D10CA9002311F8012B013382EA08024E
:102520009E420AFB02F8F6D13744BD42E3D8C145CA
:10253000D5D1204A10685168127A6B4603C3002136
:102540001A700DF1090027220CF0CBFAE846013C85
:10255000082314F8012F0AB12F2B24D10024404660
:1025600008F80340FBF79EF82E1BB6F5807F28BFC6
:102570004FF480760E4833460CAA2146FBF71CF830
:10258000B0420746ABD103460CAA21464046FBF7B2
:102590004DF806460028A2D03C44A542E4D80448A1
:1025A000FBF780F89CE708F803200133D1E700BF70
:1025B00026FA0100E2F10100C59D1C819301000192
:1025C00013460A4601460148FBF730B826FA0100D7
:1025D000F5F754BE1FB50B4641F28831CDE9002115
:1025E0008DF80F0001220DF10F011820F6F715FEEE
:1025F000B0FA80F0400905B05DF804FB1FB5134642
:102600000132102A15D88DF800000B446846994213
:102610000AD141F2883369461820F6F7AAFDB0FACC
:1026200080F0400904B010BD11F8014B00F8014FD3
:10263000EDE70020F6E7F9F739BEFFF791BD032873
:1026400008B50CD002280CD11920F5F72BFE282054
:10265000F5F714FE1920BDE80840F5F723BE502019
:10266000F9E71E20F7E7000010B586B002460B46DA
:1026700001A80A49F8F7F4FC9DF804405CB9084940
:10268000084BD1F88C2108481C700A31F7F74AF83A
:10269000204606B010BD0124FAE700BFDC4500204B
:1026A000DC6500206B0000200C1A0020FBF71EBF29
:1026B00008B503490120F5F73FFEFBF717FFFCE7DC
:1026C000EBF1010008B503490120F5F735FEFBF7F2
:1026D0000DFFFCE702F201002DE9F041AEB0F5F785
:1026E00001FEFBF703FF8A490320F5F725FE0320CF
:1026F0008849F5F721FE884B012204210025032497
:102700005A60DA60C3F80455C3F80845C3F81015D9
:102710001A60FBF733F9F5F72FFEF5F71FFFF6F711
:10272000FDFB3720F6F734FCF6F705FDF6F7DEFD86
:10273000F6F78EFEF6F760FF784B0A930AA80B9522
:10274000FBF738F9FAF7B2FDFBF7D0FEFAF7D2FE45
:10275000002800F0C18072492046F5F7EDFDFAF738
:1027600029FFF9F789FDF9F767FB6E4B0E930024FB
:102770006D4B10940EA80F93F9F71CFB6B4B0C9349
:102780000CA80D94F9F708FCFAF7CAF8684B1794EF
:10279000684C1493684B159314A9684B1693204604
:1027A000F9F796FF237C012B40F09B8064490320BE
:1027B000644EDFF83082644D644FF5F7BDFD30465E
:1027C0006349F8F7A0FB634B5A4A63481893002407
:1027D000624B1B9418A91A93CDF86480FAF7B8FBE2
:1027E0005F4B1C935F4B1D935F4B60481E931CA96E
:1027F0005F4B1F932095FAF78FFFFBF721FA5D4B94
:1028000027935D4B28935D4B29935D4B2A935D4B3A
:102810002B935D4B5D4827A9CDE92C35FBF79CFA3E
:1028200021465B48FFF776F821465A48FFF788F8BB
:10283000494902A8FAF73AFB5748F5F754FD5749BA
:102840000320F5F779FD21462846FEF711FFFBF737
:102850004DFE224652492846FEF741FF514B219337
:10286000514B2293514B2393514B2493514B21A90C
:102870003846CDE92535F9F774F84F4B1395CDE976
:102880001138CDE9006711AB06F500560ECB4B4869
:1028900087F83040F6F732FFD6F88C21474806F12A
:1028A0000A01F6F73FFF464A46482946FFF77BF8FC
:1028B0000223019400934449444823464FF4806224
:1028C00000F042F90128044612D041490120F5F7F1
:1028D00033FDFBF70BFEFCE73E490220F5F72CFD2C
:1028E0003FE7022B01D13C4961E73C4902205FE709
:1028F00001463448FFF7CCFBFBF7F8FD00F004FA83
:1029000037492046F5F718FDFBF7F0FDFCE700BF5F
:102910001AF2010036F20100009000403B2601004F
:102920005BF2010049BE00009DBE00003726010099
:10293000FD250100C8450020D5250100D125010055
:1029400082F20100DC4500207C1A00202C1A0020B5
:10295000746700209523010080010020BD21010043
:10296000C1250100D1240100C52401003801002047
:1029700031230100BF240100BB240100C12101005B
:10298000B7240100A52401001D23010070000020D0
:102990008124010061240100A6F20100B4F20100CB
:1029A000C523010009230100692601006D230100F0
:1029B00045230100B5210100F52201000C1A002079
:1029C00001000101681A0020E6F20100D521010092
:1029D000EAF201006CF2010089F2010090F20100BC
:1029E00001F301003F2601000148F5F7E9BE00BFF1
:1029F000746700202DE9F843224B234C1D68234BBC
:102A0000D3F80080224B0646D3F8009020680430AB
:102A10000F4601F045F940B922681E49D06A0B689B
:102A20000122824023EA02030B60731C14D19FB180
:102A3000194B21685A688A6021689068C8602168CB
:102A400004314160216804319160226853611A6841
:102A500001321A60BDE8F88323682168AD195D6012
:102A600001F1040104D34846BDE8F84301F001B97F
:102A7000404601F0FEF8094B1A68AA4288BF1D6063
:102A8000E8E700BFA885002084860020F4850020A8
:102A9000F0850020A4850020B08500208C850020D2
:102AA000094B0A4A1B681268D06A50B9084A126872
:102AB0001343012B06D8074B1868074B1B68C01A35
:102AC00070470020704700BFA48500208486002046
:102AD000208600208C850020A8850020064A1368E7
:102AE0001968064B19B94FF0FF321A607047126827
:102AF000D2681268F9E700BFF48500208C850020B9
:102B0000F8B50E4C0E4F0F4E236803B9F8BD01F017
:102B1000D1FBFB68DD68281D01F0C2F83368013B7A
:102B200033602368013B236001F0D4FB286B01F084
:102B30001BFB284601F018FBE6E700BFC485002018
:102B4000C8850020AC8500202DE9F0479600074697
:102B50003046DDF824900D46984601F085FA82460D
:102B600018B94FF0FF30BDE8F087502001F07CFA33
:102B70000446002800F09380502200210BF0B1FFA2
:102B80003246C4F830A0A52150460BF0AAFF236BB3
:102B9000043E1E4426F007066DB16B1E04F133029D
:102BA0000B3513F8011F02F8011F09B1AB42F8D130
:102BB000002384F83F30089D042D28BF042504F12C
:102BC000040AE5622564504601F050F8C5F1050598
:102BD00004F1180001F04AF82461A56164624246DC
:102BE0003946304601F038FB2060B9F1000F01D0C2
:102BF000C9F8004001F05EFB364B374E1A68374F7C
:102C000001321A603568002D4DD134601B68012BEC
:102C10001FD1B8464046013501F01DF8052D08F1D9
:102C20001408F7D1DFF8DC802D4D404601F013F891
:102C3000284601F010F82B4801F00DF82A4801F061
:102C40000AF82A4801F007F8294BC3F80080294BFD
:102C50001D60294A29491368086801331360E36A33
:102C600001229A4002430A6014225343F9184A6829
:102C7000A2609068E060C0F804A0C2F808A0FA580A
:102C800061610132FA5001F025FB1D4B1B6823B135
:102C90003368DA6AE36A9A4210D3012063E7504648
:102CA00001F062FA5DE7164B1B68002BD1D1336847
:102CB000DA6AE36A9A4298BF3460CAE74FF0E023C9
:102CC0004FF08052C3F8042DBFF34F8FBFF36F8FC7
:102CD000E3E700BFAC85002084860020208600202A
:102CE000F8850020DC850020C8850020B085002004
:102CF000F4850020F085002090850020A485002028
:102D0000A08500200C86002010B5174A86B003ABC2
:102D100012F8014B03F8014B002CF9D1134B144866
:102D2000CDE900438022234603A9FFF70DFF0128C8
:102D300015D101F00DF9012811D14FF0600383F393
:102D40001188BFF36F8FBFF34F8F0A4B4FF0FF32E5
:102D50001A60094B1860094B1C6001F0A9FB084B75
:102D60001B6806B010BD00BF14F301008885002069
:102D7000E93001008C850020A0850020A885002076
:102D800038FA0100024A136801331360704700BF2C
:102D900084850020014B1868704700BFA88500207B
:102DA000014B1868704700BFA8850020014B1868C8
:102DB000704700BFAC85002038B50A4D0A4A2B6821
:102DC000126803449A42044608D101F073FA074A94
:102DD00013680133136001F07DFA013C2B68234432
:102DE0002B6038BDA88500208C8500209C850020A4
:102DF0002DE9F84F524B1B68002B40F09A80514B45
:102E00001C6801341C605CB94F4A504B116818684B
:102E100010604F4A1960136801331360FFF75EFEBC
:102E20004C4D4D492B68DFF840C19C424FF00002E9
:102E300007D3454F494E3B681B689BB94FF0FF33A2
:102E40002B60DCF800304648DB6A046814204343FA
:102E5000C858012898BF002C14BF0120002010433F
:102E6000BDE8F88F3B68DB68DB685868844201D2B4
:102E70002860E6E7D3E90209D3F81480C0F8089087
:102E8000C9F80400D8F8040003F1040E70454FF0AF
:102E9000000008BFC8F804905861D8F80000013855
:102EA000C8F80000D3F82880B8F1000F15D0D3E996
:102EB0000709C0F80890C9F80400D8F8040003F125
:102EC000180A50454FF0000008BFC8F804909862F7
:102ED000D8F800000138C8F80000D86AD6F8009089
:102EE0004FF0010808FA00F848EA0908C6F800801F
:102EF0004FF0140808FB00F801EB080ADAF8049018
:102F0000C3F80890D9F808B0C3F80CB0CBF804E0C7
:102F1000C9F808E0C3F814A051F80830013341F8AB
:102F20000830DCF80030DB6A984288BF42F00102CA
:102F300081E70C4A136801331360002090E700BF5B
:102F400084850020A8850020F4850020F0850020DD
:102F5000948500208C85002020860020A4850020F8
:102F6000988500209C850020848600202DE9F84F5C
:102F700001F0A0F9484B1A68013A1A601B682BB19E
:102F8000002401F0A7F92046BDE8F88F434A1268F3
:102F9000002AF5D04248434C434ADFF818C1434D5C
:102FA0000126142753E0C368DB68D3E90718D3F878
:102FB00028E0C1F80880C8F80410DEF8041003F116
:102FC000180949454FF0000108BFCEF80480996206
:102FD000DEF800100139CEF80010D3E90218D3F85A
:102FE00014E0C1F80880C8F80410DEF8041003F1FA
:102FF00004094945DEF8001008BFCEF80480013905
:10300000CEF80010D3F82CE0D4F8008006FA0EF1C8
:1030100041EA080107FB0EF802EB080A2160DAF822
:1030200004109960D1F808B0C3F80CB0CBF8049044
:10303000C1F8089052F80810C3F814A0013142F802
:103040000810DCF80010C96A8E4500D92E600168AE
:103050000029A8D10BB1FFF741FD154D2C6844B1F3
:10306000124E0127FFF7C4FE00B13760013CF9D1D1
:103070002C600E4B1B68002B82D00E4B1B684FF050
:10308000E0234FF08052C3F8042DBFF34F8FBFF3FE
:103090006F8F012475E700BF84850020AC85002078
:1030A000DC850020A4850020208600209885002053
:1030B0009C8500208486002008B550B94FF0E0239D
:1030C0004FF08052C3F8042DBFF34F8FBFF36F8FC3
:1030D00008BD0021FFF756FEFFF78CFCFFF746FF07
:1030E0000028EBD0F4E7000070B5104C4FF0E0255D
:1030F0004FF08056FFF704FD2368012B05D9C5F872
:10310000046DBFF34F8FBFF36F8FFFF7CFFAFFF759
:10311000C7FC0128EED9FFF735FEFFF7C1FC0128F7
:1031200001D901F02DF9FFF721FFE1E7208600200A
:103130001C4B1A681C4B10B512B101221A6010BD4D
:103140001A4C1A6023681B6B1A68B2F1A53F0BD1A9
:103150005A68B2F1A53F07D19A68B2F1A53F03D1F1
:10316000DB68B3F1A53F04D0216820683431FFF754
:10317000A9FA0F4B1B68B3FA83F3DBB20D48142294
:10318000C3F11F035343C11808334A6852684A60A9
:1031900003449A4204BFCA684A60D3682360236824
:1031A000CDE700BF8485002098850020848600201C
:1031B000A48500202086002010B5064B0C46196817
:1031C000183100F056FD20460121BDE81040FFF700
:1031D00011BC00BF848600200E4B70B41D6844688B
:1031E000EC611D68A6682E621D68183575601D6843
:1031F0001B681835A56098620368002A03F1010373
:10320000036070BC0CBF08464FF0FF301146FFF75B
:10321000F1BB00BF84860020C368D868836AD0E908
:10322000071270B55C688A60516000F118018C4229
:1032300008BF5A60002282621A68013A1A601F4B66
:103240001B68002B2ED1D0E9021243698A605160BD
:103250005968041DA14208BF5A601A681849013A0A
:103260001A60C36A0D6801229A402A430A60154A0F
:1032700014214B43D518696881608E68C6607460FC
:103280008C60D15845610131D150FFF727FC0E4BBE
:10329000C26A1B68DB6A9A4283BF0C4B012018602C
:1032A000002070BD0A4B5A68C26194680462616074
:1032B00091601A68836201321A60E8E78485002011
:1032C000A485002020860020848600209885002088
:1032D000DC850020034B1B680360034B1B684360C5
:1032E000704700BF94850020A885002070B50D466A
:1032F000044600F0DFFF0F4B19682B685A1C17D0EB
:103300000D48266800686268864208D08A4206D85E
:1033100000232B60012400F0DDFF204670BD881AD9
:103320008342F5D95B1A13442B602046FFF7D2FF86
:103330000024F0E7A885002094850020014B01229D
:103340001A607047988500200B4B1B687BB90B4AAD
:10335000106870B90A4B1B6863B90A4B0A4A1B68AC
:103360001068013B98420CBF0220012070470020EA
:1033700070471846704700BFDC8500209885002004
:103380009C850020AC850020B0850020014B18688A
:10339000704700BF84860020054B1B6833B1054B86
:1033A0001868B0FA80F0400940007047012070476B
:1033B000A085002084850020F8B50446002837D079
:1033C000224DC36A2A68D26A934236D28269204E5D
:1033D000002AA1BF2A68D26AC2F1050282611422C2
:1033E00002FB036342699A4223D1071D384600F06D
:1033F00057FC184930B9E06A0B680122824023EA81
:1034000002030B602B680868DB6AE36201229A40C2
:1034100002430A6014225343F1184A68A26090687C
:10342000E06047609760F25861610132F25001201C
:10343000F8BD2B68DB6AC362F9E72B68006CDB6AB6
:1034400098422CBF00200120F2E700BF84860020B4
:1034500020860020A4850020F8B5044608B9002085
:10346000F8BD436CC16A026C013B91424364F6D0E3
:10347000002BF4D1051D284600F012FC114A30B98A
:10348000E06A13680121814023EA01031360236C81
:103490001668E362C3F105010120A16100FA03F19E
:1034A00031431160084A14214B43D6187168A1605A
:1034B0008F68E7607D608D60D15866610144D150AE
:1034C000CEE700BFA48500202086002070B504460A
:1034D000002835D0036C994238BF1946C36A8B4225
:1034E0002ED0426C012A2BD18269164DC162002A6E
:1034F0004FF0140202FB03534269A4BFC1F105015E
:1035000081619A421CD1061D304600F0C9FBE36A76
:103510000D4A0121994018B9106820EA0100106095
:1035200010680143116014225343E9184A68A260ED
:103530009068E06046609660EA5861610132EA5046
:1035400070BD00BF20860020A4850020034B1868B2
:1035500010B1436C01334364704700BF8486002080
:1035600010B5044600F0A6FEA46B00F0B3FEB4FA5A
:1035700084F0400910BD70B51646026C856B044698
:1035800042B906689EB98068FFF766FFA6600135FC
:10359000A56370BD6EB940680BF0ECFA6368226CED
:1035A0001344A2686360934224BF236863600020D1
:1035B000EDE7C0680BF0DEFA226CE36851429B1A1B
:1035C0002268E36093423EBFA3685B18E360022E6B
:1035D000EDD10DB1013DEAE72846D8E7034610B426
:1035E0001A6C084662B1DC68A1189C68D960A142D7
:1035F00028BF19685DF8044B28BFD9600BF0BABA30
:103600005DF8044B704770B5044600F053FE94F823
:10361000455004F124066DB2002D01DD636AB3B993
:10362000FF2384F8453000F055FE00F043FE94F887
:10363000445004F110066DB2002D01DD23697BB901
:10364000FF2384F84430BDE8704000F043BE3046AC
:10365000FFF7E2FD08B1FFF771FE013D6DB2DBE758
:103660003046FFF7D9FD08B1FFF768FE013D6DB2A6
:10367000E2E770B50E46044610B3C06B00B3236C8E
:10368000A3FB0035DDB900F015FED4E90F31226847
:1036900062604B43D0185B1A1A44FF23A563A060F5
:1036A00084F84430E26084F8453056B104F11000EB
:1036B00000F0D1FA04F1240000F0CDFA12E000206D
:1036C00070BD236973B104F11000FFF7A5FD48B187
:1036D0004FF0E0234FF08052C3F8042DBFF34F8F1B
:1036E000BFF36F8F00F0F6FD0120E9E770B50D46DE
:1036F000064610B90024204670BDA1FB0023002B14
:10370000F8D1484310F1490FF4D8483000F0ACFC30
:1037100004460028EED04DB100F14803C4E90F651E
:10372000236001212046FFF7A4FFE4E70346F5E705
:1037300010B50C4640B1884206D302220021FFF7A3
:10374000D5FF00B1846310BD0020FCE72DE9FF41E7
:10375000002704460E4601921D46B84600F0AAFD19
:10376000A26BE36B9A421BD22A4631462046FFF7F2
:1037700002FF636A1BB104F12400FFF74DFD48B15D
:103780004FF0E0234FF08052C3F8042DBFF34F8F6A
:10379000BFF36F8F00F09EFD012004B0BDE8F08103
:1037A000022DE1D0019B1BB900F094FD0020F4E74D
:1037B00017B902A8FFF78EFD00F08CFDFFF7E2FAC3
:1037C00000F078FD94F84430FF2B08BF84F8448063
:1037D00094F84530FF2B08BF84F8458000F07AFD4F
:1037E00001A902A8FFF782FD38BB00F063FDA26BC0
:1037F000E36B9A420ED100F06DFD019904F11000C7
:10380000FFF7DAFC2046FFF7FEFEFFF7AFFB48B1FB
:103810000127A3E700F05EFD2046FFF7F4FEFFF767
:10382000A5FBF5E74FF0E0234FF08052C3F8042DDD
:10383000BFF34F8FBFF36F8FEAE72046FFF7E3FE3A
:10384000FFF794FBB2E710B5024600210120FFF715
:103850004DFF044638B1002383600360C3601A46FD
:103860001946FFF773FF204610BD38B5856804463A
:10387000FFF78CFD85420BD1E368013BE3600BB1A0
:10388000012038BD1A4619462046FFF75FFFF7E7CB
:103890000020F6E7F8B5164604461A46EFF31187FE
:1038A0004FF0600383F31188BFF36F8FBFF34F8F27
:1038B000806BE36B984201D3022A1FD194F84550E4
:1038C000A36B6DB22046FFF756FE6B1C0DD1636AE9
:1038D0003BB104F12400FFF79FFC10B10EB10123AE
:1038E0003360012087F31188F8BDFFF75FFA854246
:1038F000F7D201356DB284F84550F2E70020F1E7C8
:10390000F8B504460E46EFF311874FF0600383F3DA
:103910001188BFF36F8FBFF34F8F836BC26B9A42D7
:103920001CD990F845200133FF2A55B283630CD18E
:10393000436A33B12430FFF76FFC10B10EB101239D
:103940003360012087F31188F8BDFFF72FFA854215
:10395000F7D201356DB284F84550F2E70020F1E767
:103960002DE9FF41002704460E460192B84600F0BB
:10397000A1FCA56BE5B131462046FFF72FFE236978
:10398000013DA56373B104F11000FFF745FC48B198
:103990004FF0E0234FF08052C3F8042DBFF34F8F58
:1039A000BFF36F8F00F096FC012004B0BDE8F081FA
:1039B000019B1BB900F08EFC0020F6E717B902A8A6
:1039C000FFF788FC00F086FCFFF7DCF900F072FCE2
:1039D00094F84430FF2B08BF84F8448094F84530B5
:1039E000FF2B08BF84F8458000F074FC01A902A8F1
:1039F000FFF77CFC00BB2046FFF7B2FDB0B1019998
:103A000004F12400FFF7D8FB2046FFF7FCFDFFF789
:103A1000ADFA48B94FF0E0234FF08052C3F8042DBF
:103A2000BFF34F8FBFF36F8F0127A0E72046FFF74B
:103A3000EAFDFFF79BFAF7E72046FFF7E4FDFFF703
:103A400095FA2046FFF78CFD0028EDD0B4E7F0B5DD
:103A500085B00025044601912F462E4600F02AFC31
:103A6000A36BE3B1013BA363236813B9FFF76EFDBA
:103A7000A060236973B104F11000FFF7CDFB48B1DA
:103A80004FF0E0234FF08052C3F8042DBFF34F8F67
:103A9000BFF36F8F00F01EFC012005B0F0BD019B4D
:103AA0001BB900F017FC0020F7E717B902A8FFF7D1
:103AB00011FC00F00FFCFFF765F900F0FBFB94F838
:103AC0004430FF2B08BF84F8446094F84530FF2B46
:103AD00008BF84F8456000F0FDFB01A902A8FFF7CC
:103AE00005FC50BB2046FFF73BFD00B323683BB904
:103AF00000F0E0FBA068FFF75FFC054600F0EAFB82
:103B0000019904F12400FFF757FB2046FFF77BFDE6
:103B1000FFF72CFA48B94FF0E0234FF08052C3F87A
:103B2000042DBFF34F8FBFF36F8F012796E7204619
:103B3000FFF769FDFFF71AFAF7E72046FFF763FD85
:103B4000FFF714FA2046FFF70BFD0028EDD0002DFB
:103B5000A9D000F0AFFB616A19B1236B1968C1F1FC
:103B60000501A068FFF7B2FC9BE770B586680446C4
:103B70000D46FFF70BFC864204D1E3680133E36096
:103B8000012005E029462046FFF761FF0028F4D117
:103B900070BD2DE9F04107469046EFF311864FF0D6
:103BA000600383F31188BFF36F8FBFF34F8F856B73
:103BB0001DB390F8444064B2FFF710FD013D631C53
:103BC000BD6311D13B6953B107F11000FFF724FB2E
:103BD00028B1B8F1000F02D00123C8F8003001204D
:103BE00086F31188BDE8F081FFF7E0F88442F6D251
:103BF000013464B287F84440F1E72846F0E710B595
:103C0000044600F057FBA46B00F064FB204610BD97
:103C100070B504460D46164600F04CFB94F844304F
:103C2000FF2B04BF002384F8443094F84530FF2B69
:103C300004BF002384F8453000F04CFBA36B2BB984
:103C40003246294604F12400FFF7C6FA2046BDE8B3
:103C50007040FFF7D8BC00F108034FF0FF32C0E915
:103C60000223436003610023036070470023036164
:103C7000704730B50C68631C0AD103695A684A6002
:103C800091608B605960036808610133036030BD47
:103C900000F10802134652681568A542FAD9EDE70B
:103CA000D0E9011203698A6051605968814208BFF6
:103CB0005A600022026118680138186070470000DD
:103CC000914208B5416000610AD8D21A83699A42CC
:103CD0000DD2084B011D1868FFF7CBFF002008BD6F
:103CE0009A4201D2994202D2034B011DF3E701200F
:103CF000F5E700BF948600209886002070B5044642
:103D00000D461646A1692B46324629442046FFF748
:103D1000D7FF00B970BDA36920461D44236A9847A8
:103D2000F0E700000E4B1B68DB6870B5DC680546E9
:103D3000201D0E46FFF7B4FF94F824305A0709D52A
:103D4000324629462046FFF7D9FF236A2046BDE8C0
:103D50007040184723F0010384F82430F5E700BFD2
:103D60009886002010B5084C23681A6822B9074AC3
:103D700011682160136010BDDB684FF0FF311868D7
:103D8000FFF7D0FFF0E700BF988600209486002060
:103D9000F8B50D4C00F08EFA25688DB90B4F0C4E1E
:103DA0003846FFF758FF3046FFF755FF094B1F60B5
:103DB000094B2A460C2108201E60FFF797FC206063
:103DC000BDE8F84000F086BA90860020B08600205A
:103DD0009C86002098860020948600202DE9F043E0
:103DE000574E85B00027574B1B68D3F80090B9F1A8
:103DF000000F2BD0DB68D3F800900025FEF7C2FF40
:103E0000FEF7C8FF3368DFF84481984204461FD3A9
:103E10003060002D49D04C4B1B681D68B5FA85F504
:103E20006D09D8F800002A46A9EB0401FFF7F0FE5F
:103E3000FFF79CF888B94FF0E0234FF08052C3F8A9
:103E4000042DBFF34F8FBFF36F8F06E00125D5E739
:103E5000FFF788FF3460FFF789F8CDE90177039712
:103E6000D8F80000002201A9FFF77AFD0028BAD097
:103E7000019B002BF4DB039C636913B1201DFFF74A
:103E80000FFFFEF787FF33689842054601D2FFF720
:103E900069FF019B3560013B082BE1D8DFE803F0A7
:103EA0000E0E3138470E0E3138008145B9D8FFF774
:103EB0005DF821464846FFF735FFCEE794F82430F9
:103EC000A16943F0010384F82430029B2A46194477
:103ED0002046FFF7F5FE0028C2D094F82430590799
:103EE0000AD5A36902992A4619442046FFF706FF1E
:103EF000236A20469847B3E723F0010384F824306F
:103F0000F6E794F8243023F0010384F82430A7E77F
:103F100094F824300299A16143F0010384F824301D
:103F20002A462B4629442046FFF7CAFE98E794F814
:103F300024309A07E7D4204600F016F990E700BF36
:103F40008886002098860020948600209086002095
:103F500007B5FFF71DFF084B186850B1074B0193D9
:103F6000042300930649074800234FF48072FEF7AC
:103F7000EBFD03B05DF804FB908600208C860020EA
:103F800019F30100DD3D01002DE9F04180462820B4
:103F90000F4615461E4600F067F80446A0B1002300
:103FA00080F82430FFF7F4FE069BC4F80080C4E9D3
:103FB00006762362201DFFF759FE2DB194F82430B8
:103FC00043F0040384F824302046BDE8F08100006B
:103FD0001FB50C4C236813B9002004B010BD05298F
:103FE000CDE901120390F7DCFFF7D6F90346022B67
:103FF0004FF0000320680CBF069A1A4601A9FFF78C
:10400000A5FBEAE79086002030B515461A46094B15
:104010000446186885B010B9002005B030BD0529E8
:10402000CDE901150394F7DD002301A9FFF732FC68
:10403000F3E700BF908600204068704710B5044643
:1040400000F038F994F8244004F0010400F042F93B
:10405000204610BD10B5044600F02CF9E46900F0CC
:1040600039F9204610BD0000F8B5431E0A3337D891
:1040700010F0070300F1080405D0A3F10902A242E1
:104080002ED31030C41AFEF77DFE31480368F3B911
:10409000304A314D53071FBFD11D21F0070102F5F2
:1040A0006052531A0CBF4FF460530A461344083B46
:1040B00023F00703002169602A60C3E90011991AFF
:1040C000C2E900310360254B1960254B1960002CB3
:1040D00008DCFEF74BFFFEF7EBFA00263046F8BD92
:1040E0000024D0E71E4F3D68A542F2D31A490B6861
:1040F0005A68A24201D21E6836BB00689842E8D0D6
:104100000E6818680860A2EB040CBCF1100F06F1F1
:10411000080605D91A19C2F804C018510A602246C7
:10412000AD1A42F000425A6000220C481A600D4A53
:10413000046813683D60A54203F1010338BF0560C0
:104140001360FEF713FFC9E719463346D0E700BFF7
:10415000D4860020E0860020D8860020CC8600206F
:10416000D0860020C886002038B5054600283BD000
:1041700050F8043C002B37DA50F8082C002A33D1D1
:1041800023F0004340F8043CA0F10804FEF7FAFDD8
:10419000164A55F8041C13680B441360144B1A4656
:1041A0001B689C42FBD850681518AC4202BF091826
:1041B00014465160606821188B4213D10D4909687B
:1041C0008B4203D059680144616019682160A242A2
:1041D00018BF1460084A136801331360BDE8384003
:1041E000FEF7C4BE1946F1E738BD00BFD0860020F7
:1041F000D8860020D4860020C486002082B0002308
:1042000001934FF0600383F31188BFF36F8FBFF307
:104210004F8F019B002BFCD002B07047084800680C
:10422000006880F308884FF0000080F3148862B6BD
:1042300061B6BFF34F8FBFF36F8F00DF00BF000089
:1042400008ED00E0DFF80C00016841F47001016046
:104250007047000088ED00E04FF0807340F8043CA8
:10426000074B40F80C3C21F001016FF0020340F8CD
:10427000081C40F8202C40F8243C4438704700BF0C
:10428000FD410100000000000000000000000000EF
:10429000074B19680868B0E8F04F80F30988BFF34E
:1042A0006F8F4FF0000080F311887047AFF30080EC
:1042B000848600204FF0600383F31188BFF36F8F73
:1042C000BFF34F8F024A136801331360704700BF7A
:1042D000F82A0020034A1368013B13600BB983F3EB
:1042E00011887047F82A002000000000000000003C
:1042F000EFF30980BFF36F8F154B1A681EF0100F94
:1043000008BF20ED108A20E9F04F10602DE9090068
:104310004FF0600080F31188BFF34F8FBFF36F8FB2
:10432000FEF706FF4FF0000080F3118809BC196802
:104330000868B0E8F04F1EF0100F08BFB0EC108A0C
:1043400080F30988BFF36F8F704700BFAFF3008021
:104350008486002008B54FF0600383F31188BFF313
:104360006F8FBFF34F8FFEF743FD28B14FF0E0236F
:104370004FF08052C3F8042D002383F3118808BD49
:10438000F8B53A4B04461F6872B6BFF34F8FBFF3C0
:104390006F8FFEF7D9FF08B962B6F8BD4FF0E02283
:1043A000334D0623136193692E68002B08BF3346F3
:1043B000A742394628BF2146D2F8044D640144BFC4
:1043C0004FF00074C2F8044D01F1FF3048BF2A6875
:1043D00006FB0033274E48BF9B1A32689A4238BF0B
:1043E0009B1A4FF0E022002453619461146944F059
:1043F0000104146121B1BFF34F8F30BFBFF36F8F42
:1044000062B6BFF34F8FBFF36F8F72B6BFF34F8F9C
:10441000BFF36F8F4FF0E0240622226127692A68DC
:10442000FF0318D5A16911440139CB1A31689942AB
:1044300001D2934200D9531E4FF0E02253614FF056
:10444000E02300229A6107221A612A68013A5A6120
:10445000FEF7B2FCA0E7A3695143C81A5B1AB0FB90
:10446000F2F000FB02221A446261E8E7E4BE002099
:10447000E8BE0020E0BE00200A4B4FF224421A6042
:10448000094B4FF486721A60084B5E221A604FF097
:10449000E02300221A619A614FF223425A610722F7
:1044A0001A617047E8BE0020E4BE0020E0BE002094
:1044B00038B54FF0E0240025D4F8203D43F47F03C5
:1044C000C4F8203DD4F8203D43F07F43C4F8203D9C
:1044D000C4F81C5DFFF7D0FF084B1D60FFF7B2FE6C
:1044E000D4F8343F43F04043C4F8343FFFF796FE1E
:1044F000FEF71EFEFFF782FE284638BDF82A002090
:104500000170090A417070470B0A017043700B0C6F
:10451000090E8370C170704700887047006870474B
:10452000002808DB4309044900F01F000122403342
:10453000824041F82320704700E100E0F8B50769A8
:104540000446FFF7B7FED7F80455D7F8043166687C
:104550005BB106F180760023D7F804556660C7F892
:10456000043194F90100FFF7DBFF3543FFF7B2FE9A
:104570002846F8BD30B484780369BCB34FF4802278
:10458000C3F80823D3F80445D3F8045142681DB199
:10459000D3F8044502F1807222438A1A002A4FF0B0
:1045A000010506DCC3F8085330BC90F90100FFF7A1
:1045B000B7BF022A07DCC3F80453D3F804359C4282
:1045C000F2D130BC7047B2F1807FB4BF21F07F419F
:1045D00004F500044FF48022C3F80853B4BFC3F8B5
:1045E0004815C3F84845C3F80423EAE74FF400220E
:1045F000C3F80823C3F84C15C3F84C41C3F804238F
:1046000001229A64D3F848355B1A002BD9DBCBE73B
:104610002DE9F041254C2669D6F84C3113B1002321
:10462000C6F84C31A3680133A360D6F808331B03E6
:1046300037D5FFF73FFE01274FF00008656945B108
:10464000A3789BB11948FFF779FFEB68C01A0028DF
:1046500011DA6369EBB9A278236922B34FF480229F
:10466000C3F808230122C3F8082316E023699F64D6
:10467000D3F84805E9E7D5E9043243B15A616A69DC
:104680001360D5E90130C5F814809847D6E7A261D8
:10469000F5E7D9680548FFF76DFFFFF71BFED6F871
:1046A0004C31BDE8F0814FF40022DCE7ECBE002085
:1046B000052810B504461CDC0F4B53F82030C3B15D
:1046C0001B78B3B9A8B90D4B0D4A1A610820587070
:1046D0000C4B4FF48072C3F88020BFF34F8FBFF3B1
:1046E0006F8FE022084983F8082309F0D9FE20469D
:1046F00010BD1624FBE700BF3CFA0100ECBE002011
:104700000080004000E100E011460100052870B57E
:104710004BDC274B53F82050002D46D02C78002C32
:1047200043D1244B994240D8B3FBF1F1B1F5007F5E
:104730003BD82B69002B38D001290ED001231A4613
:1047400002FA03F088422BD3DCB2013B9A408A1A6A
:10475000401A824201D2013CE4B2164B01262341A9
:10476000EB602E70FFF7A6FD2B6900225E60DE6015
:10477000C3F804250322C3F80825C3F810451E60BA
:1047800095F901206B78002A06DB5A0903F01F0314
:104790009E40094B43F82260FFF79CFD002070BD4E
:1047A00001330A2BCCD11C46D7E71620F7E700BF10
:1047B0003CFA01000024F40000E100E005280DDCD3
:1047C000074B53F8200050B183780BB1FFF7B6BE0A
:1047D000036901229A64D3F84805704700207047A6
:1047E0003CFA0100F7B5089F0C469DB2099B009367
:1047F000164603463A462946204600F09FFC40B93B
:104800002B46BAB22146304603B0BDE8F04000F076
:10481000B7B803B0F0BD70B504680E461946238AD8
:10482000B342054603D800230360204670BD3046DE
:104830009047044670B129683346002200F065F9BC
:1048400040B92868314600F0B3F9286800F0D1FB80
:104850002860EAE7204600F0E4F80024E5E70000DD
:1048600008B5002204212020FEF740FF0A4B186003
:1048700000F0D2FC00F0D8FC08F032F905F07DFF22
:1048800000210520FFF714FF4FF4004000F018F856
:10489000BDE8084008F0BBBA08BF002008B54FF0DB
:1048A000FF31034809F05AFB43689847F7E700BF18
:1048B00008BF00200048704708BF002008F0DEB99C
:1048C00001460020FFF722BF0020FFF777BF4379A2
:1048D000072B00F1100298BF002300681344C01A90
:1048E00080B270478268C188128800F110031344B7
:1048F00002680A44981A80B270470000074A10B54F
:1049000011680346084618B909B15068083810BD47
:1049100004889C42FBD28068F5E700BFFC2A002097
:1049200010B50C4A13682BB98360536818600830BF
:1049300050600CE0198804888C42996801D80B46B5
:10494000F1E7816011B900F1080151609860002021
:1049500010BD00BFFC2A0020024B0022C3E9002347
:10496000704700BFFC2A0020044B1B68002003B9DD
:1049700070475A689B68D2881044F8E7FC2A0020E8
:10498000103A028041600020704738B503888B429E
:1049900004460D460CD3406800F0FFFB38B10023FD
:1049A000C360436000F110032B440360846038BD92
:1049B0000020FCE710B50C46FFF7A0FF20B1214610
:1049C000BDE81040FFF7E1BF10BD38B5038801F125
:1049D0000805AB420DD3FF2D0BD80021FFF7D5FF03
:1049E00030B1036845712B4403600023C0E90433F0
:1049F00038BD0020FCE70830084410B580B20C46F2
:104A0000FFF77CFF20B1E1B2BDE81040FFF7DDBF4A
:104A100010BD0146806808B510B1406800F0E4FBA5
:104A200008BD10B500B910BDC468FFF7F2FF00283B
:104A3000F9D12046F6E70346002003B97047DA882B
:104A4000DB68104480B2F8E72DE9F0470F461546C1
:104A50000646002846D0D0F808A003469946DB68F1
:104A6000002BFBD148462C46FFF73CFF98B1A842EB
:104A7000A8BF28460446D9F80030B9F806002246F7
:104A8000394618440AF076F8B9F80630234427442A
:104A9000A9F806302C1B002C05DD00215046FFF73D
:104AA00074FF804638B97379072B16D8201E18BFBB
:104AB0000120BDE8F087BAF80020A242A8BF224634
:104AC000C280394600680AF055F8B8F80630C9F8CF
:104AD0000C801F44E41AC146DDE7338A1D442D1BB8
:104AE0003582E3E70220E4E710B508B910BD0021E4
:104AF0000446C068E3888B4202DC04D10028F6D16A
:104B000011802046F2E7C91AEFE7F7B505460846D7
:104B100011460DF106021F46FFF7E6FF064617B9DC
:104B2000384603B0F0BDAEB1BDF80630F488316848
:104B3000E41ABC42A8BF3C46A4B222461944284607
:104B4000FFF782FF0028ECD13C1BF668ADF80600A9
:104B5000A7B2E4E70220E4E7F8B505461F4614468D
:104B60003AB92046F8BD05B3EB888B4203DCED680B
:104B7000C91A0029F7DC002C05DC002CD4BF002466
:104B800001246442EDE7002DF7D0EE882B68761AF9
:104B9000A642A8BF264619443846324609F0EAFF25
:104BA000A41BED6837440021E5E74FF0FF34D8E758
:104BB00070B5002830D000291ADA4B42044600258F
:104BC000E2882646E4681544002CF9D19A424479DB
:104BD00023DB9BB2D21A072CF2801DD9028AD31A8A
:104BE00019E0E41AD48014681C44146000230CE01B
:104BF00002460B460025002BF8D0D4889C42F0DCFE
:104C0000D580D2681B1B002AF5D14279072A03D927
:104C1000028A521A1344038270BD294421EAE171C9
:104C2000072C88BF0182C3888B420446C06807DB1B
:104C3000E1800028F0D0FFF7F4FE0023E360EBE70B
:104C4000C91A0028EFD1E7E72DE9F7431E1E1746E2
:104C50001DDD0DF10602FFF747FF044620B96FF096
:104C6000004003B0BDE8F0830025A946BDF806006A
:104C7000E288731B121A9A42A8BF1A461FFA82F8DA
:104C8000B8F1000F05D14544ADB2B5420AD10020BC
:104C9000E7E7236892B27919184409F0F9FE002871
:104CA000F1D0DEE7E468ADF80690002CDED1D6E75F
:104CB0002DE9F7431E461446002301AAADF804303F
:104CC000ADF80630BDF82870FFF70EFF31460546F7
:104CD0000DF106022046FFF707FF0646002F43D0DE
:104CE000BDF8043000227DBB0AB1ADF80430BDF838
:104CF000062000219EB3F38893422CD909B1ADF868
:104D0000062065B3BDF80490EC88BDF806803168D4
:104D10002868A4EB0904A4B2BC42A3EB080328BF93
:104D20003C469BB29C4228BF1C4622464144484414
:104D300009F0AEFEA8B9A144A0443C1BADF8049014
:104D4000ADF80680A7B2C9E7E9889942CCD8ED68EA
:104D500001220023C7E7F66801210022CAE76FF0AD
:104D6000004003B0BDE8F0833846FAE72DE9F04192
:104D70000E4604464FF000082046FFF7A8FDE288E3
:104D800061792368B042A8BF304612FA80F2072941
:104D9000A3EB0003E28088BF228A236083B284BF32
:104DA0009B182382361A0CD00729A0680CD9083921
:104DB000C9B2FFF70AFE054650B92046FFF731FE9B
:104DC0002C462046BDE8F0810021FFF7DEFDF2E72A
:104DD0006279072A0CD900F11007384604F1100156
:104DE00009F0C8FE63796B711F442F6084F8058059
:104DF0002846FFF777FD2B68EC6003442B602C46B8
:104E0000BAE72DE9F34791460DF1060207468846B9
:104E10001C46FFF769FE054660B34FF0000ABDF877
:104E20000600EE88361AA642A8BF2646002E07DDE9
:104E30002B6849463246184409F09CFEB144A41B35
:104E4000A4B1EB681BB1ADF806A01D46E7E7A2B21E
:104E500049462846FFF7F8FD48B97B79072B05D965
:104E60003B8A44449C42B8BF1C463C82002002B0AE
:104E7000BDE8F0874FF0FF30F9E710B503461A465A
:104E8000DB68002BFBD1D1604379072B06D94B7926
:104E9000072B0ED9038A0A8A1344038200234B711D
:104EA00010BDDC88028ADB6822440282002BF8D124
:104EB000F4E70B46FAE72DE9F041D0F80880B8F89E
:104EC00000308B4205460C4602D20020BDE8F0813E
:104ED00007463E46FF68002FFBD13046FFF702FD34
:104EE000A04207D239464046FFF74FFD0028ECD0DC
:104EF000F0600646F38830681A19F2806A79072A4A
:104F000001D81844E2E72A8A14442C82F9E72DE9F3
:104F1000F041C5888D4204460E4630D2FFF7E2FCD0
:104F20002844B0422EDBE76867B3751BAEB2254656
:104F30002846FFF7D7FC8046FC88E8883968464554
:104F40003346A8BF43469C42A8BF1C462B68224656
:104F5000184409F00FFEEB88A2B21344EB80FB88E3
:104F60009B1AB61A9BB2B6B2FB80A8EB040823B317
:104F70003B6823443B603C4676BBEC602C462046B5
:104F8000BDE8F081A068627903889B1A9E421EDC0E
:104F90000021FFF7FAFC0546C8B16279072A0AD951
:104FA00000F11007384604F1100109F0E3FD6379C0
:104FB0006B711F442F602746BAE73846FC68FFF73D
:104FC00028FD002ED9D03CB92846FFF722FD204607
:104FD000FFF727FD0024D2E72746ADE710B50C46C2
:104FE000FFF7C4FE20B12146BDE81040FFF78FBF98
:104FF00010BDC38870B5054613B12C46204670BD60
:10500000C468002CF9D0E38883B12046FFF75FFC29
:105010006A799042F1D3627105F1100104F1100038
:1050200009F0A8FD2846FFF7F4FCE7E7E668EE6024
:105030002046FFF7EEFC3446E3E72DE9F8438046CF
:10504000F0B109B1FFF719FF44462046FFF73FFCD6
:1050500058B16379E288216804F11005072B88BFF5
:10506000ED18284609F024FD2560E3882268E568EC
:10507000204602EB0309FFF735FC07462FB315B9AD
:105080004046BDE8F883EE882968BE4228BF3E4608
:10509000B6B24846324609F06DFDE3883344E380FA
:1050A0002B6833442B60EB88BF1B9B1BB144BFB202
:1050B000EB80EB88002BE1D1EB68E3602846FFF73B
:1050C000A8FCE568002DF4D1D8E7002DD8D02C46F7
:1050D000BBE7000070B5044610B10AB113B919B1AD
:1050E000032022E09D0725D19DF81400A0720498AA
:1050F0002260C4E90530E1802181A1801D46E36082
:1051000061B190071CBF22F0030204320120564215
:1051100088420BDB0139514300234B51064B5A683F
:1051200000202061146010345C6070BD13440130B5
:105130009B51EDE70420F8E70CBF002013B50024D5
:105140000194049C0094FFF7C5FF02B010BD37B571
:1051500001250195069D00950446FFF7BBFF08B9A0
:10516000C4E9070003B030BD03689A07C2681CBFDA
:1051700023F0030304338A420DD8808803FB002008
:10518000814208D2891AB1FBF3F203FB1211B1FA82
:1051900081F0400970470020704738B5044680B15F
:1051A000FFF788F8E38873B165692A686261013B9B
:1051B00022899BB29A42E38000D92381FFF78AF8C3
:1051C0002C46204638BD1D46F8E738B504460D4646
:1051D000FFF770F863692B60E38865610133E38052
:1051E000FFF778F8002038BD10B50A46034680B1B5
:1051F00079B1847AE40706D5C46924B12346026AEA
:10520000BDE81040184711461846FFF7DEFF0020A2
:1052100010BD0320FCE70000024B0022C3E900237D
:10522000704700BF0CBF002007B5FFF795FB084B88
:1052300001934FF492730093064A074907480623E7
:10524000FFF7D0FA034803B05DF804EBFFF768BB43
:1052500021F3010030BF002014BF00203CBF00201C
:105260002DE9F34110F0400805460E4617461C464E
:105270000ED11868018AFFF79BFC0623CDE9008355
:10528000394622682B46304600F08FFEC4F8008075
:1052900002B0BDE8F08106F065BC7047172938BF41
:1052A00017218181704710B5044606F0B9FE30B170
:1052B000A38923B16089984228BF184610BD1720E2
:1052C000FCE710B50C46FFF7EEFF218A814205DDB1
:1052D000411A2046BDE81040FFF76ABC10BD37B543
:1052E00004460D4605F018F96B4601AA29462046EA
:1052F00006F038FC40B90098FFF7D5FF044605F0EA
:105300000DF9204603B030BD0024F8E70421FFF773
:10531000E6BF0000A0F11703B3F5FC7F70B50546AA
:1053200016D80C4B188005F0F7F80026304605F02B
:10533000F5FD044618B905F0F1F8204670BD0421CA
:1053400005F02AFD837BDB0758BF45810136EDE779
:105350000320F3E714C6002008B506F041FE38B17B
:1053600004230381C380034B1B884381024B836169
:1053700008BD00BF14C60020C953010023280FD860
:10538000052806D8022818BF04280CBF01200020D9
:105390007047044B0638C0B2C34003F001007047A9
:1053A0000020704755158524012809D00338C3B261
:1053B0001E2B04D80348D84000F00100704700209D
:1053C000704700BF555551482DE9FF41044606F08E
:1053D0005CFE4FF6FF73984205463BD02069268954
:1053E0000DF107030122002104F11007FFF7B4FBC0
:1053F00070BB042E16D19DF80700FFF7D5FF88B1CA
:1054000005F08AF802AA03AB3146284606F0C1FB34
:10541000024638B90298039980F86C2000F089FBA5
:1054200005F07CF89DF80700DFF86080002398F80D
:105430000020904210D004D301331E2B08F108083D
:10544000F5D13B4632462946FFF70AFF082418E00B
:10545000042416E0072414E020690121FFF7A8FBCB
:10546000D8F804303A46314628469847044640B1B9
:10547000082C06D19DF807003B4632462946FFF727
:10548000EFFE204604B0BDE8F08100BF54FA0100F1
:10549000024BF7221A800020704700BF14C600207C
:1054A000F8B506460F4610460421154606F03BFBAC
:1054B000044640B92B681A683946D378B2F80120FF
:1054C000304603F083FE2046F8BD30B5162985B07E
:1054D00005460C463BD905F01FF801AB02AA042192
:1054E0002846FFF7D8FE28B105F018F80724204613
:1054F00005B030BD019B9B7BDB0709D405F00EF89E
:10550000022103AA084600F004FB28B90624EEE7AE
:1055100005F004F80224EAE70480039A04212846EF
:1055200000F03CFB04460028E1D104F0F5FF01AB9C
:1055300002AA04212846FFF7AEFE044620B9019ACC
:10554000937B43F00103937304F0E8FFCFE7032458
:10555000CDE7F7B506460F4610460221154606F080
:10556000E2FA044668B92B681D6804F0D5FF2246AC
:1055700001AB39463046FFF78EFE044618B104F001
:10558000CDFF00250EE029880198FFF787FE0198DE
:10559000FFF789FE054604F0C1FF2A460421304684
:1055A00002F098FC30462B462246042103F028FEE8
:1055B000204603B0F0BDF7B506460F461D4614461B
:1055C00082B19A420ED8042101AA084600F0A1FA3D
:1055D00050B104804580019A3946304600F0DEFA29
:1055E00003B0F0BD0320FBE70620F9E72DE9F04703
:1055F000064686B00F4610460121144606F093FA7F
:105600000546A8BB20680121D0F80090FFF7D0FA2A
:1056100023681B8A63B399F800A0BAF1010F23D065
:10562000BAF1020F23D14FF012084146204606F08E
:105630007AFA48BB23681868FEF76EFFBAF1020FCA
:105640002168ADF800001CD002231A4601A807F01B
:10565000ABF960B920684146FFF7AAFA6A463946B5
:10566000304603F0E1FDD3E74FF00408DDE70A25FB
:1056700030462A46394603F003FE284606B0BDE808
:10568000F08710235246E1E70546F1E72DE9F341A3
:10569000DDF8288006460F461D461446D2B19A42D0
:1056A00018D801AA08F10601062000F032FA98B1D4
:1056B000BDF8203009990480458083804246063039
:1056C00009F058FA019A3946304600F067FA02B0FC
:1056D000BDE8F0810320FAE70620F8E773B5054638
:1056E0000E46144623681A8A32B92846314603F01A
:1056F00017FE002002B070BD0421204606F013FA08
:10570000B0B92068036859781A7842EA0122ADF8E6
:1057100004209A78DB78042142EA0323ADF80630AE
:10572000FFF746FA01AA3146284603F0CBFDD9E738
:105730000A22DAE72DE9F341DDF8208006460F461C
:105740001D461446C2B19A4216D8404607F074F975
:1057500001AA011D082000F0DCF978B1011D0480C8
:105760004580404607F032F9019A3946304600F04C
:1057700015FA02B0BDE8F0810320FAE70620F8E749
:105780002DE9F043064685B00F4610460121144628
:1057900006F0C9F9054670B92068036893F80080DF
:1057A0000121FFF705FAB8F1010F28D9A8F1020984
:1057B00023681B8A43B930462A46394603F0EEFD7A
:1057C000284605B0BDE8F0834146204606F0ABF917
:1057D000B8B923681B6859781A78CDF8089042EA5E
:1057E0000122ADF8042002333946304601AA039362
:1057F00003F0BAFD20684146FFF7DAF9D8E70A2539
:10580000D9E70546D7E773B505460E4614466AB193
:1058100001AA02210A2000F07CF948B10480019A13
:105820003146284600F0BAF902B070BD0320FBE70C
:105830000620F9E708B51346002203F023FE0020F6
:1058400008BDF7B505460E461F46144672B101AABB
:1058500004210C2000F05DF950B104804780019ACA
:105860003146284600F09AF903B0F0BD0320FBE76B
:105870000620F9E708B51346002203F01FFE0020BA
:1058800008BD13B5002413460094224603F029FEF8
:10589000204602B010BD082070472DE9F341DDF825
:1058A000208006460F461D461446C2B19A4216D8BD
:1058B000404607F0C1F801AA011D102000F029F9A7
:1058C00078B1011D04804580404607F07FF8019AB9
:1058D0003946304600F062F902B0BDE8F08103209D
:1058E000FAE70620F8E72DE9F043064685B00F46B3
:1058F00010460121144606F016F9054658B92068ED
:105900000368012193F80080FFF752F9A8F1040918
:1059100023681B8A43B930462A46394603F08FFD77
:10592000284605B0BDE8F083B8F1040F21DD4146FB
:10593000204606F0F8F8F0B923681868FEF7ECFD89
:105940002368ADF8040018680230FEF7E5FD23680F
:10595000ADF806001B68CDF8089004333946304690
:1059600001AA039303F034FD20684146FFF720F9B4
:10597000CEE70425CFE70546CDE708B503F0C7FD20
:10598000002008BD2DE9F341089D074688461C46C6
:10599000164602B32B8A2344B3F5007F1BDCFFF7C6
:1059A0009EFC2B8A0438984215DD01AA042116209A
:1059B00000F0AFF8A0B14480068029460198FFF7B7
:1059C0005CFA019A4146384600F0E8F80446204661
:1059D00002B0BDE8F08103242846FFF722F8F6E77D
:1059E0000624F9E72DE9F74306460F461046042141
:1059F000154606F098F80446A0B928680368042103
:105A0000B3F80090B3F80280FFF7D2F83046CDE942
:105A100000854B462246394603F08AFD204603B0F6
:105A2000BDE8F0834FF00008C146EFE773B50446C8
:105A30000D461646012101AA182000F06AF838B177
:105A40000670019A2946204600F0A8F802B070BD01
:105A50000620FBE708B5002203F08CFD002008BDFE
:105A600073B5064615460C4699B101AA02211B20C2
:105A700000F04FF890B1048029460198FFF7FDF936
:105A8000019A0421304600F089F80446204602B00D
:105A900070BD03242846FEF7C4FFF7E70624F9E7A4
:105AA000F7B506460F461D4614469AB101AA0221D3
:105AB0001D2000F02EF890B1048029460198FFF7D0
:105AC000DCF9019A3946304600F068F80446204671
:105AD00003B0F0BD03242846FEF7A3FFF7E7062432
:105AE000F9E708B503F060FD002008BD013170B58D
:105AF00089B2064610461546FFF7DDF9044620B97F
:105B00002846FEF78EFF204670BD2C6804F8016B16
:105B1000F9E770B5164604460D4605F0DAFF024671
:105B2000306028B129462046BDE87040FFF7DEBF4F
:105B300070BD70B505460E4614465AB990F86C30E3
:105B4000C3B9446EB4B16368436613B900F164032A
:105B50008366103C23681878FFF710FC78B195F83D
:105B60006C304BB100236361AB6E04F1100214344E
:105B70001A60AC66002070BD012385F86C30236884
:105B80001878FFF78AFB21463046FFF79AFB22463A
:105B900031462846BDE8704006F006BB37B50446DE
:105BA000154604F0B9FC20466B4601AA042105F015
:105BB000F0FF044638B104F0B1FC2846FEF731FF8F
:105BC000204603B030BDDDE900102A46FFF7B1FFE3
:105BD000044604F0A3FCF3E738B505460C4604F090
:105BE0009BFC284605F098F9836D2360BDE838409A
:105BF00004F094BC2DE9F0430746147A9FB0164692
:105C00001D46A1B1E00705D402232B7010201FB060
:105C1000BDE8F08304F0040904F0080804F010045F
:105C200049EA040454EA08040CD10020EFE7A10774
:105C300001D40323E9E704F0200904F0400804F04C
:105C40008004EDE769463846FFF7C6FF59EA0809C0
:105C50009DF8003038D013F001092BD104F05CFC22
:105C6000384605F041F901AC80B103A905F06AF9A5
:105C700008224946204608F034FFDDF81300BDF83D
:105C800017209DF819300190A280A37104F046FC02
:105C90000AA9204606F0DAFD50B99DF8503013F0FD
:105CA000010F14BF0F200520287000F58070AEE7AB
:105CB0000520F9E7B8F1000F06D09A0704D40523B0
:105CC0002B7040F20510A2E7727AB2EBD30FACD979
:105CD0000C232B704FF4867099E72DE9F04186B0C4
:105CE0000546039300238DF817304FF6FF73984253
:105CF0000C9F0C4616460FD12369019303AB00930A
:105D0000D4F80C806189334601222846C04778B117
:105D10008DF81700092007E00A460DF1170301214D
:105D2000FFF768FF0028E7D017B19DF817303B70E8
:105D300006B0BDE8F08110B5144605F0F4FE062863
:105D400014BF0023112304B1237010BDF8B5069FC2
:105D50001D463B78102B038A164614BF14220622D8
:105D600013448B4211DC1146FFF7A5F8044670B1CD
:105D70003146FEF7C5FB2946A01CFEF7C1FB211DDD
:105D8000384606F023FE0020F8BD0420FCE706207C
:105D9000FAE773B504460DF1060015461E46FEF7F8
:105DA000AFFB02220DF106012046FEF74DFE20B1A9
:105DB00011233370062002B070BD29460DF1060094
:105DC000FEF79EFB02220DF106012046FEF73CFE87
:105DD0000028EDD10120EEE710B504468068FEF7FB
:105DE00020FE21460248BDE81040FFF7FDB900BF84
:105DF00018C60020F0B51D4685B04FF6FF730C465F
:105E000098424FF00001064617468DF80F100DD14D
:105E10002369CDE900730222E768618900233046D7
:105E2000B84750B18DF80F00092006E00DF10F03BF
:105E30002246FFF7DFFE0028EAD015B19DF80F30AB
:105E40002B7005B0F0BD2DE9F743DDF82C9004462A
:105E50000E4690461F4605F03CFE054600B303463D
:105E6000CDF80090204600223146FFF736FF044669
:105E700030B92E8A46450AD90E2389F80030042409
:105E80002846FEF7CEFD204603B0BDE8F0833B4632
:105E9000014632462846FEF75FFE0A9B1E80EFE76A
:105EA0000624EDE72DE9F041804614480F461646DA
:105EB0001D46FFF772F90446E8B11422002108F0EC
:105EC00010FE0F4BC4F804801A882772013292B278
:105ED0001A80069BE360079B236100232360094B24
:105EE0006672596862810C605C6015B90020BDE87B
:105EF000F0812A80FAE70620F9E700BF34C90020C4
:105F000054C9002060C90020014B1888704700BFA9
:105F100054C90020044A0346106800B970474289FA
:105F20009A42FBD00068F8E760C9002070B50D46C2
:105F3000164640B90A4B1C681CB16389B34204D9A8
:105F40000024204670BD0468F6E7002DF9D0606893
:105F5000294606F0F1FC0028F3D02468ECE700BFE6
:105F600060C90020036823B14068401A20EAE0704D
:105F700070476FF0004070472DE9F0410446084635
:105F800015461E46FFF7C6FF069F014628B90FB10A
:105F900001233B700520BDE8F081069733462A4671
:105FA0002046BDE8F041FFF798BE2DE9F8430446CE
:105FB0000D4601200421BDF820909DF8248016464E
:105FC0001F46FFF793FD58B1077080F80380A0F8D3
:105FD0000190324629462046BDE8F843FFF7DEBD72
:105FE0000620BDE8F8832DE9F34106469DF824809C
:105FF0000F461C46154672B1B8F1000F04D0A3B984
:1060000005F067FD0446A0B92046FEF70AFD2846C4
:1060100002B0BDE8F0811A46FFF7C0FD054608B999
:106020000024F1E74FF00E08EAE7198A1846FEF758
:10603000BFFDBDF828300093CDF804809DF82030D6
:10604000224639463046FFF7B0FFE9E72DE9F04335
:10605000042989B00646894617466AD10DF1170210
:1060600002213846FFF767FE044600284AD13B6804
:106070008DF817001B680546B3F8008004F04CFA51
:10608000224607AB49463046FFF705F9044600B300
:1060900004F044FA002302939DF817300193022381
:1060A000009322462B4604213046FFF79CFF04460E
:1060B00058B904F031FA06AB07AA04213046FFF7BD
:1060C000EAF8044608B304F029FA204609B0BDE80E
:1060D000F083079BB3F80A9004F020FA3D683C6017
:1060E000298A2846FEF764FD2A4602210320FFF78D
:1060F000FDFC20B911238DF817300624CAE7A0F85B
:106100000090C7E70025A846C4E741460698FFF778
:10611000C5F80698837B43F001038373FFF7C3F848
:10612000054604F0FBF92A460421304601F0D2FE70
:10613000CBE70824C9E700002DE9F04F8BB01646E5
:1061400005908A4600240DF12702042130468DF87F
:106150002740FFF7F0FD0546002875D13468236815
:10616000B3F80080B3F802B0D84502D8B8F1000FF8
:1061700014D101238DF8273000240A259DF82730FB
:106180000193042300930598CDF8088023462A46FE
:106190005146FFF728FF0BB0BDE8F08F218A306031
:1061A0002046FEF705FD224601210520FFF79EFC53
:1061B000074620B911238DF827300625DEE705981C
:1061C0005146FFF78CF8214B3D701E680690A9469A
:1061D00016B173899B4505D2B9F1000F16D04FF067
:1061E0000008CBE798452DD871683B7809781029CD
:1061F00014D183B901233B700421238A069A0B44EE
:106200009342E9DC2046FEF756FE80B90A238DF85A
:1062100027300525B2E7012BEED0DDE723B94FF09B
:1062200002033B701221E8E7022BFBD0D4E771890F
:106230000790FEF765F9079B7068991C06F0C6FB8E
:1062400009F101093668C3E7A04697E760C9002055
:106250002DE9F04F8FB016460591814600240DF1CF
:106260002102062130468DF82140FFF764FD0546E6
:1062700000285FD133681B68B3F80080B3F802B020
:10628000D84502D8B8F1000F14D101238DF8213080
:1062900000240A259DF821300193062300930599D7
:1062A000CDF8088023462A464846FFF79CFE0FB0EB
:1062B000BDE8F08F9F8805F00CFC044650B1024603
:1062C00029460720FFF712FC38B911238DF8213039
:1062D0000625DFE734683560F7E705994846FEF79D
:1062E000FEFF3368069310238DF824304A4BADF837
:1062F00026701E6804902F46AA463EB173899845C1
:1063000024D8BAF1000F18D19B4541D2238ABAF1A3
:10631000000F0DD004991A1D914209DB0DF12103E4
:106320003A4651462046FFF734FD0128D0D1238A52
:10633000012B69D94FF00008ACE79DF82430102BF1
:1063400013D172681378102B02D077893668D4E79E
:1063500009A8079206F00BFB034642F601008342B0
:10636000079A32D8B3F5205F40D2238A04991A1DC8
:106370009142DDDB0DF121033A4651462046FFF7FD
:1063800008FD012845D173895B454FF0000739D8D6
:10639000706809A906F0D0FAA0B90DF121030193A4
:1063A0000DF12203009310220AAB31464846FFF755
:1063B0004AFD78BBBDF8223006980AAA0621FEF7EE
:1063C00043FCE0B14FF0000AC0E742F6030083420D
:1063D000CBD11046079306F0CAFAA0F5205292B22C
:1063E000012AC2D9079B9842AFD1BEE7104606F0FA
:1063F000BEFAA0F5205080B20128A6D8B5E777896B
:10640000BA46A3E7BA4681E70A238DF8213005256D
:1064100040E7062005463DE760C900202DE9F04F22
:1064200013681E8A97B00025062E0590079117461F
:106430008DF82D5001D0142E12D10DF12D023146C0
:106440003846FFF778FC044628BB39680B681D887E
:106450005B8806939D4200D89DB901238DF82D30AD
:1064600000260A249DF82D300193082300930799F4
:106470000598029533462246FFF7B5FD17B0BDE8F3
:10648000F08F331F042211A806F08EFA044628B1BB
:1064900004248DF82D4000252E46E3E73E688DF854
:1064A0002D00318A38603046FEF782FB32460121EA
:1064B0000920FFF71BFB814628B911238DF82D30E9
:1064C000054606202CE007990598FEF708FF031FF4
:1064D0009BB28246A046A346274608933846069AB2
:1064E00011A9FFF723FD0746002852D04389AB428C
:1064F000F4D30DF12D0301930DF12E03009301460A
:106500000CAB05981322FFF79EFC58B17D89BBF1B7
:10651000000F2BD19DF82D30002B3CD000283ED011
:1065200004469FE7BDF82E20AAF103039342DEBF85
:10653000089A1346ADF82E30B8F1000F1ED1BDF801
:106540002E80338A023313449A45E0DB911C89B2D2
:1065500030460992FEF7AFFC7B89099A88B911226F
:106560008DF82D201D46BBF1000FAAD0002308F1A5
:1065700002088DF82D3089F8008073E79045E0D04F
:10658000C5E720F8023B0CA908F0F4FA4FF0010B24
:10659000A4E70520BBE70A238DF82D30BEE70524CC
:1065A00060E72DE9F04786B017460DF1170A8046DF
:1065B000894600265246022138468DF81760FFF7BB
:1065C000BAFB044650BB3D682B68298A1E88386098
:1065D0002846FEF7EDFA2A4621460B20FFF786FAF9
:1065E00090B911238DF8173006249DF817300193C8
:1065F0000A23009302962B46224649464046FFF75F
:10660000F2FC06B0BDE8F0872246CDF800A02B468C
:1066100031464046FFF7B0FC0446E6E73546E4E77E
:106620002DE9F04F87B017460DF1170A80468946CD
:1066300000265246042138468DF81760FFF77BFB91
:10664000044660BB3D682B68298A1E88B3F802B0F7
:1066500038602846FEF7ACFA2A4621460D20FFF79F
:1066600045FA90B911238DF8173006249DF817309C
:1066700001930C23009302962B462246494640463E
:10668000FFF7B1FC07B0BDE8F08FCDF800A02B46B6
:106690005A4631464046FFF76FFC0446E6E735466A
:1066A000E4E72DE9F04F87B00024884616460746F8
:1066B0008DF81740FEF713FE814605F00AFA0546ED
:1066C00090B1024621460F20FFF710FA044668B148
:1066D0000DF1170B33681B8A012B02D92B8A4B450E
:1066E00018D30024A24606E03568346011238DF8E3
:1066F00017304FF0060A9DF8173001930E230093D0
:1067000002942B46524641463846FFF76CFC07B0D0
:10671000BDE8F08F5A4602213046FFF70CFB824657
:10672000A0B933681868FDF7F7FE02210446306807
:10673000FEF73EFA5246CDF800B02B4621463846C9
:10674000FFF71AFC82460028C4D0D4E70024D2E721
:10675000082070472DE9F04F13688B46198A99B0CD
:1067600000250629069017468DF8255001D01429DA
:1067700013D10DF125023846FFF7DDFA0446002853
:1067800040F0D68039680B681D88B3F802904D45FB
:1067900000D89DB901238DF8253000260A249DF8E4
:1067A0002530019310230093069802953346224624
:1067B0005946FFF718FC19B0BDE8F08F0B8A042288
:1067C000043B0EA806F0F0F8824608B10423E2E785
:1067D0000EA806F0CCF8A0F5205080B2012805D90B
:1067E000102326468DF825301C46D8E759460698D2
:1067F0008DF82540FEF773FD3E680590318A3C60B8
:106800003046FEF7D5F9324601211120FFF76EF927
:10681000804620B911238DF825300624BFE7484A69
:1068200080F800A0176854465246C7B9002A72D0B3
:106830004FF6FF7413AB0093059923463046FFF7DC
:1068400085FA0628044602D111238DF82530338AB3
:10685000022B69D80A238DF8253005249FE77B8910
:106860009D420DD8994566D30792DAB1786806F053
:106870007EF8A0F5205080B20128079A02D97C89C1
:106880003F68D2E713AB0093059923463046FFF7E4
:106890005DFA044630B106287D8924D111238DF894
:1068A00025307CE778680EA906F046F8002839D133
:1068B0000DF1250301930DF12603009310220AAB7D
:1068C00039464FF6FF70FFF7BEFA044638B9BDF8F7
:1068D00026200AA913A806F010F8044628B17D89DD
:1068E000042C7FF45CAF002459E798F80030062BA5
:1068F0000DD0142B11D073B99DF84C30102B0CBF58
:106900000623142388F800307A891446B8E79DF8E6
:106910004C30102BF8D0002499E79DF84C30102B08
:10692000F2D1F8E70022ABE7002C3FF438AFD7E70D
:1069300000252E4633E7002A7FF47CAFEBE700BF4B
:1069400060C900202DE9F043164687B00746884607
:1069500000250DF11702022130468DF81750FFF780
:10696000EAF9044600283AD133681B68B3F800906E
:1069700005F0AFF80546C8B1024621461320FFF7DF
:10698000B5F8B0B911238DF8173006249DF81730EB
:10699000019312230093CDF808902B4622464146DE
:1069A0003846FFF720FB07B0BDE8F0833568346058
:1069B000E8E730680221FEF7FBF84846FFF7AAFA3D
:1069C000014620B901238DF817300524DEE70DF1CB
:1069D000170332463846FFF70DFA0446D6E7A946B4
:1069E000D4E773B5144605460DF10702022120468F
:1069F000FFF7A1F980B9206803681E880221FEF71D
:106A0000D7F83046FFF786FA014638B10DF1070393
:106A100022462846FFF7EEF902B070BD0520FBE7DD
:106A200010B50446206800B910BD03682360FFF765
:106A3000D3F9F7E72DE9F04F8BB0164607910746DB
:106A40004FF0000A0DF12702042130468DF827A0EF
:106A5000FFF771F90446002840F0998033681D68FB
:106A6000B5F800904846FFF755FA804698B90123DB
:106A70008DF8273005249DF82730019316230093C5
:106A80000799CDF80890434622463846FFF7ABFAFF
:106A90000BB0BDE8F08F024621460DF127033846C2
:106AA000FFF7A8F80446002874D103F035FDB5F8C7
:106AB00000B01FFA8BF30593B5F802A01FFA8AF312
:106AC000069338463368049304F026FA8046324829
:106AD000FEF763FB0546A0B909238DF8273006248D
:106AE00003F01CFD0023D6F800803360002CC2D1D7
:106AF00001214046FEF73AF9D8F8003017221A7003
:106B0000B9E70C22214607F0ECFF04F0E2FFA86091
:106B100020B92846FFF760F91123DEE7049B0499AA
:106B20001B8AA5F804B0043BA5F806A09BB204227A
:106B3000FDF7EBFF044630B12846FFF74DF9092376
:106B40008DF82730CCE7D8F844C0024663461BB125
:106B50009888059981420ED2AAB9C5F800C0C8F834
:106B60004450FCF71DF900F5EA403030C8F8480001
:106B700003F00AFDB4E703D1D88806998842EBD820
:106B80001A461B68E3E713682B601560E9E7D146F6
:106B9000D04670E7D0466EE718C600202DE9F04FCA
:106BA00089B01546059181460DF11A02012128464A
:106BB000FFF7C1F80446002840F09280D5F8008025
:106BC000D8F80030B8F810101E7828604046FDF75D
:106BD000EFFF424621461920FEF788FF80B103F0FF
:106BE0009BFC484604F098F9456C446403F096FC1D
:106BF000002E3DD1264607A80795FFF711FF04E0B8
:106C0000112326468DF81A3006249DF81A30019378
:106C10001823009305990296434622464846FFF7FB
:106C2000E2F909B0BDE8F08FF9881AB1BE88908802
:106C3000B04203D041B1BE8807230DE09068D288EE
:106C4000008A02448A42F7D1BA68128A0A44B2F52D
:106C5000007F05DDBE880D238DF81A300924CAE7B0
:106C60003A463F68002FDFD12DB92B462E462AE049
:106C70002F462246F6E7AE88AA464FF0000BAA88B8
:106C8000B2420AD1BBF1000F25D1D5F808B0AF60F0
:106C90002D685046FFF7A0F8DDB93046CDF81CB09E
:106CA000FFF738F90DF11B03014607AA4846FFF725
:106CB000A1F883460798FDF7B4FEBBF1000FD3D0CF
:106CC0009DF81B402346002C8DF81A3018BF09246C
:106CD00091E7AA46D3E7A9685846FEF7CEF8D6E76B
:106CE0000026B04691E7F7B5154606460022022178
:106CF0002846FFF720F80446A8B92B681B681F88B0
:106D00009FB101A93046FEF767FF28680221FDF711
:106D10004FFF2A6823463946304601F057F82C6069
:106D2000204603B0F0BD0624FAE70A24F8E708205D
:106D300070472DE9F043154687B08046894600220A
:106D400002212846FEF7F7FF044680BB2B681B682C
:106D50001F8887B304F0BDFE064640B102462146B7
:106D60001E20FEF7C3FE28B91123062412E02E6868
:106D70002C60F9E705A94046FEF72EFF286802219E
:106D8000FDF716FF01232A683946404601F01EF838
:106D90002C602346CDE901371D230093224633465C
:106DA00049464046FFF71FF907B0BDE8F0830023CE
:106DB0001E461F46EEE73B463E460A24EAE7000031
:106DC00073B5134C134D206807F076FD2888002317
:106DD000236018B90025284602B070BD1426704300
:106DE00007F062FD0346206078B10B4A00922988C3
:106DF0000A483246FEF7A2F90028EBD00B2520689E
:106E000007F05AFD00232360E5E70625F7E700BFFA
:106E100050C900202CCB002028F3010034C90020E9
:106E200007B50B4B00930B480B4B0C224021FEF790
:106E300085F950B9094BC3E90003094BC3E90003C5
:106E4000084B188003B05DF804FB0B20FAE700BF85
:106E50003FF3010018C6002034C6002060C900209E
:106E600058C9002054C9002070B588B001AE0C4646
:106E70003146054604F066F896E8030004F108037D
:106E8000606023F8021B090C1970DDF80B30C4F8A0
:106E90000B30BDF80F30A4F80F309DF8113063743B
:106EA000DDF81230C4F81230BDF81630E3829DF8D8
:106EB00018302376DDF81930C4F81930BDF81D30CC
:106EC000A4F81D309DF81F30E377AB882384AB8B8B
:106ED0006384EB8BA3842B8CE38495F8223084F8B5
:106EE0002930AB6D236095F82830DB4303F00103B4
:106EF00084F8283008B070BD07B5002300931A4607
:106F0000194642F20E0004F029F903B05DF804FBC3
:106F10001FB500238DF80C008DF80D100093022290
:106F200003A942F20C0004F019F905B05DF804FB66
:106F30001FB500238DF80C000093012203A942F233
:106F40000A0004F00BF905B05DF804FB0B4A116868
:106F500038B50C4600230CB9204638BDA58A8542B9
:106F600002D023462468F6E723B90B68136003F0C8
:106F70000BFBF1E722681A60F9E700BF74C9002033
:106F8000054B1A886FF308021A805A7C22F0080217
:106F90005A7403F0F9BA00BFC0C90020F8B5094E11
:106FA000354604460F4603F0B7FA0FCD0FC42B68E1
:106FB00023601FB1FFF7E4FF00233374BDE8F840FE
:106FC00003F0ACBAC0C9002010B40C4611461CB185
:106FD00023465DF8044B18470278042A07D1D0E90C
:106FE00001120B6813604B6853608B68936000203C
:106FF0005DF8044B704770B50D46044603F08CFAFB
:10700000284603F071FF50B1D0E9175603F086FA15
:10701000324629462046BDE87040FFF7D5BF03F051
:107020007DFA072070BD0000044B1B7C23B9044B84
:107030005878C0F38000704701207047C0C9002015
:10704000B0C90020014610B10148FEF7CDB8704725
:1070500078C9002038B5054B1C68054604B938BD11
:10706000D4E9003128469847A468F7E7ACC9002066
:1070700000B593B03422002105A807F032FD0823A3
:107080008DF814300121002368460693FFF786FF30
:10709000029919B1039A05A8FFF796FF05A8FFF713
:1070A000D9FF13B05DF804FB30B5114B1B78012BF1
:1070B00093B0044615D0022B11D101216846FFF789
:1070C0006DFF029D5DB10021342205A807F009FD86
:1070D000002303998DF81430069405A8A84713B02F
:1070E00030BDFFF7C5FF13B0BDE83040FFF748BF24
:1070F000C0C9002030B58FB034220021044601A859
:1071000007F0EFFC092301A88DF804300294FFF783
:10711000A1FF03F001FA094A1388D2E9024523F4DA
:10712000875323F01F03138003F02EFA03F0F6F9C0
:1071300014B1294601A8A0470FB030BDB0C9002046
:1071400038B5104D2B78BBB16B78DB0614D56C6865
:10715000FBF726FE201A002810DC0020FFF7E8FECF
:1071600068B92B8823F4875323F01F032B8003F087
:107170000BFA0D20FFF7BEFF6FF0004038BD642012
:10718000FCE700BFB0C9002038B5094D00202C78BD
:10719000FFF7CEFE58B92B8823F4875323F01F0343
:1071A0002B8003F0F1F9013C18BF0124600038BDC9
:1071B000B0C90020F0B585B004460E46154603F070
:1071C000DBF900B303F0A8F9204603F08DFE074673
:1071D00003F0A4F9CFB104230093022203AB02A968
:1071E00042F23000ADF8084003F0B8FF48B9BDF8EE
:1071F0000C30A3420BD19DF80E3033709DF80F3048
:107200002B7005B0F0BD1E20FBE70720F9E70C202E
:10721000F7E72DE9FF4107460D4614461E4603F0E9
:10722000ABF9C0B303F078F9384603F05DFE804651
:1072300003F074F9B8F1000F2FD045EA0403072BCF
:107240002DD8022E2BD80722002102A807F049FCD6
:10725000ADF80870CDB99DF80A3043F001038DF800
:107260000A30ACB99DF80A3043F002038DF80A30B9
:1072700000230093072202A942F23200ADF80D600C
:1072800003F06CFF04B0BDE8F0818DF80B50E8E727
:107290008DF80C40ECE71E20F4E70720F2E71220FF
:1072A000F0E7000030B51A4B05461878012893B076
:1072B00028D15B7CDA0709D56A78E96805AB03F069
:1072C000F5FC18B9059B1A78022A18D0342200213F
:1072D00005A807F006FC07238DF814300FCD06AC87
:1072E0000FC495E8030084E8030000216846FFF717
:1072F00055FE029B43B905A8FFF7ACFE02E09B7860
:10730000DB07E3D413B030BD039905A89847F2E733
:10731000C0C90020F0B50E46017895B00546002999
:1073200038D002290CD03C2903D1724B1B78012B99
:1073300002D0002015B0F0BD0020FFF7DBFEF8E71B
:107340006D4B1A78002AF4D01B7C022B03D11D2030
:10735000FFF7AAFEEDE7012102A8FFF71FFE049C3C
:10736000002CE6D03422002107A807F0BAFB002346
:107370008DF81C304FF6FF73ADF824309DF81930AE
:10738000059913F0080F0CBF0D230923089307A8D4
:10739000A047CEE7408803F0B9FC0028C9D02B797C
:1073A000002B79D0012B7DD0688803F051FDAB898B
:1073B0008383EB89C3832B8A0384AB7C80F82230E0
:1073C0002B790446002B77D14B4B9A68C265DA685B
:1073D00002665B7C90F82820C3F3410342F001026F
:1073E00080F828208371FFF7CBFD6B79E3710622CB
:1073F000A91804F10800012707F0BCFB05F11906E4
:10740000062205F11301A77304F10F0007F0B2FB88
:107410000023062231460DF11D000793CDF81F30E1
:1074200007F036FB00285CD1E379BB420ED1637BC9
:1074300003F0C003402B09D1D4F80730C4F815304D
:10744000B4F80B30A4F81930637BE37603F064F8EA
:107450003422002107A807F044FB204603F050FD2A
:10746000002403F05BF86B88ADF8243007A88DF892
:107470001C400894FFF7EEFD698807A8FFF7BBFDE5
:107480006B88ADF8083000942346022202A942F22C
:10749000160003F063FE4CE7174B1B78022B83D0DA
:1074A000052047E7002EFBD1124B1A78012AF7D1AD
:1074B0005B781B07F4D577E70E4A310102EB06161D
:1074C000B368C365F36803667378C3F3010383711C
:1074D000535A23F4875323F01F03535203F054F8F5
:1074E00083E767750622314604F1160007F042FB78
:1074F000ACE700BFB0C90020C0C9002038B50446C1
:1075000003F00AF8608803F0EFFC054628B16378C1
:107510001BB9201DFDF702F86862BDE8384002F093
:10752000FDBF30B58FB004460D463422002101A8BE
:1075300007F0D7FA0523214601A88DF80430ADF8ED
:1075400010400295FFF757FD0FB030BD70B58EB0FB
:10755000458804463422002101A807F0C2FA12230C
:107560008DF804306378029323798DF80E3001A8EA
:1075700063798DF80F30AEB2ADF80C50FFF76AFDAD
:10758000314601A8FFF737FD0EB070BDF8B52C4DA0
:107590002B786BB16B78DB070AD56C68FBF700FCC6
:1075A000241A002C0BDC2B78012B27D0022B02D0C5
:1075B0006FF0004403E0FFF79FFCD0B16624214F39
:1075C00002F0AAFFFBF7ECFB3A6801466FF00045BA
:1075D0004FF6FF70DAB92DB302F0A0FFAC42A8BF9E
:1075E0002C46FFF7ADFDA04227DCBDE8F840FFF7D1
:1075F000A7BD6B7860F300036B70D9E700210846E4
:10760000FFF786FC0028D9D1FFF732FDD0E71369D8
:107610005B1A23EAE373AB42B8BF908A1268B8BF23
:107620001D46D7E7FFF792FC064602F077FF002ED3
:10763000D4D03046FFF706FDC2E72046F8BD00BFB4
:10764000C0C9002074C900202DE9F0438BB08046EA
:107650000F4691461D4602F08FFF002800F0C180C2
:1076600002F05AFF002D00F09880B8F1030F00F2ED
:1076700094806B78022B00F290805B4E3378002B65
:1076800040F0AB802B78012B00F08380022B77D069
:10769000002B40F082802B7ADA077ED46FF0004313
:1076A000994505D003A9484606F0A5FD002874D1E8
:1076B000FFF7BAFC002840F09280404604F0C1F980
:1076C0000446002856D1129BB360139BF3602A78BE
:1076D0000490111E18BF012108F0030343EAC103FF
:1076E0007178CDF8130021F00B010B43737069889A
:1076F000AB8851EA030003D1002A50D1F023A02126
:10770000ADF81810ADF81A30002A4BD0012A4FD02E
:1077100004A9002F18BF3946062211F8013B8DF845
:107720001C400DF11F008DF81E308DF81D8007F0F4
:1077300021FAAB79002B08BF07238DF82530EB79B0
:107740008DF82630002300930F2206A942F206008E
:1077500003F004FD044668B901203070FFF7E8FB30
:10776000044660B3338823F4875323F01F03338028
:1077700002F00AFF02F0D2FE20460BB0BDE8F08313
:107780002B7ADB0709D403F0F3FA002886D106240C
:10779000F0E717B13B78032BF5D90324EAE7602320
:1077A0003021ADE76B78002B14BF02240324AFE730
:1077B0002B7A13F0010F0CBF04240124A8E76FF00B
:1077C00000439945D6D0039DFBF7EAFA7378054448
:1077D00043F0100375607370CAE70224CAE71D24E2
:1077E000C8E71E24C8E700BFB0C9002030B58BB081
:1077F00005460C4602F0C0FEB8B115B91CB1032015
:1078000011E01F2CFBDC224629460DF1090007F090
:10781000B1F900230093202202A942F208008DF85A
:10782000084003F09BFC0BB030BD1E20FBE710B5F9
:107830008AB0044602F0A0FE70B11F230DF10702CA
:1078400002A9204603F00EFA20B99DF8071002A8FD
:10785000FFF7CCFF0AB010BD1E20FBE7024B1878E3
:10786000431E584258417047B0C90020024B187857
:10787000431E584258417047C0C90020024B187837
:10788000831E584258417047C0C900201FB590F868
:10789000283013F00203044614D18288ADF80C207E
:1078A0008DF80E100093032203A940F2064003F066
:1078B00055FC28B994F8283043F0020384F82830A6
:1078C00004B010BD0220FBE738B505460C4602F0B7
:1078D00053FE78B102F020FE284603F005FB38B1D4
:1078E0002146FFF7D3FF044602F018FE204638BDBC
:1078F0000724F9E71E24F9E730B58FB004460D469A
:107900003422002101A807F0ECF8032301A88DF828
:107910000430ADF80C400295FFF79CFB214601A80E
:10792000FFF769FB0D2D03D113212046FFF7CCFF94
:107930000FB030BD2DE9F0418EB0342204460D4623
:1079400001A8002107F0CDF802F0E6FD204603F083
:10795000CBFA064620B902F0E1FD0EB0BDE8F08199
:1079600003A9FFF781FAD6E9177802F0D7FD02F0F4
:10797000D3FD2046FFF7EAFA064602F0CFFD36B106
:1079800020462946FFF7B8FF3046FFF75BFB294644
:10799000204604F0C7FD204602F0BEF9204601F063
:1079A0001DFE204603F0AAFB204603F099F90123AF
:1079B00001A88DF804300295FFF74CFB424639468A
:1079C00001A8FFF701FBC8E770B5B0F801600378C4
:1079D0008EB00446B5B24BB9C17809B101F500715A
:1079E00028460EB0BDE87040FFF7A4BF3422002146
:1079F00001A807F076F806238DF804302378ADF857
:107A00000C600BB103F5007301A80293FFF722FB92
:107A1000294601A8FFF7EFFA0EB070BD38B504464D
:107A20004FF6FF7503F086F9A84203D02146FFF711
:107A300081FFF7E7054B1B78012B02D12046FFF7AA
:107A400059FB2046BDE83840FFF72EBBB0C90020E7
:107A500070B590B004463422002103A807F041F825
:107A60000822002101A807F03CF802F055FD6688C5
:107A7000304603F039FA18B16378E3B11A2B2AD0F3
:107A8000BDF8043023B93046FFF760FAFFF7DAFAA1
:107A900002F044FDBDF80430002B3BD001A9204A80
:107AA0000023304604F0C2FC014610B13046FFF717
:107AB00023FF10B070BD6279237943EA02238383E8
:107AC000E279A37943EA0223C383237A627A43EA01
:107AD00002230384D4E7134B1D68002DD0D0AB8A5A
:107AE000B34201D02D68F8E790F82830DB07C7D4FF
:107AF000AB88ADF80430EB88ADF806302B89ADF8D3
:107B000008306B89ADF80A30FBF74AF900F52040E0
:107B10002861B5E761780029C8D001F50071C5E793
:107B2000297B010074C9002070B504460D4602F09F
:107B3000F3FC2046FFF70AFA064602F0EFFC4EB1CE
:107B40003046FFF77FFA2DB129462046BDE8704048
:107B5000FFF7D2BE70BD2DE9F04134229AB0044641
:107B600000210DEB020006F0BCFF2279E37843EA26
:107B70000223ADF80C30A279637943EA0223ADF811
:107B80000E30227AE37943EA0223ADF81030A27A6C
:107B9000637AB4F8014043EA02230025ADF81230BD
:107BA000059503AE96E807000DF1180888E8070070
:107BB000342229460DEB0200A7B206F092FF0423FF
:107BC00039460DA88DF83430CDE90E68ADF8404047
:107BD000FFF711FAADF82440034690BBBDF818201A
:107BE000ADF82620BDF81A20ADF82820BDF81C20DD
:107BF000ADF82A20BDF81E20ADF82C20BDF82020BD
:107C0000ADF82E20BDF82220ADF8302000900E22D5
:107C100009A942F2200003F0A1FA044670B102F073
:107C20007BFC3846FFF792F9054602F077FC2846C0
:107C3000FFF708FA21463846FFF75EFE1AB0BDE8A6
:107C4000F0818DF8260000952B46032209A942F207
:107C5000210003F083FAF1E72DE9F0410B884A880F
:107C6000934288B006460C4600F2A380052B40F2F2
:107C7000A080B2F5486F00F29C808B88B3F5FA7F44
:107C800080F09780C988013313FB02F3B1EBA30F97
:107C900040F38F8002F070FC002800F08C800822F6
:107CA00000210DEB020006F01CFF02F035FC30460F
:107CB00003F01AF9804630B902F030FC454607243B
:107CC00002F062FC64E03D4B1F68002F39D13C4854
:107CD000FDF763FA054600283DD01822394606F024
:107CE00000FF20686168AE822B1D03C3A068186086
:107CF000FBF756F8D8F8243000F520409A072861A1
:107D00002DD52388ADF812306388ADF81430A388E0
:107D1000ADF81630E388ADF818302389ADF81A3085
:107D20006389ADF81C30002300930E2204A942F2AF
:107D30001300ADF8106003F011FA044602F0EEFBF8
:107D4000BEE7BB8AB34201D03F68BEE702F0E6FB64
:107D500002240025B4E702F0E1FB0624B0E798F81E
:107D60002830DB07CDD402F0D9FB2388ADF80830EA
:107D70006388ADF80A30A388ADF80C30E388ADF81D
:107D80000E30104A3B4602A9304604F04FFB044631
:107D900002F0C2FB4CB9094B1A682A601D6002F060
:107DA000BDFB204608B0BDE8F0812846FFF74AF940
:107DB000F5E70324F5E71E24F3E700BF74C90020AC
:107DC00078C90020297B010003F0A5BDF0B58FB074
:107DD00004460F4616460021342201A81D4606F02F
:107DE00080FE0C238DF804309DF81030ADF80E4065
:107DF00065F3000301A88DF81030ADF80C70029601
:107E0000FFF728F9214601A8FFF7F5F80298FCF7DB
:107E100008FE0FB0F0BDF0B58FB00C460746164611
:107E20000021342201A81D4606F05BFE0D238DF8CB
:107E300004309DF81030ADF80C4065F3000301A844
:107E40008DF810300297ADF80E60FFF703F9214668
:107E500001A8FFF7D0F80FB0F0BDF0B58FB0054620
:107E60000F4616460021342201A81C4606F039FEB2
:107E70009DF85020ADF80850003A4FF00E038DF8F1
:107E8000043018BF0122231E18BF012343EA420316
:107E90009DF85420ADF80A70003A18BF012243EA59
:107EA00082039DF858208DF80C60003A18BF01221B
:107EB00043EAC2039DF80D2022F00F02134301A8EC
:107EC0008DF80D30FFF7C6F8294601A8FFF793F8A3
:107ED0000FB0F0BD70B58EB004460E4615460021B9
:107EE000342201A806F0FDFD0F2301A88DF804300F
:107EF000ADF80840ADF80A60ADF80C50FFF7AAF8ED
:107F0000214601A8FFF777F80EB070BD38B5FFF72E
:107F10003BF920B9104A537843F0040353700F4CD7
:107F20002378022B0CD1FEF7E7FF48B9238A23F40C
:107F30000F6323F00F0343F4006343F00203238233
:107F40002578012D07D100210846FEF7E1FF10B981
:107F5000FFF716F8257438BDB0C90020C0C900204D
:107F600008B502F0D9FAFFF75FF808B9FFF7CEFFBE
:107F7000BDE8084002F0D2BAF0B5224D22488FB0D9
:107F80004FF0FF3106F050F808220021284606F095
:107F9000A8FD02F0C1FA1D4A53785C0744BF23F0E4
:107FA000040353701A4BD2E902011A7C4FF000040B
:107FB00048BFC5E90001012A03BF1C74D3E9026769
:107FC0001446274618BF264602F0A8FA0923296856
:107FD0008DF804301D23029319B16A6801A8FEF7D9
:107FE000F3FF094806F032F84CB108238DF804304D
:107FF0003A461D23314601A80293FEF7E5FF0FB074
:10800000F0BD00BF68C9002070C90020B0C90020C1
:10801000C0C9002010B50B4C226813460BB90520CF
:1080200010BD834207D09B68F8E7134692688242EE
:10803000FBD1996003E09A429968F6D12160002053
:10804000EEE700BFACC9002013B514220021104890
:1080500006F047FD102200210E4806F042FD0E48B2
:1080600005F0D7FF044680B90C4B18600C4B186024
:108070000C4B00930C480D4B18220121FDF75EF8C4
:1080800018B101280CBF06240B24204602B010BDF5
:10809000C0C90020B0C9002070C9002074C90020E8
:1080A000ACC900205BF3010078C9002094C900200E
:1080B00043680A689B1A002B06DD4A689A4201DC75
:1080C000002070474B60FBE7012070470B884FF69C
:1080D000FF72934230B506D002899A4203D04A8893
:1080E00043899A4214D1047BD1E9010200239A42C8
:1080F00001DC002005E010F83350A54206D100EB6A
:10810000C300C860003818BF012030BD0133EEE75E
:108110000020FAE7407B00F001007047034630B1D1
:108120000E2808BF002103480380418070470146A4
:10813000F9E700BFD4C9002070B504460846656958
:1081400011461A464DB12689FFF7E8FFA36901469B
:10815000AC463046BDE870406047284670BD0023FD
:108160001A460D21FFF7E8BFB1F5857F08BF0E2144
:10817000002389B2FFF7E0BF70B504460846A56A40
:1081800011461A464DB12689FFF7C8FFE36A01463A
:10819000AC463046BDE870406047284670BD0023BD
:1081A0001A460D21FFF7E8BFB1F5857F4FF00003B8
:1081B00008BF0E21FFF7E0BF70B504460846A56969
:1081C00011461A464DB12689FFF7A8FFE36901461B
:1081D000AC463046BDE870406047284670BD00237D
:1081E0001A460D21FFF7E8BF838A1BB9B1F5857FD9
:1081F00008BF0E210023FFF7DFBF70B50446084615
:10820000656911461A464DB12689FFF787FFA369B4
:108210000146AC463046BDE870406047284670BD18
:1082200000231A460D21FFF7E8BFB1F5857F4FF017
:10823000000308BF0E21FFF7E0BF70B504460846F3
:10824000A56A11461A464DB12689FFF767FFE36A12
:108250000146AC463046BDE870406047284670BDD8
:1082600000231A460D21FFF7E8BFB1F5857F4FF0D7
:10827000000308BF0E21FFF7E0BFF7B505461E4615
:10828000AC69084611465CB12F89FFF747FFEB69DF
:10829000009301462A8A33463846A04703B0F0BD12
:1082A0002046FBE700231A460D21FFF7E6BFB1F594
:1082B000857F4FF0000308BF0E21FFF7DEBF70B5CA
:1082C00004460846A56A11461A464DB12689FFF7AD
:1082D00025FFE36A0146AC463046BDE87040604782
:1082E000284670BD00231A460D21FFF7E8BF002382
:1082F000FFF7E5BF70B504460846656911461A46A2
:108300004DB12689FFF70AFFA3690146AC46304606
:10831000BDE870406047284670BD00231A460D2115
:10832000FFF7E8BF0023FFF7E5BF0000034610B5E5
:10833000084641B1062907D15A7B084C42F0010298
:108340005A7323680BB1002010BDFAF729FD10F510
:1083500080600ABF012320602360F4E7D8C90020B1
:108360002DE9F74F0024184FC3E9004380468946A2
:1083700092461E4602F0D0F83D68A346A5B12A6891
:10838000019249462846C047019AC8B18CB93B685A
:108390001B683B6003B97F607368C5F800B0BAF131
:1083A000010F1D6075600CD103B0BDE8F04F02F005
:1083B000B5B823681B682360002BEDD17C60EBE728
:1083C0002C461546DAE700BFDCC90020028A018985
:1083D00001230D20FFF71FBD70B50446E0B1037BFC
:1083E0000D2B07D00E2B13D021460C48BDE8704052
:1083F000FCF7FABE4069FCF714FBF5E756F83500C8
:10840000FCF70FFB013594F83030AB42F6DCEBE7BC
:10841000002500F11406F6E770BD00BFE4C9002096
:108420002DE9F743054690F8317095F83030008912
:108430006989BB420BD80122FDF7F8FA05460024F2
:108440002046FCF7EEFA284603B0BDE8F083FCF7BF
:1084500046FF441FA4B2F4B105F1100808EBC706AB
:10846000736872881B8A9B1AA342A8BF23466B8637
:1084700003F032FB044680B16B8E72887168FCF7A2
:1084800044FB50B9738838F83720009469892889EB
:10849000FDF778FAD2E70725D2E70625D0E773B5CE
:1084A000418904460089FCF71AFF431F002B28DD91
:1084B0006269108A628A801A9842A8BF184600280A
:1084C0000CDC618920890122FDF7B0FA0446002501
:1084D0002846FCF7A6FA204602B070BD208303F0C0
:1084E000FBFA054678B1238B628A6169FCF70DFBC4
:1084F00048B90095638A228A61892089FDF742FA8A
:10850000E4E70724E3E70624E2E70246438A5189C9
:108510000089128A0BB9FDF776B9FDF792B938B523
:108520000546FFF7F2FF01462846FFF7FFFE044627
:1085300028B1002301461A462846FFF7DBFE2046F5
:1085400038BDF7B51368174602691E8ACDE90023C6
:108550006B4600220D460446FFF7CCFE019B3B60B4
:10856000054302D00E2003B0F0BD61892089FCF7DD
:10857000B6FE0028F6D00138864206DA2B462A4697
:108580000E212046FFF7B6FEECE7638A3344638290
:108590002046FFF7C4FF0028E5D0E3E7428A41897F
:1085A000013238B592B2838A04460089FDF703F898
:1085B00001462046FFF7BAFE054628B100230146D2
:1085C0001A462046FFF759FE284638BD1FB5044617
:1085D000074BA28C1868039003AB00930132E38C25
:1085E0006189208992B2FDF7A5F804B010BD00BFE3
:1085F0007CFC010038B50546FFF7E8FF0146284638
:10860000FFF794FE044628B1002301461A46284687
:10861000FFF713FE204638BD08B50B4629B10023ED
:108620001A46FFF70AFE0E2008BD818CC28C9142CB
:1086300002D11A460E21F4E7FFF7DCFF0028F3D041
:10864000F1E700001FB50446074B228A1868039023
:1086500003AB00930132638A6189208992B2FDF7EE
:1086600069F804B010BD00BF7CFC010038B50546B8
:10867000FFF7E8FF01462846FFF758FE044628B1F9
:10868000002301461A462846FFF7B7FD204638BDAD
:1086900008B50B4629B100231A46FFF7AEFD0E20A0
:1086A00008BD018A428A914202D11A460E21F4E79E
:1086B000FFF7DCFF0028F3D0F1E700001FB5034609
:1086C000094A598950689A8A039018894AB91A8ABE
:1086D00003AC013200945B8A92B2FDF72BF804B030
:1086E00010BDFDF790F8FAE77CFC010038B50546AF
:1086F000FFF7E4FF01462846FFF718FE044628B1BD
:10870000002301461A462846FFF756FD204638BD8D
:1087100008B50B4629B100231A46FFF74DFD0E2080
:1087200008BD018A4FF6FF72914202D11A460E210E
:10873000F3E7FFF7DBFF0028F2D0F0E72DE9F04187
:1087400088B0044600F1100604AD2946304604F016
:108750003DF92789B4F80A80A48C304604F06CF9FE
:108760000134A4B24FF42053CDE9015000932246C6
:108770004FF6FF7341463846FCF788FF08B0BDE866
:10878000F08138B50546FFF7D9FF01462846FFF7C7
:10879000CDFD044628B1002301461A462846FFF7BE
:1087A000EBFC204638BD000030B504460E4B228A53
:1087B000986885B003AB00930132618903904FF64E
:1087C000FF7392B22089FDF768F801462046FFF753
:1087D000ADFD054628B1002381B21A462046FFF7B9
:1087E000ABFC284605B030BD7CFC010010B5054847
:1087F000FCF7D3FC044618B13C22002106F071F9C5
:10880000204610BDE4C9002037B50B4600250A8874
:108810008988ADF8002004469868ADF8025003F04E
:108820005EF9A8420CBF0621294601906B462A46F4
:108830002046FFF744FD04460198FCF7F2F8AC42ED
:108840000CBF20460E2003B030BD072938B50446C2
:108850000D460AD12846228A21890123FFF7DBFA37
:108860002089BDE8384001F071BB018A008901F020
:1088700099FB0028EED038BD70B50D4688B01C229B
:108880000646002101A806F02CF96A682B88ADF88D
:108890000430052A0DD0132A0BD00A2401AB002284
:1088A00021463046FFF7A9FC204318BF0E2008B030
:1088B00070BDA968033A033103A804F05EF80446CA
:1088C0000028EAD1A86810F8013B8DF80830FBF7C2
:1088D00023FE2B88328AADF806009A42DDD233821D
:1088E000DCE730B5054687B00C4618220021684603
:1088F00006F0F7F8AB8A13B1002007B030BD23882B
:108900002A8A9A4205D22B826368042B0BD0062B4D
:1089100013D000226B4611462846FFF74DFC002875
:10892000EAD00E20E9E7A068FBF7F6FDA882A06870
:108930000230FBF7F1FDE882DEE7A068FBF7ECFD13
:10894000ADF80000A0680230FBF7E6FDA168ADF8C5
:1089500002000222043101A804F00FF8D9E770B533
:108960000E4688B01C220546002101A806F0B9F881
:1089700072683388ADF80430052A01D0132A25D156
:10898000B168033A033103A803F0F7FF0446E8B9DE
:10899000B06810F8013B8DF80830FBF7BDFD338857
:1089A000AA8CADF806009A4210D2AB8405F11001F2
:1089B00003A803F0C1FF30B901AB22462146284687
:1089C000FFF73BFC40B9204608B070BD00231A46B3
:1089D0000A212846FFF731FC0E24F4E7F0B51546CE
:1089E00087B01023002207460C4601A8296803F02F
:1089F000DBFF06462868FCF714F800232B60DEB97D
:108A0000BB8ACBB174B97B69009322466B46214681
:108A10003846FFF7D1FB58B97C613846FFF766FE50
:108A2000044630B100231A4621463846FFF7C4FBFE
:108A30000E24204607B0F0BD0A24F3E708B50B4624
:108A400029B100231A46FFF73AFC0E2008BD0A465A
:108A50000E21F8E710B5064C236833B1FAF7A0F9F8
:108A60002368181A20EAE07010BD6FF00040FBE7A1
:108A7000D8C9002010B50446A9B9437BDB0704D44C
:108A8000FAF78EF900F5F040606001F045FD002333
:108A90002360074B5A6814605C6001F03FFDBDE83D
:108AA000104001F071BDBDE81040FFF795BC00BF5C
:108AB000DCC900201FB5ADF800008DF80420ADF82A
:108AC0000210054802AB01226946FFF749FC0298F3
:108AD00005B05DF804FB00BF598B01007FB502AD06
:108AE000ADF800008DF804100D480E4E2B46002204
:108AF0006946FFF735FC029C0CB904B070BD237BBE
:108B0000002256F82330072120469847029B1B6815
:108B1000029303B903952046FFF75EFCEBE700BF25
:108B2000AF8F01003CFC01007FB5CDE9032300239A
:108B3000ADF80800ADF80A10059306486B4601220F
:108B400002A9FFF70DFC089B059A00981A6007B070
:108B50005DF804FBCD8001000A8803899A420BD19D
:108B60004A8843899A4207D10B79027B9A4205D001
:108B7000FF3B584258417047002070470120704722
:108B800073B504460846656B11465DB12689FFF74B
:108B9000C5FAA36B0093014694F8303004F110023B
:108BA0003046A84702B070BD38B50546FFF738FC1F
:108BB00001462846FFF7BAFB044620B101460022D1
:108BC0002846FFF7DDFF204638BD10B50446FFF705
:108BD000D7FF94F8312094F830309A4206D2618958
:108BE00020890022BDE81040FCF720BF10BD73B5FE
:108BF0000446084631B994F8311094F830508D424B
:108C000007D80A20014600222046FFF7DEFF0E208B
:108C100028E004F1100606EBC10536F83110914248
:108C2000EFD169889942ECD1638E069A009312685D
:108C300003466868FCF73CF80028E2D16B88628E36
:108C400013446A68128A9BB29A426B809FBF688005
:108C500094F83130013384F831302046FFF7A4FF17
:108C60000028CFD102B070BD08B50022FFF788FF01
:108C70000E2008BD00220D21FFF782BF70B504460B
:108C80000846E56911465DB12689FFF747FA04F108
:108C90001002236A0146AC463046BDE8704060478A
:108CA00070BD38B50546FFF7FAFB01462846FFF7C9
:108CB0003DFB044620B1014600222846FFF7DEFFB7
:108CC000204638BDF7B5054617460C46F9B96A691E
:108CD000408AB2F810C0604518D2B5F810E0BE4521
:108CE00014D1984212D1089E3668378A38446045BC
:108CF0000CDC288B874209D100973046FBF7D8FF60
:108D000060B1698928892246FCF790FE0A24214631
:108D100000222846FFF7B2FF0E2409E06B8A328A50
:108D200013446B822846FFF7BCFF04460028EED1AF
:108D3000204603B0F0BD438A70B504460D46164682
:108D400043B14269128A9A4204D9418900890022BA
:108D5000FCF76CFE324629462046BDE87040FFF71E
:108D60008DBF10B54469428A238A9A4204D30022F7
:108D7000FFF784FF0E2010BD0A20FCE700220D2122
:108D8000FFF77CBF43692DE9F34104460D461646C3
:108D90009BB108220021684605F0A3FE238AB4F89F
:108DA0000880ADF80030314628466769FFF7B6F90C
:108DB0006A460146A3694046B84702B0BDE8F08163
:108DC000FFF7E0BF00220D21FFF7DCBF2DE9F04FD8
:108DD00085B01D4602AF90F82030C7E900216A46F1
:108DE000A2EBC3039D46836A044602AE002B3FD02C
:108DF00008220021304605F074FE04F10E0BB24645
:108E00004FF0000994F8203099451CDA3BF8023FF6
:108E1000AAF800304FF00003AAF80230002D3ED02F
:108E20002868038A002B3AD00221FCF770F82860EA
:108E30000068FBF771FB022180462868FBF7B8FE4B
:108E4000B8F5007F18D9D7E90010A56AB4F80880F2
:108E5000FFF764F9E36A0093014632465FFA89F34B
:108E60004046A8470436002594F820309D421BDB7D
:108E70000C37BD46BDE8F08F00214046FBF7BBFD37
:108E8000CAF804000028DED0296843460022FBF718
:108E90003CFE0028D7D128684146FBF789FE09F13E
:108EA00001090AF1080AADE756F8350008B1FBF7E9
:108EB000B8FD0135D8E790F821C02DE9F743054604
:108EC0000E4617461C46BCF1000F04D003B0BDE8A7
:108ED000F043FFF77BBFCDF800C003B11B68D5F8A6
:108EE00024800193B8F1000F0AD039463046B5F816
:108EF0000890FFF713F96A460146EB6A4846C047F7
:108F00000CB1019B236003B0BDE8F0830023FFF7A1
:108F1000D2BF00231A460D21FFF7CDBF0023FFF774
:108F200055BF70B504460846656911461A464DB1ED
:108F30002689FFF7F3F8A3690146AC463046BDE841
:108F40007040604770BD13B51446038AADF8003019
:108F50002368019300226B46ADF80220FFF7E1FF82
:108F6000019B23600E2002B010BD0023FFF7D9BF84
:108F700000231A460D21FFF7D4BF70B504460846FA
:108F8000256911461A464DB12689FFF7C7F863696E
:108F90000146AC463046BDE87040604770BD0023D6
:108FA000FFF7EBBF00231A460D21FFF7E6BF0A8843
:108FB00003899A4207D10B79027B9A4205D0FF3B85
:108FC0005842584170470020704701207047000008
:108FD000F0B585B0F9F7E4FE6FF00043029003931B
:108FE0000022224800926B4602A9CDF804D0204FFF
:108FF000FFF7B6F9039D6E46009CA4B9FFF72AFD62
:1090000060B91C4B1C4E18600246014602AB1B485F
:10901000FFF7A6F9029CCCB9FFF71CFDA842A8BF38
:10902000284605B0F0BD237B57F823300BB120460E
:10903000984720891321FEF747FC009B1B6800938B
:1090400003B901962046FFF7C7F9D5E7237B56F809
:109050002320637B23F0010363732046904701467E
:109060002046FFF707FD2468D5E700BFB180010067
:10907000BCFB0100D8C90020FCFB010015810100E8
:10908000F7B507460E461546FFF7B0FB044618B382
:10909000002303730423C0E904654381078101F0C1
:1090A0003BFA618920896B4601AAFCF7F4F8054672
:1090B00040B101F033FA20462946FFF7DBFC284691
:1090C00003B0F0BD009B5D8901F028FA2946208994
:1090D000FCF7FBF90546EEE70625ECE7F7B5074692
:1090E0000E46144662B902F0F7FC0446D8B10022DD
:1090F0000346009231464FF6FF70FCF73DFFA0B9E2
:10910000224631463846FCF7ABFC002405460023D6
:10911000324639462846FEF77EFE2046FBF781FCA4
:10912000284603B0F0BD0625F1E70925EFE7002248
:10913000FFF7D4BF0F21FFF7D1BC2DE9F3418046E3
:109140000F461446FFF752FB064640B30F23037346
:109150000423A0F808804381078264B902F0BCFCB4
:109160000446E0B100220346009239464FF6FF70F4
:10917000FCF702FF28BB718923463A464046FCF7BC
:109180008FFC054648B901F0C7F9404601F0ACFE36
:1091900008B1A0F8547001F0C1F9002400E00625E0
:1091A00001233A4641462846FEF735FE2946304619
:1091B000FFF760FC2046FBF734FC284602B0BDE810
:1091C000F0810925ECE70022FFF7B7BF70B516461E
:1091D000FF221D46FFF76EFC044668B1027B074B79
:1091E00053F822301BB1324605F58071984720466E
:1091F000BDE87040FFF7F0B870BD00BF3CFC010057
:1092000070B50421154600221E46FFF753FC0446A4
:1092100048B1334629460022FFF7AFFE2046BDE89D
:109220007040FFF7D9B870BDF0B5144687B006227C
:10923000FFF740FC054608B32388428AADF80030AA
:109240009A4204F1040438BF43820FCC01AE0FC62A
:1092500038BF00272368336028BF0A2739466B468A
:1092600000222846FFF709F857EA000118BF0E212F
:10927000284607B0BDE8F040FFF7FCBB07B0F0BDE3
:1092800038B515460622FFF715FC0446C8B155B19E
:1092900000231A462946FEF7F0FF0E212046BDE8BE
:1092A0003840FFF7E7BB428A838A9A4203D12B46B4
:1092B0002A460E21EFE7FFF771F901460028EDD0AD
:1092C000EBE738BD70B5154686B00222FFF7F2FB1A
:1092D000044618B36B88828C9A421DD22A88ADF856
:1092E000002000F110068384ADF802300FCE01ADEE
:1092F0000FC533682B60002529466B4600222046A7
:10930000FEF73AFF55EA000118BF0E21204606B0CD
:10931000BDE87040FFF7AEBB0A25EDE706B070BDB3
:1093200038B515460222FFF7C5FB0446D0B155B14A
:1093300000231A462946FEF71FFF0E212046BDE8EE
:109340003840FFF797BB828C4FF6FF739A4203D1E8
:109350002B462A460E21EEE7FFF713FA01460028B6
:10936000ECD0EAE738BD000030B585B003AB009320
:1093700015460423084AFFF7D7FB044650B1039B68
:1093800029465B6898470146204605B0BDE8304055
:10939000FFF770BB05B030BD9CFB010030B585B058
:1093A00003AB009315460423084AFFF7BDFB0446B0
:1093B00050B1039B29465B6898470146204605B09B
:1093C000BDE83040FFF756BB05B030BD7CFB010067
:1093D00070B5164686B00122FFF76CFB054660B3F8
:1093E00018220021684605F07CFB7268022A12D020
:1093F000102A10D00A24A1B26B4600222846FEF79C
:109400009BFE54EA000118BF0E21284606B0BDE8B5
:109410007040FFF72FBBB16801A803F0AEFA044615
:109420000028E7D173882A8A9A42E3D232882B82B5
:10943000ADF80020ADF80230DDE706B070BD38B5FC
:1094400015460122FFF736FB0446D0B155B1002383
:109450001A46A9B2FEF770FE0E212046BDE838403C
:10946000FFF708BB028A4FF6FF739A4203D12B46DF
:109470002A460E21EEE7FFF797F901460028ECD0C7
:10948000EAE738BD7FB51E4603AB009315460323BC
:10949000094AFFF749FB044658B1039B29465B681C
:1094A000324698470146204604B0BDE87040FFF7B9
:1094B000E1BA04B070BD00BF64FB010070B5154691
:1094C00009221E46FFF7F6FA044648B129463246FD
:1094D000FFF737F801462046BDE87040FFF7CABAEB
:1094E00070BD70B515469DF810200A32D2B21E46E6
:1094F000FFF7E0FA044648B1334629460022FFF759
:10950000DAFC2046BDE87040FEF766BF70BD10B5BE
:109510000C22FFF7CFFA044640B100221146FFF7B4
:1095200031FC2046BDE81040FEF756BF10BD0000DC
:109530002DE9FF411E4603AB0093154602230C4A5A
:10954000BDF828800B9FFFF7EFFA044668B1039B34
:1095500000975F68294643463246B8470146204691
:1095600004B0BDE8F041FFF785BA04B0BDE8F08172
:1095700054FB010030B585B003AB009315460223C0
:10958000084AFFF7D1FA044650B1039B29465B68AD
:1095900098470146204605B0BDE83040FFF76ABA5B
:1095A00005B030BD44FB010010B50F22FFF782FA71
:1095B000044690B1018A008900F0F4FC40B90E2005
:1095C000228A21890123FEF726FC208900F0BEFCB7
:1095D0002046BDE81040FEF7FFBE10BDFF21FFF79B
:1095E0007DBA000007B5074B07480022C3E90023F6
:1095F000064B00933C22064B0421FBF79FFD03B072
:109600005DF804FBDCC90020E4C900206AF3010016
:1096100000CA002010B5084A0849128809680346A4
:109620000020824202DC4FF0FF3010BD51F8304084
:109630009C42FAD00130F4E718CB00201CCB00206C
:1096400010B5074A126803460020824202DC4FF040
:10965000FF3010BD33F820408C42FAD00130F4E7DF
:10966000F0CA0020024691F902008B78002810B55C
:109670000FDA13F001040AD113F0020006D0B2F899
:10968000542042B91D2003F07F038B7010BD1B20B6
:10969000F9E70020FAE72046F8E738B5DDE90434B9
:1096A00060681D6803F0C8F981B22846FBF703FC27
:1096B000014620B1606803F089F9002038BD11200F
:1096C000FCE770B5DDE9046504213068FBF7F3FBC6
:1096D000044608B9112070BDA988FAF711FFA01C33
:1096E000E988FAF70DFF2B68586803F040F9044643
:1096F00008B90020EFE730680221FBF7DCFB002807
:10970000E8D02146FAF7FCFEF3E72DE9F84F1C46B6
:109710001B780A9FDDF830B0054689461646032BB4
:109720003BD8DFE803F002300230F6B938686060F9
:10973000B046B0F810A05B46284622460B9D49462D
:10974000A8470546C8B961680B8AA3EB0A039B1BAF
:1097500012D4B8F1000F13D038689BB23246FBF731
:10976000D4F96068FBF75DF90AE002F0B5F96060D2
:10977000A8B14FF00108DCE70725B8F1000FF0D1E0
:109780002846BDE8F88F3B680B9D636022465B4628
:10979000A84763683B600546F2E70E25F0E7112510
:1097A000EEE730B589B01D46023A0D9B079354424F
:1097B00054419A6802925B6801930C9B00932A467D
:1097C00005AB8DF81440FFF7A0FF09B030BD10B510
:1097D00088B01446022C1A460B9B07930CBF032437
:1097E00002248DF81440DC6802949B6801930A9B64
:1097F000009305ABFFF789FF08B010BD08B5FEF771
:109800002DF808B1002008BDFEF730F80028F9D186
:10981000FEF734F80028F5D101F08EFBB0FA80F0A5
:109820004009F0E738B5064C0025206805F044F8FB
:109830002560044C206805F03FF8256038BD00BF66
:1098400014CB00201CCB002030B585B09DF8204003
:1098500083EA0405AD070CD004F00205029504F07C
:10986000010403F002050195009403F00103FEF7E3
:10987000F4FA05B030BD70B5DDE904650C4630681A
:109880000321FBF718FB08B9112070BD2A8A02F0EA
:109890000103910748BF43F00203510748BF43F05B
:1098A0000403110748BF43F00803D10648BF43F043
:1098B0001003910648BF43F02003510648BF43F010
:1098C000400312F4C07F18BF43F08003611C00F80E
:1098D000013B89B2FAF714FE2868346803F0ACF84B
:1098E00081B22046FBF7E7FA01460028CCD0286871
:1098F00003F06CF80020C8E703469B06C0F3001095
:1099000048BF40F0020070472DE9F04780468AB01A
:109910000D46144600F000FE404601F0E5FA06460A
:1099200028B900F0FBFD0E200AB0BDE8F087129BBD
:109930006F1EBFB2D3F800A0BD424FF00003ADF8D8
:109940002030EED3C56C39462846FFF779FE421C1D
:10995000E7D015EB8005E4D0022C95F8029008D0F2
:1099600002215046FBF7A7FA90BB00F0D7FD11206B
:10997000DAE7BAF81010022952D15046FBF7C7FABD
:109980000068FAF7C9FDEA7830EA020A44D1AA78F9
:10999000824222D0C4B2AC7096F858305B0720D413
:1099A00000F0BCFD404600944B4601223946FFF7CB
:1099B0004BFFBDF820000028B6D0BDF822309BBB7D
:1099C00003A806A902F054FF03A802F04DFFABE77D
:1099D000A97801F00301FAF793FD00F09FFD4C46D2
:1099E000E0E7B6F80B20737BD6F807008DF81E3041
:1099F000ADF81C200690F07902F0E1F8ADF8207087
:109A0000AB78ADF822309DF824308DF818006AF359
:109A100000038DF82430C3E700F080FD062083E7C3
:109A200000F07CFD0D207FE706A802F019FF7BE720
:109A30002DE9F04FA84B0F46B3F800C0A749A84B3B
:109A40000D881B6899B04FF00008049203EBC50322
:109A5000C6464FF6FF790278064608EB05043AB988
:109A60000C800392039B4345C0F22D81002085E0CA
:109A7000A44500F1100003F1080340F3918043F87E
:109A8000086C23F804EC23F8029C08F10108E2E7D3
:109A9000934B1E6806EBCA0305939B88002B48D1A5
:109AA00056F83A50AC6824B1043C54F8040F00282E
:109AB00036D12878431E012B45D86B68002B42D045
:109AC000884C894E894B0093022818BF2646019581
:109AD0000DF11A03002201213046FCF7E3F90028BA
:109AE0004AD157B101238DF824300499BDF81A30BA
:109AF000ADF8283009A80B95B847AB682BBBEC68CC
:109B00001CB123681834002B3BD1059ABDF81A30DC
:109B10009380FCF7F9F9059B09F10109D88008E069
:109B2000FFF778FD431C04D006EBC0008388002BB0
:109B3000BBD10AF1010A694B1B889A45A8DBB9F130
:109B4000000F40F0C480032018E0694E0024AB6889
:109B500018590028D3D0FFF75DFD614B1B6803EB5C
:109B6000C003CDE90063634813AB00220121FCF779
:109B700099F904340028EAD00128DAD019B0BDE8F8
:109B8000F08F54F8143C002BDDD034F8080CFFF7AC
:109B9000B3FE50B1584B594A1B6812889A4201DAF9
:109BA0000620EBE7544A01331360554B0093A4F1B0
:109BB000180B5448CDF804B007AB00220121FCF784
:109BC00071F90028D8D134F8083CC3F3400113F0F0
:109BD0000C0F18BF41F00201980548BF41F0040185
:109BE0005A0548BF41F008011E0548BF41F0100169
:109BF000D80448BF41F020019A0448BF41F0400119
:109C00005B04414B14F8062C0093CDF804B048BF18
:109C100041F0800154F8180C0DF11E03FCF742F9D5
:109C20000028A9D154F8043C13B1BDF81E201A80B5
:109C30007FB102238DF83830BDF81C30ADF83C30D0
:109C40000499BDF81E30ADF83E300EA8CDE910B530
:109C5000B84734F8080CFFF74FFE50B12B4B009378
:109C600000222B48019208AB0321FCF71BF90028C6
:109C700082D154F80C6C002E3FF443AF30680028BA
:109C80003FF43FAFB368002B3FF45DAF214B7279D7
:109C90003179009301960DF12203FCF703F90028B6
:109CA0007FF46AAF6FB14FF003038DF84C30049925
:109CB000BDF82230ADF8503013A8CDE916B5159691
:109CC000B8471036DAE74FF00009CA4633E7039B7E
:109CD0004B440393C6E600BF2ACB002018CB0020DC
:109CE0001CCB0020142B0020102B00209B96010081
:109CF000C39601000C2B0020F0CA002028CB0020C6
:109D000077980100082B0020A39701000999010012
:109D1000042B0020CF9701002DE9F743054600F002
:109D2000FBFB284601F0E0F820B903B0BDE8F043A2
:109D300000F0F4BBD0E913780024C0E9134400F02C
:109D4000EDFB2846FFF7F6F9C7B13E46A14644456C
:109D500006F1040606DB0B48394603B0BDE8F043C4
:109D6000FBF742BA16F8023C36F8041CCDF8009016
:109D700002222846FFF768FD0134E8E703B0BDE89A
:109D8000F08300BFF8CA00202DE9FF474A4B4B4F34
:109D90001868039000F0C0FBFFF730FDDFF83C814E
:109DA000002800F08280FFF73DFDFDF709F8064628
:109DB00000287CD1DFF82891B9F80000002844D1B0
:109DC0003F4B188830B1C00004F06EFD3D4B186069
:109DD000002841D03C4BDFF80CA100251D80D8F8AD
:109DE00000303868AB4243DC04F066FD00233B6082
:109DF000C8F80030354B1A680AB3354BB9F8001073
:109E00000093344B91FBF2F11B683348920089B206
:109E1000FBF794F9044600284BD12F48DFF8C8908F
:109E2000FBF7BBF9C9F80000B0B125462746284624
:109E30004FF6FF7203A9FCF779F8054618BB00F04E
:109E40006DFB304604B0BDE8F087800004F02CFDC7
:109E5000204B18600028B3D10624FFF7E3FC3868D4
:109E600004F02AFD00233B60C8F800302646E6E7F0
:109E7000DAE9001250F82500FFF7DAFD0446002861
:109E8000EBD10135ABE72B69188AFFF735FD0028C8
:109E9000CDD0D9F800106B8901EB8402013321F891
:109EA0002430D07097700134C1E70F24D5E7044601
:109EB000D3E70B24D1E700BF88FC010024CB0020AE
:109EC0002ACB00201CCB002018CB0020F0CA002099
:109ED0007EF3010014CB0020F8CA002020CB002024
:109EE00028CB0020182B0020F4CA0020054B1B684B
:109EF0002BB1054BD888003818BF012070470120CE
:109F0000704700BFF0CA0020F8CA002038B50C4DD9
:109F10002B68002B04460EDD0A48FBF73EF9206053
:109F200060B1094B2A681968920004F023FE2B687F
:109F30006360002038BD00230360F9E70620F9E7DD
:109F4000F0CA0020F8CA0020F4CA0020F8B5044680
:109F500000F0E2FA204600F0C7FF28B1066D0023AA
:109F60009E4205DC002510E000F0D8FA0720F8BD7D
:109F7000C56C05EB830292F902709178002F0DDA1F
:109F800035F8235001F07F03937000F0C7FA3DB11C
:109F900029462046BDE8F840FFF715B90133DFE751
:109FA0000520E4E72DE9FF41284B1C6806462046C2
:109FB000FFF746FB471C0D4612D004EB80044FEA26
:109FC0008008E37899070BD500F0A6FA304600F038
:109FD0008BFFB0F85470AF42034605D000F09EFAF4
:109FE000052004B0BDE8F08190F858200026520703
:109FF000A0F8546026D5C46C444494F90220B242BF
:10A0000020DBB3F80B105A7BD0F80700ADF8041032
:10A010008DF806200090D87901F0D1FDADF80870D8
:10A02000A378ADF80A309DF80C308DF8000066F387
:10A0300000038DF80C3000F071FA684602F010FC55
:10A040000020CEE700F06AFAFAE700BFF4CA002069
:10A05000F0B5274B014689B005461868FFF7F0FABE
:10A06000411C044642D000F057FA0026A4003746AF
:10A07000304600F053FF40B1C36C234401369A7858
:10A0800062F07F029A700127F2E700F047FA0FB101
:10A0900000F09EFA00230193ADF80C50CDF8073084
:10A0A00004A901A88DF80E3002F0D5FBF0B900F03C
:10A0B00033FA01A800F09EFF68B900F02FFA9DF86E
:10A0C0001C30DA070DD443F0010304A88DF81C30CE
:10A0D00002F0C6FB05E0BDF81A309B07EDD400F096
:10A0E0001DFA9DF80E300133DBB2D9E709B0F0BD9F
:10A0F000F4CA002070B5064615460C46A9B100F01A
:10A100000BFA304600F0F0FE68B1012D2A4600F14E
:10A11000560128BF0122204604F02CFD002400F047
:10A12000FDF9204670BD0724F9E70324F9E773B56C
:10A13000002406468DF804400D4669B30846FAF738
:10A140007AFC012828BF012082B201AB21462846B3
:10A15000FAF702FDA04221DB9DF8043003F007036B
:10A160008DF8043000F0D8F9304600F0BDFE78B12B
:10A1700090F856309DF8042093430BD1012201A999
:10A18000563004F0F7FC00F0C9F9204602B070BD6B
:10A190000E24F8E71324F6E71124F6E70E24F4E77B
:10A1A0002DE9F84FDFF87490DFF874A00026D9F895
:10A1B0000030B34201DCBDE8F88FDAF8000030F877
:10A1C00026804146FFF73CFA431C1AD08400002742
:10A1D00000F0A2F9384600F0A1FE054678B1C16C46
:10A1E0002144FFF73FFA8346AD8800F097F9BBF1B1
:10A1F0001B0F08D0BBF11D0F0AD00137E8E700F0B4
:10A200008DF90136D3E741462846FEF790FFF4E783
:10A2100041462846FEF7D7FFEFE700BFF0CA00200F
:10A22000F4CA002070B5054600F076F9FFF7E6FAAB
:10A2300098B10C4C0C4E216830680131890004F053
:10A24000F1FB60B12368306040F823500133236094
:10A25000002400F063F9204670BD0F24F9E70624BE
:10A26000F7E700BF20CB002024CB00200023F0B56F
:10A2700001461D461C46087868B9214A11880C44DD
:10A280001480204A11880B4413801F4A138803EB63
:10A290004503138033E0013801282FD84A686AB398
:10A2A0008A6801339BB242B1043A184652F8046FEF
:10A2B0000346013080B2002EF8D1CA680AB1106896
:10A2C00018B90134A4B21031D5E75068B0B1108A82
:10A2D00000F0300040B90233D0689BB210B106687C
:10A2E00007462EB91832EAE70135ADB20333F3E77A
:10A2F000BE6801339BB21030002EF0D10320F0BDB8
:10A300002ACB00202CCB002028CB0020024B0020A1
:10A310001860024B18607047F0CA0020F4CA002091
:10A3200037B5044600F13C05E06BA0B14368E36338
:10A3300003B925641038019001A9204600F0CEFF32
:10A340000128F1D1019BE26B5A6112B903F11402A9
:10A3500022641033E36303B030BD0000024B0349B5
:10A36000186803F01FBE00BF48CB00206CCB002054
:10A3700010B5846801460448FAF736FF2046BDE868
:10A38000104001F049BA00BF80CC0020FFF708BFA1
:10A3900007B50C4B1B78022B01460CD04FF0FF3356
:10A3A0000948009300231A4603210068F9F710FEBC
:10A3B00003B05DF804FB044803B05DF804EB03F060
:10A3C000C9BE00BF68CB00204CCB002070B505464D
:10A3D000F8F7E6FC094E04463068F9F72FFE01282D
:10A3E00004D02846BDE87040FFF7D2BF3068F9F7C7
:10A3F00023FE2C44241A002CF3DB70BD4CCB002030
:10A400006FF00043984201D0FFF7E0BF70470000B3
:10A4100070B50C4D01232B7001F0C6FCB0FA80F32F
:10A420005B0904465B0066202B70FFF7CFFF3CB949
:10A4300001F0C8FB044B1B6913B1BDE8704018471D
:10A4400070BD00BF69CB0020182B00200E4B0022EE
:10A4500010B51A700D4801F0CDFB88B90C4C20687E
:10A46000FDF7DCFA01F0FAFA0A4BDB6813B1206859
:10A4700000B1984700232360BDE81040FFF7C8BF34
:10A48000FAF7CFFAE6E700BF69CB002034CB002013
:10A4900064CB0020182B002008B50E4B1B789BB115
:10A4A000022B15D1FEF794FDFFF7AAFF02F052F838
:10A4B000FFF7A6FF00F0CEFDFFF7A2FFFDF766F85D
:10A4C000BDE80840FFF79CBFBDE80840FFF7BEBFEE
:10A4D00008BD00BF69CB0020FFF7B8BF08B5F8F78B
:10A4E0005BFF012806D0F8F751FF034B1B681B1ACE
:10A4F0005842584108BD00BF60CB002002484FF0D1
:10A50000FF3103F091BD00BF30CB0020014803F0C4
:10A510009DBD00BF30CB0020FFF7F0BFFFF7F6BFB7
:10A5200008B5044801F066FB00B908BD01F090F9D8
:10A53000F7E700BF34CB0020FFF7F2BF10B5FFF7FD
:10A54000DDFF00F0F9FC30B190F828305B070AD548
:10A55000FFF7E6FE18B900F0EFFC04462CB9BDE8A1
:10A560001040FFF7D3BF0068EDE72046FFF7D8FEA5
:10A570000028F4D12468F1E7024B1878831E584272
:10A580005841704768CB00200020FFF701BF000052
:10A5900038B505460B48FAF700FE044620B92846B0
:10A5A000BDE8384002F07ABA00210C2204F099FA92
:10A5B000054BC4E90135054B21461868BDE8384014
:10A5C00003F0F0BC80CC002071A3010048CB002038
:10A5D000024B0349186803F0E5BC00BF48CB0020DC
:10A5E00090CB0020034B04491860044B186803F01B
:10A5F000D9BC00BF64CB002084CB002048CB002016
:10A6000000F5C060FFF7EEBF10B5FFF777FF154B01
:10A610001C78012C21D0022C04D03CB1FFF776FF2E
:10A62000112401E0FFF772FF204610BD02221A70CC
:10A63000FFF76CFFF8F7AAFE0B4B0C4918600C4AA9
:10A6400009680C48234603F063FDFFF79DFB0446B1
:10A650000028E9D1FFF7DCFEE6E7FFF757FF0F24FC
:10A66000E2E700BF68CB002060CB002048CB002091
:10A6700099A401004CCB0020FFF7C6BF02F0C5BB78
:10A6800013B52B4B00930C222A4B2B481321FAF7BE
:10A6900055FD2A4B2A4800241C602A4B21460C22D7
:10A6A0001C7004F01EFA284B254A2848C2E90134E0
:10A6B00021460C2204F015FA254B244A2548C2E90C
:10A6C000013421460C2204F00CFA234B214A234882
:10A6D0002146C2E901340C2204F003FA204B1F4A40
:10A6E000C2E9013400F096FE00F0EEFC01F07CFDC2
:10A6F000FDF7AAFCFAF7CCFEFCF792FBFEF772FF1F
:10A70000FFF704FE01F05CFC16491748224601F0F1
:10A7100061FA164803F07DFCFAF7CCF8144B186088
:10A72000FAF7C8F80B4902B0BDE8104003F03ABC94
:10A7300095F301009CCB002080CC002064CB00204E
:10A7400090CB002068CB00208DA3010084CB00209B
:10A75000D9A4010078CB00205DA301006CCB0020C0
:10A7600079A6010039A5010034CB002030CB0020B0
:10A7700048CB0020002100F08BBDFFF781BF42785D
:10A780000B789A4206BF486000200120704773B5DD
:10A79000DDE906548DF807008CB101318DF8061003
:10A7A00001220DF106012046FAF74EF928B90122DF
:10A7B0000DF107012046FAF747F902B070BD2E7877
:10A7C000B01C084490420BDC013199552A7813449F
:10A7D0009DF807205A702B7802332B702046ECE747
:10A7E0000420EAE72DE9F3470A9EDDF830A0CFB256
:10A7F000CDE9006A0C46904639469DF82C209946D2
:10A80000FFF7C5FF054698B9BAF1000F07D0A2B20D
:10A810004146504602B0BDE8F047FAF715B9307826
:10A8200022464146484404F0A5F933781F44377066
:10A83000284602B0BDE8F0872DE9F04F89B01F46E9
:10A8400000238DF81B300378129D049204460E46B7
:10A85000002B71D1D4F80480B8F1000F7FD1D4F867
:10A860000C80B8F1000F40F0AF80D4F81480B8F13C
:10A87000000F40F0E180E269002A40F0138194F873
:10A880002330D90700F12581626A002A40F0428115
:10A89000226E002A40F04D81A26A002A40F05C81BD
:10A8A000226B002A40F06B8194F83830DA070ED51D
:10A8B0000DF11B030093CDE90175334604F1360217
:10A8C00002211920FFF78EFF0346002843D194F898
:10A8D0003C30DB071AD50DF11B030093019533467D
:10A8E0003A4602211A20FFF752FF0346002832D1D0
:10A8F000618F002D40F059819DF81B8006EB080008
:10A9000008F10208F9F7FCFD8DF81B80226C002A83
:10A9100040F05781A26C002A40F06681226D002A27
:10A9200040F07581A26D002A40F08481049B002BC9
:10A9300040F0938100230EE00DF11B0300930B46C2
:10A9400001210246CDE901750846FFF74BFF03469A
:10A9500000283FF47FAF184609B0BDE8F08F94F8A7
:10A960000890B9F1000F3FF47AAF607A01950DF1CC
:10A970001B034FEA490100F0010000933A463346B9
:10A9800001F0FE010230FFF702FF03460028E2D18A
:10A9900082466DB12946404602F03EF80346002843
:10A9A000D9D10AF1010AD14508F10408F1DC56E7D2
:10A9B0009DF81BB0404606EB0B010BF1020B02F0B9
:10A9C00005F88DF81BB0ECE794F81090B9F1000F82
:10A9D0003FF44BAF607C01950DF11B034FEA8901F9
:10A9E00000F0010000933A46334601F0FC010430C8
:10A9F000FFF7CDFE03460028ADD108F1040858F852
:10AA0000331005934DB10791042207A92846FAF7A0
:10AA10001BF8059B60B103469DE79DF81BB006EB54
:10AA20000B00F9F771FD0BF1040B059B8DF81BB0C2
:10AA300001339945E3DC18E794F818B0BBF1000F37
:10AA40003FF419AF607E01950DF11B034FEA0B191E
:10AA500000F0010000933A46334609F0F001063059
:10AA6000FFF795FE034600287FF475AFD944C14433
:10AA700065B12946404601F0CFFF034600287FF428
:10AA80006AAF08F11108C845F2D1F4E69DF81BB091
:10AA9000404606EB0B010BF1100B01F097FF8DF810
:10AAA0001BB0EEE794F8201000293FF4E8AE94F8CC
:10AAB00021000DF11B0300F001000093CDE90175A9
:10AAC00033460830FFF78EFE034600283FF4D7AE2A
:10AAD00041E794F9223013F1800F18D10DF11A00DB
:10AAE00000F008FF034600287FF435AF0DF11B038B
:10AAF0000093CDE9017533460DF11A0201210A20B8
:10AB0000FFF770FE034600283FF4BEAE23E78DF842
:10AB10001A30EBE70DF11B030093CDE901753346C5
:10AB200004211220FFF75EFE034600283FF4B0AE7A
:10AB300011E794F8641000293FF4AEAE0DF11B0349
:10AB40000093CDE9017533463020FFF74BFE0346F5
:10AB500000283FF4A1AEFEE694F82C1000293FF443
:10AB60009FAE0DF11B030093CDE90175334616200E
:10AB7000FFF738FE034600283FF492AEEBE694F868
:10AB8000341000293FF490AE0DF11B0301EB41019D
:10AB90000093CDE90175334649001720FFF722FEE7
:10ABA000034600283FF480AED5E6ADF81C10022223
:10ABB00007A92846F9F748FF034600283FF4A6AE48
:10ABC000C9E694F8441000293FF4A4AE0DF11B032C
:10ABD0000093CDE9017533462020FFF703FE0346BD
:10ABE00000283FF497AEB6E694F84C1000293FF4E5
:10ABF00095AE0DF11B030093CDE90175334621207D
:10AC0000FFF7F0FD034600283FF488AEA3E694F872
:10AC1000541000293FF486AE0DF11B030093CDE9DB
:10AC2000017533462420FFF7DDFD034600283FF47D
:10AC300079AE90E694F85C1001297FF677AE0DF1BD
:10AC40001B030093CDE901753346FF20FFF7CAFDD2
:10AC5000034600283FF46AAE7DE6049A9DF81B3057
:10AC6000137067E613B500240094FFF7E5FD02B00A
:10AC700010BD2DE9F04106460C4617469846012CBA
:10AC800006D93378A3420ED241463046B84710B9B0
:10AC90000020BDE8F0813578013C641B013504F0EB
:10ACA000FF042E44EBE70A20F3E7000037B51C460B
:10ACB00000230546019308466B461146074A8DF866
:10ACC0000050FFF7D6FF20B9019B23B1236003B0EA
:10ACD00030BD0A20FBE70520F9E700BF7FA7010090
:10ACE00010B50446FFF718FC204600F0FDF80446B6
:10ACF00018B9FFF713FC072010BD00F0E9F8204653
:10AD000000F084F8FFF70AFC0020F5E738B50546A7
:10AD10000C46FFF701FC284600F0E6F840B114B1FC
:10AD200090F8283023700024FFF7F8FB204638BD48
:10AD30000724F9E710B5FFF7EFFB00F0FDF820B1AD
:10AD40008488FFF7EBFB204610BD4FF6FF74F8E751
:10AD500010B403780A780446981A06D1601C0622BB
:10AD60005DF8044B013103F093BE5DF8044B70476E
:10AD700008B5074BD88840B1064BDB88022B05D9B4
:10AD8000FFF7B4F8003818BF012008BD0020FCE729
:10AD90000CCD002038CF0020C06A00B9704703896D
:10ADA0008B4203D001D80068F7E70020704770B5E8
:10ADB000C46A0022234623B11E890D89AE420CD0FD
:10ADC00004D932B90C60C162002070BD1A461B68FC
:10ADD000F1E713680B601160F6E70220F5E7036BFB
:10ADE0000A688B4208BF002310B408BF0363C36A1C
:10ADF0008B4204D1C2625DF8044B01F001B91C46DC
:10AE00001B688B42FBD12260F5E7000038B5044691
:10AE1000D0B14430FBF704FEE16A49B904F13C05C6
:10AE2000E06B48B921460948BDE83840FAF7DCB97B
:10AE30002046FFF7D4FFEFE74368E36303B92564D7
:10AE40001038F9F7EEFDEBE738BD00BF0CCD002060
:10AE500038B505461D48FAF7A0F9044680B300212D
:10AE6000702203F03EFE0023A580E3622846FAF735
:10AE700073FA014620B32046FFF799FF00BB28462E
:10AE800001F042FB0146D8B12046FFF790FFB8B968
:10AE9000284601F03FFC014690B12046FFF787FFAE
:10AEA00070B904F14C00FFF731F848B9234643F874
:10AEB0003C0F2364234643F8640FA366204638BD45
:10AEC0002046FFF7A3FF0024F8E700BF0CCD0020C9
:10AED000044902680B68834201D10A607047194631
:10AEE0001B68F8E728CD0020044A0346106800B923
:10AEF000704782889A42FBD00068F8E728CD00208E
:10AF000008B501468088FFF7EFFF024B1A680A6018
:10AF1000196008BD28CD0020FFF7E6BF054B0246AB
:10AF20001868002300B970479342FCD000680133D1
:10AF3000F8E700BF28CD0020014B1868704700BF1C
:10AF400028CD002073B5044680790D4600F031FE0F
:10AF50002E46002206F8010B01A900F02FFD0199F1
:10AF60000622304603F006FE2149062204F10F00B6
:10AF700003F08EFD05F10E0318BB2A68C5F80E20FC
:10AF8000AA889A80AA799A71D4F80730C5F8073050
:10AF9000B4F80B30D4F80720A5F80B30637B6B7343
:10AFA000C5F8152005F11503B4F80B20A5F81920F4
:10AFB000627B9A71E279022A0BD0032A15D002B083
:10AFC00070BDD4F80E20C5F80E20628A9A80227DCA
:10AFD000D9E70022EA71D4F81520C5F81520B4F895
:10AFE00019209A80E27E9A71E9E70122F2E700BF18
:10AFF0008CFC010030B5054689B018B90024204604
:10B0000009B030BD124B1C68002CF7D02B78012BF7
:10B0100029460CD1AB7903F0C003402B07D104F1D2
:10B020001500FFF795FE0028E9D02468ECE7E01D45
:10B03000FFF78EFE0028E2D0E379012BF5D901A9B4
:10B040002046FFF77FFF29460DF10B00E9E700BF1F
:10B0500028CD00202DE9F041F7F7A2FE0746FFF7C3
:10B060005BFA184B1C686FF0004524B9FFF756FADD
:10B070002846BDE8F08194F8283013F0020209D187
:10B08000266B76B1636BDB1B002B05DC132120469E
:10B09000FCF7FCFB2468E8E79D42D2BF16469846C1
:10B0A0000126394604F14400FAF75CFF031EEDDD8A
:10B0B0009D4203DC002E18BF4546EBE798461D462F
:10B0C000E8E700BF28CD002007B5084B00930848EB
:10B0D000084B70220121FAF731F820B9064B1860AD
:10B0E00003B05DF804FB0B20FAE700BFA8F30100F2
:10B0F0000CCD00209CCC002028CD002070470020E3
:10B100007047000008B506481021F9F75EFC18B931
:10B11000BDE8084000F0DABC02680432026008BDF5
:10B120004CCD002030B129B1034B1880034B0020D7
:10B13000198070470320704790CE00202CCD00204E
:10B14000054A13881844B0F5803F02DB0C20FFF756
:10B1500049BA1080704700BF2CCD00202DE9FF4177
:10B160000C46904607464FF0FF3146489DF8286050
:10B170001D4602F059FF42462146384600F06CF960
:10B18000DFF80881044600283AD13F484FF40061B7
:10B1900002F078FF38B106280CBF13240B24204698
:10B1A000FFF720FA2CE010222146684603F099FCB4
:10B1B000D8F8002013780E2B03D00F2B44D0112485
:10B1C000EDE7517803292ADC01D00C24E7E7B2F837
:10B1D0000330002BF9D1CDE90044029415B1019957
:10B1E000002944D100230293BDF80C300195BB42E5
:10B1F000EBD1002CE9D1009C14B9029BB342CED113
:10B20000D8F8000020B101F049FC0023C8F8003054
:10B210001C4802F01BFF204604B0BDE8F081D37843
:10B22000107943EA0023ADF80C30537943B103F5AC
:10B23000007304390093029121B106320192CDE7E7
:10B240002346F6E70191C9E75378042BBDD1137962
:10B250005179CDE9014443EA0123ADF80C309378EC
:10B260001BB103F500730093B8E72346FBE7029A8E
:10B27000B242C8BF32462846C4BF02960C2403F02F
:10B2800079FCB1E79CCE002098CE002094CE00201F
:10B2900038B503780E2B044606D00F2B12D020466B
:10B2A000FFF776F9002038BDB0F80330002BF6D058
:10B2B000084D2868F8F7A3FC80B228B1204601F0B9
:10B2C000EDFBEFE78388F1E7034B28461C6002F0B3
:10B2D000FDFEE7E798CE002094CE00202DE9F7434D
:10B2E0000B68009300230B6090F82890344FDFF830
:10B2F000D88005460E46C9F38009009C002C57D023
:10B300003B884BB12F4AB8F8001000236846F9F784
:10B3100082FA044630B9009C34600124204603B010
:10B32000BDE8F08300224946A88800F0DDFA014616
:10B3300001A8F9F7E5F8218A0DF10600F9F7E0F820
:10B3400004212046F9F712FD50B9062495F828305B
:10B35000009823F0040385F82830F9F762FBDDE755
:10B360000421F9F7D4FD04460028EED004220DEBA9
:10B370000201006803F0FEFB0DF10600F9F7CCF8BE
:10B38000204600F07DFB2046FFF778F995F828303D
:10B3900004460028DAD143F0040385F828302B8FC7
:10B3A00001332B873B88013B3B804FF00109A4E729
:10B3B00095F8283023F0040385F82830AEE700BF65
:10B3C0002CCD002005B1010090CE0020C36B0BB93D
:10B3D000FFF784BF01207047014B1860704700BF22
:10B3E0008CCE0020014B1870704700BF88CE002023
:10B3F000014B1878704700BF88CE0020014B1860C1
:10B40000704700BF84CE0020014B1868704700BF12
:10B4100084CE002007B50021094802F028FE094823
:10B4200002F0F7FD084B01934FF496730093074A1F
:10B43000074908480123F9F7D5F903B05DF804FB83
:10B4400098CE00209CCE0020B9F301004CCD002006
:10B4500030CD002058CD0020F8B5124B1B78012BC1
:10B4600007460E46154604D0022B07D023B1112003
:10B4700003E0FFF733F808B91620F8BD01F0F6FA3B
:10B4800004460780857025B12A463146033003F013
:10B4900071FB204601F0B7FC0028EED00728E6D16A
:10B4A0001420EAE769CB0020042A14BF0C200020F6
:10B4B0007047032A14BF0C20002070473AB1087867
:10B4C000182806D8044B53F8203013B118470C2025
:10B4D00070470020704700BF94FC010000207047B7
:10B4E0000D2A14BF0C2000207047012A08B504D192
:10B4F0000878FFF785F8002008BD0C20FCE7062A35
:10B5000008B5084603D1FCF721F8002008BD0C203F
:10B51000FCE770B586B014460D4618220021684637
:10B5200003F0DFFA012C2BD96B78B4EB031F27D182
:10B530002C1D00266B78B34202DC002006B070BDE3
:10B5400014F8023C8DF80030214614F8013C8DF8C7
:10B55000023006220DF1030003F00CFBA3798DF8F5
:10B560001030E11D06220DF1110003F003FB637B97
:10B570008DF809306846FBF795FE01361034D9E79F
:10B580000C20DBE7F0B587B014460E4618220021E8
:10B59000684603F0A6FA012C41D9A21E7478631EF6
:10B5A000182B06F1020538D828460021092A36D979
:10B5B000037A0A3A9A4232D30131D21AA14203F1F4
:10B5C00005031844F2DB52BB04921446CDF8132055
:10B5D0007378A34202DC002007B0F0BD2B788DF811
:10B5E0000030A91C6B782F7A8DF8023006220DF1FD
:10B5F000030003F0BFFA2B7A8DF801302B44053796
:10B6000005F109025B7A03922F4468468DF80930F0
:10B610000134FBF747FE3D46DAE70A20DCE70C2061
:10B62000DAE70B2A08B5084603D1FCF794FA0020A4
:10B6300008BD0C20FCE70C2A08B5084603D1FBF72F
:10B640005DFF002008BD0C20FCE70A2A08B508466B
:10B6500003D1FCF7FDF9002008BD0C20FCE7042A0B
:10B6600010B50C4612D1FEF757FFB4F80100FFF7F2
:10B670003BFC10B1008FFFF763FDFEF74FFF204644
:10B68000FCF7A2F9FEF75AFF002010BD0C20FCE7E2
:10B69000F8B50B789B00013393420C4623D100256B
:10B6A00023789D4203DBFEF749FF0020F8BD04EB41
:10B6B0008507B7F803608EB1FEF72EFFB7F80100DB
:10B6C000FFF712FC40B1038F9E4209D90C20FEF710
:10B6D00089FF3046FFF734FDFEF720FF0135DFE735
:10B6E0009B1B0387F5E70C20E0E710B51F2A88B005
:10B6F0000C4643D120220021684603F0F2F963781A
:10B700008DF80030A3BBE278A37843EA0223ADF8BA
:10B710000230062223798DF80430A11863798DF860
:10B7200005300DEB020003F025FA062204F10C01AE
:10B730000DF1130003F01EFA062204F112010DF1BF
:10B74000190003F017FA627E237E43EA0223ADF864
:10B750000C30E27EA37E43EA0223ADF80E30237F55
:10B76000627F43EA0223ADF81030A37F8DF81230D8
:10B7700000216846FBF7CEFD08B010BD0C20FBE7AA
:10B7800010B5132A88B00C4635D120220021684616
:10B7900003F0A7F963788DF8003033BBE278A37823
:10B7A00043EA0223ADF80230062223798DF80430F3
:10B7B000A11863798DF805300DEB020003F0DAF97A
:10B7C000627B237B43EA0223ADF80C30E27BA37B50
:10B7D00043EA0223ADF80E30237C627C43EA022365
:10B7E000ADF81030A37C8DF8123000216846FBF7CD
:10B7F00091FD08B010BD0C20FBE700207047002031
:10B8000070470020704700207047002070470020DC
:10B81000704700207047000038B504460B4B007895
:10B820000022197881420AD00132062A03F1080366
:10B83000F7D10825204601F031F9284638BD5B686C
:10B840006278A11C98470546F4E700BFF8FC0100A8
:10B850002DE9F04186B003A9054600F083F80446BF
:10B8600010BB284600F00CF9BDF80E202B8A9A4236
:10B8700038D1BDF80C80C8F30B08FEF74DFE4046EA
:10B88000FFF732FB074698B94FF0FF330593FEF7F9
:10B8900045FE0726059B5A1C05D000229BB2114687
:10B8A000404600F00CFF34462846F9F7BAF815E098
:10B8B00005AB00932A4604AB03A900F0F6FB06464D
:10B8C000FEF72CFE1EB1012E08D02546E2E7386BAC
:10B8D000049B9847396B384600F0DDFB204606B0E4
:10B8E000BDE8F0810A24DFE740EA823040EA013017
:10B8F00080B270471FB50123002204460093114611
:10B9000003AB42F20700FFF729FC10B99DF80C3099
:10B91000237004B010BD10B5A1F11B03E02B86B05D
:10B9200004461DD8A2F5A4739BB244F2481083428A
:10B9300016D80223ADF81210ADF814200093062299
:10B9400003AB04A942F22200ADF81040FFF706FC59
:10B9500020B9BDF80C30A34218BF0C2006B010BDB2
:10B960000320FBE770B50B460C4604220021064677
:10B97000F9F7F2F8054678B904213046F9F718F9D5
:10B980002046F8F7C9FD234623F8020B1846F8F7BE
:10B99000C3FD6080284670BD0C25FBE710B504464A
:10B9A000FEF7BAFD21460448062203F0E3F8BDE89D
:10B9B0001040FEF7B3BD00BFA6CE0020F8B50F467D
:10B9C000164690B1012815D10C4D6C793F2C8CBFD7
:10B9D000002401240A490622284603F059F858B1E8
:10B9E00007B13D6026B90020F8BD064D0446F1E7D9
:10B9F0003460F8E70320F7E71520F5E7A0CE002034
:10BA000028FD0100A6CE0020012807B504D9831E19
:10BA1000012B08D9032011E00022114603B05DF884
:10BA200004EBFFF7CBBF00F0C4F801AA0021FFF739
:10BA3000C5FF18B90198002818BF152003B05DF89C
:10BA400004FB10B50446FFF7DFFF30B9023C012CC0
:10BA500003D8BDE8104000F0DFB810BD08B50622DD
:10BA60000021054803F03DF8BDE8084003480622E0
:10BA7000002103F036B800BFA6CE0020A0CE0020E3
:10BA800037B5054600242B8AA34201DC03B030BD44
:10BA900021460DF1070301222846F9F75DF801342C
:10BAA000F1E710B5102104460020F8F7A4FF034683
:10BAB00028B182681288A24204D2F8F7B2FF0023AC
:10BAC000184610BD026822440260F9E70420FFF71F
:10BAD000E8BF0820FFF7E5BF0D20FFF7E2BF70B514
:10BAE00005460E46FFF7F8FF044640B133462A46A6
:10BAF0000021F9F786F918B12046F8F792FF0024E3
:10BB0000204670BD38B5058A954228BF15461C46AB
:10BB10002A460B460021F9F71FF810B904B1258019
:10BB200038BD1120FCE710B504460068038A8B423B
:10BB300008DB89B2F9F7EBF9002820600CBF06207A
:10BB4000002010BD0A20FCE708B591F83930DB076A
:10BB5000084605D501F1290210F8011B00F090F804
:10BB6000002008BDF8B50F4616461D46FFF7BCF984
:10BB7000044658B13946FFF70FF9011E0CBF0720E4
:10BB8000002006B1346005B12960F8BD01460720E8
:10BB9000F7E737B515461C4601AA6B46FFF7E2FFEB
:10BBA00028B90DB1019B2B600CB1009B236003B041
:10BBB00030BD00F0FD00431E584258417047FFF76A
:10BBC000F8BF000002490022022000F05DBE00BF65
:10BBD00049BB0100F8B50025C0E9005004460F46F6
:10BBE000164629460C22083002F07BFFC4E9037692
:10BBF0002846F8BD38B50446F8F75CFB25681DB942
:10BC0000F8F768FB284638BD6B68236003B96460A9
:10BC1000F8F760FB103DF5E71FB50A4C23787BB9B8
:10BC20004FF49672ADF80C200093022203A942F261
:10BC30002E00FFF793FA08B90123237004B010BD5A
:10BC40000020FBE7BCCE00201FB50378012B15D8E0
:10BC50008DF80F100622411C0DF109008DF80830F7
:10BC600002F088FF0023082200930DEB020142F24C
:10BC70004E00FFF773FA05B05DF804FB1220FAE7F7
:10BC800070B50D468EB006461446FCF769F9012DD5
:10BC90002FD8062231460DF111008DF8105002F018
:10BCA00069FF154910220DF1270002F063FF2146BC
:10BCB00010220DF1170002F05DFF002300932722F0
:10BCC00004A942F22700FFF749FA044660B90622A8
:10BCD00031460DF109008DF8085002F04BFF0121AB
:10BCE00002A8FFF7B1FF0446FCF746F920460EB064
:10BCF00070BD1224F8E700BFACCE002010B501469D
:10BD000088B01022002848D00DEB020002F032FF6C
:10BD1000102223480DEB020102F0BAFE044600286F
:10BD200038D010220DEB02011D4802F023FF002342
:10BD30000093012202A942F22D008DF80830FFF78E
:10BD40000DFA044630BB009003460246014642F21B
:10BD50002900FFF703FA0446E0B9012200900346E8
:10BD600002A942F22D008DF80820FFF7F7F90446EA
:10BD700080B90146062202A802F0B3FE1022214635
:10BD80000DEB020002F0ADFE214604AA02A8FFF767
:10BD900077FF0446204608B010BD0249B4E700BF53
:10BDA000ACCE00202EFD0100F0B595B0002300932D
:10BDB0001A46194640F60340FFF7D0F9044600281A
:10BDC00040F0B780082502460146009504AB41F2D9
:10BDD0000100FFF7C3F90446002840F0AA809DF84F
:10BDE0001000FFF7FFFA402300932246214604ABE0
:10BDF00041F20200FFF7B2F90446002840F09980B2
:10BE00009DF82600C0F38000FFF7F8FAFFF7F0FA7C
:10BE10000746FFF7F9FA52A3D3E900230094CDE9CE
:10BE20000223064623462A460DEB050140F6014053
:10BE3000FFF794F9044600287BD1062F11D9F307A8
:10BE40000FD54FF400020023CDE9042300900346F0
:10BE50002A4604A940F66340FFF780F9044600280B
:10BE600067D1FFF7C5FA062866D81F220023CDE95F
:10BE7000042300230093082204A942F20100FFF7E3
:10BE80006DF90446002854D103230093024601466D
:10BE900004AB42F20200FFF761F90446002848D1E2
:10BEA000BDF810209DF8121072B9072300931146B7
:10BEB00004AB41F20500FFF751F90446002838D1E0
:10BEC000BDF81020BDF813101046FFF72BF90446FB
:10BED00078BB082300930246014604AB42F20300FC
:10BEE000FFF73CF9044620BB0498FFF775FA0623D8
:10BEF00000932246214604AB41F20900FFF72EF9D8
:10BF00000446B0B9144D04A8FFF748FD6B69F3B1BE
:10BF10002022214604A802F0E4FD6B694FF6FF726F
:10BF200004A90220984790B904A8FFF7E7FEFFF79D
:10BF3000E6F8204615B0F0BD072804D0082804D143
:10BF400040F27F6292E73F2290E7044A8EE70020AA
:10BF5000EBE700BFAFF30080182B00207FFE0F003F
:10BF6000908000020080002013B54FF0FF330F488F
:10BF7000009300231A4603210068F8F729F8FEF71A
:10BF8000CBFA0B48FCF746F80A4A00231468136002
:10BF9000094A1370FEF7C2FA0CB902B010BDD4E919
:10BFA000003100209847A468F6E700BFC0CE00200B
:10BFB000D8CE0020D4CE002068CB0020FFF7D4BF1D
:10BFC00010B5F8F777FCBDE810400146024A034877
:10BFD000002302F09DB800BFBDBF0100C0CE00200D
:10BFE00038B505460548F9F7D8F8044620B11C22B3
:10BFF000002102F076FDA580204638BD38CF002014
:10C0000010B50C4641B10869F8F70BFD214603480D
:10C01000BDE81040F9F7E8B810BD00BF38CF0020E8
:10C02000807B00F00100704738B5134614460422A7
:10C03000F8F792FD054658B92046F8F76DFA234601
:10C0400023F8020B1846F8F767FA6080284638BDD7
:10C050000425FBE737B504460D4601A81146F8F75D
:10C060004FFA29460DF10600F8F74AFA2046042156
:10C07000F8F7B4FF044628B1042200680DEB020172
:10C0800002F078FD204603B030BD08B180887047CB
:10C090004FF6FF70704738B50C46002505630869F8
:10C0A000F8F7BFFC2561A58238BD2DE9F341089D55
:10C0B00098464FF0FF332B600B88C3F30133012BFD
:10C0C0000746164651D0022B24D101AA0021304642
:10C0D000FFF7AAFF002865D104213046F8F768FD74
:10C0E000BDF806103846FEF757FE044640B9BDF8C5
:10C0F00006304FF6FF72934200D02B6005252EE0EC
:10C10000C288403A92B23F2A06D8BDF8042043893B
:10C110009A4201D90A2522E023691BB121463846FB
:10C12000FFF7B9FF2389BDF80450042B1BD120462B
:10C13000F9F7B9F88542EDD8BDF804303C63A38225
:10C140002069C8B9266123691D8AA38AED1A002DCA
:10C1500016DD21463846FFF79EFF0A2500263046A9
:10C16000F8F75FFC10E06089E4E7046B002CD1D0A5
:10C170002369002BE4D1CDE73146F8F75EFFE2E713
:10C1800006D1A369C8F80030284602B0BDE8F081A6
:10C19000F6F706FE00F5EA4030307863FEF7F4F972
:10C1A0000125DBE70425DAE713B5C98801920446C7
:10C1B0001046128AFFF74EFF019090B101A9204668
:10C1C000FFF704F950B1012809D1019B00225A61FF
:10C1D000226C03F11001143311602364002002B0BB
:10C1E00010BD0620FBE7000007B5094B0093094886
:10C1F000094B1C220321F8F7A1FF20B903B05DF819
:10C2000004EB00F0EBB90B2003B05DF804FB00BFBA
:10C21000C9F3010038CF0020E4CE00200820704789
:10C22000C36813B10269008918477047F8B50F4613
:10C2300015460646FEF770F9114A116800230C46B0
:10C240001CB9FEF76BF92046F8BD2089B04214D125
:10C25000A07AB84211D115B1E07AA8420DD12BB91C
:10C260000B681360002BECD1054B04E019680968DA
:10C2700019600029E5D15360E3E723462468DFE72E
:10C2800088CF0020F0B5868885B000F110070546FC
:10C290000069FFF7F5FB04213846FFF744FC04462C
:10C2A00028BB2B6903AAD988186800F0CBF9286944
:10C2B0000421F8F77DFC2B691A8ABDF80E309A42EA
:10C2C0001AD19DF80C301A2B14D80C4A52F823308E
:10C2D00083B13A4603A930469847044638B1002353
:10C2E0009DF80D1000931A46304600F0CCF9204618
:10C2F00005B0F0BD1024F2E70A24F8E740FD010084
:10C30000014610B10148F8F76FBF704754CF0020C5
:10C3100008B54A780121FFF789FF08B1FFF7F0FF60
:10C32000002008BD70B516464A780021FFF77EFF51
:10C330000546B8B102213046FFF7F5FB044678B94F
:10C3400033681B681B885BB1012B0CBF10210A21CD
:10C350002846FFF765FF2846FFF7D2FF204670BD4D
:10C360002146F5E70446F9E7F0B5054687B00F46E4
:10C37000104608211646FFF7D6FB044698BB0DF180
:10C3800007012846FEF7C2FC044660BB9DF8074043
:10C39000E44314F0010446D133681B681A88ADF8F1
:10C3A0000C2090B25A88ADF80E2091B29A88ADF860
:10C3B00010201FFA82FCDA88ADF8122093B2821F97
:10C3C00092B240F67A46B24205940FD901267978A6
:10C3D00002AB0222132000F03CF920B10680029942
:10C3E000284600F013F9204607B0F0BD8A1F92B22C
:10C3F000B242EBD88842E9D8BCF5FA7FE6D20A3BD4
:10C400009BB240F676429342E0D803A92846FBF758
:10C4100088F80028DAD103A92846FBF71DFC061E80
:10C4200018BF0126D3E71024DDE700002DE9F04313
:10C43000074685B00E4691469846FEF76DF802AB6A
:10C4400003AA05213846FFF7A4FB054630B1FEF7E5
:10C4500065F800242046FFF753FF47E0039B93F85D
:10C46000285005F00105FEF759F8002D42D1234868
:10C47000F8F793FE044600283ED02946142202F025
:10C4800030FB1F4AA572117827814D1C15F0FF0162
:10C490000ABF01230B4619461370C4E90398E172E1
:10C4A00001AB0822122000F0D4F828B333880380AF
:10C4B00073884380B3888380F388C38001993846AA
:10C4C00000F0A4F805460028C4D1F6F769FC00F591
:10C4D000F0406060FEF758F8FEF71EF8094B1A6846
:10C4E000226002B95C601C60FEF718F8284605B0AF
:10C4F000BDE8F0830325ACE70625ABE754CF002069
:10C5000084CF002088CF002008B5FFF769FD30B147
:10C510000523C38003F5C8038360014B836108BD15
:10C5200085C2010070B50A4C0E46256805B970BD7C
:10C53000AB7A1BB931462846FFF772FE23681B68A9
:10C54000236003B964602846FFF7DAFEEDE700BF19
:10C5500088CF0020F7B5F6F723FC002406460094A8
:10C56000CDF804D0FDF7D8FF1B490A686FF00045ED
:10C570002346274632B9FDF7D1FF009CFCB9284677
:10C5800003B0F0BDD2E900C4A41B002C13DC5BB9DE
:10C590000B681B680B6003B94960019B17601A6048
:10C5A000019263466246E5E7186800681860002853
:10C5B000F3D14B60F1E7A542A8BF2546F1E7A37A86
:10C5C0001BB90D212046FFF72BFE23680093204660
:10C5D000FFF796FED1E700BF88CF002007B5074BD5
:10C5E00007480022C3E90023064B00931422064BA0
:10C5F0000121F8F7A3FD03B05DF804FB88CF00200C
:10C6000054CF0020DDF3010070CF002037B5044681
:10C610000D46FDF781FF20466B4601AA0521FFF775
:10C62000B8FA044650B9DDE900102A46FFF7BCFD10
:10C630000446FDF773FF204603B030BD2846F8F7E7
:10C64000F0F9F6E70378137043785370438853800A
:10C650007047F8B51D4607460E461446FFF739FAEF
:10C66000286040B1211D89B2F8F725FC2B6820B95C
:10C670001846F8F7D6F90020F8BD1868077046701C
:10C6800044800430F8E7F7B5089F1646BA1C044604
:10C690001D4692B201AB0120FFF7DBFF60B12946D6
:10C6A00020F8026B3A4602F065FA0199204603B081
:10C6B000BDE8F040FFF7AABF062003B0F0BD1FB5EC
:10C6C000ADF80C300423ADF80E200093022203AB2A
:10C6D000FFF7D9FF05B05DF804FB13B5FFF7D5FCF4
:10C6E000044698B101AA0121052000F021F878B193
:10C6F00005230370FDF710FF2046019900F02FF885
:10C700000446FDF70BFF204602B010BD0724FAE7F0
:10C710000624F8E708B5FFF763FC30B10623C380B1
:10C7200003F582038360014B836108BDDBC6010012
:10C7300070B5154606460C46FFF7CBF9286040B1A8
:10C74000611C89B2F8F7B7FB2B6820B91846F8F7D7
:10C7500068F9002070BD186800F8016BFAE737B57A
:10C760000D466B4601AA0621FFF713FA044640B9AD
:10C77000DDE900102A46FFF717FD0446204603B006
:10C7800030BD2846F8F74DF9F8E70000034A536A30
:10C790000BB1916A18470820704700BF182B002082
:10C7A00070B504460D461646FDF7B6FE064B9B696E
:10C7B00043B120463246294698470446FDF7AEFE6F
:10C7C000204670BD0824F9E7182B002038B5044630
:10C7D0000D46FDF7A1FE064B1B6A3BB120462946DC
:10C7E00098470446FDF79AFE204638BD0824F9E72D
:10C7F000182B00201FB50123CDE9013001A80391BA
:10C80000FFF7C4FF05B05DF804FB0000F8B50E4F5C
:10C81000FB6905460E46A3B1FDF77EFEFB69314676
:10C82000284698470446FDF779FE44B11B2C06D1F3
:10C8300031462846FFF7DEFF04460028ECD02046AC
:10C84000F8BD0824FBE700BF182B00200A4601466C
:10C850000220FFF7A5BF0A4601460320FFF7A0BF4D
:10C8600001460320FFF7D2BF01460320FFF7AEBF0A
:10C8700003468A790868186088889A710A891A813B
:10C88000002298809A7270472DE9F04198B00446D2
:10C890000D46164600210C2201A802F022F9022CB6
:10C8A00005DC002C0CDC032018B0BDE8F081032C63
:10C8B000F9D1002301930DF10E08CDF8073005E002
:10C8C000002301930DF10B08CDF80730002788F8FD
:10C8D000007004AA01A92046FFF762FF18B10528DD
:10C8E000E2D10020E0E70DB90137F0E7324604A9B4
:10C8F0002046A8470028F7D0F3E7042A10B50446DD
:10C9000008460AD0102A0ED0022A13D11023237011
:10C91000F7F702FE6080002010BD20232370F7F798
:10C92000FDFD6060F7E72046802300F8013B02F040
:10C9300021F9F0E70320EFE703780A78934201D06A
:10C94000981A7047202B07D0802B08D0102B0BD1C2
:10C9500040884B88C01A704740684B68FAE710223D
:10C960000131013002F094B84FF0FF307047037886
:10C97000102B0CBF408800207047022A10B50446D7
:10C98000084606D110232370F7F7C6FD608000200B
:10C9900010BD102A06D12046802300F8013B02F08A
:10C9A000E9F8F4E70320F3E730B51C4685B0054607
:10C9B0006B46084611462246F8F7CEF820B92246C3
:10C9C00069462846FFF7D9FF05B030BD38B5037872
:10C9D000202B05460C4609D0802B12D0102B16D1E7
:10C9E00041882046F7F78CFD002038BD0949102208
:10C9F000204602F0BFF8696804F10C00F7F784FDE7
:10CA0000F2E7411C1022204602F0B4F8ECE70320C4
:10CA1000EBE700BF442B002010B504460846217800
:10CA2000C908F8F748FA014620B12046FFF7CEFFC3
:10CA3000002010BD0620FCE70078C0087047000009
:10CA400030B44D8A05F00305022D04460B4605D18E
:10CA5000054D2D6815B12B4630BC184720461946A8
:10CA600030BCF8F7B2BB00BF90CF00200148F8F708
:10CA700094BB00BF94E7002008B520B1BDE8084092
:10CA80000448F8F78ABB0448F8F787FB0028F5D07C
:10CA900008BD00BF04E20020A0E60020014610B55A
:10CAA00004460C48F8F760FB214620B10948BDE870
:10CAB0001040F8F799BB0848F8F756FB214608B133
:10CAC0000548F4E70548F8F74FFB10B10348214645
:10CAD000EDE710BD94E70020A0E6002004E200206E
:10CAE00007B51F4B00934FF481721E4B1E48012166
:10CAF000F8F724FB1D4B009346221D4B1D480321D4
:10CB0000F8F71CFB1C4B009346221C4B1C481021C1
:10CB1000F8F714FB1B4B00934FF494721A4B1B480D
:10CB20000421F8F714FB1949194804234FF49472AF
:10CB3000F7F726FF154A174BD361174B00934FF4B5
:10CB4000AC72164B16480A21F8F701FB1449154838
:10CB50000A234FF4AC7203B05DF804EBF7F710BF93
:10CB6000F5F30100B0E7002094E7002008F401008D
:10CB7000BCE60020A0E600201BF4010020E200201B
:10CB800004E2002031F4010064DD002040DD0020DB
:10CB900034DD002041CA010044F40100C4CF00206C
:10CBA000A0CF002094CF0020F8B510210546F7F75C
:10CBB00022FF044610B900242046F8BD8368058290
:10CBC0001E880368043326F0030603604379B6B277
:10CBD000F31A043BED1A0746002DEDDD0021A8B243
:10CBE000F7F7E8FE18B92046F7F71BFFE3E7F86010
:10CBF000AD1B0746F0E7000038B501F031F9094BED
:10CC000004461D7A01F032F91CB9012D02D0042D21
:10CC100004D038BDBDE8384000F0B8B9BDE83840B0
:10CC200000F018BBB8E8002010B50C4B1B7A012BA4
:10CC3000144609D0042B0ED101F00CF90146204610
:10CC4000BDE8104000F00CBB0078BDE8104000F0DB
:10CC50000F0000F07FB94FF0FF3010BDB8E80020A2
:10CC600038B50C460346154620468A8B498BF7F7A4
:10CC700073FF637E2B70207F38BD000008B500F085
:10CC8000E5FE002000F040FF064B1870064B7F22A7
:10CC90001A704FF0FF31054801F060F9436898477A
:10CCA000F7E700BF29E9002028E90020CCE80020B0
:10CCB000014B1872704700BFB8E80020014B187A8A
:10CCC000704700BFB8E800200146014801F06AB98A
:10CCD000CCE8002000234361054B9A6A00F1100163
:10CCE00014301160986203F11800FFF7EDBF00BF28
:10CCF000B8E80020F8B50B880578447803F0800286
:10CD0000C3F3C01603F00703042B074605F00F0515
:10CD100003D1BDE8F84000F0D1BA9AB3082D2DD860
:10CD2000DFE805F0231E231E23292305050000222A
:10CD3000012B29D122BBA01CFFF736FF044618B1F6
:10CD40000146384600F008FE28463246214600F0EB
:10CD500095F8054614B12046FFF7BCFF2846F8BDFC
:10CD6000B4F10C0218BF0122E2E7A21F1F2A94BFF0
:10CD700000220122DCE7B4F12202F3E70122D7E727
:10CD80000024E1E7012BD6D04FF0FF35E6E70000A5
:10CD900038B50446094DF7F78DFA00236361EB6B54
:10CDA00004F110021A601434EC63F7F793FA05F1FA
:10CDB0002C00BDE83840FFF787BF00BFB8E800206F
:10CDC00038B504460D460020C9B200F0FFFCA04271
:10CDD00017D8201A032D12D8DFE805F00E02080B31
:10CDE000C0F3CF001B2838BF1B2038BDC0F38F0015
:10CDF000F8E7C0F38F10F5E7C0F30F10F2E700205B
:10CE0000F0E71B20F1E700F0C7BC00F0D3BC00F056
:10CE1000B0BC000010B504464C30FFF755FF0020B1
:10CE2000FFF746FFF7F746FAA38923F03003A38103
:10CE3000F7F750FA014B00221A6010BD2CE90020D0
:10CE4000F8B50C6C06460D4604B1247CAB8913F092
:10CE5000010F14BF44230423A71D137005F1200103
:10CE600006223046FFB201F085FE2CB1286CB31DBE
:10CE700022460021F7F770FE3846F8BD2DE9F84349
:10CE8000DFF8CC8007460D4649B9D8F80000FFF717
:10CE9000C1FF4FF0FF340020FFF70AFF50E012B946
:10CEA000C8F80020F5E7032801D0052832D1D8F8CA
:10CEB00000602C68062204F1080106F1200001F050
:10CEC000E7FD38BBF37814F8029B032F0CBF03F087
:10CED000010303F00203C9F38019A3B92B8B032FBD
:10CEE00043F040032B831BD04946204600F098F9BD
:10CEF00080B9F3895B070DD50622214606F1320081
:10CF000001F0C6FD06E000224946204600F09AFCEA
:10CF10000028E3D14FF0FF340023C8F80030BAE70F
:10CF20000948314600F0EAFD08480022314600F089
:10CF300041FF04460028EFD12B8B43F010032B83D5
:10CF40002046BDE8F88300BF15CE010041CE0100A8
:10CF50002CE9002008B50C4A0346032B106807D1C2
:10CF6000C38999070ED4FFF755FF4FF0FF3008E053
:10CF7000052BF8D1C389DA07F5D5C3F3001080F08B
:10CF8000010008BD0120FCE72CE9002008B500F0F5
:10CF9000C1FD034B1868BDE80840FFF73BBF00BF69
:10CFA0002CE9002008B500F0B5FD0020FFF780FE59
:10CFB000014B00221A6008BD34E9002010B5044678
:10CFC000FFF7F0FF2CB104F1A400BDE81040FFF71B
:10CFD0007BBE10BDFFF7F2BF13B5124AC36FD0F886
:10CFE0008440127890F881101C44A41A90F8802094
:10CFF0000A44D2B202B10134426F2AB113441A1B5F
:10D0000034EA220428BF1C4601A800F0EBFB28B13B
:10D01000019B1A1B34EA220428BF1C46204602B09A
:10D0200010BD00BF4CE900202DE9F04F90F9013010
:10D03000002B8DB004464BDA23784FF0000843F004
:10D0400004032370464601274546237859070BD52C
:10D050000CAB029300238DF82030ADF82230ADF8F0
:10D0600024300DF1200802AE94F838300BB147F0AF
:10D07000080794F8393047EA051013B140F004006E
:10D08000C0B294F9013088F80100002BC0F2C080D2
:10D09000E379022B00F0A88000200227214600F04F
:10D0A0002DFD5D483A46314600F084FE68B923788C
:10D0B00065F3410323705B0707D594F90130002B1A
:10D0C000BEBFA37843F00103A3700DB0BDE8F08F9D
:10D0D000D0E92C65002E75D1037858077ED4002D39
:10D0E000AAD0D5F80490C4F8B490A5F11006B9F10F
:10D0F000000F03D104F1B403C4F8B8306B7AA8462A
:10D1000003F00303032B38F808BB47D13146204610
:10D110005FFA8BFA00F027FA6F7AA5F80CA00023CB
:10D12000C4F8B0604D4603EB0A010DB959458CDADD
:10D130002046CDE90031FFF74FFF0199627BA58BB7
:10D140005945BDBF009BABEB0303A3EB0A0313469A
:10D15000B8BF9BB294F81EB0934228BF13460BF0A1
:10D16000030B81465946D8B200F030FB5946009077
:10D17000504600F02BFB009B05F5E1751D44E3795B
:10D18000012B08BFA38B054404BF9633ED18F7F7B6
:10D190009BFB0544A5EB0905ED0F56E794F8241019
:10D1A00011B9A17F01F00301208BFFF709FE94F86C
:10D1B0000DA0DA4528BFDA46824528BF82465FFACD
:10D1C0008AFAA9E7738BB6F810B096F81CA006F19E
:10D1D00018083BB9777E07F00307A4E7B046B346CB
:10D1E0003346B24601279EE7002D7FF455AF94F8F1
:10D1F0003A30002B7FF450AF94F83C30DA063FF51C
:10D200004BAF3368197800F0A4F900287FF444AFDD
:10D210000248002742E700BF61CC0100D5CF0100E2
:10D220000B4B70B51C6805460E460CB9204670BD08
:10D230000622294604F19D0001F02AFC20B994F849
:10D240009C307340DB07F1D5D4F8BC40EDE700BF5C
:10D2500030E90020014B1868FFF7B0BE34E9002028
:10D2600038B5154D2C680CB9012038BDE36D8B42E3
:10D270000BD00020FFF71CFD04F1A400FFF724FDF4
:10D2800000232B604FF0FF30EFE72278A388C370B4
:10D2900042F0010202232270A371D3B2D206E3D579
:10D2A00023F0100323708368C4F88830E367C368F1
:10D2B00084F88030D8E700BF34E900202DE9F04F32
:10D2C0009B4B0C88D3F800904378067885B014F017
:10D2D000800405460F46019303D0981CFFF764FCB9
:10D2E0000446B9F1000F1CD099F81E10BB680198D4
:10D2F000D7F80C800293C1F3810100F067FA3A88F5
:10D300001206804450D499F83A200132D2B2012A50
:10D3100089F83A2005D899F80720012A04D0022A72
:10D3200032D04FF0FF3BAAE099F8002012F0020F34
:10D33000F7D0484699F81E70FFF74EFED9F8B010A6
:10D3400007F003070646002940F0EC80D9F8B40046
:10D35000002800F0EA80A0F110010288498B521ADF
:10D3600099F80D1092B28A4228BF0A46D0B23946C7
:10D3700000F02CFAB9F81C20029B02F59672424488
:10D38000F61A10448642CCD94846FFF74DFE834634
:10D39000002C76D1BBF1000F02D04846FFF70EFEFD
:10D3A000584605B0BDE8F08F029B89F83C60002725
:10D3B00003EB080206F0030A89F83A70C9F89420D2
:10D3C000BAF1030F08BFAF7824B1330799F83920B9
:10D3D0001AD5DAB999F8001099F8382011F004013B
:10D3E00006F0040302D1D9F8B000B0B19BB1A2B9E4
:10D3F00082F0010289F8382069B399F8002022F000
:10D40000040289F8002008E0002AE3D182F001023A
:10D4100089F83920DEE7002AEAD1BAF1030F0DD1ED
:10D42000022F0BD1019B022B08D199F8012042F069
:10D43000800289F80120EA7889F8432099F80720CA
:10D44000012A7FF46CAF99F8002006F0100602F074
:10D45000020232436CE7D9F8B0B0BBF1000FDCD068
:10D460009BF8190000F00300032812D1C9F8B0108E
:10D470005846494600F042F983460028CDD0002C9A
:10D480008BD02846214600F067FA2046FFF722FCA1
:10D4900080E7BBF81A10BBF81C00BBF810C00144B1
:10D4A00089B26145ABF81A1012D350B1B9F85210D5
:10D4B000013189B20229A9F8521002D91D48FFF79B
:10D4C00003FC5846F7F7ADFA0022C9F8B020A4E7EC
:10D4D000ACEB010C1FFA8CF3BAF1030F03930AD1E2
:10D4E00099F80710022906D1182F04D1E87800F026
:10D4F00023F889F8240099F8241019B999F81E1016
:10D5000001F00301B9F81800FFF75AFC99F80D1063
:10D51000039B994228BF1946814228BF0146ABF8B8
:10D520001C107AE701F1100017E7394620E700BF29
:10D5300034E9002004E900204207034607D410F034
:10D54000010005D1C3F340035B00D8B2704703204C
:10D55000704700F00300032803D18B1E5842584146
:10D56000704700207047F0B50D682978012987B011
:10D57000044600F09C80182900F0A880002974D18E
:10D580001822684601F0ADFAB4F89810B4F850606B
:10D59000A378B4F80A210E4413F0040306F1070639
:10D5A00018BF04F58673B6B2002A61D0B4F87030A3
:10D5B000ADF80230B4F87230ADF806300023A4F8AC
:10D5C0000A31ADF80410ADF80C206B469F895988DC
:10D5D0004FF6FF72974268D0B4F870C0588940F295
:10D5E000E24E0EFB01F20EFB0CFC0EFB07F7A0EB6C
:10D5F000060E1EF4004F4ED10CFB0E77B7FBF2F077
:10D6000002FB107240F2E240B2FBF0F292B2A4F8D8
:10D610000021DA889B88A4F80431A4F80211A4F848
:10D620000621012384F8FE30A4F808616B70B4F879
:10D630000011A81CF6F764FFB4F80211281DF6F7D4
:10D640005FFFB4F80411A81DF6F75AFFB4F80611ED
:10D6500005F10800F6F754FF314605F10A00F6F728
:10D660004FFFA37843F00203A370002007B0F0BD82
:10D67000002BABD1B4F8F420A4F80221B4F8F820C0
:10D68000A4F80621B4F8F620A4F80031A4F8042187
:10D6900094F84030C6E7301A0CFB00F0C01BB0FB1A
:10D6A000F2F702FB1700121AACE70022AFE7B0F85E
:10D6B0009830B0F850101944073189B20186A81D7E
:10D6C000F6F71EFFA37843F02003CDE7AB786E7822
:10D6D0001E431FBFB0F85010B0F89830C91807317A
:10D6E0001DBF89B2418401263146E81CF6F708FFC8
:10D6F000002EBAD0A37843F04003B5E738B50368ED
:10D700001A78162A044626D009D8022A0BD0112AE4
:10D7100010D000252046F7F784F9284638BD182A8E
:10D72000F7D198781EE04B7843F040034B704FF0F0
:10D73000FF35EFE791F84120062AEAD15A780F2AFF
:10D74000E7D19B78232BE4D081F83D308B7843F0F0
:10D7500010038B70DDE7CB79022BDAD191F8200032
:10D76000C0F38200FFF7E8FE81F82400D1E7FDF75F
:10D7700001B808B50020FFF77FF960B10E220270F2
:10D7800003224270012282700022BDE80840C2706C
:10D790000271FFF7ECBF08BD0346054810B50478D9
:10D7A00024B98360FFF790FA204610BD0720FCE7FC
:10D7B00038E9002008B5FFF7EBFA002008BD0000AB
:10D7C000014B33F810007047B8FD0100034B5A5C61
:10D7D000034B33F8113000FB02307047ACFD010001
:10D7E000B0FD010010B50446F6F764FD054B1B685B
:10D7F00033B15B6823600124F6F76CFD204610BD51
:10D800001C46F9E744E90020F8B50D4D06460F46E1
:10D81000002315F8022C5C1C5AB115F8013CBB42E0
:10D8200007D106223146284601F032F908B92046D0
:10D83000F8BD082C234605F10805EAD10020F7E7DA
:10D840004FE90020FFF7E0BF0B4B9A7A824204D0E9
:10D85000012803D0022809D098727047074A032193
:10D86000C2F810150649C2F81415F5E7034A042159
:10D87000C2F810150349F6E798EB002000100040AD
:10D880000801100008011001064AD2F850353BB1DA
:10D8900023F00801042903D1D2F850159942FAE780
:10D8A000704700BF00100040184B194AC3F8042508
:10D8B000184A4FF48011C2F808154FF40001C2F85D
:10D8C0000815154900228A710122CA708A7A032A32
:10D8D0001AD0002A0CBF052200224A730832C3F86E
:10D8E00060250022C3F80421C3F81421C3F82821BD
:10D8F000C3F81C21C3F8302140F25312C3F80022B0
:10D900001222C3F8042370470522E6E70010004006
:10D9100093E9002000F0014098EB00200A4B43F20D
:10D92000FF42C3F8082301210022C3F80022196135
:10D9300003F5F0330549C3F80815054B0221C3F878
:10D940008011044BDA70704700100040F000B08284
:10D9500000E100E098EB00202DE9F0418B684D7963
:10D96000B3F800E00A8AAEEB05050E46043D0F460B
:10D97000AA42944628BFAC462CF0030C3968A7F89D
:10D9800006C0A2EB0C02E046444603E050F8083023
:10D9900041F80830B8F10408F8D500190919032A2C
:10D9A00003D8A5EB0C05AA4202D9FF687546DFE74C
:10D9B000FB881344FB8001E0835C8B54013AFBD568
:10D9C000034906F118001022BDE8F04101F0D2B879
:10D9D000B0EB002010B5164B01289C7A154B05BF03
:10D9E000154AD3F84835D3F84035525C13490CBF7B
:10D9F0009B3328331A44124B31F814101B5D0B442F
:10DA00001A440C4B0F49C3F84C250022C3F84C2193
:10DA100030200122C1F804055A64D3F84445D3F8F4
:10DA20004C359C4282BF084BC1F808051A6110BDF5
:10DA300098EB002000800040CCFD0100D4FD0100E7
:10DA4000C8FD010000F0014000100040F8B5254D70
:10DA5000254F40F201136B812823AB70234B012427
:10DA6000002643F2FF422C730321C3F8FC6FC3F876
:10DA7000FC4FC3F808231E4AC3F81015C3F8142539
:10DA80001C4AC3F81825D3F850262243C3F8502661
:10DA900040F20312C3F82C65C3F83045C3F83425AF
:10DAA00040F25B62C3F838259622C3F8442503F59B
:10DAB000E04304225C601C61C3F80815C3F80465E8
:10DAC000C3F8102500F0DAF90B4987F80163204606
:10DAD00000F0E6FC02233B602B7803B92C70002099
:10DAE000F8BD00BF98EB002000E100E0001000400E
:10DAF00008011000FF00030241DB0100014BC3E9F4
:10DB00000A10704798EB002008B540B200F0D6F933
:10DB100008BD000008B5084B01225A601A6103F5E0
:10DB200040534FF48032C3F84823FFF7F7FE034B0E
:10DB300000225A7108BD00BF0080004098EB002011
:10DB4000F8B58F4B8F4CD3F8046316F0020F46D014
:10DB5000D3F80421002A42D000250222C3F8045140
:10DB6000C3F8082303F5F0333022C3F80825FFF784
:10DB7000A5F8A27A844FE576032A98BF834B844D9B
:10DB80002083844898BF9B5635F81250A277BA5C20
:10DB9000D0F84405A178A17688BF4FF0FF332A441E
:10DBA0006377236B90423CBF03F1FF351E30A3EB3C
:10DBB0000203034423624FF000036362704B38BFDB
:10DBC0002563D3F85025D3F8280100283FD1002A37
:10DBD000F7D143F2FF41C3F80813C3F80022F3065C
:10DBE0003DD5674BD3F81021002A38D00022C3F866
:10DBF0000C21C3F810211022C3F80823E278012A6F
:10DC000030D0022A2BD1E36AA57A26790BB1A06A1B
:10DC10009847022E70D1207BFFF716FEFFF744FED7
:10DC2000012000222946FFF7D5FE5A4A5A49D2F868
:10DC30004835495D6C330B44C2F840350023C2F8C7
:10DC40004031564B4FF40012C3F8042507E0544A04
:10DC50005448FEF7E9FF002848DB0123A3710023A5
:10DC60006371F8BDA079002843D04C4A4FF40011ED
:10DC7000C2F80815D3F84825D3F830315242DBB248
:10DC800022771BB1238B43F080032383E07AFFF7D5
:10DC9000DBFD404AA17F4448D2F84835415C434807
:10DCA0006E335B1AA17A415C3C485B1A0021C2F8D2
:10DCB00040354FF48015C2F840110121C0F80455D9
:10DCC000D164D2F84C65B34205D2D2F8403113B9D1
:10DCD000C0F8085561713648314903794371C378FA
:10DCE00000F8043FFFF706F80028B8DAFFF712FF44
:10DCF000B5E7FEF781FFB2E7032E264B2FD194F84C
:10DD00003620254E02B3D3F84835A08E1844A27AA7
:10DD10002649735D8A5C283B9B1A1E4A0344C2F85D
:10DD200040350023C2F840311C4B01204FF48011D4
:10DD3000C3F80415D064D2F84C05D2F840259042BF
:10DD40008DD9C3F808158AE72846D3F84475FFF73C
:10DD500037FDA38E725D3B441344181AD7E70122A6
:10DD60005A601A610D4B3022C3F808254FF4801217
:10DD7000C3F808254FF00042C3F808256FE700BF3D
:10DD80000010004098EB0020C8FD0100C0FD01001C
:10DD9000D4FD010000800040CCFD010000F00140F6
:10DDA000B0EB002093E90020C4FD0100D0FD01008C
:10DDB00090E900202DE9F341224D6C79804616460A
:10DDC00008462CB1FFF7A6FE052002B0BDE8F081A1
:10DDD000FFF75AFD1C4B1D4F3022C3F808254FF4A6
:10DDE0000002C3F808254FF00072C3F80825014669
:10DDF0000DF107023846C0479DF8073007F8033C8D
:10DE0000134B07F8020CFA1E07F8014CC3F804255F
:10DE10000322C3F80041C3F80C41C3F81041C3F812
:10DE200000221022C3F804232E716872D3F85035F3
:10DE30000B2B03D00223EB702046C6E7FFF76AFEE8
:10DE40000120C2E798EB002000F0014097EA002093
:10DE500000100040014B5869704700BF98EB00204C
:10DE6000014B9879704700BF98EB0020024BD3F824
:10DE70005005C0B2704700BF001000400D4B4FF07E
:10DE80008062C3F804254FF00062C3F804250A4AF3
:10DE9000C3F8302502F5DE424832C3F8342502F5D6
:10DEA0008072C3F83825A2F5E2423C3AC3F83C251B
:10DEB000704700BF00F0014004110040032812DC4D
:10DEC0001DD0002811DA031D11DA10F1080F11DA44
:10DED00010F10C0F11DA10F1150FCCBF6FF0130019
:10DEE0006FF02700704704207047002070476FF0E4
:10DEF000030070476FF0070070476FF00B0070472A
:10DF000013B50C4B01930423044600930A490B48B4
:10DF100000234FF40472F4F717FE094B0193012319
:10DF20000093084900234FF404722046F4F70CFED6
:10DF300002B010BDD4EB002057F40100BD48010031
:10DF4000D0EB00205AF40100034B5868C0F30800DE
:10DF5000003818BF0120704700ED00E013B5002322
:10DF600004460093FFF7F0FF03460A462068ABB172
:10DF700001AA6946F5F70DFE019B4BB14FF0E02376
:10DF80004FF08052C3F8042DBFF34F8FBFF36F8F54
:10DF9000009808B10023037002B010BD6946F5F780
:10DFA000DFFCF5E730B50D7885B004460191BDB9C9
:10DFB00001230B70FFF7C8FF0346206893B12B467F
:10DFC00003AA01A9F5F766FC039B4BB14FF0E023D0
:10DFD0004FF08052C3F8042DBFF34F8FBFF36F8F04
:10DFE00005B030BD4FF0FF3201A9F5F7AFFBF7E701
:10DFF00010B5F6F72FF80346406803F1080118B191
:10E00000BDE81040FFF7CEBFBDE81040DB68084612
:10E01000184710B5044628B10420F5F714FC206019
:10E02000002010BD0320FCE710B5024660B1FFF7E9
:10E030008BFF044608B1062010BD1068F5F795FD6A
:10E040000128F8D12046F7E70320F5E708B5024696
:10E0500048B1FFF779FF20B91068F5F706FC0128F1
:10E0600003D1002008BD0320FCE70520FAE710B526
:10E07000044628B18020F5F75BFB2060002010BD2E
:10E080000320FCE707B50246F0B1FFF75DFF03464A
:10E090001068B3B101AA0021F5F77BFD019B4BB1DC
:10E0A0004FF0E0234FF08052C3F8042DBFF34F8FA1
:10E0B000BFF36F8F012814BF0620002003B05DF866
:10E0C00004FBF5F7C4FCF5E70320F7E707B50246C4
:10E0D000E0B1FFF739FF0346106893B101A9F5F7E6
:10E0E0000FFC019B4BB14FF0E0234FF08052C3F87F
:10E0F000042DBFF34F8FBFF36F8F002003B05DF887
:10E1000004FB1A461946F5F721FBF6E70320F5E76D
:10E11000F7B50F4616460021142204461D4600F0AE
:10E12000E0FC0A4B00930022234601210848F5F742
:10E130002BFF0C22C4E90007002104F1080000F0C5
:10E14000D0FCC4E9036503B0F0BD00BFF1DF0100FE
:10E150005EF40100F0B5012987B0054638BF012102
:10E16000FFF7F2FE04460E46286854B3002403ABC2
:10E17000224608210094F5F747FF009404AB32468D
:10E1800009212868F5F740FF2D68F4F709FE05AB73
:10E190000246009407212846F5F736FFDDE90332F1
:10E1A0001343059A134309D04FF0E0234FF08052F8
:10E1B000C3F8042DBFF34F8FBFF36F8F002007B05C
:10E1C000F0BD4FF0FF372346224600970321F5F7B5
:10E1D000FFFE00972346324604212868F5F7F8FE33
:10E1E0002D68F4F7D7FD0097024623460221284602
:10E1F000F5F7EEFEE2E738B5850D0C464FF47A727E
:10E2000000232946800200F0A5F9B5F57A7F36BFD4
:10E2100020600220002038BD936813B518681446AA
:10E22000FEF7A5FBB0F5285F05D042F60123984222
:10E2300010D00E200CE02378E3B91148646800F098
:10E24000A7FC0F4982B22046F6F7FEFBA8B90020D2
:10E2500002B010BD23786BB90A4B60681B88ADF81B
:10E26000063002220DF10601F6F7EEFB002818BF7A
:10E270001120EDE7012BDCD1E9E71120E8E700BF31
:10E28000A82B0020D8EB002038B5054600F080FC14
:10E290001F28044608DC02462946044800F06AFCB0
:10E2A000024B0020185538BD0320FCE7A82B0020A6
:10E2B00008B50448FBF7DAFFBDE808400148FBF762
:10E2C000B1BF00BFDCFD010013B51378144683B95C
:10E2D00001220DF10701FBF70DFF10B10E2002B076
:10E2E00010BD606801220DF10701F6F7ADFB0020BB
:10E2F000F5E7012BFBD15168FBF719FF0028F6D099
:10E30000ECE7000010B550680421F6F7D4FD044690
:10E3100050B1064B1988F6F7F3F8054BA01C198885
:10E32000F6F7EEF8002010BD0620FCE7DEEB00203B
:10E33000DCEB002010B51478134634B90449586852
:10E340000122F6F781FB204610BD0320FCE700BF49
:10E35000DAEB002008B50448FBF788FFBDE8084069
:10E360000148FBF75FBF00BFFCFD0100936810B5DB
:10E3700018681446FEF7FBFA42F61923984208D1B2
:10E38000054960680122F6F75FFB002818BF1120DD
:10E3900010BD0E20FCE700BFE2EB002008B5074BE4
:10E3A00064281A7828BF6420824204D01870044B75
:10E3B0001888FBF74DFE002008BD00BFE2EB0020EF
:10E3C000E4EB002008B50448FBF750FFBDE8084027
:10E3D0000148FBF727BF00BF1CFE010038B593685A
:10E3E00018681446FEF7C3FA42F62423984211D166
:10E3F000094B1D680DB9002038BD2846646800F03F
:10E40000C7FB294682B22046F6F71EFB0028F2D051
:10E410001120F1E70E20EFE7A82C0020014B186037
:10E4200000207047A82C0020014B58610020704745
:10E43000A82C002008B50448FBF718FFBDE80840E9
:10E440000148FBF7EFBE00BF3CFE01004FF08043E8
:10E4500010B5D3F800216AB10022C3F80021D3F827
:10E4600000210122C3F808230C4B587910B95A71C6
:10E470001B6898474FF08043D3F804216AB100220B
:10E48000C3F80421D3F804210222C3F80823034B64
:10E49000BDE810401B680120184710BDE8EB0020C4
:10E4A000034B40B29B68103043F82010704700BF08
:10E4B00000ED00E07BB972B90029BEBF00204FF02B
:10E4C000004106E008BF00281CBF6FF000414FF07C
:10E4D000FF3000F0E7B9ADF1080C6DE904CE00297A
:10E4E00009DB002B1ADB00F061F8DDF804E0DDE960
:10E4F000022304B07047404261EB4101002B1BDB5B
:10E5000000F054F8DDF804E0DDE9022304B04042F5
:10E5100061EB4101524263EB43037047524263EBAC
:10E52000430300F043F8DDF804E0DDE9022304B022
:10E53000404261EB41017047524263EB430300F0FC
:10E5400035F8DDF804E0DDE9022304B0524263EB64
:10E550004303704753B94AB9002908BF00281CBFBC
:10E560004FF0FF314FF0FF3000F09CB9ADF1080CD7
:10E570006DE904CE00F01AF8DDF804E0DDE90223CD
:10E5800004B07047430803F05533C01A830803F002
:10E59000333300F03330184400EB101000F00F302C
:10E5A00000EB002000EB0040000E70472DE9F04723
:10E5B000089D0F4604468C46002B48D18A421646D9
:10E5C00061D9B2FA82F34BB1C3F1200201FA03FC24
:10E5D00020FA02F29E4042EA0C0C9C404FEA164E92
:10E5E000B7B2BCFBFEF1220C0EFB11CC42EA0C428E
:10E5F00001FB07F0904209D9B21801F1FF3C80F00D
:10E60000EE80904240F2EB8002393244121AA4B2FA
:10E61000B2FBFEF00EFB102244EA024400FB07F7B7
:10E62000A74209D9341900F1FF3280F0DA80A742FD
:10E6300040F2D7803444023840EA0140E41B002114
:10E640001DB1DC400023C5E90043BDE8F0878B42E3
:10E6500006D90DB1C5E9000100210846BDE8F087E3
:10E66000B3FA83F1002948D1BB4202D3824200F2BF
:10E670000781841A67EB030201209446002DE4D041
:10E68000C5E9004CE1E7002A00F09280B2FA82F37B
:10E69000002B40F0A8808A1A4FEA164E1FFA86FC1B
:10E6A0000121200CB2FBFEF70EFB172240EA0242CA
:10E6B0000CFB07F0904207D9B21807F1FF3802D2DD
:10E6C000904200F2E2804746121AA4B2B2FBFEF07A
:10E6D0000EFB102244EA02440CFB00FCA44507D9BF
:10E6E000341900F1FF3202D2A44500F2CB8010466B
:10E6F000A4EB0C0440EA0740A2E7C1F120068B40DE
:10E7000022FA06FC4CEA030C07FA01F420FA06F39D
:10E71000F7404FEA1C49234300FA01F81FFA8CFE28
:10E72000B7FBF9F01C0C09FB107744EA074400FB27
:10E730000EF7A74202FA01F20AD91CEB040400F119
:10E74000FF3A80F09B80A74240F2988002386444F0
:10E75000E41B9FB2B4FBF9F309FB134447EA0444FA
:10E7600003FB0EFEA64509D91CEB040403F1FF3799
:10E7700080F08280A6457FD9023B644443EA004092
:10E78000A4EB0E04A0FB02E7BC427346B94663D378
:10E7900060D05DB1B8EB030264EB090404FA06F63D
:10E7A00022FA01F31E43CC40C5E9006400214CE786
:10E7B0006208480842EAC1710B0C43EA00438AB27E
:10E7C00042EA0342B3FBF6F1E407B4463746B646E5
:10E7D0001F23B0FBF6F0D21B41EA004161E761461E
:10E7E00014E7104628E7C3F1200120FA01F29E4009
:10E7F00027FA01F19F403A434FEA164E1FFA86FC72
:10E80000B1FBFEF70EFB1710110C41EA004107FBAC
:10E810000CF8884504FA03F43AD9711807F1FF306F
:10E8200001D288451FD8A1EB0801B1FBFEF808FB17
:10E830000CF70EFB181192B242EA0142BA422FD2F3
:10E84000B21808F1FF31C6D2BA42C4D2A8F102010F
:10E850003244C0E7F0459CD2BEEB020367EB0C07E5
:10E860000138B94695E7A6EB08084144B81EB1FB4C
:10E87000FEF808FB0CF7DCE73B467FE7504667E70E
:10E880000846FBE63444023832E7023F32441BE7D5
:10E89000A1EB08013846B1FBFEF808FB0CF7C8E70E
:10E8A000414698E7704700BF024B0146186800F0E8
:10E8B0002DB800BFC42C0020024B0146186800F0A0
:10E8C0006FB900BFC42C002070B50F4E0C463168E4
:10E8D000054611B900F03CF930602146284600F0A9
:10E8E00037F9431C03D14FF0FF34204670BDC41CE0
:10E8F00024F00304A042F8D0211A284600F028F999
:10E900000130F2D1EFE700BFF0EB00202DE9F84332
:10E91000CD1C25F0030508350C2D38BF0C25002D26
:10E92000064601DBA94204D90C2333600020BDE870
:10E93000F883DFF8D48000F069F8D8F800301C467E
:10E9400044BB29463046FFF7BFFF431C044658D15D
:10E95000D8F800402746002F43D1002C4BD0236825
:10E960003946304604EB030900F0F2F8814542D104
:10E9700021686D1A29463046FFF7A6FF01303AD0CC
:10E9800023682B442360D8F800305A6862BBC8F86B
:10E9900000700FE02268521B20D40B2A17D961198E
:10E9A000A342256018BF5960636808BFC8F800100B
:10E9B00062514B60304600F02FF804F10B00231D2C
:10E9C00020F00700C21A1CBF1B1AA350AFE76268F1
:10E9D000A3420CBFC8F800205A60EBE723466468E6
:10E9E000AEE73C467F68B6E71A465B68A342FBD1B8
:10E9F00000235360DEE70C233360304600F00CF850
:10EA000094E70560D6E700BFF4EB0020014800F072
:10EA1000AFB800BFF8EB0020014800F0AAB800BF73
:10EA2000F8EB0020024B0A460146186800F002B8D5
:10EA3000C42C00202DE9F041074614460D4621B9AB
:10EA4000BDE8F0411146FFF761BF2AB900F0A8F810
:10EA500025462846BDE8F08100F0ECF884420646E1
:10EA600002D8B4EB500FF4D821463846FFF74EFFDA
:10EA7000804608B94546ECE7B4422246294628BFFD
:10EA8000324600F077F82946384600F089F8F1E779
:10EA900010B501390244904201D1002005E003780D
:10EAA00011F8014FA34201D0181B10BD0130F2E74D
:10EAB000884210B501EB020402D98442234607D8EC
:10EAC000431EA14207D011F8012B03F8012FF8E7EC
:10EAD0000244824200D110BD13F8011D02F8011D4D
:10EAE000F7E702440346934200D1704703F8011B45
:10EAF000F9E7C9B20346184613F8012B12B18A424E
:10EB0000F9D17047002918BF0020704770B503463F
:10EB10001E4613F8014B44B14A1E01E0A54204D041
:10EB200012F8015F002DF9D1F2E7301A70BD70B50F
:10EB300003461E4613F8014B3CB14A1E01E0A542B4
:10EB4000F7D012F8015F002DF9D1301A70BD000026
:10EB500038B5064D0023044608462B6000F072F8D5
:10EB6000431C02D12B6803B1236038BDFCEB0020AD
:10EB7000704770470A44914200F1FF3300D170475B
:10EB800010B511F8014B03F8014F9142F9D110BDB6
:10EB9000034613F8012B002AFBD1181A01387047DD
:10EBA00038B50546002941D051F8043C0C1F002B14
:10EBB000B8BFE418FFF72AFF1D4A136833B9636032
:10EBC00014602846BDE83840FFF726BFA34208D9A5
:10EBD000206821188B4201BF19685B680918216001
:10EBE000EDE71A465B680BB1A342FAD911685018D9
:10EBF000A0420BD120680144501883421160E0D13B
:10EC000018685B68536008441060DAE702D90C2387
:10EC10002B60D6E7206821188B4204BF19685B6817
:10EC2000636004BF091821605460CAE738BD00BFA3
:10EC3000F4EB002051F8043C181F002BBCBF0B580C
:10EC4000C0187047044A05491368002B08BF0B46DB
:10EC5000184410601846704738ED002040ED002041
:10EC60000D0A005B005D20005465726D696E616C79
:10EC700000D0040D11132B3F544C180D0B1F230013
:10EC8000D0040C11132C3F44512F1F1F202300735D
:10EC9000657373696F6E3A206C696E6B20757020B6
:10ECA000E2869220436F6E6E65637465642C204823
:10ECB000454C4C4F5F4F4646455200736573736930
:10ECC0006F6E3A206C696E6B20646F776E20E286FF
:10ECD0009220446973636F6E6E656374656400733C
:10ECE000657373696F6E3A206865617274626561FD
:10ECF00074207374616C65206F7665726C61790045
:10ED000073657373696F6E3A205265616479202868
:10ED100073616D652070686F6E652900736573732C
:10ED2000696F6E3A20526561647920286E65772F8D
:10ED30006F746865722070686F6E65290073657303
:10ED400073696F6E3A2048454C4C4F5F41434345D1
:10ED500050542072656A65637465640073657373EB
:10ED6000696F6E3A2048454C4C4F5F52454A4543C7
:10ED70005420E280942072656D61696E20436F6E4D
:10ED80006E65637465640073657373696F6E3A20B2
:10ED900035206D697373656420686561727462659E
:10EDA00061747320E2809420706F702072656D6FC3
:10EDB000746500616D6269656E7400616374697683
:10EDC000650073747265616D696E67003838003074
:10EDD00030003031002F61737365747300505752E7
:10EDE0003A20736F66742064656275672D61737372
:10EDF000697374206F666620E2809420706F776577
:10EE0000722D6379636C6520616674657220535757
:10EE10004420646973636F6E6E65637420666F72FD
:10EE2000204761746520430050575220696E737407
:10EE300072756D206F6E20E2809420636F72726530
:10EE40006C6174652052545420505752206C696E86
:10EE5000657320776974682063757272656E7420BB
:10EE60007472616365003F0050575220743D3078E2
:10EE7000002D3E00676C616E636500626F6F743ACF
:10EE800020494D4147455F4F4B20636F6E66697265
:10EE90006D656420616674657220424C452073651F
:10EEA0007373696F6E002E2E006C6974746C6566E6
:10EEB00073006E65676F74696174653A207265717D
:10EEC0007565737420415454204D545520323437A5
:10EED000006E65676F74696174653A20415454200F
:10EEE0004D54552062656C6F77207461726765744C
:10EEF000202870686F6E65206D6179206861766585
:10EF0000207265667573656429006E65676F746944
:10EF10006174653A207265717565737420444C455F
:10EF2000203235312F323531006E65676F7469617B
:10EF300074653A20444C452073686F727420E280F7
:10EF400094207468726F756768707574206361705F
:10EF5000706564206E656172203534206B422F73BA
:10EF6000006E65676F74696174653A2072657175CA
:10EF700065737420324D20504859006E65676F7478
:10EF8000696174653A20324D20504859207265718C
:10EF900075657374206661696C6564006E65676F82
:10EFA00074696174653A20504859206E6F7420323C
:10EFB0004D202870686F6E65206F72206C696E6BD3
:10EFC000207265667573656429006E65676F746984
:10EFD0006174653A207265717565737420636F6E34
:10EFE0006E656374696F6E20696E74657276616CAC
:10EFF000006E65676F74696174653A20636F6D7048
:10F000006C65746520E28094206C6F672061637486
:10F0100075616C204D54552F444C452F5048592F45
:10F02000696E74657276616C207669612053544113
:10F0300054555300536C6174650050696E65546992
:10F040006D6500424C453A2067617474735F636F6D
:10F05000756E745F636667206661696C6564004203
:10F060004C453A2067617474735F6164645F7376C2
:10F070006373206661696C656400424C453A2061A7
:10F0800064766572746973696E6720536C61746528
:10F09000207365727669636500424C453A20636F60
:10F0A0006E6E656374656420E2809420737461728F
:10F0B00074696E67206E65676F74696174696F6EDD
:10F0C00000424C45206E65676F7469617465642009
:10F0D0004D54553D30780020444C455F74783D30A8
:10F0E0007800205048595F74783D30780020697668
:10F0F0003D307800424C453A20646973636F6E6E10
:10F10000656374656400424C453A204D5455206552
:10F1100076656E74206D74753D307800424C453ACA
:10F120002050485920757064617465642074783D7E
:10F130003078002072783D307800424C453A204EBD
:10F14000696D424C4520686F7374207374617274EA
:10F1500065642028536C617465202B204241532F35
:10F16000444953202B206C656761637920444655E0
:10F1700029004D31352072656164792028617761FD
:10F18000697420424C4520666F7220494D414745C5
:10F190005F4F4B20636F6E6669726D29004D35615C
:10F1A00020736D6F6B652050415353202853544199
:10F1B0005455535B31315D3D3129004D356120732C
:10F1C0006D6F6B65204641494C202853544154557E
:10F1D000535B31315D3D32290070726F66696C6539
:10F1E00020002F6173736574732F0046726565523A
:10F1F000544F53206D616C6C6F63206661696C6560
:10F2000064004672656552544F5320737461636B9A
:10F21000206F766572666C6F7700536C6174652041
:10F220004D313520E28094204F5441202F204D4312
:10F2300055426F6F740065393739616366622D63BB
:10F240003333382D343466612D613936322D6539CA
:10F2500036653463663037386633004C6974746CD5
:10F26000654653206D6F756E746564004C697474E7
:10F270006C654653206D6F756E74206661696C65B0
:10F280006400424D4134323100424D413432350048
:10F29000424D4120756E6B6E6F776E202F206D6929
:10F2A0007373696E6700627564676574206C6F6361
:10F2B000616C20006C6F63616C2D73637265656EA9
:10F2C0002D7374617465202F206E6F7469662D73C1
:10F2D000746F72652073697A656420287365652090
:10F2E000646F6373290061707000617070207461D5
:10F2F000736B20637265617465206661696C656417
:10F30000007363686564756C6572207265747572EC
:10F310006E65640049444C4500546D722053766319
:10F32000006D7379735F3100626C655F6174745F47
:10F330007376725F656E7472795F706F6F6C006266
:10F340006C655F6174745F7376725F707265705F15
:10F35000656E7472795F706F6F6C00626C655F6769
:10F3600061705F75706461746500626C655F676190
:10F370007474635F70726F635F706F6F6C00626C48
:10F38000655F67617474735F636C745F6366675F06
:10F39000706F6F6C00626C655F68735F6863695F54
:10F3A00065765F706F6F6C00626C655F68735F633A
:10F3B0006F6E6E5F706F6F6C00626C655F68735F1D
:10F3C0006863695F6672616700626C655F6C326377
:10F3D00061705F6368616E5F706F6F6C00626C6517
:10F3E0005F6C326361705F7369675F70726F635FD8
:10F3F000706F6F6C007472616E73706F72745F7097
:10F400006F6F6C5F636D64007472616E73706F72A6
:10F41000745F706F6F6C5F657674007472616E7389
:10F42000706F72745F706F6F6C5F6576745F6C6F16
:10F43000007472616E73706F72745F706F6F6C5F67
:10F4400061636C007472616E73706F72745F706F61
:10F450006F6C5F69736F006C6C00626C6500636F4A
:10F4600000417061636865204D796E657774204E48
:10F47000696D424C4500455749443031323334358B
:10F4800036373839414243444546000C0C0033338B
:10F490000000040009000D00120016001B001F00F0
:10F4A000240028002C003100350039003E004200C5
:10F4B00046004A004F00530057005B005F006300A6
:10F4C00067006B006F00730077007A007E00820097
:10F4D000850089008D009000930097009A009E009F
:10F4E000A100A400A700AB00AE00B100B400B600BC
:10F4F000B900BC00BF00C100C400C600C900CB00F9
:10F50000CD00D000D200D400D600D800DA00DB0055
:10F51000DD00DF00E000E200E300E400E600E700D9
:10F52000E800E900EA00EB00EC00ED00ED00EE0081
:10F53000EF00EF00F000F000F100F100F100F20048
:10F54000F200F200F20000020300000000000000E0
:10F550000100FFFF00001428287850000000000080
:10F5600000000000C5A70000C7A70000C9A7000051
:10F57000CBA70000CDA70000CFA70000D1A70000B7
:10F58000D3A70000D5A70000D7A70000D9A7000087
:10F59000DBA70000DDA70000DFA70000E1A7000057
:10F5A000E3A70000F7A7000025A8000091A800002D
:10F5B000EBA70000EDA70000EFA70000F1A70000F7
:10F5C000F3A70000F5A70000000000000000000005
:10F5D000F9A80000C7A70000F9A900008FAA000041
:10F5E00063AB0000F7AA00000FAC0000AFAB000057
:10F5F000C7AC0000E9A80000E3AD000019AE0000B0
:10F600004FAE00007BAE0000A7AE00004FAC000084
:10F61000E5A70000E7A70000C1A90000F3AC0000C7
:10F62000AFA80000B1A80000B1A80000F3A7000037
:10F63000F5A700000000000000000000C5A70000C2
:10F64000C7A70000C9A70000CBA70000CDA70000F6
:10F65000CFA70000D1A70000D3A70000D5A70000C6
:10F66000D7A70000D9A70000DBA70000DDA7000096
:10F67000DFA70000E1A70000E3A70000E5A7000066
:10F68000E7A70000E9A70000EBA70000EDA7000036
:10F69000B9A80000B3A80000F3A70000F5A7000078
:10F6A0000705050507020202020207010704070712
:10F6B0000107010705050701010704070107070402
:10F6C00007050707010101010705070507070507EA
:10F6D0000107000000020000001000000000000010
:10F6E00000000000B3ED01000000900101000000E7
:10F6F000BBED01003700180002000000C2ED010060
:10F7000046000C001F1C1F1E1F1E1F1F1E1F1E1F3A
:10F71000010305010000000010000000B3ED01002E
:10F7200074EE0100BBED0100C2ED010077C295F35C
:10F7300060D2EF7F3552500F2CB679801000000058
:10F74000982F8A4291443771CFFBC0B5A5DBB5E94C
:10F750005BC25639F111F159A4823F92D55E1CABC0
:10F7600098AA07D8015B8312BE853124C37D0C554E
:10F77000745DBE72FEB1DE80A706DC9B74F19BC196
:10F78000C1699BE48647BEEFC69DC10FCCA10C2486
:10F790006F2CE92DAA84744ADCA9B05CDA88F9766A
:10F7A00052513E986DC631A8C82703B0C77F59BFD4
:10F7B000F30BE0C64791A7D55163CA066729291400
:10F7C000850AB72738211B2EFC6D2C4D130D38539D
:10F7D00054730A65BB0A6A762EC9C281852C72925F
:10F7E000A1E8BFA24B661AA8708B4BC2A3516CC78D
:10F7F00019E892D1240699D685350EF470A06A10C6
:10F8000016C1A419086C371E4C774827B5BCB03414
:10F81000B30C1C394AAAD84E4FCA9C5BF36F2E68B2
:10F82000EE828F746F63A5781478C8840802C78C41
:10F83000FAFFBE90EB6C50A4F7A3F9BEF27871C644
:10F8400077C295F360D2EF7F3552500F2CB6798096
:10F85000FFFFFFFFFFFFFFFF000000006410B71D68
:10F86000C8206E3BAC30D9269041DC76F4516B6BEE
:10F870005861B24D3C7105502083B8ED44930FF0B0
:10F88000E8A3D6D68CB361CBB0C2649BD4D2D38666
:10F8900078E20AA01CF2BDBD17001B001B0001018D
:10F8A0000000000017001B001B00010118000000F1
:10F8B00090010000000017001B001B000101000068
:10F8C000000000000100000002FA0100000000003A
:10F8D0003CF9010001000000BEF901000000000039
:10F8E000F4F801000000000000000000000000002B
:10F8F00000000000ADF90100191F01000000000028
:10F900000000000018000000B84500209CF901002C
:10F91000D91E0100000000000000000004000000EB
:10F9200000000000000000000000000000000000D7
:10F93000000000000000000000000000F1F90100DC
:10F94000811F010000000000000000000400000012
:10F9500000000000E0F901006D1A01000000000045
:10F960000000000010000000BC450020CFF901009D
:10F97000591F0100000000000000000012000000FC
:10F98000BA45002000000000000000000000000058
:10F990000000000000000000000000008023D1BC37
:10F9A000EA5F782315DEEF1212321500008023D1B2
:10F9B000BCEA5F782315DEEF1212311500008023B8
:10F9C000D1BCEA5F782315DEEF12123015000080FB
:10F9D000FBAC79E90300FA44A962E96E4CF078F3D4
:10F9E00080FBAC79E90200FA44A962E96E4CF07838
:10F9F000F380FBAC79E90100FA44A962E96E4CF0AE
:10FA000078F380FBAC79E90000FA44A962E96E4C16
:10FA1000F078F30017001B001B0001011800000024
:10FA20009001000000002F6173736574732F2E73B3
:10FA3000746167696E67000004000000ECBE00207E
:10FA400000000000000000000000000000000000B6
:10FA50000000000001000000A154010002000000AD
:10FA60004D60010003000000535501000400000038
:10FA70003961010005000000ED550100060000009D
:10FA80005162010007000000DD560100080000007F
:10FA90001D64010009000000815701000A000000F8
:10FAA000A36501000B000000355801000C000000A8
:10FAB000216601000D000000755801000E000000D5
:10FAC000A36601000F000000835801001000000031
:10FAD0005567010011000000E75801001200000006
:10FAE00045690100130000007B5901001600000069
:10FAF000356A010017000000E559010018000000F8
:10FB00009D6B010019000000555A01001B00000008
:10FB1000E76C01001D000000336D01001E000000B5
:10FB2000E35A01002000000051670100210000009D
:10FB300097580100230000002F6D010052000000C3
:10FB4000E36901000D000000638D01000E0000005C
:10FB5000698C01000D000000C58C01000E00000042
:10FB6000EF8B010007000000478F01000900000033
:10FB70004385010003000000DD890100030000004F
:10FB800011870100040000009186010005000000BB
:10FB900019860100080000003D8A010003000000F2
:10FBA000E3880100040000007988010005000000DE
:10FBB0005F8901000800000009880100A58F01008D
:10FBC0005F8101009F810100DF810100218201002E
:10FBD00061820100A5820100718F0100E5820100B0
:10FBE0001B830100138F010000000000C58D010080
:10FBF0007D8D0100758C0100CD83010000000000A7
:10FC0000A987010083870100ED8601006D86010050
:10FC1000F58501009D850100000000000000000046
:10FC20001F8501000000000000000000000000002F
:10FC3000A38C0100A98B0100000000009F8F010030
:10FC400069810100A9810100E98101002B82010085
:10FC50006B820100AF8201006B8F0100EF82010017
:10FC6000258301000D8F01001D8F0100C18D010052
:10FC7000378D0100CB8B01004B8801001000032859
:10FC800010000228100000281000032800000000C7
:10FC9000000000000000000081B7010085B50100F0
:10FCA0004BB6010037B60100E1B4010023B60100F4
:10FCB000000000000000000000000000EBB60100A2
:10FCC00013B50100FFB40100DDB4010007B8010065
:10FCD0000BB801000FB80100FFB7010003B8010025
:10FCE00013B8010000000000000000000000000048
:10FCF00000000000FBB701003E000000BDB40100A1
:10FD00001300000091B60100050000005FB601007D
:10FD100008000000A9B4010030000000B3B40100E5
:10FD200010000000EBB40100000000000000EF8DA7
:10FD3000E2164FEC430DBF5BDD34C0531EB800002C
:10FD40000000000011C30100000000001DC20100FE
:10FD5000000000001DC201001DC201001DC2010003
:10FD6000000000001DC20100000000001DC20100D3
:10FD7000000000001DC20100000000001DC20100C3
:10FD8000000000001DC2010069C3010025C301007D
:10FD90001DC201001DC201001DC201001DC20100E3
:10FDA0001DC201001DC201001DC201001008044057
:10FDB000CE0150002C00D0027801280018007801F4
:10FDC000030102031606021B1106021103040309B4
:10FDD00005040305780128001800780101000000DF
:10FDE000A42B002000000000542B00200000000085
:10FDF0000000000000000000000000000100000002
:10FE0000342C002000000000C82B0020000000005F
:10FE100000000000000000000000000001000000E1
:10FE20006C2C002000000000382C00200000000096
:10FE300000000000000000000000000001000000C1
:10FE4000A42C002000000000702C00200000000006
:0CFE5000000000000000000000000000A6
:08FE5C0050E7FF7F01000000E8
:04FE6400E929010087
:10FE680053454747455220525454000000000000B3
:10FE7800010000000100000068EC0100E82E0020ED
:10FE88000001000000000000000000000000000069
:10FE980068EC0100D82E00201000000000000000CF
:10FEA8000000000000000000FFFFFFFF0200060046
:10FEB8000600000017001B001B00010118000000CD
:10FEC8009001000000000101FFFF01010000000097
:10FED800000000000000000000000000000000001A
:10FEE800000000000000000000000000000000000A
:10FEF80000000000000000000008000000000000F2
:10FF080000000000000000000000000000000000E9
:10FF180000000000000000000000000000000000D9
:10FF280000000000000000000000000000000000C9
:10FF380000000000000000000000000000000000B9
:10FF480000000000000000000000000000000000A9
:10FF58000000000000000000000000000000000099
:10FF68000000000000000000000000000000000089
:10FF78000000000000000000000000000000000079
:10FF88000000000000000000000000000000000069
:10FF98000000000000000000000000000000000059
:10FFA8000000000000000000000000000000000049
:10FFB8000000000000000000000000000004000035
:10FFC8000000000000000000000000000000000029
:10FFD8000000000000000000000000000000000019
:10FFE8000000000000000000000000000000000009
:08FFF800000000000000000001
:020000022000DC
:10000000000064000000000000000000000000008C
:1000100001030501000000000000000000000000D6
:1000200000000000000000000000000000000000D0
:1000300000000000000000000000000000000000C0
:1000400000000000000000000000000000000000B0
:1000500000000000000000000000000000000000A0
:100060000000000000000000000000000000000090
:100070000000000000000000000000000000000080
:100080000000000000000000000000000000000070
:100090000000000000000000000000000000000060
:1000A0000000000000000000000000000000000050
:1000B0000000000000000000000000000000000040
:1000C0000000000000000000000000000000000030
:1000D0000000000000000000000000000000000020
:1000E0000000000000000000000000000000000010
:1000F0000000000000000000000000000000000000
:1001000000000000000000000000000000000000EF
:1001100000000000000000000000000000000000DF
:1001200000000000000000000000000000000000CF
:1001300000000000000000000000000000000000BF
:1001400000000000000000000000000000000000AF
:10015000000000000000000000000000000000009F
:10016000000000000000000000000000000000008F
:10017000000000000000000000000000000000007F
:10018000000000000000000000000000000000006F
:10019000000000000000000000000000000000005F
:1001A000000000000000000000000000000000004F
:1001B000000000000000000000000000000000003F
:1001C000000000000000000000000000000000002F
:1001D000000000000000000000000000000000001F
:1001E000000000000000000000000000000000000F
:1001F00000000000000000000000000000000000FF
:1002000000000000000000000000000000000000EE
:1002100000000000000000000000000000000000DE
:1002200000000000000000000000000000000000CE
:1002300000000000000000000000000000000000BE
:1002400000000000000000000000000000000000AE
:10025000000000000000000000000000000000009E
:10026000000000000000000000000000000000008E
:10027000000000000000000000000000000000007E
:10028000000000000000000000000000000000006E
:10029000000000000000000000000000000000005E
:1002A000000000000000000000000000000000004E
:1002B000000000000000000000000000000000003E
:1002C000000000000000000000000000000000002E
:1002D000000000000000000000000000000000001E
:1002E000000000000000000000000000000000000E
:1002F00000000000000000000000000000000000FE
:1003000000000000000000000000000000000000ED
:1003100000000000000000000000000000000000DD
:1003200000000000000000000000000000000000CD
:1003300000000000000000000000000000000000BD
:1003400000000000000000000000000000000000AD
:10035000000000000000000000000000000000009D
:10036000000000000000000000000000000000008D
:10037000000000000000000000000000000000007D
:10038000000000000000000000000000000000006D
:10039000000000000000000000000000000000005D
:1003A000000000000000000000000000000000004D
:1003B000000000000000000000000000000000003D
:1003C000000000000000000000000000000000002D
:1003D000000000000000000000000000000000001D
:1003E000000000000000000000000000000000000D
:1003F00000000000000000000000000000000000FD
:1004000000000000000000000000000000000000EC
:1004100000000000000000000000000000000000DC
:1004200000000000000000000000000000000000CC
:1004300000000000000000000000000000000000BC
:1004400000000000000000000000000000000000AC
:10045000000000000000000000000000000000009C
:10046000000000000000000000000000000000008C
:10047000000000000000000000000000000000007C
:10048000000000000000000000000000000000006C
:10049000000000000000000000000000000000005C
:1004A000000000000000000000000000000000004C
:1004B000000000000000000000000000000000003C
:1004C000000000000000000000000000000000002C
:1004D000000000000000000000000000000000001C
:1004E000000000000000000000000000000000000C
:1004F00000000000000000000000000000000000FC
:1005000000000000000000000000000000000000EB
:1005100000000000000000000000000000000000DB
:1005200000000000000000000000000000000000CB
:1005300000000000000000000000000000000000BB
:1005400000000000000000000000000000000000AB
:10055000000000000000000000000000000000009B
:10056000000000000000000000000000000000008B
:10057000000000000000000000000000000000007B
:10058000000000000000000000000000000000006B
:10059000000000000000000000000000000000005B
:1005A000000000000000000000000000000000004B
:1005B000000000000000000000000000000000003B
:1005C000000000000000000000000000000000002B
:1005D000000000000000000000000000000000001B
:1005E000000000000000000000000000000000000B
:1005F00000000000000000000000000000000000FB
:1006000000000000000000000000000000000000EA
:1006100000000000000000000000000000000000DA
:1006200000000000000000000000000000000000CA
:1006300000000000000000000000000000000000BA
:1006400000000000000000000000000000000000AA
:10065000000000000000000000000000000000009A
:10066000000000000000000000000000000000008A
:10067000000000000000000000000000000000007A
:10068000000000000000000000000000000000006A
:10069000000000000000000000000000000000005A
:1006A000000000000000000000000000000000004A
:1006B000000000000000000000000000000000003A
:1006C000000000000000000000000000000000002A
:1006D000000000000000000000000000000000001A
:1006E000000000000000000000000000000000000A
:1006F00000000000000000000000000000000000FA
:1007000000000000000000000000000000000000E9
:1007100000000000000000000000000000000000D9
:1007200000000000000000000000000000000000C9
:1007300000000000000000000000000000000000B9
:1007400000000000000000000000000000000000A9
:100750000000000000000000000000000000000099
:100760000000000000000000000000000000000089
:100770000000000000000000000000000000000079
:100780000000000000000000000000000000000069
:100790000000000000000000000000000000000059
:1007A0000000000000000000000000000000000049
:1007B0000000000000000000000000000000000039
:1007C0000000000000000000000000000000000029
:1007D0000000000000000000000000000000000019
:1007E0000000000000000000000000000000000009
:1007F00000000000000000000000000000000000F9
:1008000000000000000000000000000000000000E8
:1008100000000000000000000000000000000000D8
:1008200000000000000000000000000000000000C8
:1008300000000000000000000000000000000000B8
:1008400000000000000000000000000000000000A8
:100850000000000000000000000000000000000098
:100860000000000000000000000000000000000088
:100870000000000000000000000000000000000078
:100880000000000000000000000000000000000068
:100890000000000000000000000000000000000058
:1008A0000000000000000000000000000000000048
:1008B0000000000000000000000000000000000038
:1008C0000000000000000000000000000000000028
:1008D0000000000000000000000000000000000018
:1008E0000000000000000000000000000000000008
:1008F00000000000000000000000000000000000F8
:1009000000000000000000000000000000000000E7
:1009100000000000000000000000000000000000D7
:1009200000000000000000000000000000000000C7
:1009300000000000000000000000000000000000B7
:1009400000000000000000000000000000000000A7
:100950000000000000000000000000000000000097
:100960000000000000000000000000000000000087
:100970000000000000000000000000000000000077
:100980000000000000000000000000000000000067
:100990000000000000000000000000000000000057
:1009A0000000000000000000000000000000000047
:1009B0000000000000000000000000000000000037
:1009C0000000000000000000000000000000000027
:1009D0000000000000000000000000000000000017
:1009E0000000000000000000000000000000000007
:1009F00000000000000000000000000000000000F7
:100A000000000000000000000000000000000000E6
:100A100000000000000000000000000000000000D6
:100A200000000000000000000000000000000000C6
:100A300000000000000000000000000000000000B6
:100A400000000000000000000000000000000000A6
:100A50000000000000000000000000000000000096
:100A60000000000000000000000000000000000086
:100A70000000000000000000000000000000000076
:100A80000000000000000000000000000000000066
:100A90000000000000000000000000000000000056
:100AA0000000000000000000000000000000000046
:100AB0000000000000000000000000000000000036
:100AC0000000000000000000000000000000000026
:100AD0000000000000000000000000000000000016
:100AE0000000000000000000000000000000000006
:100AF00000000000000000000000000000000000F6
:100B000000000000000000000000000000000000E5
:100B100000000000000000000000000000000000D5
:100B200000000000000000000000000000000000C5
:100B300000000000000000000000000000000000B5
:100B400000000000000000000000000000000000A5
:100B50000000000000000000000000000000000095
:100B60000000000000000000000000000000000085
:100B70000000000000000000000000000000000075
:100B80000000000000000000000000000000000065
:100B90000000000000000000000000000000000055
:100BA0000000000000000000000000000000000045
:100BB0000000000000000000000000000000000035
:100BC0000000000000000000000000000000000025
:100BD0000000000000000000000000000000000015
:100BE0000000000000000000000000000000000005
:100BF00000000000000000000000000000000000F5
:100C000000000000000000000000000000000000E4
:100C100000000000000000000000000000000000D4
:100C200000000000000000000000003F0000000085
:100C300000000000000000000000000000000000B4
:100C400000000000000000000000000000000000A4
:100C50000000000000000000000000000000000094
:100C60000000000000000000000000000000000084
:100C70000000000000000000000000000000000074
:100C80000000000000000000000000000000000064
:100C90000000000000000000000000000000000054
:100CA0000000000000000000000000000000000044
:100CB0000000000000000000000000000000000034
:100CC00000000000000000000000003F00000000E5
:100CD0000000000000000000000000000000000014
:100CE0000000000000000000000000000000000004
:100CF00000000000000000000000000000000000F4
:100D000000000000000000000000000000000000E3
:100D100000000000000000000000000000000000D3
:100D200000000000000000000000000000000000C3
:100D300000000000000000000000000000000000B3
:100D400000000000000000000000000000000000A3
:100D50000000000000000000000000000000000093
:100D600000000000000000000000003F0000000044
:100D70000000000000000000000000000000000073
:100D80000000000000000000000000000000000063
:100D90000000000000000000000000000000000053
:100DA0000000000000000000000000000000000043
:100DB0000000000000000000000000000000000033
:100DC0000000000000000000000000000000000023
:100DD0000000000000000000000000000000000013
:100DE0000000000000000000000000000000000003
:100DF00000000000000000000000000000000000F3
:100E000000000000000000000000003F00000000A3
:100E100000000000000000000000000000000000D2
:100E200000000000000000000000000000000000C2
:100E300000000000000000000000000000000000B2
:100E400000000000000000000000000000000000A2
:100E50000000000000000000000000000000000092
:100E60000000000000000000000000000000000082
:100E70000000000000000000000000000000000072
:100E80000000000000000000000000000000000062
:100E90000000000000000000000000000000000052
:100EA00000000000000000000000003F0000000003
:100EB0000000000000000000000000000000000032
:100EC0000000000000000000000000000000000022
:100ED0000000000000000000000000000000000012
:100EE0000000000000000000000000000000000002
:100EF00000000000000000000000000000000000F2
:100F000000000000000000000000000000000000E1
:100F100000000000000000000000000000000000D1
:100F200000000000000000000000000000000000C1
:100F300000000000000000000000000000000000B1
:100F400000000000000000000000003F0000000062
:100F50000000000000000000000000000000000091
:100F60000000000000000000000000000000000081
:100F70000000000000000000000000000000000071
:100F80000000000000000000000000000000000061
:100F90000000000000000000000000000000000051
:100FA0000000000000000000000000000000000041
:100FB0000000000000000000000000000000000031
:100FC0000000000000000000000000000000000021
:100FD0000000000000000000000000000000000011
:100FE00000000000000000000000003F00000000C2
:100FF00000000000000000000000000000000000F1
:1010000000000000000000000000000000000000E0
:1010100000000000000000000000000000000000D0
:1010200000000000000000000000000000000000C0
:1010300000000000000000000000000000000000B0
:1010400000000000000000000000000000000000A0
:101050000000000000000000000000000000000090
:101060000000000000000000000000000000000080
:101070000000000000000000000000000000000070
:1010800000000000000000000000003F0000000021
:101090000000000000000000000000000000000050
:1010A0000000000000000000000000000000000040
:1010B0000000000000000000000000000000000030
:1010C0000000000000000000000000000000000020
:1010D0000000000000000000000000000000000010
:1010E0000000000000000000000000000000000000
:1010F00000000000000000000000000000000000F0
:1011000000000000000000000000000000000000DF
:1011100000000000000000000000000000000000CF
:1011200000000000000000000000003F0000000080
:1011300000000000000000000000000000000000AF
:10114000000000000000000000000000000000009F
:10115000000000000000000000000000000000008F
:10116000000000000000000000000000000000007F
:10117000000000000000000000000000000000006F
:10118000000000000000000000000000000000005F
:10119000000000000000000000000000000000004F
:1011A000000000000000000000000000000000003F
:1011B000000000000000000000000000000000002F
:1011C00000000000000000000000003F00000000E0
:1011D000000000000000000000000000000000000F
:1011E00000000000000000000000000000000000FF
:1011F00000000000000000000000000000000000EF
:1012000000000000000000000000000000000000DE
:1012100000000000000000000000000000000000CE
:1012200000000000000000000000000000000000BE
:1012300000000000000000000000000000000000AE
:10124000000000000000000000000000000000009E
:10125000000000000000000000000000000000008E
:1012600000000000000000000000003F000000003F
:10127000000000000000000000000000000000006E
:10128000000000000000000000000000000000005E
:10129000000000000000000000000000000000004E
:1012A000000000000000000000000000000000003E
:1012B000000000000000000000000000000000002E
:1012C000000000000000000000000000000000001E
:1012D000000000000000000000000000000000000E
:1012E00000000000000000000000000000000000FE
:1012F00000000000000000000000000000000000EE
:1013000000000000000000000000003F000000009E
:1013100000000000000000000000000000000000CD
:1013200000000000000000000000000000000000BD
:1013300000000000000000000000000000000000AD
:10134000000000000000000000000000000000009D
:10135000000000000000000000000000000000008D
:10136000000000000000000000000000000000007D
:10137000000000000000000000000000000000006D
:10138000000000000000000000000000000000005D
:10139000000000000000000000000000000000004D
:1013A00000000000000000000000003F00000000FE
:1013B000000000000000000000000000000000002D
:1013C000000000000000000000000000000000001D
:1013D000000000000000000000000000000000000D
:1013E00000000000000000000000000000000000FD
:1013F00000000000000000000000000000000000ED
:1014000000000000000000000000000000000000DC
:1014100000000000000000000000000000000000CC
:1014200000000000000000000000000000000000BC
:1014300000000000000000000000000000000000AC
:1014400000000000000000000000003F000000005D
:10145000000000000000000000000000000000008C
:10146000000000000000000000000000000000007C
:10147000000000000000000000000000000000006C
:10148000000000000000000000000000000000005C
:10149000000000000000000000000000000000004C
:1014A000000000000000000000000000000000003C
:1014B000000000000000000000000000000000002C
:1014C000000000000000000000000000000000001C
:1014D000000000000000000000000000000000000C
:1014E00000000000000000000000003F00000000BD
:1014F00000000000000000000000000000000000EC
:1015000000000000000000000000000000000000DB
:1015100000000000000000000000000000000000CB
:1015200000000000000000000000000000000000BB
:1015300000000000000000000000000000000000AB
:10154000000000000000000000000000000000009B
:10155000000000000000000000000000000000008B
:10156000000000000000000000000000000000007B
:10157000000000000000000000000000000000006B
:1015800000000000000000000000003F000000001C
:10159000000000000000000000000000000000004B
:1015A000000000000000000000000000000000003B
:1015B000000000000000000000000000000000002B
:1015C000000000000000000000000000000000001B
:1015D000000000000000000000000000000000000B
:1015E00000000000000000000000000000000000FB
:1015F00000000000000000000000000000000000EB
:10160000000000007F000000000000007F000000DC
:10161000000000007F000000000000007F000000CC
:10162000000000007F000000000000007F000000BC
:10163000000000007F000000000000007F000000AC
:10164000000000000000000000000000000000009A
:10165000000000000000000000000000000000008A
:10166000000000000000000000000000000000007A
:10167000000000000000000000000000000000006A
:10168000000000000000000000000000000000005A
:10169000000000000000000000000000000000004A
:1016A000000000000000000000000000000000003A
:1016B000000000000000000000000000000000002A
:1016C000000000000000000000000000000000001A
:1016D000000000000000000000000000000000000A
:1016E00000000000000000000000000000000000FA
:1016F00000000000000000000000000000000000EA
:1017000000000000000000000000000000000000D9
:1017100000000000000000000000000000000000C9
:1017200000000000000000000000000000000000B9
:1017300000000000000000000000000000000000A9
:101740000000000000000000000000000000000099
:101750000000000000000000000000000000000089
:101760000000000000000000000000000000000079
:101770000000000000000000000000000000000069
:101780000000000000000000000000000000000059
:101790000000000000000000000000000000000049
:1017A0000000000000000000000000000000000039
:1017B0000000000000000000000000000000000029
:1017C0000000000000000000000000000000000019
:1017D0000000000000000000000000000000000009
:1017E00000000000000000000000000000000000F9
:1017F00000000000000000000000000000000000E9
:1018000000000000000000000000000000000000D8
:1018100000000000000000000000000000000000C8
:1018200000000000000000000000000000000000B8
:1018300000000000000000000000000000000000A8
:101840000000000000000000000000000000000098
:101850000000000000000000000000000000000088
:101860000000000000000000000000000000000078
:101870000100000000000000000000000000000067
:101880000000000000000000000000000000000058
:10189000FFFF00000000000000000000000000004A
:1018A0000000000000000000000000000000000137
:1018B0000000000000000000000000000000000028
:1018C0000000000000000000000000000000000018
:1018D0000000000001000101000000000000000005
:1018E00000000000000000000000000000000000F8
:1018F00000000000000000000000000000000000E8
:1019000000000000000000000000000000000000D7
:1019100000000000000000000000000000000000C7
:1019200000000000000000000000000000000000B7
:1019300000000000000000000000000000000000A7
:101940000000000000000000000000000000000097
:101950000000000000000000000000000000000087
:101960000000000000000000000000000000000077
:101970000000000000000000000000000000000067
:101980000000000000000000000000000000000057
:101990000000000000000000000000000000000047
:1019A0000000000000000000000000000000000037
:1019B0000000000000000000000000000000000027
:1019C0000000000000000000000000000000000017
:1019D0000000000000000000000000000000000007
:1019E00000000000000000000000000000000000F7
:1019F00000000000000000000000000000000000E7
:101A000000000000000000000000000000000000D6
:101A100000000000000000000000000000000000C6
:101A200000000000000000000000000000000000B6
:101A300000000000000000000000000000000000A6
:101A40000000000000000000000000000000000096
:101A50000000000000000000000000000000000086
:101A60000000000000000000000000000000000076
:101A70000000000000000000000000000000000066
:101A80000000000000000000000000000000000056
:101A90000000000000000000000000000000000046
:101AA0000000000000000000000000000000000036
:101AB0000000000000000000000000000000000026
:101AC0000000000000000000000000000000000016
:101AD0000000000000000000000000000000000006
:101AE00000000000000000000000000000000000F6
:101AF00000000000000000000000000000000000E6
:101B000000000000000000000000000000000000D5
:101B100000000000000000000000000000000000C5
:101B200000000000000000000000000000000000B5
:101B300000000000000000000000000000000000A5
:101B40000000000000000000000000000000000095
:101B50000000000000000000000000000000000085
:101B60000000000000000000000000000000000075
:101B70000000000000000000000000000000000065
:101B80000000000000000000000000000000000055
:101B90000000000000000000000000000000000045
:101BA0000000000000000000000000000000000035
:101BB0000000000000000000000000000000000025
:101BC0000000000000000000000000000000000015
:101BD0000000000000000000000000000000000005
:101BE00000000000000000000000000000000000F5
:101BF00000000000000000000000000000000000E5
:101C000000000000000000000000000000000000D4
:101C100000000000000000000000000000000000C4
:101C200000000000000000000000000000000000B4
:101C300000000000000000000000000000000000A4
:101C40000000000000000000000000000000000094
:101C50000000000000000000000000000000000084
:101C60000000000000000000000000000000000074
:101C70000000000000000000000000000000000064
:101C80000000000000000000000000000000000054
:101C90000000000000000000000000000000000044
:101CA0000000000000000000000000000000000034
:101CB0000000000000000000000000000000000024
:101CC0000000000000000000000000000000000014
:101CD0000000000000000000000000000000000004
:101CE00000000000000000000000000000000000F4
:101CF00000000000000000000000000000000000E4
:101D000000000000000000000000000000000000D3
:101D100000000000000000000000000000000000C3
:101D200000000000000000000000000000000000B3
:101D300000000000000000000000000000000000A3
:101D40000000000000000000000000000000000093
:101D50000000000000000000000000000000000083
:101D60000000000000000000000000000000000073
:101D70000000000000000000000000000000000063
:101D80000000000000000000000000000000000053
:101D90000000000000000000000000000000000043
:101DA0000000000000000000000000000000000033
:101DB0000000000000000000000000000000000023
:101DC0000000000000000000000000000000000013
:101DD0000000000000000000000000000000000003
:101DE00000000000000000000000000000000000F3
:101DF00000000000000000000000000000000000E3
:101E000000000000000000000000000000000000D2
:101E100000000000000000000000000000000000C2
:101E200000000000000000000000000000000000B2
:101E300000000000000000000000000000000000A2
:101E40000000000000000000000000000000000092
:101E50000000000000000000000000000000000082
:101E60000000000000000000000000000000000072
:101E70000000000000000000000000000000000062
:101E80000000000000000000000000000000000052
:101E90000000000000000000000000000000000042
:101EA0000000000000000000000000000000000032
:101EB0000000000000000000000000000000000022
:101EC0000000000000000000000000000000000012
:101ED0000000000000000000000000000000000002
:101EE00000000000000000000000000000000000F2
:101EF00000000000000000000000000000000000E2
:101F000000000000000000000000000000000000D1
:101F100000000000000000000000000000000000C1
:101F200000000000000000000000000000000000B1
:101F300000000000000000000000000000000000A1
:101F40000000000000000000000000000000000091
:101F50000000000000000000000000000000000081
:101F60000000000000000000000000000000000071
:101F70000000000000000000000000000000000061
:101F80000000000000000000000000000000000051
:101F90000000000000000000000000000000000041
:101FA0000000000000000000000000000000000031
:101FB0000000000000000000000000000000000021
:101FC0000000000000000000000000000000000011
:101FD0000000000000000000000000000000000001
:101FE00000000000000000000000000000000000F1
:101FF00000000000000000000000000000000000E1
:1020000000000000000000000000000000000000D0
:1020100000000000000000000000000000000000C0
:1020200000000000000000000000000000000000B0
:1020300000000000000000000000000000000000A0
:102040000000000000000000000000000000000090
:102050000000000000000000000000000000000080
:102060000000000000000000000000000000000070
:102070000000000000000000000000000000000060
:102080000000000000000000000000000000000050
:102090000000000000000000000000000000000040
:1020A0000000000000000000000000000000000030
:1020B0000000000000000000000000000000000020
:1020C0000000000000000000000000000000000010
:1020D0000000000000000000000000000000000000
:1020E00000000000000000000000000000000000F0
:1020F00000000000000000000000000000000000E0
:1021000000000000000000000000000000000000CF
:1021100000000000000000000000000000000000BF
:1021200000000000000000000000000000000000AF
:10213000000000000000000000000000000000009F
:10214000000000000000000000000000000000008F
:10215000000000000000000000000000000000007F
:10216000000000000000000000000000000000006F
:10217000000000000000000000000000000000005F
:10218000000000000000000000000000000000004F
:10219000000000000000000000000000000000003F
:1021A000000000000000000000000000000000002F
:1021B000000000000000000000000000000000001F
:1021C000000000000000000000000000000000000F
:1021D00000000000000000000000000000000000FF
:1021E00000000000000000000000000000000000EF
:1021F00000000000000000000000000000000000DF
:1022000000000000000000000000000000000000CE
:1022100000000000000000000000000000000000BE
:1022200000000000000000000000000000000000AE
:10223000000000000000000000000000000000009E
:10224000000000000000000000000000000000008E
:10225000000000000000000000000000000000007E
:10226000000000000000000000000000000000006E
:10227000000000000000000000000000000000005E
:10228000000000000000000000000000000000004E
:10229000000000000000000000000000000000003E
:1022A000000000000000000000000000000000002E
:1022B000000000000000000000000000000000001E
:1022C000000000000000000000000000000000000E
:1022D00000000000000000000000000000000000FE
:1022E00000000000000000000000000000000000EE
:1022F00000000000000000000000000000000000DE
:1023000000000000000000000000000000000000CD
:1023100000000000000000000000000000000000BD
:1023200000000000000000000000000000000000AD
:10233000000000000000000000000000000000009D
:10234000000000000000000000000000000000008D
:10235000000000000000000000000000000000007D
:10236000000000000000000000000000000000006D
:10237000000000000000000000000000000000005D
:10238000000000000000000000000000000000004D
:10239000000000000000000000000000000000003D
:1023A000000000000000000000000000000000002D
:1023B000000000000000000000000000000000001D
:1023C000000000000000000000000000000000000D
:1023D00000000000000000000000000000000000FD
:1023E00000000000000000000000000000000000ED
:1023F00000000000000000000000000000000000DD
:1024000000000000000000000000000000000000CC
:1024100000000000000000000000000000000000BC
:1024200000000000000000000000000000000000AC
:10243000000000000000000000000000000000009C
:10244000000000000000000000000000000000008C
:10245000000000000000000000000000000000007C
:10246000000000000000000000000000000000006C
:10247000000000000000000000000000000000005C
:10248000000000000000000000000000000000004C
:10249000000000000000000000000000000000003C
:1024A000000000000000000000000000000000002C
:1024B000000000000000000000000000000000001C
:1024C000000000000000000000000000000000000C
:1024D00000000000000000000000000000000000FC
:1024E00000000000000000000000000000000000EC
:1024F00000000000000000000000000000000000DC
:1025000000000000000000000000000000000000CB
:1025100000000000000000000000000000000000BB
:1025200000000000000000000000000000000000AB
:10253000000000000000000000000000000000009B
:10254000000000000000000000000000000000008B
:10255000000000000000000000000000000000007B
:10256000000000000000000000000000000000006B
:10257000000000000000000000000000000000005B
:10258000000000000000000000000000000000004B
:10259000000000000000000000000000000000003B
:1025A000000000000000000000000000000000002B
:1025B000000000000000000000000000000000001B
:1025C000000000000000000000000000000000000B
:1025D00000000000000000000000000000000000FB
:1025E00000000000000000000000000000000000EB
:1025F00000000000000000000000000000000000DB
:1026000000000000000000000000000000000000CA
:1026100000000000000000000000000000000000BA
:1026200000000000000000000000000000000000AA
:10263000000000000000000000000000000000009A
:10264000000000000000000000000000000000008A
:10265000000000000000000000000000000000007A
:10266000000000000000000000000000000000006A
:10267000000000000000000000000000000000005A
:10268000000000000000000000000000000000004A
:10269000000000000000000000000000000000003A
:1026A000000000000000000000000000000000002A
:1026B000000000000000000000000000000000001A
:1026C000000000000000000000000000000000000A
:1026D00000000000000000000000000000000000FA
:1026E00000000000000000000000000000000000EA
:1026F00000000000000000000000000000000000DA
:1027000000000000000000000000000000000000C9
:1027100000000000000000000000000000000000B9
:1027200000000000000000000000000000000000A9
:102730000000000000000000000000000000000099
:102740000000000000000000000000000000000089
:102750000000000000000000000000000000000079
:102760000000000000000000000000000000000069
:102770000000000000000000000000000000000059
:102780000000000000000000000000000000000049
:102790000000000000000000000000000000000039
:1027A0000000000000000000000000000000000029
:1027B0000000000000000000000000000000000019
:1027C0000000000000000000000000000000000009
:1027D00000000000000000000000000000000000F9
:1027E00000000000000000000000000000000000E9
:1027F00000000000000000000000000000000000D9
:1028000000000000000000000000000000000000C8
:1028100000000000000000000000000000000000B8
:1028200000000000000000000000000000000000A8
:102830000000000000000000000000000000000098
:102840000000000000000000000000000000000088
:102850000000000000000000000000000000000078
:102860000000000000000000000000000000000068
:102870000000000000000000000000000000000058
:102880000000000000000000000000000000000048
:102890000000000000000000000000000000000038
:1028A0000000000000000000000000000000000028
:1028B0000000000000000000000000000000000018
:1028C0000000000000000000000000000000000008
:1028D00000000000000000000000000000000000F8
:1028E00000000000000000000000000000000000E8
:1028F00000000000000000000000000000000000D8
:1029000000000000000000000000000000000000C7
:1029100000000000000000000000000000000000B7
:1029200000000000000000000001000000000000A6
:102930000000000000000000000000000000000097
:102940000000000017001B001B0001010000000038
:102950000000000000000000000000000000000077
:10296000AAAAAAAA00000000FC2A0020100002293E
:102970001000032810000228100001281000002871
:102980000000000000000000030000000000000044
:102990000000000000000000000000000000000037
:1029A000000000000000000000000000FB349B5FFE
:1029B000800000800010000000000000A02B00201C
:1029C00019E2010000000000000000000200000009
:1029D000000000009C2B002019E201000000000014
:1029E00000000000020000000000000000000000E5
:1029F00000000000000000000000000000000000D7
:102A0000000000001000012A1000002A1000001829
:102A10006E696D626C65000000000000000000003F
:102A200000000000000000000000000000000000A6
:102A3000302C002005E30100000000000000000031
:102A400020000000E0EB00202C2C002035E30100EA
:102A50000000000000000000020000000000000074
:102A6000282C0020C9E20100000000000000000046
:102A70000A0000000000000000000000000000004C
:102A80000000000000000000000000000000000046
:102A90001000292B10003A2B1000052A10000118F5
:102AA000682C00206DE30100000000000000000021
:102AB00012000000E4EB0020000000000000000015
:102AC0000000000000000000000000000000000006
:102AD0001000192A10000F18A02C0020DDE30100BF
:102AE00000000000000000000200000000000000E4
:102AF00000000000000000000000000000000000D6
:102B000000000000000000001000242A10000A1835
:102B100061F401000000000000000000000000005F
:102B2000000000000000000000000000C82C002091
:102B30000000000000EC002068EC0020D0EC002039
:102B40000000000000000000000000000000000085
:102B50000000000000000000000000000000000075
:102B60000000000000000000000000000000000065
:0C2B700000000000000000000000000059
:040000030000810177
:00000001FF
