:1000000008B5134A134B14498B4211D3134B144AAE
:100010000021934211D300F035F8124C124DAC423E
:100020000ED3124C124DAC420ED308F0CDFDFEE7BC
:1000300052F8040B43F8040BE6E743F8041BE8E727
:1000400054F8043B9847EAE754F8043B9847EAE73A
:10005000249A000000000020102A0020102A00200E
:100060006C830020209A0000209A0000209A000053
:10007000249A0000024AD2F80034002BFBD07047CB
:1000800000E0014008B54FF0804301220021C3F891
:100090007825C3F81825C3F804119A60D3F8042111
:1000A000002AFBD04FF01020D0F80C32023312D0CF
:1000B0001549FFF7DFFF0123C1F80435FFF7DAFF29
:1000C0006FF00103C0F80C32FFF7D4FF0023C1F832
:1000D0000435FFF7CFFF0D4B012200215A600420A9
:1000E000DA60C3F804150321C3F80815C3F8100536
:1000F0001A604FF0A0434FF48032C3F84017C3F8A2
:100100000C25C3F8182508BD00E001400080004020
:10011000024B01221A64D3F840057047008000406A
:10012000064B01211964D3F8402510441964D3F813
:100130004025121A002AF9DB704700BF00800040FA
:100140004FF47A735843FFF7EBBF38B54FF0A04434
:100150004FF48035C4F80855FFF7F2FFC4F80C558A
:1001600038BD0000084A536A116A013310B5B3FB69
:10017000F1F401FB1433916A99421FBF516AD469AB
:100180005362605410BD00BF00000020704710B5DE
:10019000441E14F8010F00B910BDFFF7E3FFF8E7A4
:1001A00008B5FFF7F4FFBDE808400148FFF7EFBFCF
:1001B0007C93000070B505460748084EFFF7E7FF3F
:1001C0001C2425FA04F303F00F03043CF05CFFF752
:1001D000C9FF231DF5D170BD66950000FD96000096
:1001E000022838B504460D4612D80A48013CFFF7EC
:1001F000CEFF032C96BF084B3F20185DFFF7B2FFE0
:100200000648FFF7C4FF2846BDE83840FFF7C8BFDF
:1002100038BD00BF7F930000F99600008193000075
:100220004FF0A0431C4A30B50321002004240825C8
:10023000C2F80005C3F80817C3F80C45C3F80C173B
:10024000C3F80C554FF48025C3F81007C3F84817BE
:10025000C3F808554FF00075C3F86417C3F8085584
:100260002025C3F81417C3F808550223C2F808352F
:100270004FF00043C2F80C15C2F81045C2F82435FF
:100280000623C2F85435FF23C2F8C0350723C2F84D
:100290000035024B187030BD00300040202F002088
:1002A000034B0722C3F80025024B01221A70704746
:1002B00000300040202F0020014B00221A707047B0
:1002C000202F0020014B1878704700BF202F0020FE
:1002D0000D4BF0B54FF6FF750024012601B9F0BDB6
:1002E000A9420A4628BF2A46C3F81841C3F8440564
:1002F000C3F84825C3F838451E61D3F81871002F9C
:10030000FBD01044891AE9E700300040F8B51546E3
:100310001C4610B109B1FFF7DBFFE5B1DCB10E4BB4
:100320000E4900200126B4F5807F224628BF4FF4F5
:100330008072C3F81801C3F84415C3F84825C3F800
:100340003455C3F838251E61D3F81871002FFBD03F
:10035000A41A1544E7D1F8BD00300040202E00203B
:1003600001234FF0A0428340C2F80C3570470123AF
:100370004FF0A0428340C2F8083570474FF0A043C9
:100380004FF48022C3F80C2570474FF0A0434FF480
:100390008022C3F80825704737B515460C468DF8FE
:1003A0000700FFF77DFF1920FFF7DAFFFFF7E6FFF1
:1003B0000DF107000121FFF78BFFFFF7E6FF29464C
:1003C0002046FFF785FF1920FFF7D1FFFFF774FFE5
:1003D00003B030BD07B58DF80700FFF761FF1920A6
:1003E000FFF7BEFFFFF7CAFF01210DF10700FFF77E
:1003F0006FFF1920FFF7BBFFFFF75EFF03B05DF84B
:1004000004FB00007FB54FF0A04403234FF00072BF
:100410004FF08065C4F864370A20C4F80825C4F892
:100420006837C4F80855C4F80C55FFF789FEC4F8BE
:1004300008557820FFF784FE0120FFF7CBFF9620B8
:10044000FFF77EFE1120FFF7C5FF0A20FFF778FEB9
:100450005523012269463A208DF80030FFF79CFFB2
:1004600000230122694636208DF80030FFF794FF03
:10047000454B186800901B798DF8043005226946B9
:10048000B220FFF789FF352301226946B7208DF896
:100490000030FFF781FF192301226946BB200125A7
:1004A0008DF80030FFF778FF2C2301226946C02029
:1004B0008DF80030FFF770FF2A466946C2208DF89C
:1004C0000050FFF769FF12232A466946C3208DF8C2
:1004D0000030FFF761FF20232A466946C4208DF8CB
:1004E0000030FFF759FF0F232A466946C6208DF8D2
:1004F0000030FFF751FF4AF2A41302226946D020D0
:10050000ADF80030FFF748FF204B6C466A4603F118
:10051000080618685968154603C50833B3422A46C9
:10052000F7D118689B882860AB800E222146E02016
:10053000FFF732FF164B224603F108061868596888
:10054000154603C50833B3422A46F7D118689B887D
:10055000AB800E2221462860E120FFF71DFF2120FD
:10056000FFF738FF0120FFF7EBFD1320FFF732FF05
:100570000120FFF7E5FD2920FFF72CFF142004B030
:10058000BDE87040FFF7DCBD0E9700008D930000C2
:100590009C93000008B51020FFF71CFFBDE8084041
:1005A0000520FFF7CDBD08B51120FFF713FFBDE80B
:1005B00008407820FFF7C4BD37B552BAADF8062021
:1005C00040BA0422ADF804000D462A200DEB0201CA
:1005D0001C46FFF7E1FE04226DBA64BA0DEB02017E
:1005E0002B20ADF80450ADF80640FFF7D5FE2C20C7
:1005F00003B0BDE83040FFF7EDBE38B50D46044608
:10060000FFF74EFE1920FFF7ABFEFFF7BEFE2946AF
:100610002046FFF75DFE1920FFF7A9FEBDE8384030
:10062000FFF74ABE4FF4B47390FBF3F202FB1300E2
:100630001844B0FBF3F203FB12005A28094B02DC0A
:1006400033F910007047B42802DCC0F1B400F7E7BA
:10065000B0F5877FD4BFB438C0F5B47033F910005B
:10066000404270471497000070B500F58054002593
:100670004FF0FF330646C4F8005EC4F8043EC4F8E9
:10068000085EC4F80C5E4FF4F052294608F02AFECA
:10069000C4F8005E304670BD00F5805010B5B0F86B
:1006A0000C3EA3B1B0F8084E8C4212D823449BB242
:1006B0008B420ED9B0F80A3E93420AD8B0F80E1E0B
:1006C000581880B2904294BF0020012010BD012034
:1006D000FCE70020FAE7EF29F8B504460D46164678
:1006E0001F461FD8EF2A1DD8FFF7D6FFD0B104F55B
:1006F0008053D208D3F8041E002901DB914211D1A6
:10070000F02106F0070601FB0655390A04F815101A
:1007100004EB4504012167709140D3F8002E0A4391
:10072000C3F8002EF8BD2DE9F0471446BDF820208F
:10073000BDF82480CD18F02D2244A8BFF025F02A62
:10074000A8BFF022EF2907460E4613D8EF2C11D888
:10075000013A1FFA82F9E108C2F3CC0200F5805099
:100760004FF0010C8A4201D31E2905D1013DADB2E3
:100770004C451AD9BDE8F087D0F8003E0CFA01FECE
:1007800043EA0E03C0F8003E0131EBE75146434611
:1007900022463846FFF79FFF0AF1010A1FFA8AFA3C
:1007A000AA45F3D90134A4B2E2E7B246F8E72DE94D
:1007B000F04F994687B00E461FFA89FC89B2BDF802
:1007C0004050BDF940300093ACEB01071FFA87FAA7
:1007D00014463FB292B2A5EB0208002F1FFA88FB25
:1007E000B8BFA1EB0C010FFA88F8BCBF1FFA81FA61
:1007F0000FB2B8F1000FA2BF521B1FFA82FB0FFA13
:1008000082F8B145D4BF4FF0FF3201220192009A25
:10081000BDF84430A242D4BF4FF0FF3201220AEBB0
:100820000B0502922DB2B1B2EF290AD8A2B2EF2A7B
:1008300007D8CDE904130390FFF74DFFDDE904135A
:1008400003984E4502D1009A944214D01FFA85FCB9
:100850004FEA4C0212B2904505DC019EDC44314463
:100860000FFA8CF50EB29742DDDB029A5544144420
:100870002DB224B2D7E707B0BDE8F08F89B2EF29D7
:1008800007D892B2EF2A04D8036840681B88FFF7A4
:1008900022BF70472DE9F04F85B04FF0000B00905C
:1008A00099465C468EB297B2A14502DA05B0BDE822
:1008B000F08F0EAB0293009B03931FFA89FAA5B247
:1008C00016FA89F317FA84F41BB20FFA84F8A6EB30
:1008D0000A041946424624B202A80193FFF7CEFF4C
:1008E0004246214602A8FFF7C9FF019B7A1B0FFA77
:1008F00082F81946424602A8FFF7C0FF4246214649
:1009000002A8FFF7BBFFAB190FFA83F80AEB070247
:10091000741B12B224B2414602A80192FFF7AEFF47
:100920002146019A02A8FFF7A9FFA7EB0A0212B21B
:10093000414602A80192FFF7A1FF2146019A02A8B1
:10094000FFF79CFFBBF1000F05F10105C8BF0AF1DD
:10095000FF3AABB22CB2C8BF0FFA8AF90BF101050E
:10096000ADB2C8BFA4EB090305EB43050FFA85FB45
:100970009AE710B44468036824781B8889B20CB9DC
:10098000494289B21944C3681B7889B292B20BB943
:10099000524292B2EF290BD883681B881A4492B254
:1009A000EF2A05D8036910BC1B884069FFF793BE86
:1009B00010BC70472DE9F04788B04FF0000A8DF861
:1009C00003300368ADF80610ADF80420B3F9005009
:1009D000064654460DF106070DF103080DF1040912
:1009E000A54202DA08B0BDE8F08710AB0593736842
:1009F00006932946B3680793224602A8CDE90278F8
:100A0000CDF81090FFF7B5FF2A46214602A8FFF760
:100A1000B0FFBAF1000F04F10104C8BF05F1FF35C2
:100A2000A2B20AF1010324B2C8BF2DB29BB2C8BF63
:100A3000621B03EB42030FFA83FAD1E72DE9F04F73
:100A40008BB08146BDF85470BDF85050BDF858B019
:100A50000293884616462FBB0124CDF804B00094BB
:100A6000FFF761FE6A1E3244029B92B2414648463D
:100A7000CDE9004BFFF757FE234632464146484634
:100A8000CDE9005BFFF74FFE029B591E4144CDE9C3
:100A9000005B2346324689B24846FFF744FE0BB05E
:100AA000BDE8F08F029CCDF804B0AC4228BF2C46C4
:100AB0006408BC4228BF3C460B199BB203936300F9
:100AC0009BB204930499029BADF81A404FF0010ABF
:100AD00077195B1ABFB20399CDF800A09BB20593BA
:100AE000FFF721FE7A1E059B03994846CDE900AB2E
:100AF00092B2FFF718FE049BED1A3444ADB2A2B2D5
:100B0000CDE9005B5346414648460492FFF70BFE91
:100B1000029B049A029208EB0304A4B2611ECDE981
:100B2000005B5346484689B2FFF7FDFD029ABDF9C6
:100B30000C100DF11A030025079316ABCDE9083907
:100B400007A82B46009512B2FFF734FFBDF81A1024
:100B500000958A19611A0139534607A812B209B2E1
:100B6000FFF728FFBDF81A10CDF800A07A1A013A55
:100B700041442B4607A812B209B2FFF71BFFBDF88C
:100B80001A30CDF800A0FA1AE11A013A0139534699
:100B900012B209B207A8FFF70DFF80E72DE9F84F61
:100BA000BDF92840BDF92CA0BDF830B006460F466F
:100BB00090461D464FF4B479544501D1BDE8F88FF5
:100BC00004F15A00FFF72EFD684348BFFF3007EBE2
:100BD0002021EF290FD82046FFF724FD684348BFA6
:100BE000FF30A8EB2020EF2805D882B25B4689B2FF
:100BF0003046FFF770FD013494FBF9F309FB134411
:100C000024B2D9E72DE9F74F03EB0109BDF830B065
:100C10000D4690461E4600241FFA89F95C452DD2E8
:100C20000D9B04FB063A04EB080329469FB220E023
:100C30001AF8012B02F003034FEA521E4FEA921CEE
:100C4000C2F3820202EBC2024CEA8E0C520142EA6B
:100C5000CC2203EB830C5B0843EA4C0313439BB2A7
:100C60003A46CDE90001FFF736FD019900980131C0
:100C700089B28945DCD10134A4B2CFE703B0BDE825
:100C8000F08F2DE9F04F85B0984608EB0109BDF8CB
:100C90003830BDF840A0BDF844B000930D4617466B
:100CA00000241FFA89F9009B9C4225D2E21908FB17
:100CB00004F6294692B21AE0DDF83CC00190F30830
:100CC000CDE902121CF803306FEA060C0CF0070C99
:100CD00043FA0CF313F0010F0CBF5B465346FFF7CA
:100CE000FAFC0299039A0198013189B2013649450B
:100CF000E2D10134A4B2D6E705B0BDE8F08F00F52B
:100D00008050C0F8041E704700F58050A0F80C3EDB
:100D1000BDF80030A0F8081EA0F80A2EA0F80E3E7C
:100D2000704700F580500023C0F80C3E704710B5A6
:100D300000230C0A421CC9B200F8134002F8131039
:100D40000133B3F5F06FF7D110BD38B500F580551C
:100D50000446D5F8041E1D290FD8C90089B2CB1D41
:100D60009BB2EF220020FFF727FC4FF47061204672
:100D7000FFF743FC0023C5F8003E38BD0D4A4FF095
:100D80008023C2E900330C4BC3F820250422C3F8AA
:100D9000242501210022C3F82825C3F82C259960B9
:100DA0005960C3F800254FF0A043044AC3F8082552
:100DB000704700BF242F002000C001400040C00049
:100DC0004FF0A04303224FF48041C3F83827C3F803
:100DD00008154FF48001C3F85827C3F80815C3F865
:100DE0005C274FF40002C3F80825114B00220E21A6
:100DF000C3F80025C3F860151621C3F86415172140
:100E0000C3F868154FF00041C3F86C15FF21C3F813
:100E10000425C3F80C25C3F808150221C3F81015E2
:100E2000C3F814250122C3F80025FFF7A7BF00BFB0
:100E300000C0014010B410B910BCFFF79FBF104CA8
:100E40001049642828BF6420C0EB00236422B3FB50
:100E5000F2F30D4A23439BB20120C2F800050B8038
:100E60004B808B800423CC80C2F82015C2F8243537
:100E70000023C2F8283510BCC2F82C3590607047AA
:100E80000080FFFF242F002000C00140FFF776BF45
:100E90001920FFF7CFBF3C20FFF7CCBF6420FFF73E
:100EA000C9BF4FF040230022C3F80421C3F8242116
:100EB000C3F86021C3F85C21C3F848217047F8B536
:100EC00006460D46FFF724F94FF040240746D4F8B4
:100ED000043123B10023C4F804310120F8BDD4F853
:100EE000242122B3C4F82431D4F8C434C4F8C4345F
:100EF0009A071AD413F0040F14BF032304234FF0EE
:100F000040242B700023C4F8043101236361FFF7F0
:100F1000FFF80546D4F804312BB9FFF7F9F8401B68
:100F2000B0F57A7FF6DD0020D8E70223E7E7FFF788
:100F3000EFF8C31BB342CADD01232B706361F2E7F4
:100F40004FF0402370B500224FF0A044C3F80025B5
:100F500040F20D63C4F81C378026C4F818374023CC
:100F6000C4F808650520C4F80835FFF7D9F8092545
:100F7000D4F810355B060BD40520C4F80C65FFF7D8
:100F8000CFF8C4F808650520FFF7CAF8013DEFD196
:100F90004FF0A04440250520C4F80C55FFF7C0F8D9
:100FA0008023C4F808350520FFF7BAF8C4F80855BF
:100FB0000520FFF7B5F80C23C4F81C37C4F8183720
:100FC0004FF040230722C3F808250622C3F80C255A
:100FD000C3F8002570BD08B54FF040214FF0A04286
:100FE00000230C20C1F80035C2F81C07C2F818070E
:100FF0000722C1F8082506204FF0C862C1F80C0589
:10100000C1F82425C1F80032FFF74BFFC1F80005F5
:1010100008BD73B506461546184612B34FF0402476
:101020000623C4F80035FFF73CFF4FF48073C4F883
:101030008865C4F84415C4F84855C4F80032012343
:10104000A36000250DF107018DF80750FFF737FF6A
:1010500028B9FFF775FF9DF8070002B070BDC4F80E
:1010600000520020F9E773B506461546184612B33C
:101070004FF040240623C4F80035FFF712FF4FF469
:101080008053C4F88865C4F83415C4F83855C4F8DA
:1010900000320123236000250DF107018DF8075070
:1010A000FFF70DFF28B9FFF74BFF9DF8070002B0CF
:1010B00070BDC4F800520020F9E72DE9F3471D4642
:1010C000DDE90A8716463AB93B464246294602B050
:1010D000BDE8F047FFF7C7BFB8F1000F05D13B46A9
:1010E00002B0BDE8F047FFF794BF4FF0402406235D
:1010F000C4F80035FFF7D5FE4FF4A053C4F88805B7
:10110000C4F84415C4F84865C4F83455C4F83885A3
:10111000C4F800320123A36000250DF10701384611
:101120008DF80750FFF7CBFE30B9FFF709FF9DF8A8
:10113000070002B0BDE8F087C4F800522846F8E77F
:101140007FB51D4B4FF0A04500241C704FF4806606
:101150000323C5F828370A20C5F80C65FEF7F0FF11
:10116000C5F808653220FEF7EBFF144BC5F8703761
:10117000134B4FF00042C3F81045C3F87C41C3F84D
:1011800004234FF0E0234022C3F88022C3F800215B
:1011900062B601224FF4FA63CDE900230DF10F018D
:1011A0000DF10E0315208DF80E408DF80F40FFF75E
:1011B00084FF04B070BD00BF2D2F00200C00030081
:1011C00000600040014B1878704700BF2D2F0020B1
:1011D00030B5214A1178002393B004460360436080
:1011E00001B113703F252A46002102A808F07AF8C1
:1011F00040F6B833CDE90053184902AB012215205F
:10120000FFF75BFF20BB9DF8093023709DF80A3083
:101210009DF80D209DF80B1003F00F036370120270
:101220009DF80E3002F47062134309029DF80C2001
:1012300001F470610A43EF2AA8BFEF22EF2BA8BF89
:10124000EF23A38023886280003B18BF0123A37192
:10125000204613B030BD00BF2D2F00202C2F0020C2
:1012600070B54FF0A0464FF40043C6F808350A2089
:10127000FEF756FF04250024D6F8103505209B0400
:1012800058BF0134FEF74CFF013DF5D14FF0A043AC
:10129000022C4FF40042C3F80C2594BF002001201B
:1012A00070BD00004FF0A0430322C3F83C274FF469
:1012B0000042C3F80C250C22C3F83427034A00234C
:1012C0001370034A1370034A13707047382F0020BD
:1012D0002E2F00202F2F002037B5FFF7C1FF044627
:1012E000FEF716FF3D4B1A78042A19D8DFE802F002
:1012F00003162949670024B101221A70384B18607F
:101300000EE0384A13785BB1354B37491B68C31A76
:101310008B4205DD147040F2011325E014B91C70F6
:10132000002321E02E4A126844F62061801A884288
:10133000F6DD022119702D4B1A602D4B00221A7018
:10134000EEE70CB90322D8E729490A78002AE7D149
:10135000264B1B68C31A27488342E1DD01230B702B
:10136000204B1A704FF48173ADF804309DF80430AF
:10137000002063F307009DF8053063F30F2003B0EE
:1013800030BD0CB10222DAE715490A6844F620653F
:10139000821AAA42C4DD164A1578124A15B11C7089
:1013A0001470BDE7157825B11C70147040F203135A
:1013B000DAE70124147004221A700860B0E7084AC2
:1013C0001CB1012119701060AAE71268801A064A40
:1013D0009042A5DD1C70034B1C709CE7382F002049
:1013E000342F00202E2F002030570500302F0020F2
:1013F0002F2F002020A10700F0B51AB315461C4678
:101400004FF0000C634505D1A3421BD90C235C436C
:10141000105BF0BDEF888FB12E897EB1B5F802E088
:1014200070450BD37744BFB2B84207D2AF88B942F8
:1014300004D33E44B6B2B14238BF64460CF1010C4D
:101440000C35DFE74FF6FF70E3E70000024A0023A8
:101450001360024A13607047402F00203C2F002089
:10146000024B1860024B1960704700BF402F0020EC
:101470003C2F002037B5324A13680360536843603D
:10148000936883600446FFF727FF10F47F4FADF8A1
:10149000000008D09DF800302BB104222270E371C7
:1014A000204603B030BDFFF78DFE0028F8D0684617
:1014B000FFF78EFE9DF80630002BF1D09DF800302E
:1014C000BDF80200BDF8041060805A1EA1800B2AEE
:1014D000E6D801A555F822F02B1500002B150000C9
:1014E0002B1500002B15000009150000A1140000A9
:1014F000A1140000A1140000A1140000A114000018
:101500000F150000271500000123237003E00523B9
:1015100023700223A3720B4B0B4A1B681268FFF760
:101520006BFF2081BCE70223EFE7023BDBB2032223
:10153000022B227096BF054A0123D35CA371AFE74B
:10154000CE9700003C2F0020402F0020CA970000BB
:101550001FB5044601A880E80E0007C884E80B0008
:10156000069BE360079B23610023C4E905334FF624
:10157000FF73A38304B010BDC0E905127047034692
:1015800010B41C68084611465CB150B14AB11A69E2
:101590001AB1127E023A022A03D89A68234610BC76
:1015A000184710BC704703464069F0B560B1D3F8E6
:1015B00018C0002703466646BC4506D1B44586BF21
:1015C0000C2303FB06000020F0BDDD888DB11C89D3
:1015D0007CB1B3F802E071450BD37544ADB2A942BA
:1015E00007D29D88AA4204D32C44A4B2A24238BF99
:1015F0003E4601370C33DFE7022804D0C31E5842B1
:10160000584140007047012070477FB50B78013B7F
:1016100004460D46042B15D8DFE803F0646420036C
:1016200097000369CA797BB19B7E6BB1012A0BD10C
:10163000062369468DF80030FFF7A1FF20690021DD
:1016400002F0A4F804B070BD1046FFF7D5FF0423E4
:101650008DF800308DF80100022231E08B794A8844
:10166000042B28BF01230F2A12D8032B10D140F2DC
:101670000921ADF800108DF80320694604228DF889
:101680000230FFF77CFF20690028DBD00021D7E77C
:10169000E06808B300F500525168E9B1B2F894115E
:1016A0009BB9183189B201F083FCE36803F500535C
:1016B0000522B3F89431ADF80020ADF802300422D1
:1016C00069462046FFF75BFFBCE7012B04D11829D0
:1016D00038BF18211839E5E703228DF800208DF86E
:1016E0000130B9E78A884988FFF75DFFD8B1837A6E
:1016F000DE06A7D41907068848BFA6835A0704D573
:10170000636813B1A168002098472A78022AF3B2CF
:101710004FEA16260AD18DF800208DF801308DF899
:1017200002600322CCE74FF6FF76EEE72A79A9782C
:101730008DF8042001208DF800008DF801308DF81F
:1017400002608DF803100522BAE78A884988FFF7FE
:101750002AFF0346D0B1827A12F0100016D11E88FB
:10176000530703D563680BB1A1689847AA78A97A93
:101770002B798DF8042008208DF800008DF80110D9
:10178000ADF802608DF80530062299E74FF6FF7636
:10179000ECE7037B10B54BB9D0E90142A24298BFF8
:1017A000A31A99424FF0010302D90373002010BD20
:1017B0001846FCE710B501210446FFF7EAFF20B107
:1017C000A3682268591CA160D05C10BD037B70B572
:1017D00004460E46154623BB1AB3FFF7EBFF03463C
:1017E000207BF8B99BB902212046FFF7D2FF0346C0
:1017F00048B1A2682068511CA160835C0232A260DB
:10180000425C43EA0223207B60B92B800AE0013B63
:10181000DBB20F2B03D8F21892F820201AB902235A
:101820002373022070BD36F81330EEE738B5037B22
:1018300005460C464BB941B1FFF7BCFF0346287B78
:1018400020B93F2B03D902232B73022038BD03F0AC
:101850000302032AF7D0C3F38703012B38BF012308
:1018600022706370F2E700290CBF002000F0010035
:10187000704710B502210446FFF78BFF48B1A368FB
:1018800021685A1CA260C85C0233A3608B5C40EAEA
:10189000032010BD38B504460D46FFF77AFF20B18E
:1018A000A368206818442B44A36038BD10B50446D3
:1018B000EF2C18460CD8EF290AD84AB13BB1144492
:1018C000F02C05DC1944F029CCBF0020012010BD0C
:1018D0000020FCE72DE9F04FA1B088461746002113
:1018E00014222A9C05461E4607F0FCFCB8F1000FA6
:1018F00006D147B102232B70284621B0BDE8F08FF6
:101900007368BB42F6D3CDE91087002730223946F1
:1019100014A812978DF84C7007F0E4FC0A97099709
:101920009DF84C20129B6ABB119A9A422AD90A9AB6
:101930001AB96F683268974203D302222A70AB60EB
:10194000DAE710A8FFF736FF9DF84C30D3B900F165
:101950002003DBB201370F2B6F601AD810A8FFF7F6
:1019600088FF9DF84C30DDF84880074653B90146A2
:1019700010A8FFF70EFF08B1474412979DF84C30AE
:10198000002BCDD02B78002B7FD19DF84C302B70C5
:101990007BE0312837D8002842D0013830283FD8A2
:1019A000DFE810F05A0075009F00EB0041018E0146
:1019B000D6012A027B02AE023E003E003E003E00FF
:1019C0003E00BA0214038403C7033E003E003E00FB
:1019D0003E003E003E003E003E003E003E003E0017
:1019E0003E00FB0351043E003E003E003E003E0030
:1019F0003E003E003E003E003E003E003E003E00F7
:101A00003E00AA04F704602800F091850DD8502804
:101A100000F00585512800F05F85402800F0CF8454
:101A200002238DF84C302B702BE0F02800F0AC85B1
:101A3000F12800F0D2856128F2D110A8FFF7BAFE94
:101A40009DF84C200346E2B9642840F28F850223BA
:101A50008DF84C302B7014E000230DF13E0214A9D8
:101A600010A8ADF83E30FFF7B1FE50B9307A2146EC
:101A7000FFF7F9FE28B12368BDF83E101B68204629
:101A800098472B78022B7FF479AF129B57E710A869
:101A9000FFF790FE074610A8FFF7EBFE9DF84C30CD
:101AA0000246002BEDD10F2F04D902238DF84C30C4
:101AB0002B70E6E720AB03EB4703012123F8300C42
:101AC00007F180036B44307A03F8101C2146FFF7BE
:101AD000CAFE0028D5D0236839465B68204698475F
:101AE000CFE710A8FFF766FE074610A8FFF762FED3
:101AF000804610A8FFF75EFE814610A8FFF75AFE49
:101B00009DF84CB08246BBF1000FBAD103464A465D
:101B100041463846FFF7CAFE20B902238DF84C3003
:101B20002B70AEE74FF480730DF13E0214A910A89C
:101B3000ADF83EB0ADF83C30FFF748FE0028A0D12C
:101B40000FA910A8FFF772FE00289AD1307A21461B
:101B5000FFF789FE002894D0BDF83C202368ADF83B
:101B60000820BDF83E20CDE900A23946D3F808A0F0
:101B700042464B462046D04783E710A8FFF71AFE9F
:101B8000074610A8FFF716FE804610A8FFF712FEC2
:101B9000814610A8FFF70EFE824610A8FFF70AFE46
:101BA0009DF84CB00B90BBF1000F7FF46AAF534629
:101BB0004A4641463846FFF779FE20B902238DF8A0
:101BC0004C302B705DE74FF480730DF13E0214A989
:101BD00010A8ADF83EB0ADF83C30FFF7F7FD002897
:101BE0007FF44FAF0FA910A8FFF720FE00287FF465
:101BF00048AF307A2146FFF736FE00283FF441AF68
:101C0000BDF83C202368ADF80C20BDF83E200292C0
:101C10000B9ACDE900A23946D3F80CA042464B46B8
:101C20002046D0472DE710A8FFF7C4FD074610A8AF
:101C3000FFF7C0FD804610A8FFF7BCFD814610A845
:101C4000FFF7B8FD9DF84C308246002B7FF419AFAA
:101C5000EF2F30D8B8F1EF0F2DD8B9F1EF0F2AD808
:101C6000EF2828D80DF13E0214A910A8ADF83E3097
:101C7000FFF7ACFD00287FF404AF10A8FFF79AFD32
:101C80009DF84C200346002A7FF4FBAE307A2146B3
:101C9000FFF7E9FD00283FF4F4AE22680293BDF897
:101CA0003E30CDE900A33946D2F810A04B4642465B
:101CB0002046D047E5E602238DF84C302B70E0E655
:101CC00010A8FFF777FD074610A8FFF773FD8046C1
:101CD00010A8FFF76FFD9DF84C308146002B7FF474
:101CE000D0AEEF2F2FD8B8F1EF0F2CD8ADF83E3093
:101CF0000DF13E024FF4807314A910A8ADF83C30EA
:101D0000FFF764FD00287FF4BCAE0FA910A8FFF711
:101D10008DFD00287FF4B5AE307A2146FFF7A3FD94
:101D200000283FF4AEAEBDF83C202368ADF8042097
:101D3000BDF83E200092D3F814A042464B463946E7
:101D40002046D0479DE602238DF84C302B7098E654
:101D500010A8FFF72FFD074610A8FFF72BFD8046C0
:101D600010A8FFF727FD834610A8FFF782FD8146E4
:101D700010A8FFF77EFD9DF84C308246002B7FF4C3
:101D800080AEEF2F33D8B8F1EF0F30D8B9F5B47F6C
:101D90002DD2B0F5B47F2AD20DF13E0214A910A8BD
:101DA000ADF83E30FFF712FD00287FF46AAE10A8B0
:101DB000FFF700FD9DF84C200346002A7FF461AE3A
:101DC000307A2146FFF74FFD00283FF45AAE2268D3
:101DD0000393BDF83E30CDF80090CDE901A339461C
:101DE000D2F818905B4642462046C84749E602238F
:101DF0008DF84C302B7044E610A8FFF7DBFC9DF803
:101E00004C300746002B7FF43CAE012804D8022357
:101E10008DF84C302B7034E60DF13E0214A910A859
:101E2000ADF83E30FFF7D2FC00287FF42AAE10A8B0
:101E3000FFF7C0FC9DF84C308046002B7FF421AEAC
:101E4000790010A8FFF726FD9DF84C200346002AD4
:101E50007FF417AE013013F81210EF29D7D810F81D
:101E60001210EF29D3D80132D1B28F42F3D82A7899
:101E7000022A3FF406AE307A2146FFF7F4FC002830
:101E80003FF4FFAD22680093D2F81C90BDF83E20CD
:101E9000434639462046C847F3E510A8FFF78AFCB9
:101EA000074610A8FFF786FC804610A8FFF782FCC3
:101EB000814610A8FFF77EFC9DF84C308246002B2F
:101EC0007FF4DFAD03464A4641463846FFF7EEFC55
:101ED00020B902238DF84C302B70D2E5307A2146A0
:101EE000FFF7C1FC00283FF4CCAD2368CDF800A07B
:101EF000D3F820A042464B4639462046D047C0E59D
:101F0000307A2146FFF7AFFC00283FF4BAAD2368D2
:101F100020465B6A9847B4E510A8FFF74BFC814662
:101F200010A8FFF747FC074610A8FFF743FC9DF8F1
:101F30004C308046002B7FF4A4ADB9F1000F40D1A6
:101F4000EF2F3ED8EF283CD80DF13E0214A910A87F
:101F5000ADF83E90FFF73AFC00287FF492AD10A850
:101F6000FFF728FC814610A8FFF724FC9DF84C30B1
:101F70008246002B7FF485ADB9F1020F21D80146CE
:101F800010A8FFF787FC9DF84CB00346BBF1000F8B
:101F90007FF477AD307A2146FFF765FC00283FF4E7
:101FA00070AD2268CDF80490CDE902A3BDF83E30B3
:101FB0000093D2F8289043463A4659462046C847EF
:101FC0005FE502238DF84C302B705AE510A8FFF71F
:101FD000F1FB804610A8FFF7EDFB0B9010A8FFF770
:101FE000E9FB0C9010A8FFF7E5FB074610A8FFF7E8
:101FF000E1FB9DF84C300D90002B7FF442ADB8F121
:10200000000F4ED103463A46DDE90B01FFF74EFCC7
:10201000002846D00DF13E0214A910A8ADF83E806C
:10202000FFF7D4FB00287FF42CAD10A8FFF7C2FB0C
:10203000804610A8FFF7BEFB814610A8FFF7BAFB49
:102040009DF84C308246002B7FF41BADB8F1020F97
:1020500027D8B9F1070F24D8014610A8FFF71AFCBA
:102060009DF84CB00346BBF1000F7FF40AAD307A07
:102070002146FFF7F8FB00283FF403AD2268CDE9C5
:1020800005A3BDF83E3002930D9BCDE90389CDE950
:1020900000735946D2F82C802046DDE90B23C04757
:1020A000EFE402238DF84C302B70EAE410A8FFF720
:1020B00081FB074610A8FFF7DCFB804610A8FFF75E
:1020C00079FB814610A8FFF775FB9DF84C308246DE
:1020D000002B7FF4D6AC3FBBB8F1020F24D8B9F186
:1020E000EF0F21D8EF281FD80DF13E0214A910A838
:1020F000ADF83E70FFF76AFB074600287FF4C1ACDD
:10210000307A2146FFF7AFFB00283FF4BAACBDF8A8
:102110003E202368CDE900A23946D3F830A04246DC
:102120004B462046D047ACE402238DF84C302B7050
:10213000A7E410A8FFF73EFB814610A8FFF799FB24
:10214000074610A8FFF736FB804610A8FFF732FBC2
:102150009DF84C200346002A7FF493ACB9F1000FA0
:1021600016D1AFB9B8F1EF0F12D8EF2810D8307AE6
:102170002146FFF778FB00283FF483AC22680093E8
:10218000D2F8349043463A4639462046C84778E468
:1021900002238DF84C302B7073E410A8FFF70AFB74
:1021A0000B9010A8FFF706FB804610A8FFF702FB74
:1021B000814610A8FFF7FEFA074610A8FFF7FAFAC3
:1021C0009DF84CB08246BBF1000F7FF45AAC0B98DF
:1021D0003B464A464146FFF769FB78B3BAF1640FC4
:1021E0002CD80FAA14A910A8ADF83CB0ADF83EB099
:1021F000FFF7ECFA00287FF444AC0DF13E0214A97D
:1022000010A8FFF7E3FA00287FF43BAC307A2146B0
:10221000FFF729FB00283FF434ACBDF83E202368CB
:102220000392BDF83C200097CDE901A20B99D3F8A9
:1022300038A042464B462046D04722E402238DF880
:102240004C302B701DE410A8FFF7B4FA074610A815
:10225000FFF7B0FA804610A8FFF7ACFA824610A844
:10226000FFF7A8FA9DF84C308146002B7FF409ACAB
:10227000EF2F3BD8B8F1EF0F38D8642836D80FAA23
:1022800014A910A8ADF83C30ADF83E30FFF79EFA27
:1022900000287FF4F6AB0DF13E0214A910A8FFF759
:1022A00095FA00287FF4EDAB10A8FFF783FA9DF8AC
:1022B0004C200346002A7FF4E4AB307A2146FFF736
:1022C000D2FA00283FF4DDAB22680393BDF83E301C
:1022D0000293BDF83C30CDE900933946D2F83C90EA
:1022E000534642462046C847FFF7CBBB02238DF832
:1022F0004C302B70FFF7C5BB10A8FFF7BAFA0B9054
:1023000010A8FFF757FA074610A8FFF753FA8046C0
:1023100010A8FFF74FFA814610A8FFF74BFA824644
:1023200010A8FFF747FA9DF84C308346002B7FF446
:10233000A8AB53464A4641463846FFF7B7FA58B16C
:10234000BBF11F0F08D8099B072B0BD902238DF86F
:102350004C302B70FFF795BB02238DF84C302B705F
:10236000FFF78FBB307A2146FFF77DFA20B9099B32
:1023700001330993FFF785BB2368CDF80090CDE9C1
:1023800001AB0B99D3F840903A4643462046C847E4
:10239000EDE7099B2BB902238DF84C302B70FFF72A
:1023A00070BB307A2146FFF75EFA18B123682046E9
:1023B0005B6C9847099B013B0993FFF762BB10A830
:1023C000FFF7F8F9074610A8FFF7F4F9804610A8C0
:1023D000FFF74FFA9DF84C200346002A7FF451ABDB
:1023E000EF2F16D8B8F1000F13D007EB0802F02A30
:1023F0000FDC307A2146FFF736FA00283FF441AB74
:1024000022683946D2F8489020464246C847FFF72E
:1024100038BB02238DF84C302B70FFF732BB10A86D
:10242000FFF7C8F90D9010A8FFF7C4F9834610A86C
:10243000FFF7C0F9804610A8FFF7BCF90B9010A871
:10244000FFF7B8F90C9010A8FFF7B4F9814610A86F
:10245000FFF7B0F9824610A8FFF70BFA9DF84C3051
:102460000746002B7FF40DABDDE90B2341465846B0
:10247000FFF71CFA50B3B9F1030F27D8BAF1010FD7
:1024800024D8B7F5805F21D8394610A8FFF702FAA3
:102490009DF84C200346002A7FF4F3AA307A2146A7
:1024A000FFF7E1F900283FF4ECAA22680D99CDE985
:1024B0000473CDE9029A0C9B01930B9B0093D76C9C
:1024C00043465A462046B847FFF7DBBA02238DF849
:1024D0004C302B70FFF7D5BA10A8FFF76BF9804688
:1024E00010A8FFF767F9074610A8FFF763F99DF8F2
:1024F0004C200346002A7FF4C4AAEF2F11D8EF28FE
:102500000FD8307A2146FFF7AEF900283FF4B9AA78
:1025100022684146D2F8509020463A46C847FFF715
:10252000B0BA02238DF84C302B70FFF7AABA10A86E
:10253000FFF740F99DF84C200346002A7FF4A1AA3A
:10254000042805D902238DF84C302B70FFF799BA77
:10255000307A2146FFF787F900283FF492AA2268D3
:102560001946526D20469047FFF78BBA307A2146C4
:10257000FFF779F900283FF484AA22681946926D82
:1025800020469047FFF77DBA10A8FFF713F99DF892
:102590004C200346002A7FF474AA032805D902239D
:1025A0008DF84C302B70FFF76CBA099A2AB10223D0
:1025B0008DF84C302B70FFF764BA68730122307AC3
:1025C0002A732146FFF74FF90A9000B32268194693
:1025D000D26D20469047FFF754BA10A8FFF749F98B
:1025E0009DF84C200346002A7FF44BAA0122E88183
:1025F0002146307A2A74FFF736F900283FF441AAC1
:1026000022681946126E20469047FFF73ABA0A929E
:10261000FFF737BA70477047704770477047704789
:1026200070477047704770477047704770477047F2
:1026300070477047704770477047704770477047E2
:1026400070477047704730B5046D072C11D8651C72
:102650000234056500EBC40520F83410EB709DF8DA
:102660000C302B719DF810306B719DF81430AA70EE
:10267000AB7130BD026D2DE9F34103466AB3511EC3
:10268000013200EBC202016592E8030002AA02E9EE
:1026900003009DF80650AA071FD45C68ECB1986847
:1026A000D8B10268DB689A4217D20C2151436318F3
:1026B0009DF802E09DF803C09DF804709DF8056048
:1026C000BDF8008024F801800132A3F802E0A3F8ED
:1026D00004C0DF801E819D72026002B0BDE8F081FF
:1026E00010B5446D04B12170816D01B10A70C26DE5
:1026F00002B11380036E0BB101221A7010BD704736
:1027000070470846FEF796BB042938B59ABF094BB7
:102710005D5C1E250C462846FDF717FD022C07D1EF
:102720002820FDF70DFD2846BDE83840FDF70DBD1A
:1027300038BD00BFDA97000010B504464068FEF7C8
:10274000F0FA0023237410BD0123018183724068D5
:10275000FEF7EDBA2DE9F04F85B092469DF838208E
:1027600081469DF83C00012A9B460C464FEA8003B7
:1027700011D1B1EB530F4FEA530212D98B1A9CB20D
:10278000DDF8408008EB00030393039B98450AD1D2
:1027900005B0BDE8F08F022AF2D18B4201D2CB1AEC
:1027A000EDE70024ECE718F8015B303D092D0CD96A
:1027B00005230093CDF804B0032352462146484632
:1027C000FDF7B1FF0434A4B2DFE7104BEDB205EB27
:1027D00085051D4400270026EB5DC6F10202D340AB
:1027E000DB070BD50AEB0702A1190123CDF804B0D2
:1027F000009392B289B24846FDF795FF0136032E49
:10280000EAD10137052FE6D1DCE700BF24990000AB
:1028100007B50123C17202730374009240680A462F
:10282000F0230021FEF770FA03B05DF804FB28B135
:1028300019448B1A04D4EF2B04DCDBB21846704722
:102840000023FBE7EF23F9E72DE9F04F85B0D0F83F
:1028500004909DF83880BDF83CA00F461D46C17A13
:102860001346C289007CFFF7E2FF9DF840409DF8C7
:1028700041B014F0FD0F064607D10246CDE9008AAB
:102880002B4639464846FDF74EFF013C012C23D824
:1028900000241EE0B5EB440F4FEA44031CD99845D1
:1028A0001AD9A1B2C1EBC130400080B22B1840440C
:1028B00072184FF0000C80B239440090CDF808A097
:1028C000CDF804C09BB292B289B24846FEF7B6F882
:1028D0000134E3B25B45DDD305B0BDE8F08F2DE9EF
:1028E000F74F04460D461F46C17A9DF83C809DF87F
:1028F00030909DF834B0BDF838A01346C289007CF2
:10290000FFF795FF18F0FD0F064607D1CDE9009AB5
:1029100002463B4660682946FDF705FF08F1FF388F
:10292000B8F1010F0CD8CDE90DBACDF83090606840
:102930003B463246294603B0BDE8F04FFEF77EB86D
:1029400003B0BDE8F08F2DE9F04F85B004460F4687
:102950009946C17A9DF83C60BDF838A01346C289FB
:10296000007CFFF764FF16F0FD0580460FD102B230
:102970000FFA87FBCDF800A0EBB2606803925946CE
:102980000135FDF787FFEBB24B45039AF2D9013EC3
:10299000012E0BD8CDF838A060684B460FFA88F2AC
:1029A000394605B0BDE8F04FFDF774BF05B0BDE88E
:1029B000F08F2DE9F14F077C90F80BB0D0F8048030
:1029C0009DF828A0BDF82C900C461E46594613468B
:1029D000C2893846FFF72BFF53460546594638460D
:1029E000FFF725FF00B20A9033462AB2214640463F
:1029F000CDF82C9001B0BDE8F04FFDF7D8BE2DE921
:102A0000F04F85B005460E9C0E46904600270137D4
:102A1000FBB29E4204F1020402D805B0BDE8F08F7B
:102A200095F810B0E97AEA8914F8013C0391584608
:102A3000FFF7FDFE63780399D5F804A08146584658
:102A4000FFF7F5FE00B20090CDF80480237814F86B
:102A5000021C0FFA89F25046FDF7A9FED7E72DE9CF
:102A6000F047D0F80480BDF82060BDF82470BDF8B0
:102A700028900C461D46C17A1346C289007CFFF798
:102A8000D6FE3FB236B2CDF82890099708962B466D
:102A900002B221464046BDE8F047FEF77FB82DE977
:102AA000FF470546BDF838909DF83040BDF834A08A
:102AB0000E461F46C17A1346C289007CFFF7B7FE57
:102AC000CDF8089040F267134FF00009CDE900936C
:102AD0000FFA80F836B23FB23B466868424631464C
:102AE000FEF75CF84FF4B47314FB03F46423B4FBF7
:102AF000F3F46CB124B2CDE90C94CDF838A0686839
:102B00003B464246314604B0BDE8F047FEF746B8C2
:102B100004B0BDE8F0872DE9F04146689DF81870D3
:102B20000C461D46C17A1346C289007CFFF77FFE22
:102B3000069702462B4621463046BDE8F041FEF797
:102B4000E3B82DE9F04F87B005469DF84CB00392ED
:102B5000159A9DF840609DF844709DF84840BDF876
:102B600050A00492BBF1000F60D1C289C17A007CF1
:102B7000FFF75DFE814674BB06FB07F3BAEB430F1C
:102B800054D3A3461FFA8BF297424FD9049B4A4471
:102B900003EB440A4FF0000892B212E0039B1AF8CC
:102BA000010C059219441AF8023C43EA00230193F0
:102BB00001230093686889B2FDF7B5FD059A08F115
:102BC00001081FFA88F18E420AF1020AE6D80BF1D9
:102BD000010B3444D6E7012C0FD107FB06F39A45CD
:102BE00024D3049B0399CDE91073024668683346E9
:102BF00007B0BDE8F04FFEF705B8032C16D107FB70
:102C000006F30733BAEBD30F10D34FF6FF731293CB
:102C1000049BCDF84CB0CDE9107302460399686867
:102C2000334607B0BDE8F04FFEF72BB807B0BDE85C
:102C3000F08F2DE9F0414568C17ABDF818609DF824
:102C400020809DF81C701446C289007CFFF7EFFDC0
:102C5000099B0697CDE9078302463346214628465D
:102C6000BDE8F041FFF776BD2DE9F0414568C17A36
:102C7000BDF820609DF82C809DF824701446C28910
:102C8000007CFFF7D4FD0C9B0697CDE90783024635
:102C9000334621462846BDE8F041FFF75BBD70B5DD
:102CA000C2894568C17A007CBDF814601C469DF855
:102CB0001030FFF7BCFD0823024605960493214619
:102CC0002846BDE87040FDF72EBD37B54568C2897E
:102CD000C17A007C1C469DF81830FFF7A8FD102330
:102CE00047F6EF31CDE90031024621462846FDF78F
:102CF0001AFD03B030BD2DE9F74F9DF83080BDF8C7
:102D00003CB09DF834A0BDF838901D4604461346EB
:102D10000E46C289C17A007CFFF789FDCDE9008BA0
:102D20002B4602460746314660680AFB05F5FDF76B
:102D3000FAFC632D0CD9CDE90C8960683A4631461E
:102D40006423B5FBF3F303B0BDE8F04FFDF7EBBC34
:102D500003B0BDE8F08F016000F500500023436030
:102D6000C0F88C3180F89631A0F89431704700009B
:102D700070B500F50055A4B0002604464422314643
:102D8000C5E9636685F896610FA806F0ABFA1F4B9C
:102D90000B932B460A330C9304F506530C330D9317
:102DA00020230E9304F506531033209304F50653A5
:102DB0001133174A219304F5065307CA123322939D
:102DC00004F506531633239308AB83E8070001226A
:102DD0008DF828200BAA009204F580516A6804310E
:102DE00002A8FEF777FD95F896316BB1B5F89231F0
:102DF00095F89121934284BF9B1A9EB2B5F8943105
:102E0000B34288BFA5F8946124B070BDE897000074
:102E1000589900002DE9F043036891B00446002B57
:102E20003FD000F500577A68002A3AD01E4ADFF8F2
:102E30007C800025CDE90B2300F58056B7F894314E
:102E40000F95CDE90D55A946ADF83A30043629461F
:102E50002068FDF754FF2068FDF763FF206800211C
:102E6000FDF765FF98E8070008AB83E8070001223B
:102E70008DF828200BAA00927A688DF83C90314694
:102E800002A8FEF727FD01352068FDF75EFF1E2D25
:102E9000DDD120684FF0FF31FDF731FF2068FDF7ED
:102EA00040FF11B0BDE8F08354980000589900002D
:102EB0002DE9F0430D4695B09046002114221F469F
:102EC000044606F00FFA2B6813B1B8F1000F05D1D4
:102ED00002232370204615B0BDE8F083B7F5805F6C
:102EE000F6D8FDF715F9304E814696E8070009AB94
:102EF00083E807000022009241463A460FA8FEF7F9
:102F0000E9FC109BE360119B2361FDF701F99DF83B
:102F10003C30A0EB09006060002BDAD19DF848300E
:102F2000002BD5D005F10409414605F580583A46F5
:102F3000484608F1040806F00BFA49463A4640466E
:102F400006F006FA05F500599DF84C30C9F80470F2
:102F50001BB1BDF84A30A9F808302846FFF708FF32
:102F600005F50050D9F88C110A30FEF779FA96E889
:102F700007000E4B08930CAB83E8070001228DF885
:102F8000382008AA0092D9F80420414602A8FEF78A
:102F9000A1FCFDF7BDF806462846FFF73BFFFDF70D
:102FA000B7F8801BA06095E758990000C098000012
:102FB00010B400F5005494F896311BB9A4F894317C
:102FC00010BC704794F89131B4F892219A4286BFB0
:102FD000D31A9BB200238B4228BF0B46A4F894312E
:102FE00010BCFFF717BF2DE9F041089E0C4696462E
:102FF000DDE906126EB307282BD814F0100528D18E
:1030000014F0010702D0A7071FD52F464FF0020C7E
:10301000DDF8248002EB0C05A8451AD3F42D18D84E
:1030200002B1C1B104F01F0444EA4014347086F8C0
:1030300001E017B1B3701B0AF3701AB106EB0C0074
:1030400006F086F92846BDE8F08101274FF0040C10
:10305000DEE70025F6E70D46F4E72DE9F04FC5B0B1
:1030600081464E9C9846164642B14F9B33B1B4F50B
:10307000805F03D824B1B8F1000F16D1002011E011
:1030800007AFCDE90147F423039301F01C01CDF80C
:1030900000803278A3B241F003014846FFF7A3FF56
:1030A000002836D145B0BDE8F08FF22CE8D901F008
:1030B0001C05A3B245F001010027F02205934FF053
:1030C000F40B0DF11C0AE31B934228BF1346CDE914
:1030D00002AB3A4642441F440193A742009228BFE4
:1030E00041F00201059B32784846FFF77CFF01461C
:1030F0000028C3D03378509A0133337050464F9B29
:1031000098470028BAD0A7424FF0F202CAD2294607
:10311000D9E73378509A0133337001464F9B3846D4
:103120009847BFE707299FBF00EBC102002340F883
:103130003130C2F80330704710B50024E1B20134D9
:10314000FFF7F0FF082CF9D100F58050002380F83C
:103150004430036410BD0268136810B59F2B9FBFF5
:1031600040685C1C1460C15410BDCA08006801F0BE
:10317000070101238B40815C0B438354704700009F
:1031800018B1012801D0022804D1034B0C2202FB04
:1031900000307047002070476499000007B5202276
:1031A0000021019006F09EF801A80121FFF7DDFF44
:1031B00001A80221FFF7D9FF01A80321FFF7D5FFDE
:1031C00004210DEB0100FFF7D0FF01A80521FFF757
:1031D000CCFF01A80621FFF7C8FF01A80721FFF7D0
:1031E000C4FF01A80821FFF7C0FF01A80921FFF7CC
:1031F000BCFF01A80A21FFF7B8FF01A81021FFF7C3
:10320000B4FF01A81121FFF7B0FF01A81221FFF7B9
:10321000ACFF01A81321FFF7A8FF01A82021FFF7A9
:10322000A4FF01A82121FFF7A0FF01A83021FFF78B
:103230009CFF01A83121FFF798FF01A84021FFF76B
:1032400094FF01A85021FFF790FF01A85121FFF73B
:103250008CFF01A86021FFF788FF01A86121FFF71B
:1032600084FF01A8F021FFF780FFF12101A8FFF7FB
:103270007CFF03B05DF804FB2DE9F04F8846ADB04C
:103280009146074618B900202DB0BDE8F08F04AC78
:10329000002501AB012102A8029301950394FFF7D9
:1032A0005AFF294602A8FFF756FF0B2102A8FFF795
:1032B00052FF294602A8FFF74EFF01982F4E231810
:1032C000012222545D70831CF022E118E254031D98
:1032D0004D70E1180630E25401904D702044FFF724
:1032E0005DFF019B03F12002A118A55410224A7032
:1032F0002233032102A80193FFF72DFFAA4631785C
:1033000002A8FFF728FFD6F804B000251BF8053007
:103310000BB1102D2AD1E9B202A8FFF71CFF5D44C2
:10332000AB4525D1317A02A8FFF715FF019B7289C1
:10333000E254E1180AF1010A120A0233BAF1030F4A
:103340004A70019306F10C06D9D1002102A8FFF7BB
:1033500002FF494602A8FFF7FEFE019A424592D8B5
:103360002146384605F0F4FF01988DE70135CDE799
:103370001BF8011B02A8FFF7EEFED1E764990000DD
:1033800010B50822044600211C3005F0ABFF0023D5
:1033900084F82C3010BD70B50D46044606460FCD9E
:1033A0000FC695E803004FF0807386E80300A36121
:1033B0002046FFF7E5FF0023C4E90D3384F82D30E4
:1033C000E38584F8303070BD30B4056835B129B17B
:1033D00022B14369AC46022030BC604730BC704724
:1033E00007B507238DF80510022201A98DF80430D6
:1033F000FFF7EAFF03B05DF804FB13B5046874B18E
:10340000837EB3FA83F35B090A221B01ADF8042023
:103410008DF806300322436901A90020A04702B0BD
:1034200010BD13B504685CB106238DF804308DF827
:10343000051043698DF8062001A903220020A0474A
:1034400002B010BD30B50368A9B0044663B190F86E
:103450003020A0216846FFF70FFF024620B1256803
:10346000636969460020A84729B030BD70B504469D
:1034700008460D46FFF784FE30B1E368E5761BB1E0
:103480006169BDE87040184770BD000070B5002547
:103490000446C0E90D1180F82F5085764576FFF778
:1034A0006FFF01232376A36884F82E5013B161695E
:1034B000284698472046FFF7C5FF236923B1616975
:1034C0000248BDE87040184770BD00BFAB930000D4
:1034D0000A2AF8B504460D46164629D90B78022B60
:1034E00026D14F783846FFF74BFE00B3AB7A0B334B
:1034F0009E421DD304F11C060822A91C304605F08B
:1035000027FF94F82D00012384F82C3040B10822C5
:1035100004F12401304605F0D5FEB0FA80F04009F0
:1035200084F82E0039462046FFF7A0FF0120F8BDA1
:103530000020FCE7002310B50446837680F82F3086
:1035400043760AB1FFF74CFFA36813B1616900200D
:103550009847237E033B012B9CBF02232376204602
:10356000BDE81040FFF749BF90F82F3010B5044672
:103570008BB9A37E012084F82F002BB1042323767E
:10358000A3680BB161699847236923B16169024857
:10359000BDE81040184710BDD793000070B5044631
:1035A0001D46002971D0002A6FD00B78023B092BF1
:1035B0006BD8DFE803F0052B344C6A64716B6A8BBF
:1035C000237E012B61D12046FFF782FF38B92369A2
:1035D000002B5AD061694148BDE87040184700236C
:1035E00084F82F30A3760223237665632046FFF705
:1035F00004FF2369002B48D094F82E006169384AF3
:10360000384C002818BF14462046E5E7237E012BDE
:103610003BD12369002B38D061693348DCE7237E36
:10362000023B022B31D894F82F3065636BB3A07E38
:103630000023984284F82F300CBF02230323237603
:10364000A36813B308BB6169BDE870401847012A3D
:103650001BD0237E023B022B17D84D782846FFF75C
:103660008FFD30B9012229462046BDE87040FFF7A2
:10367000D8BE29462046FFF7F9FE0022F3E7237E55
:10368000023B022B01D80123637670BD237E023BEF
:10369000022BFAD80023F7E7A07E0028F5D00138E6
:1036A000C0B20023A076637660B902232376A368B4
:1036B00084F82F000BB1616998472046BDE870403F
:1036C000FFF79BBE2046FFF74FFFF6E7204601229B
:1036D000BDE870400321FFF72DBF00BF3594000007
:1036E000F8930000149400005494000070B5044650
:1036F0001D46237E023B022B0846114622D86368F2
:1037000003B3F8B1F2B1A27EAAB1667E62699847AE
:10371000C0B9012EA27E10D1062A01D80132A276AC
:10372000002384F82F300323238365632046BDE8FC
:103730007040FFF762BE0126E8E7002AF0D10123BE
:10374000A376EDE770BD0000037E023B022B10B5AF
:10375000044618D8436BC91A42F20F7399420BD929
:10376000036913B141690848984701222046114670
:10377000BDE81040FFF7DEBEB1F57A6F03D3BDE8B8
:103780001040FFF7F1BE10BD7F940000807E00382E
:1037900018BF01207047000007C8024B83E80700EC
:1037A000704700BF442F002070B4064E35682DB11D
:1037B00021B11AB1B368AC4670BC6047002070BC40
:1037C000704700BF442F002070B4064E75682DB1BD
:1037D00021B11AB1B368AC4670BC6047002070BC20
:1037E000704700BF442F0020024AD2F80034002B5B
:1037F000FBD0704700E0014010B5064C237843B978
:1038000005484FF480524FF4FE2105F0A1FD01233D
:10381000237010BD502F0020542F0020024B002297
:103820001A70FFF7E9BF00BF502F002070B50446A3
:1038300016460D4611B90024204670BD002AFAD064
:103840000228F8D8FFF7D8FF0B490C4AA30201EB76
:103850008424C8589042EED16468621EB2F57E7F1F
:10386000E9D2B44228BF34460833224619442846D8
:1038700005F06EFDE0E700BF542F0020544C50537C
:103880002DE9F041074616460C4600294BD0531E41
:10389000B3F57E7F47D2022845D8244D4FEA8728CA
:1038A00005EB8727FFF7A8FF214B45F8083008F103
:1038B0000800324621467E60284405F049FD06F1A5
:1038C00008004044C6F57E72FF21284405F00AFD39
:1038D0001848FFF789FF0223C0F804354FF4FE2192
:1038E000FFF782FFC0F80815FFF77EFF0023C0F83E
:1038F0000435FFF779FFFFF777FF0123C0F80435A0
:10390000FFF772FF55F8043B41F8043BFFF76CFFEB
:10391000B1F5002FF6D10023C0F80435FFF764FF9E
:103920000120BDE8F0810020FBE700BF542F0020FC
:10393000544C505300E00140034A13680BB15068E7
:103940001847002000217047703F002030B50A4D15
:10395000421E00F117034FF0FF3012F8011F4840DC
:10396000082140F300042C40013984EA5000F8D1CA
:103970009342F2D1C04330BD2083B8ED03C808B5EF
:10398000054B182283E803000448002105F0AAFC37
:10399000034B00221A7008BD703F0020583F0020E2
:1039A000543F002070B586B018220021684605F00B
:1039B00099FC182269460020FFF7F6FE17281AD94D
:1039C0000E4B009A9A4216D100236846059C059337
:1039D000FFF7BCFFA0420ED16C460FCC084E354617
:1039E0000FC594E803007368064A5B1A85E8030074
:1039F00018BF0123137006B070BD00BF43544C5371
:103A0000583F0020543F002038B5084D084B2B602C
:103A1000002428466C61FFF799FF29466861182247
:103A20002046BDE83840FFF7CFBE00BF583F00201A
:103A300043544C532DE9F047DFF8D880364C074605
:103A4000FFF77AFF98F8003005460E46002B57D056
:103A5000D4E90232834272EB060151D2B5EB030A7C
:103A600066EB0202D4F810904FEADA3A4AEA424A88
:103A70004FEAE97CA9FB0A01284A00230AFB0C1142
:103A800005F03EFA10EB0A0241F100031F2A73F120
:103A9000000135DB6168B7EB010C6EEB0E0EBCF17B
:103AA0001F0F7EF100012BDB1C49BCEB020C6EEBFF
:103AB000030EACFB010C01FB0EC105F021FADFF88F
:103AC00060E04FF0FF3C70450A4671EB0C01034685
:103AD00041F28931BCBF734662468B4272F10001EC
:103AE000A4BF41F2883300220321C9FB0132002A1E
:103AF00002DA5B1842F100029B0843EA82732361F9
:103B00000123C4E90175E66088F80030BDE8F0479C
:103B1000FFF77ABF543F0020583F002040420F007B
:103B200078ECFFFFF8B5164B1E783EB3FFF704FFA5
:103B3000144BD3E90225904271EB05045E681DD356
:103B4000841A61EB050518690F4AE40B44EA454401
:103B5000ED0BC31700FB05F104FB0311A0FB0407E9
:103B60000023394405F0CCF9341945F1000500195A
:103B700045EB0105002DACBF064600263046F8BDDA
:103B8000543F0020583F002040420F0070B50446CB
:103B9000FFF7C8FF2C4BB0FBF3F307220433B3FB52
:103BA000F2F2C2EBC2023C219B1AE371B0FBF1F3CB
:103BB00001FB1300B3FBF1F201FB12331821637117
:103BC000B2FBF1F301FB1322A07122714FF4C87014
:103BD00040F2B2726426910705D1B2FBF6F106FB02
:103BE000112189B271B9B2FBF0F100FB112189B248
:103BF00041B1002540F26D118B4207D301325B1AAF
:103C000092B2E8E701254FF4B771F5E70F4822803B
:103C10000122022A014600F1010000D145B90978CC
:103C2000994207D90133DBB2A270E370204670BD20
:103C30001D21F5E70132D2B20D2AA3EB0103E8D131
:103C40000C221F23F0E700BF80510100889900007B
:103C5000014B1878704700BF543F00200B4B0122E6
:103C600000215A609A60C3F80815C3F80C110221AC
:103C7000C3F84413C3F804134FF0E0214FF40030AD
:103C8000C1F88002C1F800011A60704700100140BD
:103C900010B5074B074C1A68D4F80405196891420F
:103CA000F9D120F07F4040EA0160090A10BD00BF51
:103CB000783F002000100140F8B50D46AB421C468D
:103CC00028BF2C46074611461E4614B1224605F071
:103CD0003FFBAE423CBF00233B55069B1C70F8BD2A
:103CE00020B140F60422002105F0FCBA704730B53F
:103CF00030B110F8A04B0023A025DAB2944200D8CE
:103D000030BD05FB03F201338154F6E740B103787F
:103D10008B4204D9A02303FB01000430704700202C
:103D2000704770B50446F0B103788B421BD901315E
:103D3000CDB2A026207885420BD30138C0B22070C6
:103D400006FB0040A0220021043005F0CBFA012040
:103D500070BD06FB0540011D9D229C38013505F014
:103D6000F7FAEDB2E6E70020F2E72DE9F04F13464F
:103D70008BB00D46044618B900200BB0BDE8F08F9B
:103D80000029F9D0002AF7D00E78032E03D1FFF7CF
:103D9000A7FF0120F1E7022E25D1012AECD091F8EE
:103DA000018008F102029A42E6D8023500274FF05E
:103DB000A0092378FEB2B342DED909FB06F023182E
:103DC0001B7943450DD1053042462946204405F074
:103DD00079FA30B9314620460BB0BDE8F04FFFF715
:103DE000A0BF0137E5E7012EC6D1012AC4D04F7824
:103DF0007A1D9A42C0D8BFD011F802B007F1060A66
:103E00000BEB0A029A42B7D2501C8A5C049211183A
:103E10000A1D9A42B0D8AB1C0393EB194FF000096E
:103E20009A780592DA7806921B7907936A182B180C
:103E3000089393785078695CD2781B0443EA002396
:103E40000B4343EA02630993A02322785FFA89F8BF
:103E500042450CD80F2A06D94FF0A0082278B2426A
:103E600054D8013AD2B2531C237016B210E003FBAF
:103E700008F022181279BA4245D1053003993A4622
:103E8000204405F01FFAA02300283CD10FFA88F641
:103E9000A022564306F10408A0440021404605F044
:103EA00021FA701D3B46039ACDF80080A7192821FE
:103EB0002044FFF701FF059B87F82D30069B87F80C
:103EC0002E30079B87F82F3006F1300306F13100C2
:103ED0002344009305EB0A025B4620212044FFF7B0
:103EE000EBFE06F1520051362644049B089A0096D8
:103EF00048212044FFF7E0FE099BC7F89C300023CF
:103F000087F8A03045E709F101099EE708FB064064
:103F1000011D9D229C38013605F01AFAF6B29DE784
:103F200018B16422002105F0DDB9704710B50446D0
:103F30009AB008B36422002101A805F0D3F97F23C9
:103F4000642201A901208DF808308DF810308DF819
:103F500018308DF820308DF828308DF830308DF8FD
:103F600038308DF84030FFF71FFC632804D96422F5
:103F700001A9204605F0ECF91AB010BD014618B1B0
:103F800064220120FFF720BC7047F7B504469DF876
:103F9000207028B90025284645EA002003B0F0BD6E
:103FA00090F860C053EA070024D0012000FA02F222
:103FB0002546204600265FFA86FEF4451DD80023DC
:103FC00095F84120002A3CD06A6C8A4239D804EB2B
:103FD000C305002385F841302046FFF7CFFF95F851
:103FE00040000225D8E706F830E00130C5B2AC4504
:103FF000F9D8DAE7661D8646F8E790F801E0BEF1E9
:10400000000F1BD090F805E0BEF1000F16D190F81C
:1040100004E01EEA020F11D090F802E09E450DD197
:1040200090F803E0BE4509D104EBC6030125204604
:104030005D71FFF7A3FF14F83600ADE701360830D5
:10404000B9E70133042B05F10805B9D1A2E713B58F
:1040500003468DF807201C68084634B1DB6801224E
:104060000DF10701A04702B010BD2046FBE7034653
:1040700010B45C68084611462CB122B1A446DB6836
:1040800010BC01226047002010BC704737B50446C1
:104090000FC9002584E80F002582B6227E21204624
:1040A000FFF7D5FFA36813B1E168322098470DF1FF
:1040B0000702002120468DF80750FFF7D8FF28B1EE
:1040C0009DF80730112B03D10123237403B030BDB9
:1040D000132BFBD10223F8E72DE9F34104461646E2
:1040E0000F4621B90025284602B0BDE8F081002A1C
:1040F000F8D00368002BF5D000225921FFF7A7FF65
:104100000028EFD00025A6EB0508B8F1080F28BF5E
:104110004FF00808E368D4F800C0424679195E20E1
:10412000E0470028DED04544AE42ECD801225921B8
:104130002046FFF78CFF05460028D3D0A36813B1B3
:10414000E1689620984700230DF107025F21204681
:104150008DF80730FFF78BFFC5E738B5A82240215F
:104160000446FFF774FF10B90025284638BD002229
:1041700041212046FFF76BFF0028F5D004227D2166
:104180002046FFF764FF05460028EDD00A225321A0
:104190002046FFF75CFF042258212046FFF757FF17
:1041A000E3E7F8B51D46037C044673B1002343746E
:1041B00029B122B1FFF790FF08B1012363742946AA
:1041C0002046BDE8F840FFF7C8BF1846F8BD437C5D
:1041D00013B513B9002002B010BD44680023ADF838
:1041E00004308DF80630002CF4D0C368032201A9F6
:1041F0001E20A0470028EDD09DF806009DF8053050
:10420000000440EA03209DF804301843E3E707B5B3
:1042100000230DF107021C218DF80730FFF727FF5F
:1042200020B19DF80700003818BF012003B05DF8E9
:1042300004FB000007C8024B83E80700704700BF7B
:104240007C3F0020094A08B5136813B94FF47A601F
:1042500008BD906898470028F8DB4FF4FA6358438C
:1042600040F2D943B0FBF3F080B2F1E77C3F00208D
:1042700008B5FFF7E7FF40F6E443984210D941F252
:10428000670398424FF064030CD85843A0F5A1206F
:10429000A0F588704FF46173B0FBF3F0C0B208BDB5
:1042A0000020FCE71846FAE7034A53680BB1906810
:1042B00018471846704700BF7C3F0020014B186824
:1042C000704700BF480000204FF0A043D3F810050E
:1042D00080F48050C0F30030704700001FB54FF0ED
:1042E000A0430C22C3F8302700230393044B01930F
:1042F00001A8044B0293FFF79DFF05B05DF804FB96
:10430000BD420000C9420000014B1860704700BF69
:1043100048000020D0E9013210B593423FBF026847
:104320005C1C4460D15424BF0023037310BD10B53E
:104330000C46C9B2FFF7EEFF210ABDE81040FFF7B7
:10434000E9BFF0B585B072B930238DF80430012390
:10435000591AC9B21BB1013BDBB28B4218D1002301
:10436000037005B0F0BD01AD01230A26B2FBF6F7DC
:1043700006FB1724303405F8014B1446092C3A4645
:1043800001D8DBB2E4E701330B2BEFD10A23DFE7DF
:1043900003F110026A4412F80C2C00F8012BD9E743
:1043A0002DE9F041054606981E461746884604F05A
:1043B000DDFF102104462846FFF7ACFF0021FFF780
:1043C000A9FF4146FFF7A6FF3946FFF7A3FF0121EA
:1043D000FFF7A0FF3146FFF79DFFE1B2FFF79AFF1D
:1043E000069C6618B44201D1BDE8F08114F8011BA7
:1043F0002846FFF78FFFF5E708B50021FFF78AFF92
:10440000BDE80840FFF793BF2DE9F04F046893B073
:104410000546002C00F01A82002900F01782072AB6
:1044200040F2148200230F9301238DF84430237847
:104430000E911092052B00F20982DFE813F00600BE
:10444000B8006701A401BE01E40102A8FFF79EFBCA
:104450000EA80121FFF75EFFFFF7CEFF0221FFF755
:1044600059FF0021FFF756FF4FF6FF71FFF75FFF7F
:104470000221FFF74FFF0121FFF74CFF4FF4FC61D2
:10448000FFF755FF9DF80C300A25B3FBF5F205FB4D
:10449000123330338DF811303A238DF812309DF8F5
:1044A0000D3002F13001B3FBF5F205FB123330336E
:1044B0008DF810108DF8143002F1300104AB8DF836
:1044C0001310002600934622012378218DF81560F1
:1044D000FFF766FF9DF80B30B3FBF5F205FB1233D7
:1044E00030338DF821309DF80A308DF8286002F1C4
:1044F00030018DF82010B3FBF5F105FB113330339B
:104500002D228DF82430BDF808308DF822208DF84A
:104510002520642201F13000B3FBF2F102FB1133DC
:10452000DBB2B3FBF5F105FB113330338DF823001B
:104530008DF8273001F1300008AB8DF8260000938C
:10454000782101230EA8FFF72BFFE37D63B10BADAC
:10455000A2680C212846FFF7F4FE00950123822271
:1045600078210EA8FFF71CFF06ADA2790821284686
:10457000FFF7E7FE0023C82228210EA80095FFF7C9
:104580000FFF2179B34AB44B002918BF1346C82244
:104590000093114602230EA8FFF702FF6379002B58
:1045A0004BD0AE4B0093A02201237821E7E00EA868
:1045B0000121FFF7AFFEFFF71FFF0221FFF7AAFE61
:1045C0000021FFF7A7FE4FF6FF71FFF7B0FEA44BE7
:1045D0000093082201237821FFF7E2FE6F68002F85
:1045E00039D03C7808AD224604212846FFF7A9FEC1
:1045F00000950123182278210EA8FFF7D1FE062C82
:10460000A04628BF4FF006083CB3C8EBC804A4007E
:10461000A4B20EA84021FFF77DFE2821FFF77AFE05
:10462000B421FFF777FE2146FFF781FEDFF824A2D1
:1046300030240026F1B2414511D30EA8F021FFF736
:1046400069FE0021FFF766FE9DF84400002800F097
:10465000FE800F98FBE03C46C4E70124D9E73846CA
:10466000FFF754FB054600284CD00EA83021FFF779
:1046700051FE06F1640189B2FFF759FE0421FFF7EC
:1046800049FEA4F10801C9B2FFF744FEE821FFF793
:1046900041FE1A21FFF73EFE0121FFF73BFE95F890
:1046A0002B30A3F13002092A88BF30234FF00009D4
:1046B0000DF12C0B8DF82C3022464B460C21CDF8F9
:1046C00000B08DF82D90FFF76BFE95F82C20082197
:1046D0005846FFF736FE4B46CDF800B0224628215B
:1046E0000EA8FFF75DFE95F89C303BB1CDF800A019
:1046F0004B462246C8210EA8FFF752FE31210EA8D4
:10470000FFF708FE1C340136E4B293E70EA801213E
:10471000FFF700FEFFF770FE0221FFF7FBFD00210F
:10472000FFF7F8FD4FF6FF71FFF701FE4D4B0093C9
:104730000BAD012314227821FFF732FE227D0421E4
:104740002846FFF7FEFD0023502228210EA80095E1
:10475000FFF726FE627D04212846FFF7F2FD0023C5
:104760006E2228210EA80095FFF71AFEA27D0421D3
:104770002846FFF7E6FD009500238C2228210EA88D
:10478000FFF70EFE59E70EA80121FFF7C3FDFFF763
:1047900033FE0221FFF7BEFD0021FFF7BBFD0BAD8D
:1047A0004FF4FC61FFF7C3FDA27908212846FFF70B
:1047B000C8FD009501236422F7E60EA80121FFF74A
:1047C000A9FDFFF719FE0221FFF7A4FD0021FFF765
:1047D000A1FD0BAD4FF47841FFF7A9FD227F042125
:1047E0002846FFF7AEFD0123502278210EA8009540
:1047F000FFF7D6FD627F04212846FFF7A2FD009552
:1048000001237822D1E60EA80121FFF783FDFFF7EF
:10481000F3FD0221FFF77EFD0021FFF77BFD4FF640
:10482000FF71FFF784FD0C4B00936E22012378216A
:10483000FFF7B6FDF0210EA8FFF76CFD0021FFF792
:1048400069FD9DF84430002B7FF403AF002013B0C6
:10485000BDE8F08FCB940000C8940000C494000021
:10486000C7940000CA9400004FF440623C21C0E9A4
:104870000012826040F6042C4FF48052C0E903C25B
:104880007047000073B50F4C064694E803000822F9
:10489000CDE9000169460220FEF786FF07280A4A93
:1048A00006F1280308D90199914205D1DDE90001FB
:1048B00083E8030002B070BD94E8030083E80300BE
:1048C000F262F7E79499000053544C5330B50368F3
:1048D00085B00446C3B100F11403019300F5B3554C
:1048E00000F6144302931C3500F5B05318332946E3
:1048F0004FF4007201A80393FFF786FD014618B13B
:104900002368E2682846984705B030BD70B5044674
:1049100015460FC9256184E80F004FF4406200215D
:1049200004F1140004F0DEFC0026642304F5B05505
:10493000A37604F6144018352675FFF7D1F92846FA
:10494000FFF7EEFA2846FFF7F1FA2046FFF79AFF45
:10495000FFF728F8206938B1037C2BB194F829308F
:1049600032463146FFF71DFC2046BDE87040FFF798
:10497000ADBF10B5012304460383002100F61440A7
:10498000FFF7B5F9237D052B04BF002323752046CF
:10499000BDE81040FFF79ABF037D41760BB9FFF7E2
:1049A00095BF704710B5044600F61440FFF7DDF9D7
:1049B00038B1237D012B04D12046BDE81040FFF71C
:1049C00085BF10BD10B504460846FFF733F82046F2
:1049D000BDE81040FFF77ABF00F58053012283F84D
:1049E0008828836813B1C1683720184770470423AB
:1049F00010B50375436880F83010044680F8312004
:104A000013B1C168022098472046FFF7E5FF204612
:104A1000BDE81040FFF75ABF73B50446006918B3EC
:104A2000037C0BB3FFF7D3FB0546FFF77BF8064685
:104A30006846FFF7ABF89DF805309DF804203C214F
:104A40004B434FF4616101FB02339DF80620134490
:104A5000F61A636A0BB1B34201D0C4E90856236A5F
:104A6000AB4298BFED1AE56102B070BD10B50446C7
:104A7000FFF7FEFBA076FFF717FCE37D60B1012294
:104A80008BB90323E27523752046FFF7A5FF204667
:104A9000BDE81040FFF71ABF33B1237DE075032B4B
:104AA00003D12075F3E71346E37510BD10B586B04A
:104AB0000446FFF7CDF800B304A8FFF767F8FFF747
:104AC00031F89DF815300093014604F5B0509DF87B
:104AD00014309DF817201830FFF757FAC1B201299A
:104AE000ADF80C0007D19DF80D20204606B0BDE8BA
:104AF0001040FFF77CBF0229F5D006B010BD10B5FD
:104B000090F82830044683B1006970B1FFF77FFB4D
:104B100058B12046FFF760FF237D0BB1052B04D170
:104B20002046BDE81040FFF7D1BE10BD70B500F5BE
:104B300080560446D6F88038CB1AB3F5FA6F0D4686
:104B400008D3FFF769FF237DC6F8805813B92046C4
:104B5000FFF7BCFED6F8843841F28732EB1A934255
:104B600004D92046FFF782FFC6F884582046FFF795
:104B70009DFF2046BDE87040FFF7C1BF10B5044659
:104B8000FFF72AFF237D042B06D10023237520463F
:104B9000BDE81040FFF79ABE23B15A1E534253415D
:104BA0005B00F3E70123F1E713B5FF2305248DF83C
:104BB00007308DF80640FBF773FB2046FBF7D0FB70
:104BC00001230DF1070219460DF10600FBF79EFBCC
:104BD0002046FBF7CCFBFBF76FFB9DF8070002B00C
:104BE00010BD000010B5054CFFF7DEFFC30704D56C
:104BF0003220FBF795FA013CF6D110BDA0860100EA
:104C000007B58DF80700FBF74BFB0520FBF7A8FB6A
:104C100001210DF10700FBF75BFB0520FBF7A7FB6C
:104C2000FBF74AFB03B05DF804FB000010B5064C2F
:104C300023783BB1AB20FFF7E3FF3220FBF770FA9C
:104C40000023237010BD00BF883F0020014B0022CD
:104C50001A707047883F002007B5FFF7E7FF9F23D2
:104C60008DF803300023ADF804308DF80630FBF7E3
:104C700017FB0520FBF774FB03230DEB030001AAD0
:104C80000121FBF743FB0520FBF771FBFBF714FB4E
:104C90009DF804000138C0B2FD288CBF002001201F
:104CA00003B05DF804FB73B5054614460E4619B310
:104CB00012B31318B3F5800F1ED8FFF7B7FF032305
:104CC0008DF804302B0C6DBA8DF80530ADF8065018
:104CD000FBF7E6FA0520FBF743FB04210DEB01008F
:104CE00023463246FBF712FB0520FBF740FBFBF7A0
:104CF000E3FA012002B070BD0020FBE7F0B50546E5
:104D0000C3B016460C46A1B3531EFF2B31D852FA3E
:104D100080F3B3F5807F2CD81318B3F5800F28D813
:104D2000FFF784FF01AF0620FFF76AFF02233B7005
:104D30002B0C6DBA7B707D8020460DF10703A21904
:104D400010F8011B03F8011F9042F9D1FBF7A8FAF4
:104D50000520FBF705FB311D3846FBF7B9FA0520A6
:104D6000FBF705FBFBF7A8FAFFF73CFF012043B078
:104D7000F0BD0020FBE713B50446C0F30B0020BBD9
:104D8000B4F5800F1FD2FFF751FF0620FFF738FF61
:104D900020238DF80430230C64BA8DF80530ADF86B
:104DA0000640FBF77DFA0520FBF7DAFA04210DEB4C
:104DB0000100FBF78DFA0520FBF7D9FAFBF77CFA27
:104DC000FFF710FF012002B010BD0020FBE700003C
:104DD00010B5064C23783BB90520FBF7C8FAB9207B
:104DE000FFF70EFF0123237010BD00BF883F002096
:104DF000FFF71CBF0020704708B50803FFF7BBFF93
:104E000000280CBF6FF00400002008BDF8B5069C18
:104E10001E4602EB01350CB92046F8BDB4F5807F83
:104E2000274628BF4FF480773A4631462846FFF799
:104E300065FF18B13E443D44E41BECE76FF004000D
:104E4000EBE710B510460C46029A194600EB043009
:104E5000FFF729FF00280CBF6FF00400002010BDF1
:104E600010B586B01346074A039203AA00920024A5
:104E70000A4601460448CDE9044403F087FA06B027
:104E800010BD00BF8C3F00202443002038B5244DC6
:104E90002C78002C35D1FFF7D9FEFFF7A9FFFFF7DB
:104EA000DBFE542221461F4804F01CFA1D4A1E4B0B
:104EB00053601E4B93601E4BD3601E4B1361102337
:104EC0004FF48051C2E905334FF48063C2E9071300
:104ED0004FF480704023C2E90A034FF4FA7353621F
:104EE000154B5363154B93631548164BD36311460B
:104EF00003F024F938B91449114803F081FB012368
:104F00002B7001240AE007490D4803F0B9F828B9CD
:104F100004490B4803F012F90028ECD0204638BDB4
:104F2000CC420020D0420020434E00000D4E000035
:104F3000F94D0000F54D0000CC410020CC40002090
:104F4000244300208C400020CD940000FFF740BF98
:104F5000F0B51D46194B1B7897B006460F46144610
:104F600013B9002017B0F0BD0028FAD0002AF8D0FD
:104F7000002DF6D0FFF73CFF0122314601A8FFF7D4
:104F80006FFF03460028ECD10D483A4601A903F013
:104F900034FB002804DA01A9094803F009FBE0E723
:104FA00022462B4601A9064803F00EFB01A9044640
:104FB000034803F0FDFA24EAE470D3E7CC42002072
:104FC00024430020F0B51C461A4B1B7897B00646C8
:104FD0000F46154613B9002017B0F0BD0028FAD0CF
:104FE000002AF8D0002CF6D0FFF702FF4FF48172B0
:104FF000314601A8FFF734FF03460028EBD10E48E5
:105000003A4601A903F0F9FA002804DA01A90A488E
:1050100003F0CEFADFE723462A4601A9064803F04B
:10502000EAFA01A90546044803F0C2FA631B584294
:105030005841D1E7CC42002024430020084B10B552
:105040000446187848B14CB1FFF7D2FE0548214616
:1050500003F032F9B0FA80F0400910BD2046FCE7B9
:10506000CC420020244300200068704700234FF406
:105070008062C0E906334375C3820362828480F88C
:105080002630704713B5C4686CB1084B02691B88A1
:10509000ADF80430838C8DF805301B0A8DF806308E
:1050A000032101A8A04702B010BD00BF9C990000D9
:1050B00070B50C46064605460FCC0FC523682B601D
:1050C0003046FFF7D3FFBDE87040FFF7DBBF13B5F5
:1050D000C468BCB111230093C38A8DF801301B0A48
:1050E0008DF80230036A8DF803301A0A8DF8042017
:1050F0001A0C1B0E8DF805208DF806300269072169
:105100006846A04702B010BDC36807B543B112227C
:105110008DF804208DF805100269022101A8984736
:1051200003B05DF804FB2DE9F041044615460E4638
:10513000002900F0C680002A00F0C3800B78013BF4
:10514000032B05D8DFE803F002428E990B2D01D81E
:10515000022105E090F81580B8F1000F05D001217B
:105160002046BDE8F041FFF7CFBFB1F80130C38260
:10517000C81CFFF779FFA0610346C81DFFF774FF45
:10518000E061CF7A202FE3D807F10C02AA42DFD8E2
:10519000013BB3F5003F01D30421E1E73A460C316E
:1051A00004F12600274404F0D3F84FF4806387F815
:1051B0002680A38401236375A368C4F820800BB103
:1051C000206998472046FFF75DFF1CE0437D002BD8
:1051D000BED0062DBCD9C28AB1F801309A42B7D1EF
:1051E000C81CFFF741FF237D0746073D43B1B5F5D6
:1051F000807F05D906212046FFF786FF4FF4807592
:10520000236ABB4204D02046BDE8F041FFF75FBFF0
:10521000A269EB1993429BD8A38CAB429FD3D4F8DD
:105220000080B8F1000F08D105212046FFF76CFF80
:105230002046BDE8F041FFF719BF23692A46F11D5A
:105240003846C0470028EFD0236A2B442362A38C42
:105250005B1B9BB2FF2B01D9A384D4E74FF480637F
:10526000A384AFE783680BB1006998472046FFF736
:10527000FDFEBDE8F041FFF705BF437D002B3FF485
:1052800067AF022D7FF664AFC28AB1F801309A424F
:105290007FF45EAF8369016A99427FF459AF456834
:1052A0002DB10369C2692630A8470028DED1032149
:1052B0002046FFF729FFA368002BB9D02069984743
:1052C000B6E7BDE8F0810000024A13680BB15168EF
:1052D00018477047A843002008B5FAF7F3FF50B904
:1052E000054BC3F800054FF04023C3F80005BDE8A7
:1052F0000840FFF72BBE08BD00300040044B0722DA
:10530000C3F800254FF040230622C3F8002570475C
:10531000003000404FF0804301220249DA6702204A
:10532000FAF75EBFD594000007B50C23ADF8043042
:1053300001A9FFF7E3FF442040F6B8330222FBF750
:1053400068FEFFF7C9FF03B05DF804FB03C808B5AA
:10535000184B83E80300184B02221A70174A0023E7
:105360001370174A1370174B01221F215A609A605D
:10537000C3F808154FF48031C3F84413C3F804137D
:105380004FF0E0211020C1F88002C1F88402C1F87A
:105390000001C1F804011A604FF08043DA67FFF79B
:1053A000C3FFFFF799FFBDE8084007490320FAF75C
:1053B00017BF00BFA84300204C000020A7430020D7
:1053C000A64300200040024020950000F8B52C4C78
:1053D0002C4DFFF793FF082100230122C4F800356C
:1053E000C4F8F025C4F8F435C4F8F835C4F810153D
:1053F0002549C4F81435C4F81815C4F82C56C4F857
:105400003026C4F80025C4F80031C4F80431C4F8CB
:1054100010312260FAF77CFE41F288370646D4F854
:10542000003123B9FAF774FE801BB842F7D9012383
:105430006360FAF76DFE124E044641F28837D6F8E3
:10544000043123B9FAF764FE001BB842F7D90123EF
:10545000B360FAF75DFE0A4E044641F28837D6F88B
:10546000103123B9FAF754FE001BB842F7D90023D4
:10547000C6F80035FFF730FFB5F90000F8BD00BFF2
:1054800000700040A443002000050200014B187882
:10549000704700BF4C00002038B5354B1D78854261
:1054A000044664D018703348FAF771FEFAF730FEFC
:1054B000FAF780FE3048FAF76AFE032D96BF2F4BAD
:1054C0002F4853F82500FAF762FE2E48FAF75FFEE0
:1054D000032C96BF294B2A4853F82400FAF757FEAD
:1054E0002948FAF75DFE032C41D8DFE804F00217E3
:1054F0002633264CFBF7CAFC23783BB9FFF7FEFEA8
:10550000FBF748F801232370FFF7E6FEFFF7E4FE00
:105510004FF4C870BDE83840FFF7D6BE1B4C237867
:105520002BB1FFF7EBFEFBF73EF800232370FBF7F0
:10553000AFFCBDE83840FFF7CFBE144C23782BB149
:10554000FFF7DCFEFBF72FF800232370FBF7A3FC2B
:105550001820DFE70D4C23782BB1FFF7CFFEFBF7C8
:1055600022F800232370FBF799FC0C20D2E738BD0A
:105570004C0000206095000082930000A09900007C
:105580005E950000699500007E930000A74300200F
:1055900038B5057804461DB1022D14BF0225032538
:1055A0002846FFF779FF15B1207AFBF743FC6089A5
:1055B000BDE83840FFF788BE10B588B3194C1A4AC9
:1055C00000232370D2F80415C2F84031B0F57A7F79
:1055D000034628BF4FF47A734FF47A709B02B3FBF3
:1055E000F0F30B4423F07F43C2F84035FFF774FE1D
:1055F0004FF080430122DA674FF0E022D2F8103DED
:1056000043F01003C2F8103D40BF20BF23781BB900
:10561000FBF7D8FD0028F8D0034B0022C3F8402147
:1056200010BD00BFA64300200040024003680133C4
:1056300004D04068431C58425841704701207047CD
:1056400010B50B6804689C4209D0406849688842DC
:1056500005D08C4203D0181A18BF012010BD0020BD
:10566000FCE7D1E9003210B504689C4202D14168E0
:10567000914206D0944206D14068C31A584258411C
:1056800010BD0120FCE70020FAE740F30903B3F165
:10569000FF3F08BF0130C0F309000430704710B568
:1056A000031F0439083053F8042F51F8044F834284
:1056B00082EA04021A60F6D110BD0346006830B9D0
:1056C0005A682AB99868B0FA80F0400970470020FB
:1056D000704708B503681B0D13F4E06304D0043071
:1056E000FFF7AEFF80F0010303F0010008BD826AFE
:1056F00000F1280302B970471A688A4202D10A6889
:105700001A60704713461268F4E7C36E426D19447D
:10571000891AB1FBF3F203FB1211836D8B4208D996
:10572000CA08406E01F0070101238B40815C0B43E6
:105730008354002070470000194B1A4A11F0805F13
:1057400030B508BF1C46036818BF144683EA01053C
:1057500025420DD043F30904013409D001EA0204C3
:10576000114A1A4042F09F4242F4E002944203D1AF
:1057700000230360012030BD0A0D02F4E064B4F59B
:10578000806F05D1C3F38924C1F389218C4201D2F2
:105790000020F0E752B203EB82230360F8E700BF7A
:1057A00000FC0F7000FCFF7F00FC0F0008B50246F4
:1057B0000846FFF76AFF136803441360002008BD22
:1057C000036801330360002070472DE9F04F87B074
:1057D000DDE911480393836E139EDB691746A21916
:1057E0009A428346894607D8C36E002B00F0938007
:1057F000109A934200F28F806FF0530088E0B9F165
:10580000000F3FD0D9F80030109A93423AD1D9E92D
:10581000015305EB030AA24534D9A54214D8AAEBDB
:10582000040AB245D9F80C1028BFB246651B4046A1
:105830005246294403F08CFDD0445444A6EB0A069A
:10584000002EDCD1304663E02D1BB54228BF354623
:105850003B68109A93421BD1D7E901130B44A34232
:1058600016D9A14210D81B1B9D4228BF1D46FB68BC
:10587000611A40462A46194403F06AFDA8442C44A4
:10588000761BDDE73546E3E7091B8D4228BF0D4651
:10589000DBF8680042684169B4FBF1F39446039A6F
:1058A000964201FB134316D3ABB98E4213D3B5FB1B
:1058B000F1FA01FB0AFAA5EB0A0304931099CDF85B
:1058C00000A043462246E04710BB049B5B1BD0442C
:1058D00054441E44B4E7059D109A3A600D44254493
:1058E000B5FBF1F54D43C169E21A1B1B8D4294BF14
:1058F0005B195B18816A7A608B4228BF0B46BB60DC
:105900000093FB6810996546A84700283FF477AFDD
:1059100007B0BDE8F08F039B013B059390E70000C3
:105920002DE9F04FD1E9039587B006463C300F468C
:105930009A460595FFF7CDFE9046044680B1C2F326
:1059400089246CB1F36BCAF38922C3F38923934290
:1059500004D16FF0010007B0BDE8F08F6CD30024D4
:10596000C8F3892B2846FFF790FE031D4B45F0D85E
:10597000A9EB000905AACDE90192042303933A6833
:105980000092002132463046FFF71FFF0028E2D187
:10599000059B1BBA6B4023F000430593BBF1000F3E
:1059A0001ED0290D01F4E062B2F5806F18D1AAEB88
:1059B0000402C2F3892CC5F38920844510D322F058
:1059C0007F4222F4700222F47F7222F0030242F03E
:1059D000804242F48012AA42BBD049B204EB812437
:1059E000AAEB0401694011EA080127D145F3090334
:1059F0000133AED0129BC5F30908984528BF9846DD
:105A0000119B0293109BCDF80C8004334B440193FF
:105A10003B680093324643463046FFF7D6FE0028E7
:105A200099D1129BA3EB0802119B014603EB0800DE
:105A300003F058FC60198EE7014C91E71D4691E791
:105A400000FCFFFF1FB5C3F309040294069C0194F8
:105A500000240094FFF764FF04B010BD30B587B098
:105A600003AD094B00951446084AFFF7EBFF0028E9
:105A700004DA831C00D1002007B030BD294620463F
:105A8000FFF70DFEF7E700BF0C00F07F0000F07F8E
:105A900030B5134687B00268044604AD0820916E05
:105AA00003900295586801901B680093CB691046DB
:105AB00002F11001FFF789FE18B9211D2846FFF7F2
:105AC000BFFD07B030BD00002DE9F04FABB00025A1
:105AD0001F46CDE90A55BDF8E0300593BDF8DCB0AE
:105AE000BDF9E43006908A460493A9463846FFF78C
:105AF000CCFDDAF80C3000EB0208984565D204239F
:105B0000039309ABCDE90183069ADAF800300093DC
:105B1000002104231046FFF758FE002840F01981A9
:105B2000099B1BBA7B4043F00047DAF800300A9328
:105B300008F104030B9309973C460AAB369A89EAAD
:105B400004061640844A16403DD1369AC2F3892293
:105B5000002A00F0A4804FF03C0C0CFB05FC0CF17B
:105B6000A8026A44349942F86C1C359942F8681CC2
:105B7000369942F8483C42E91919059922F85A1C0D
:105B8000049922F8581C3A9942F8541C3B9922F87F
:105B90005CBC42E91414DDE90A010CF1A80342F8E7
:105BA000707C42E91EA80DEB030C443AACF14C03A7
:105BB00082E80300CDE904663B93684B36960135D5
:105BC000B1463A93B346424690E7359B002B40F3EB
:105BD000BE803499349B0831349135991C680994FE
:105BE00001395B6835919046A8E7B2F5817F1ED1F7
:105BF0001C460026099BC3F309029642E3D2049A8D
:105C0000A168C3F38923134441EA8321237862689E
:105C100003F5407341EA0351DDE93A309847002823
:105C2000C0F2978004F10C04CDD10136E2E71A46A8
:105C3000049B04EB8321DDE93A3098470028C0F249
:105C40008880C0D0002D00F084802AAB013D3C222A
:105C500002FB053252E91C73349352F8683C3593C9
:105C600052F8643C369352E9110132F85A3C0593DC
:105C700032F9583C04930AAE52F8543C3A9352E934
:105C80001EA852F8503C52F84C4C3B9386E8030057
:105C900052F8609C32F85CBC52F8483C0994369A41
:105CA000C2F3892232B1C4F389225A458BD30599B4
:105CB0008A4288D2C4F30A52002A84D040F20111E9
:105CC0008A4292D1254A07933A9B93423FF47BAF95
:105CD0003C222AAB02FB05360021A6F1780003F036
:105CE00001FB349B46F86C3C359B46F8683C369B80
:105CF00026F85CBC46E91939059B26F85A3C049BFA
:105D000026F8583C3A9B46F8543CC4F3090B3B9B9D
:105D100046F8503C0BF101030593C4F38924049B1E
:105D20000F4A46F8707CA4EB0B041C4423B2049386
:105D3000079B46E91EA89A460023CDE93532013576
:105D40004FF0005934934FF0FF3798463BE700205F
:105D500078E72BB0BDE8F08F0000F07F39570000E6
:105D600000FC0F602DE9F04F85B09846836E0F9DC3
:105D7000119EDB691446AA199A42074689461ED924
:105D80006FF0530042E02368E06802331DD1D4E98C
:105D900001130B449D4218D28D4216D3A3EB050A82
:105DA000B24528BFB246691A01445246109803F022
:105DB000CFFA109B534410935544A6EB0A0646B302
:105DC0006FF0010B08F1FF3ADDE7B96EC4F800B0DF
:105DD000D1F814C0896AB5FBFCF20AEB0C032B4422
:105DE000B3FBFCF30CFB03F38B4228BF0B460CFB0D
:105DF00002F26260A3604946CDE9010300920E9B66
:105E0000054A3846FFF78CFD0028BCDA05B0BDE82E
:105E1000F08F3046FAE700BF00FCF7FF2DE9F04FA6
:105E200087B00646119F884691469A4600240DF198
:105E3000100BA74203D8002007B0BDE8F08F3D1B30
:105E4000109B082D28BF0825E318CDE900A3CDE954
:105E500002B5A9EB0403424600213046FFF7B5FC2A
:105E60000028E9D1129B2A461868594602F06CFCBA
:105E7000129B2C441860DCE72DE9F04F97B01646D2
:105E80000A93C36E126807460D4653B1934205D874
:105E90006FF05304204617B0BDE8F08F71688B4255
:105EA000F6D900214FF004080EABCDE901130092A2
:105EB000CDF80C8043463A463846CDE90E11FFF73F
:105EC00084FC044610B110F1540FE3D1CDF80C80DE
:105ED0000FAB4FF000080293CDF804807368009375
:105EE0003A46042341463846FFF76FFC0446002833
:105EF00048D010F1540FCDD1414656F821302B60D7
:105F000081F00103099356F823306B6016AB03EB65
:105F100081014FF0FF3451F8203CAB600023EB606F
:105F200002230893A34A92E8030010AB83E803001E
:105F3000042205F108014FF0FF3002F005FC0023B8
:105F4000CDE906330C90A14605934FF0FF389B46F0
:105F50004046FFF79AFB0422BB6E039283440DAACE
:105F6000CDE901B22A680092DB693A460021384641
:105F7000FFF72BFC064668B116F1540F00F01881AC
:105F8000344687E7DDE90E31C91A0029D4BF002164
:105F90000121B2E70C9804220DA902F0D5FB0D9B5C
:105FA0000C901BBA88EA030ABAF1000FCDF834A0AE
:105FB0001DDA4FEA185303F4F063A3F5A0667342A9
:105FC0007341EA68002A40F0FB80D5E90032C5E958
:105FD0000023099A16AB03EB820353F8203CAB6015
:105FE000089B012B3FF454AF012308939AE75046D6
:105FF000FFF74BFBBB6EDA6900EB0B03934200F239
:10600000D7804FEA1A5101F4F061B1F5A06F2B6807
:106010000BF1040833D10421039114A9CDE90181C6
:1060200000933146134638463A46FFF7CEFB064604
:106030000028A1D1149A0C9B9A4240F0B9800D9B84
:10604000F86A1B0D04220CA98AEAC37A02F07CFBD1
:10605000F8620D98FFF719FB059BAB82109BAB61B3
:106060005844119BEB61C5E9030A069BEB754FF0A1
:10607000FF330C934B464C46D046994668E70CA933
:106080000438CDE90080029138463946FFF7C6FE54
:10609000064600287FF470AF0D9B190D11F4E060E7
:1060A0001CD1059AC3F389239A4201D80133059381
:1060B0000D99209B0A9A4B4013400B9362D12A689A
:1060C000DDE92230CDE9142814AA9847061E0B9B5F
:1060D00055DA16F1540F3FF474AF51E7B0F5806F05
:1060E0001DD1059A48B242FA81F18AB20592324A2C
:1060F00009EA020242F09F4242F4E002934202D1D6
:1061000049F00049D4E7B9F1FF3FD1D0C3F3892367
:10611000C9F389229342CBD809EB8029C8E7B0F5AF
:10612000C06F2B6813D101F0010208210692BA6EEC
:10613000039110A9CDE901810093D36931463A4614
:106140003846FFF742FB06460028B1D014E7C1F3FA
:106150000A0240F2FF518A42AAD10821BA6E039185
:1061600012A9CDE901810093D36931463A463846F8
:10617000FFF72BFB54301BD00123079398E70D9BAF
:1061800003D199464B46A14675E70C4A89EA0301BB
:106190000A4052B1022EF5D1C9F38922C3F38921F5
:1061A0008A42EFD343F00049ECE74FF0FF39E9E7CB
:1061B000002306E7B099000000FC0F0000FCFF7F01
:1061C0000021A97513B3B96E8869B2FBF0F300FB27
:1061D0001323DBB9079BCBB14FF0FF33149314AB00
:1061E0000293129BCDE900233846CA692B683946D1
:1061F000FFF714FE20B110F1540F01D0044649E618
:10620000DDE91332981A43424341AB75294607F141
:106210003C00FFF75EFA88B1FB6BC4F38922C3F33D
:1062200089239A4204D144F00044219B43B912E0EF
:10623000611CFAD09A4288BFA4F58064219B3BB1CF
:10624000AA8AC4F38923934228BF1346219A138054
:10625000002CBFF61FAEAB8AC4F38924A34294BFBF
:1062600000246FF0010415E62DE9F04F002301250D
:106270008BB0C2E906354FF0FF33CDE90533DFF8C7
:106280007890DFF878A00746884614462E4604F139
:10629000180B5846FFF7CAF910B16FF0010024E05F
:1062A00005A95846FFF7DDF910BBAE4205D1A36939
:1062B0000593E369069375000646D8F80030089305
:1062C000D8F80430099307ABCDE902930023CDE958
:1062D00000A35A460A4B0797214638460136FFF776
:1062E000CBFD0028D3D0831CD1D00BB0BDE8F08FFC
:1062F0006FF05300F9E700BF915A0000080000203A
:10630000FF03F07F1FB50023CDE9023301934FF067
:10631000FF330093FFF7B0FD05B05DF804FB2DE9F6
:10632000F74300230124C2E906344FF0FF33CDE9DF
:106330000033074688469146254602F11806304646
:10634000FFF774F910B16FF001001BE069463046A9
:10635000FFF787F9C8B9A54207D1D9F818300093DB
:10636000D9F81C3001936C00054641463046013592
:10637000FFF766F930B1324649463846FFF7C2FFAB
:106380000028DCD003B0BDE8F0836FF05300F9E7DC
:106390002DE9F04F8DB01668069281468846059328
:1063A0001BB1059A40F2FF331380D9F82030C8F8AA
:1063B0001830444CD9F82430C8F81C3042493046D3
:1063C00002F0B6FF35184049284602F0A0FF012828
:1063D000074605EB000623D13C490246284602F059
:1063E00071FF0028EAD0B2464FF0010B3649504603
:1063F00002F09EFF82443449504602F088FF024674
:10640000B8B1022811D107903149504602F05AFF25
:10641000079A50B9BBF1010B09D10AF10206CDE789
:106420000228E0D12A490246D8E70BF1010B924439
:10643000DCE72B78002B3DD0069B1D60C4F30A538C
:10644000022B3BD1C4F3892440F2FF339C4208F174
:10645000180A23D10DF1240B2F21284602F04AFF00
:10646000059B1C4ACDF80CB0002818BF0023CDE9CD
:10647000013200974FF0F043524641464846CDE97D
:1064800009950B97FFF7F8FC041E13DB96D198F8DB
:106490001730002BE0D16FF001040BE00E4B0F4AD8
:1064A000CDF800A043EA842341464846FFF7CAFAE4
:1064B000041ECFDA20460DB0BDE8F08F6FF0130454
:1064C000F8E700BF00FC2F0047960000749500001D
:1064D00073950000456500000800002000FC0F7067
:1064E0002DE9F04F87B00746129E884691469A469E
:1064F00000240DF1100BA64201D800201BE0351B33
:10650000109B082D28BF0825E318CDE900A3CDE98D
:1065100002B5A9EB0403424600213846FFF755F9BE
:1065200048B9119B2A461919584602F0CBFE00289B
:1065300004D005DA012007B0BDE8F08F2C44DAE77B
:106540000220F8E730B513468268C1F3090585B02B
:10655000AA4228BF2A4602924168019159680091D7
:1065600001681B6804460846FFF7BAFF28B9A3680C
:10657000AB4202D034BF0120022005B030BD036B16
:106580001944C1F30903003B18BF012321F0004166
:1065900041EAC37101637047F8B5C6690D68083EEA
:1065A000B5420F4613D3B5FBF6F0013802F0F8FC04
:1065B000841CA5EB8404B4FBF6F4204602F0F0FC46
:1065C000A5EB800504FB16553D602046F8BD002074
:1065D000FCE72DE9F04F89B00646DDF84C800592C6
:1065E0000F464BB94FF0FF32C8F80020149A002034
:1065F000136009B0BDE8F08F846E013B07A9204607
:106600000793FFF7C9FF12A905462046FFF7C4FF0D
:106610004FF0040A81460DF1140BA945059A03D3E6
:10662000129BC8F80020E1E7A5EB0904B4FA84F452
:1066300095FAA5F3B3FA83F3C4F11F049C4228BF73
:106640001C46A300CDE90023CDE902BA04233A4653
:1066500000213046FFF7B9F80028CAD10123A34032
:10666000ED1ADAE72DE9F04FCE6A90464A6BB24256
:1066700085B007460C465BD2B61A9E4228BF1E461E
:10668000DFF8B0B0B14601F1400AB9F1000F01D115
:10669000304618E0216B480304D5BB6EE26BDB6922
:1066A0009A421BD1CA02636B10D404F13C020292DD
:1066B00004F13802CDE900325146D4E90A233846C4
:1066C000FFF787FF30B105B0BDE8F08F6FF0010232
:1066D000C4E90E23216B41F480212163BB6EE26B80
:1066E000DB6901929D1A4D4528BF4D4611F480117A
:1066F000CDE9028515D0A2884BEA8222009204F1EE
:10670000080152463846FFF72DFB0028DBD1636BAA
:106710002B446363E36B2B44E363A844A9EB0509B3
:10672000B3E7A26B009238465246FFF74EF8ECE70B
:106730000020C8E7000010202DE9F04F89B0064680
:10674000DDE9120A0F4690461D4688B301380590D0
:1067500005A9B06EFFF720FF0DF1180B0446149841
:106760002946D04720BB1CB304F00109C9F102033C
:106770009B00CDE90050CDE902B342463946304690
:10678000FFF723F8A0B9E54305F00105A84207DBB0
:1067900008AB03EB8505023C55F8085C4C44DEE78A
:1067A00006991498D04703460120002BEED01846D6
:1067B00009B0BDE8F08F00002DE9F04F93B004461A
:1067C0000D46164600211C220AA8059302F08AFDF8
:1067D0004FF0FF32CDE906220123119398469946E6
:1067E00010A8FEF723FF20B1A76A002F62D1384618
:1067F0004EE006A910A8FEF734FF002840F087807D
:10680000C145109905D1119B06914FEA490807939C
:106810008146304609F10109A847002838D111996D
:106820003046A847002833D110AA0AA92046FFF70E
:1068300069FD68BBDFF8DCB0374F8246BDF83C200D
:106840001FFA8AF39A42CBD908AA0BEA8A2300924C
:106850003B43324A0AA92046FFF7F4F8002804DA3D
:10686000831C15D10AF1010AE8E740F20222B2EBDB
:10687000105F4FEA10530ED1099B0093CDE90156EA
:10688000089B224600212046FFF756FF0028E9D04A
:1068900013B0BDE8F08F059A002AE3D0B3F5007F6E
:1068A000E0D108993046A8470028F1D1099930462F
:1068B000A847EBE7BB79012B01D03F6895E73B6B1D
:1068C00003F48813B3F5803F13D03B6B03F49013AC
:1068D000B3F5003FF1D1CDE901567B6B0093BB6B63
:1068E000224607F140012046FFF726FF0028E4D0AA
:1068F000CEE7CDE90156FB6A0093BB6A224607F159
:1069000040012046FFF718FF0028DED0C0E76FF0F7
:106910005300BDE700FCFF030800002000FC0F70DF
:1069200038B5C26D436D1344C26EB3FBF2F102FB86
:1069300011334365836EDA6A036ED10000259942F4
:1069400094BF816583650446C5652946406E02F0A3
:10695000C9FC0649012322462046FFF72DFF18B146
:10696000C4E91655E36E236638BD00BF0B5700001F
:1069700070B504460D46A06DE36D834208D3236EC7
:10698000002B2FD02046FFF7CBFF0028F3D020E0CC
:10699000616EDA0803F007068A5CF240D20719D468
:1069A000626D1344E26EB3FBF2F002FB10332B6016
:1069B000A56DE36D226E0133013AAB42E3652266B9
:1069C0000ED2DA0803F00703885CD84010F001000B
:1069D000EFD170BD0133E365236E013B2366CBE746
:1069E0000020F6E76FF01B00F3E77FB50C4604319B
:1069F0000646FFF7BDFF054670BB21463046FFF750
:106A0000B7FF054640BB2246042342F8080FCDE9F4
:106A10000223019022680092014632463046FEF77A
:106A2000D4FE10B110F1540F19D1B36E5A6A002A76
:106A300009DDA368013242F00102013B1344B3FBBC
:106A4000F2F35343A3604FF0FF330422C4E903235E
:106A50000022C4E90523E361284604B070BD054661
:106A6000FAE7000007B500230449019301AAFFF7E4
:106A7000A3FE00B9019803B05DF804FBC157000004
:106A8000C368184710B50C46826AE068FF2102F01F
:106A900029FC4FF0FF33236010BD2DE9F0430D4674
:106AA00009689846CB1C85B00646174603D90020D6
:106AB00005B0BDE8F083806EAC6883691C44013C7E
:106AC000B4FBF3F45C430094D0F80890EB686A6878
:106AD000C8470028ECD1B8F1000F04D1B06E2946A8
:106AE000FFF7D0FFE3E74FF0FF333B600294EB6822
:106AF00001936B6800932B68224639463046FFF7B6
:106B0000EFFC0028D4DBE9D06FF05300D0E72DE98B
:106B1000F84FDDE90B5A0D9E07460C469046994604
:106B2000002E3AD0002107E00A9A22609A69B5FB4C
:106B3000F2F35343C4E9013122680A98BB6E8242E2
:106B4000F2D16068A842EFD89A6A0244AA42EBD90F
:106B5000521BE368B242A5EB000028BF3246514603
:106B60001844934602F0F4FB6368A2685D44EB1A94
:106B7000934238BF1346BA6EA360926A9A42DA44CF
:106B8000A6EB0B06CCD14B46424621463846FFF7D2
:106B900084FF0028C4D0BDE8F88F3046FBE7000032
:106BA0002DE9F04F044687B00D4605A92046FFF7B2
:106BB000DFFE064658B9DDF81480A06E4146FFF7A7
:106BC0005FFF0646002853D010F1540F56D03046D0
:106BD00007B0BDE8F08F2A6BCDF80C900DF1130AC9
:106BE00012F4801FCDE9017AA3EB07031CD0AA8819
:106BF000244941EA8222009205F108015A462046C2
:106C0000FFF7B0F870B9CDE902A9CDE900870123FB
:106C1000224604F110012046FFF779FF60B110F120
:106C2000540F2BD00646D2E7AA6B00925946224653
:106C30002046FEF7CAFDE5E70137EB6BBB42CAD839
:106C4000A36EE1699A6AE86C02F082FB23692B6407
:106C500063696B64A369AB64A06E04F11001FFF774
:106C600011FF2B6BC5F8388043F400332B63AEE77C
:106C7000074605F1400B4FF00109DEE74FF0FF3307
:106C8000236192E7000010202DE9F04F93B0CDE989
:106C900007230B6BDA0206460D461BD54C6B089B8F
:106CA000CA6AE318934238BF1346C26F9A4211D2A0
:106CB000C36ECC630366FFF773FF2B6B044630B1E2
:106CC00043F400232B63204613B0BDE8F08F23F478
:106CD00080132B63089B069305F140030C93069BDE
:106CE0000BB9089CEFE72B6B13F4003204D0B16EA4
:106CF000EF6BC9698F4249D1DB026F6B00F1DF8016
:106D000005F140030A93C2B9BFB111AB0293013F31
:106D100005F1380301930097119205F14001D5E97F
:106D20000A233046FFF755FC044608B12B6BC7E732
:106D3000B06E05F14001FFF7A5FEF36E3366AB6B55
:106D400009936B6B0593013B0B930FA93046FFF73B
:106D50000FFE04460028E9D1DDF83C80B06E4146C4
:106D6000FFF78EFE044630B114F1540FDED14FF020
:106D7000FF332B64E9E7059BD6F868904BBBC5E968
:106D80000E831F462B6B43F400332B63B36EDB691A
:106D9000DF1B069B9F4228BF1F46079B039702935A
:106DA000EB6B0193AB6B00930C9901233246304699
:106DB000FFF7ADFE0446002800F0858010F1540F67
:106DC000B4D129463046FFF7EBFE04460028E4D054
:106DD000ACE70B9B109310A94846FFF7DDFB109F13
:106DE000D9F81C3001379F42109750D1471C97FAB1
:106DF000A7F7099B1193B7FA87F707F1010AA14694
:106E00000DF1440B4FEA89030D930423CDE902B33E
:106E10004FEA8903CDE900830A99012332463046BF
:106E2000FFF775FE044600289ED14F4535D109F184
:106E30000109CA45E6D8C5F838804FEA8A0724E038
:106E4000099B0093CDE902BACDF80490A7EB0903A2
:106E5000324600213046FEF7B8FC044600287FF495
:106E600065AFCDE902BACDE900890A99012332461E
:106E70003046FFF74CFE044600287FF475AF09F159
:106E800001094F45DCD8C5F83880EF637AE7A146A1
:106E90004FF0010A0DF1440BF3E70423CDE902B3EF
:106EA0004FEA89030193119B009301460423324664
:106EB0003046FEF78AFC04460028B8D036E76FF06B
:106EC0000103AB63E1E76B6B3B446B63EB6B3B44F0
:106ED000EB63079B3B440793069BDB1B0693F36E18
:106EE0003366FCE6F0B585B0CDE902231D464B685C
:106EF00001930B6800930C4617460023024600F1ED
:106F00001001FFF704FE064640B9E0682A463946FC
:106F100001F01AFC6368E0602B446360304605B002
:106F2000F0BD2DE9F04F064687B010469946FEF7B2
:106F3000ACFB4B6893464A69034493420C46804637
:106F400041D88B682BF0004A8AEA03031BBA0593E9
:106F500005AA04233046FFF7C5FF054678BBBBF101
:106F6000000FA8F1040720DA0DF1130B2FB3012352
:106F7000CDE902B3D9F80430043B4344DB1B019351
:106F8000D9F80030009332463B4600213046FEF7E8
:106F90001CFC40B901235A4621463046FFF7A2FFA8
:106FA000013F0028E2D0054609E03B464A4621461B
:106FB0003046FFF797FF0028F5D1C4F808A028460F
:106FC00007B0BDE8F08F6FF01B05F8E713460A46DF
:106FD000D0E90001FFF7A5BFF0B50C46096B0546E7
:106FE000480397B008D5CA0258BF4FF0FF3321F4C9
:106FF000802158BF236421638B0302D4002017B083
:10700000F0BD11F48011666BE76A3FD1542201A8EC
:1070100002F068F9A36ACDE90B370123CDE90D36FB
:1070200095E80F0011AF87E80F004FF0FF372F6092
:10703000626BE36A9A4212D304F1400701232A46A5
:1070400039462846FFF729FD20B310F1540FD6D159
:1070500021462846FFF7A4FD0028EFD0CFE7012303
:107060000DF1030201A92846FFF7FCFA0028C6DB50
:1070700001230DF1030221462846FFF705FE0028F3
:10708000BDDB2B680133D3D01197D0E7BE422CBFB4
:1070900066636763A36BA362636BE362236B23F492
:1070A000003343F48033C4E90C36A7E72DE9F743F6
:1070B0001E460B6B17465A0305460C4619D4216B26
:1070C0000B051DD4D4F834806B6F08EB06029A428E
:1070D0002FD811F4003919D033463A4621462846B4
:1070E000FFF7D2FD002808DB236B23F40023236382
:1070F00003E0FFF771FF0028E1D003B0BDE8F083A3
:10710000E36A626B934288BF6363DBE7E36A984597
:10711000E2D96363636B9845DED901230DF1070261
:10712000214628468DF80790FFF7AEFD0028F1DADA
:10713000E3E76FF01A00E0E710B504460B6AE36678
:107140004B6BA1660846E36013B18B6B1BB9E3611F
:107150006FF00B0010BDE3612146FFF793FCA06EBA
:1071600004F11001FFF78EFCA36EDA6B0AB96266B8
:10717000EEE762661A6C002A08BFFF2222675A6C8B
:10718000002A08BF6FF000426267996C40F2FE323D
:10719000002908BF1146A1671A6DE267501C12D181
:1071A0000023E36700204FF0FF33C4E90833C4E94C
:1071B0000A00C4E90F00C4E90C00C4E912006064CD
:1071C000A0632065C6E7002AECD1DA6C986A4AB160
:1071D000D3088842024628BF0A469A4294BFE26713
:1071E000E367DFE7DB69DB08F3E72DE9F3410D46F1
:1071F0000646496B4BB91446736FA34209D38C42C0
:1072000018D1204602B0BDE8F081012B04D18A18C4
:10721000F1D56FF01500F5E7022B09D1D5E90B4345
:10722000980302D58C4238BF0C46A418E4D5F0E789
:107230000C46E1E72B6B9B0319D4D6F868800091CC
:1072400040466946FFF7A8F901A907464046019460
:10725000FFF7A2F987420AD16B6C019A934206D8D4
:10726000A96C0B449A4202D26C63EA63C9E72946CF
:107270003046FFF7B1FE0028C4D16C63C1E70000BF
:107280002DE9F04F0D46816E6A688B69C969143229
:107290005F1E4FF0000A8A4294BFBF187F188BB060
:1072A000B7FBF3F704465F43D1466FF0030B6E68FC
:1072B000BE4219D32B694FF0FF320892A9EB0302AB
:1072C000CDE9003208AE02962B6809F1040221468E
:1072D0002046FEF7A3FD002847D1089B534500F048
:1072E000B0806FF0530040E0ABEB06033B44043644
:1072F00040F2FE32934294BFF618B618BE424FF0E9
:10730000FF0335D38DF81F30A26ED2E90632D21AB0
:10731000B24236D3012203920DF11F02CDE9016280
:107320002A680092002122462046FEF74EFA10B14C
:1073300010F1540F19D1A36E9A6900964FF0FF33E4
:10734000099309ABCDE9012321462B680892204619
:10735000FEF764FD10B110F1540F06D1404A08AB9E
:1073600029462046FFF7DDFD58B10BB0BDE8F08F90
:10737000A7F11402964228BF1646BE428DF81F3070
:10738000C2D29DF81F206B68E868D243ABEB0308BC
:10739000C2F3C01202F5A062B04448EA0258AB68DA
:1073A00048F47F2848F4406888EA03031BBA08932E
:1073B00008AB1946042201F0C7F9082208ABE860BF
:1073C000039202936B6801932B68099004F11001FA
:1073D00000932246002320460591FFF798FB0028E2
:1073E000C3D10599B9F1000F04D16B68D5F80CA091
:1073F00003F104099DF81F306E60DB431B0603F0A8
:10740000004383EA0803AB60B7424FF0FF33EB6001
:1074100006D9A36E62699B6A1344B3423FF647AF35
:107420004FF0FF332360224600232046FFF735FB51
:1074300000289AD1A06E0369984700283FF437AF1F
:1074400093E70422CDE9009202962B68214620465C
:10745000FEF7E4FC002888D1089B002B85D040E78C
:1074600008FCFF5F2DE9F04F97B0CDE90823836E4C
:10747000BDF884805A6A8B68BDF888B00133002A51
:1074800004460D468B601ADC00270026A06E696852
:10749000109100234FF0FF32CDE91132CDE91323D3
:1074A000C36C002B3CD0083B1593FFF7E9FA00288A
:1074B00038D010F1540F40F0BA803E4610E001324F
:1074C00042F00102B3FBF2F102FB1133002BDBD1DE
:1074D000012610A9284610931196FEF7B1F8D0B1F5
:1074E0004FF0FF3300274FF00109236110A9284610
:1074F000CDE91079FEF7A4F850B1291D2046FFF719
:1075000037FA50B110F11C0F40F09180002EBDD120
:107510006FF01B008BE03746B7E707464E46B5E7EE
:10752000C369C0E70DF14009042305F1080249468B
:107530002046FFF7D7FC0028BBD10BAB07933D4B90
:107540000693C8F100031BB2CDE904B33A4B029392
:10755000099B0193089B009302462099CDF80C806B
:107560004FF0FF332046CDE90B49FEF7ADFA002876
:107570009FD105F118010846FEF758F860B9EA7D79
:107580000B462E4902F5C06241EA025220464946A6
:10759000FFF7C7FC00288CD10023CDE90D330F93F2
:1075A0004EB904F13C010DA8FEF779F804F1300161
:1075B0000DA8FEF774F804F1480A51460DA8FEF72D
:1075C0006EF80D9B0DAA6FF30903294620460D9313
:1075D000FEF744FA58BB0DA8FEF76FF840B9184AF9
:1075E0000DAB49462046FFF79CFC00287FF461AFB5
:1075F00049462046FFF744FE00287FF45AAFD5E9FC
:107600000032C5E90023119BEB60ABEB0808129B2D
:10761000A5F814802B61A064CAE9010036B904F111
:107620003C03303494E8070083E80700304617B085
:10763000BDE8F08FCD6F000000FC0F4008FC0F008C
:107640000CFCFF7F2DE9F0438DB00C4604A9BDF87A
:107650005490054617469846FFF7C7F9064628BBDB
:10766000E37D8DF82730A3690A93E3690B93BDF896
:107670005830CDE90193149B00933A46434604A940
:107680002846FFF7EFFE002814DB049F059AA76148
:107690000123E261E37505F120012046FDF7D0FFEB
:1076A00020B9B9F1000F01D1C5E9087230460DB01B
:1076B000BDE8F0830646F9E72DE9F04F97B09A460A
:1076C000219F089200230D460646194640F20144C8
:1076D00040F2FF4C0AF1040E209A934226D1002971
:1076E00048D1AB7D002B5AD14FF0FF33B5F8148051
:1076F00033610027BB46A8EB0709B9F1010F00F27F
:10770000DD80002F40F01081B36E5A6A002A00F32A
:107710001F810023CDE90053CDF80880209B5246FD
:1077200029463046FFF79EFE04460EE15AF8330024
:10773000020DC0F30A50A04204D1AA8A0132AA82E3
:107740000133C9E7604504D1AA8A013AAA8201211E
:10775000F6E702F4E068B8F5C06FF1D15EF83300E7
:10776000D0F80080C5F818804068E86102F0010296
:10777000EA75E5E7AB8A002BB3D13A462946304695
:10778000FEF7CDFD044628B1831CAAD0204617B0D1
:10779000BDE8F08FFB7D002BA3D0022473E0EA68E4
:1077A000B06E2B6810934FF0FF31CDE91312C16C0E
:1077B0002B691192129301B3083915910BA9079106
:1077C000AB4906910021CDE90411CDE902112099C0
:1077D0000B96CDE900A10DF1400B29463046CDF8BE
:1077E00030B0FEF771F9044648B114F11C0F3FF4B4
:1077F0007BAF14F1540FC9D176E7C169DCE70DAF57
:1078000006F13009CDE90D000F9049463846FDF7E5
:1078100046FF06F13C031946384606F1480809932D
:10782000FDF73DFF38464146FDF739FF0D9B3846D1
:107830006FF309030D93FDF740FF80B93A462946DF
:107840003046FEF70BF9044600289FD1894A3B4693
:1078500059463046FFF765FB04460028C5D1594616
:107860003046FFF70DFD04460028BED199E8070019
:10787000119BEB60129B2B6106F13C0383E8070030
:10788000B464C8E90144089BB76A1B681093089B5D
:107890005B68119306F120030993002F3FF476AF44
:1078A00007F1080810A94046FDF7CAFE81460028E6
:1078B00000F082803F68F0E7B8461AE710ABBAB232
:1078C00007936D4B069353421BB2CDE904836B4B78
:1078D0000293209B0392CDE900A300224FF0FF33D7
:1078E00029463046CDF840B0FEF7EEF8044660BBBE
:1078F000B9F1FE0F13D8B36EDA69D86CA2F1280182
:1079000080B142089869431E1344B3FBF0F343432C
:107910008B42109A28BF0B469342BFF4F2AE07EB9E
:107920005907E8E65208EDE7BFB2CDE90178209BA0
:107930000095524629463046FFF784FE044600284B
:10794000BAD010F11C0F3FF4DFAE002C9BDA1DE71C
:10795000AB680132013342F00102B3FBF2F102FBEA
:107960001133002B7FF4D5AE012710A928461093C0
:107970001197FDF765FE814600287FF4CAAE3046B8
:10798000FFF770F8041EFFF601AFF36E1C1BB4EB9B
:10799000D30F7FF6BEAECDE90198209B00955246ED
:1079A00029463046FFF74EFE044618B110F11C0F71
:1079B000CBD1AEE6B846ACE6AE46BEE80F00C44654
:1079C000ACE80F009EE80F008CE80F00089B98457C
:1079D00007D040F2FF4140F20140209ABB88914518
:1079E0001CD107F12009BA88B7F81CB05A45FFF43A
:1079F00061AFFB7F002B3FF45DAF09994846FDF76F
:107A00001FFE10B1A2EB0B02BA804A464146304637
:107A1000FEF778FC0028E6D00446B7E65AF839208D
:107A2000C2F30A5C8C4514D1C2F389229A4206D172
:107A30004FF0FF33C7E9023309F10109CDE7FBD26B
:107A4000013BBB80BB79022BF6D1BB6A013BBB6219
:107A5000F2E78445F0D1C2F389229A42ECD801338F
:107A6000BB80BB79022BE7D1BB6A0133EFE700BFD4
:107A7000CD6F00000CFCFF7FAD57000000FC0F40F5
:107A80002DE9F04F866A9DB005460F4691469A460D
:107A9000002E5FD13B6804933E467B6805930FCE72
:107AA0000CAC0FC496E80F000DF1300814AE84E85A
:107AB0000F00CDE900A64B463A4641462846FFF75F
:107AC000FBFD041E71DB04A93846FDF7B9FD48B97A
:107AD000C646BEE80F00BC46ACE80F009EE80F00AB
:107AE0008CE80F00022C29D105F1480239462846BE
:107AF000FDF7B4FF0446002857D1149BFA7D049388
:107B0000159B0593954B019002F5C06243EA025321
:107B1000089301230093183708AB04AA314628467E
:107B20000997FFF7C9FD041E3FDBB446BCE80F0010
:107B300047460FC79CE80F0087E80F00DFF8209248
:107B4000884F4FF0000B012C40F0B38005F120036B
:107B500003938DE006F10800B84201D1366897E73B
:107B60003946FDF76DFD0028F8D1B379012BF5D129
:107B7000336BD902F2D5AB6EF26A9B6A9A42EDD9A9
:107B8000736BF363EB6E2B6631462846FFF708F8FC
:107B9000044650B9336B23F48013336331462846CF
:107BA000FFF71AFA04460028D8D020461DB0BDE8D9
:107BB000F08F0AF1080104A8FDF742FD08B9CAE9EF
:107BC00002249AF80630022B07D10AF12C0104A8EE
:107BD000FDF736FD08B9CAE90B24DAF800A052E037
:107BE00001212846FEF7CBFC314605F13000FDF7B8
:107BF00070FD002863D02A6BC5F838A0C2F3892332
:107C00003A40C5E90C2AC4F38922934201D2A4F573
:107C10008064149A0292069240F2FF32934214BF9B
:107C200049EA8323002308930023CDE90934019313
:107C30000223DDF854A0009306AA08AB314628467B
:107C4000CDF81CA0CDF82C80FFF736FD041EACDB70
:107C5000012C37D1029BB646CDE9043ABEE80F00AD
:107C6000C446ACE80F009EE80F008CE80F00A34666
:107C7000039904A8FDF7E4FCDDE90C2408B9C5E983
:107C80000824D5F828A0BAF1000F92D1324604A9F1
:107C90002846FEF7E9FA041EA2DAA21C85D1324674
:107CA00004A92846FEF73BFB044670B1831C7FF411
:107CB0007CAFBBF1000F0CBF0024032475E740F23A
:107CC000FF33A6E74FF0010AE9E72B6BC3F3090383
:107CD00023B1CAF100012846FEF751FC314605F1F7
:107CE0003000FDF7F6FC002835D02A6BC2F389235B
:107CF0003A402A630022C5E90D22149A0492159A8B
:107D0000059240F2FF32934214BF49EA83230023D5
:107D100008939DF86730114903F5C06341EA0353A6
:107D20000022CDE90A38022309920192009304AAA5
:107D300008AB31462846FFF7BFFC041EFFF635AFFF
:107D4000B646BEE80F00C446ACE80F009EE80F0040
:107D50008CE80F00F7E640F2FF33CEE708FC0F0097
:107D60000000F04FFF0300802DE9F041036BC3F3E7
:107D70000903A0B004460F46002B4BD000251C225F
:107D8000002108A801F0AEFA01238DF837300F93D7
:107D900000260EA8FDF74AFC20B1002EEED19DBBB7
:107DA0000125ECE70EAA10A92046FEF7ABFA58B958
:107DB0009DF83730DBB918AA0EA92046FEF754FA11
:107DC000002841DA811C27D020B0BDE8F081236B68
:107DD000A563C3F389226FF39E23C4E90C3540F2F7
:107DE000FF339A424BD0304B43EA822348E00DF1F7
:107DF000400EBEE80F000DF1200CACE80F009EE82D
:107E00000F008CE80F00C4E7216B494249B22046BD
:107E1000FEF7B5FB0020D7E7002DE8D0002FE6D015
:107E200004F1480210A92046FDF718FE0028CBD126
:107E30009DF857201D4B02F5C06243EA025304939C
:107E400016AB0593012323E0002DD0D10DF10808D6
:107E50000346174ACDF8008018A92046FDF7F2FD29
:107E60000028B1DB0EA94046FDF7FBFB0028BED180
:107E700008A904F13000FDF72CFC0028A7D100234D
:107E800004930C4BCDF81C800022CDE9052302237E
:107E900004AA08A92046FFF7F3FD002894DB032875
:107EA00008BF46F0010674E70000F04F08FC0F0021
:107EB00000FCFF7F08FC0F6010B50446FFF7E0FDF3
:107EC000002806DB05D020460021BDE81040FFF762
:107ED0004BBF10BD10B5036B9B0590B0044622D577
:107EE00000F1200208A9FEF70DFA002844D1234B27
:107EF0000293A36EDB690393E36E0493236F0593F0
:107F0000636F0693A36F07931D4B009302AB01931E
:107F10006A46012308A92046FFF7CEFF60BB236B0A
:107F200023F400732363E36B1B0D13F4E06F06D19E
:107F30000121204610B0BDE81040FFF715BF04F145
:107F4000400208A92046FEF7DDF9A8B9E36BA0635B
:107F5000C3F38922236B6FF39E23C4E90C30094BD2
:107F600043EA8223CDE9023002AA012308A9204670
:107F7000FFF7A2FF0028DBD010B010BD0100020007
:107F8000180010200000F04F73B514460E4600F1A3
:107F9000480221460546FDF761FD70B9E27D084BB8
:107FA00002F5C06243EA02530093183401236A4683
:107FB000314628460194FFF77FFF02B070BD00BF35
:107FC00008FC0F0070B50B6B1E0386B005460C460F
:107FD00053D4FFF701F8216B20B141F40021216354
:107FE00006B070BDCA0348D504F108063046FDF757
:107FF0001DFB002841D111F480131FD0E36CE26A0D
:1080000040F20120A18842EA812242EA0052CDE9F1
:108010000223226D936843EA812343F08153049342
:108020005368059302AA022331462846FFF744FF0E
:10803000236BF8B143F400232363D1E729464FF0C3
:10804000FF3241F8102B28462A46FEF726FD00286D
:10805000C6D1A86E036998470028C1D1236BDB0203
:10806000CCD4D4E90A016B46CDE90001082240F2E4
:108070000220C7E723F4803323630020B0E7000029
:1080800030B597B00446FFF757F80546002848D1A9
:10809000A36E0146DA6A606E01F024F9D4E91A325F
:1080A000DB6A6565DB00C4E91752934294BFA365A0
:1080B000A2650EA92046FEF798FC00282FD11A4B86
:1080C0000293A36EDB690393E36E0493236F05931E
:1080D000636F0693A36F0793144BCDE90830144BDD
:1080E0000A93144B0B93144B0C9302AB0D9308AAF9
:1080F00003230EA92046FFF7DFFE80B98DF84E005E
:10810000034602460EA92046FFF7D6FE38B9009076
:1081100001236A460EA920460193FEF7F3F817B033
:1081200030BD6FF00B00FAE70100020000001040C4
:108130000800F00F76950000180010202DE9F0439C
:1081400099B00446FEF7F8FF0546002840F0A680E7
:1081500001461C2210A801F0C5F84FF0FF33CDE90D
:1081600005330126DFF83C81DFF83C91179637464E
:1081700016A8FDF75BFAB0B1236B03EBD37323634F
:1081800004F1300207CA04F13C0383E80700E26E01
:10819000E36AB3FBF2F102FB113363650023C4E928
:1081A000163322663DE005A916A8FDF75AFA002805
:1081B00071D1B74205D1169B0593179B06937E009C
:1081C00007460823099307ABCDE90293374B0022FA
:1081D000CDE9003210A9364B16AA2046CDE9074852
:1081E000FDF74AFE002807F1010719DB49D040F3EB
:1081F0000900013045D0109B2362119B63620AABDA
:1082000000932B4A2B4B10A92046FDF71BFC00289E
:1082100006DB0A9B9AB21B0C022B06D06FF01500EE
:108220000546284619B0BDE8F083012AF6D8236B2D
:1082300082F0010223F4007343EA422323630D9B7F
:108240001BB1226F9342E9D823670E9B1BB1626F6B
:108250009342E3D863670F9B43B1A26F9342DDD88B
:10826000E26FA3679A4294BFE267E367A36E0C9A3A
:10827000196A09B18A42D1D1DB69E2660B9A9A4246
:10828000CCD104F1300210A92046FDF7E7FB00280D
:108290003FF46EAFC4E76FF05300C1E76FF00B051A
:1082A000BFE700BF76950000456500000800F00FAD
:1082B00000FCFF7F18001020F0B599B00446039130
:1082C000FFF708FE002859D1034603AA06A9204655
:1082D000FEF75EF8002851DBC0F3892340F2FF323D
:1082E00093424DD0060DA26A0E92022E4FEA8325CC
:1082F00004AF1FD145F00053234A009743F0080311
:1083000006A92046FDF79EFB002837DB3A4610A958
:108310002046FDF7F7FF88BB159B33F47F022BD176
:1083200001212046FEF72BF90EAB8DF83E20ADF86B
:108330003C20A362002345F09F45059345F4E005EA
:1083400001233A4606A920460495FFF7B5FD0E9B8A
:10835000A36298B9022E11D14FF0FF312046FEF7EB
:108360000EF906AA10A9FDF7DAFF38B910AA06A976
:108370002046FFF709FE01E06FF0260019B0F0BDBE
:108380006FF01500FAE700BF00FC0F702DE9F04315
:108390008BB013F0020F06460D469846039238D173
:1083A000129B2B6505F1080700236B63EB63EB64FD
:1083B000C5F830802B1D03AA39463046FDF7E8FF8B
:1083C000041E06DAA31C17D1AA8840F2FF339A4292
:1083D00012D00123AB71B36A2B60A01CB56259D1D6
:1083E00018F4807F08D0039C204600F0BFFF336F55
:1083F000984217D96FF023042B6B43F400232946CE
:108400002B633046FFF7DEFD29463046FDF76FF956
:1084100004E0FFF75FFD04460028C1D020460BB002
:10842000BDE8F083AB885E4ADFF8788142EA8322B8
:1084300040EA8320049240F48010002248EA83231B
:10844000CDE90604CDE908320592032304AA394692
:108450003046FFF731FD10F11C0F0446CAD000284A
:10846000CAD144464FF000084FF00C092B6D9A68B2
:10847000904533D31B68EB64002B5FD0B06E05F1E1
:108480004001FEF7FFFA40F20123B3EB145F58D02E
:108490000024C3E718F4007F79D1240D012C79D191
:1084A000AB8818F4806F4FEA832308D043F0005460
:1084B0002B6B43F4803344F480142B63D2E705F133
:1084C000280243F00053009243F00803364A39462D
:1084D0003046FDF7B7FA041EC4DA8DE72A6BD107E0
:1084E00005D42B6B9A071DD408F10108BEE7586824
:1084F000B5F804C009FB08F28118825C8B684968F2
:10850000009143EA8C2302F5407243EA0253394654
:10851000264A3046FDF796FA0028E2DA831CE0D0BE
:10852000044669E72A6D526809FB08229168B26F18
:10853000914232D843F480332B63D5E76FF00B04BC
:108540005AE72B6B43F480132B6300236B64B36EE9
:108550006FF00102AA62C4F309042A649A6AEC6209
:10856000AA64002C94D040F2FE339342A98828BF1D
:10857000134643EA8123EA6C009243F000530A4A0F
:1085800039463046FDF75EFA041E81DA34E76FF0B3
:10859000100431E76FF014042EE76FF01B042BE793
:1085A000000010400000102000FC0F7000FCFF7F56
:1085B00070B505460E46FFF705FD314604462846D0
:1085C000FDF795F8204670BD2DE9F0411F460B6B75
:1085D0009B0305460C46164607D43B4632462146C9
:1085E0002846BDE8F041FEF73DB8FEF7F5FC00284F
:1085F000F3D0BDE8F081FEF759BDFEF7F6BD0000EF
:108600002DE9F04FA7B005460191FFF763FC044642
:1086100088B9AB6A1C9301AA0DF102031EA9284672
:10862000FDF7B6FE831C044609D1BDF8029040F266
:10863000FF33994508D1204627B0BDE8F08F0028C8
:10864000A8BF6FF01004F6E7DDF804A0504600F074
:108650008DFE2B6F984207466CD8EB6E2B660DF1A2
:10866000100841462846FEF7C0F904460028E2D12A
:108670001EAE0FCE0CAC0FC496E80F0084E80F00BE
:1086800012AE9DF84730002B4BD1DFF8B0B001237C
:1086900002AA41462846CDE902B6FFF70DFC044682
:1086A0000028C8D19DF88F30D3B101212846FDF7AD
:1086B00066FF1CABAB6214AA01230CA98DF87640AF
:1086C000ADF87440CDE914B8FFF7F6FB1C9BAB6224
:1086D00004460028AFD14FF0FF312846FDF74FFF89
:1086E000174B43EA8923149300231593154B43EA50
:1086F0008923CDE918389DF88F30002B0F4B47EABE
:10870000892718BF0023CDE91A3847F4001704233E
:1087100014AA1EA92846CDE9167AFFF7CDFB044618
:1087200089E732460CA92846FDF7ECFD04460028EF
:10873000A7D080E76FF023047DE700BF08FC0F603F
:10874000000010400800002030B50C4D0A44914252
:1087500000D130BD11F8013B83EA000404F00F049E
:1087600055F8244084EA101080EA131303F00F0335
:1087700055F8233083EA1010E9E700BFB8990000EC
:108780002AB102F58052936C0BB1D26C18470020CD
:10879000704700007FB500F58054064684F86C10E1
:1087A0000D46FAF7C9FC0022C4E91C22C4E91422D0
:1087B00006F5825384F84550A267183306F58356B0
:1087C000B34213D10B4E3068716801AA03C2B0687E
:1087D000106001AE03CE59601188927818606D0068
:1087E00019819A7284F86A5004B070BD03F8012BA5
:1087F000E6E700BFF899000000F58050C0E91412C8
:108800007047000030B50729054685B0084615D8E1
:1088100004D105F5805191F86C4064B1084C029583
:1088200000F582511831CDE9003413466A18002151
:10883000FAF713FC0446204605B030BD0024FAE7E1
:108840008187000082B0C0E900120C2200210830AC
:1088500002B000F047BD000008B568B1074902202A
:10886000F7F7BEFC06490320F7F7BAFCBDE808405D
:1088700004490320F7F7B4BC08BD00BF7F95000092
:10888000CB950000059600000020704701460320AC
:10889000F7F7A6BCF8F7CEBA10B404460B4610465C
:1088A0000221224610BCFFF7ADBF10B404461846A3
:1088B00013460A46214610BCFFF7A4BF10B4044675
:1088C0000B4610460321224610BCFFF79BBF000059
:1088D00010B50446FCF75CFE0548F7F758FC6068E5
:1088E000F7F755FCBDE810400248F7F759BC00BF48
:1088F000379600007E93000008B501460648FCF755
:108900004BF8064B01221A70034A002313751046D8
:10891000BDE80840FBF7DABF980000204D000020BA
:108920007FB502460B4668460749FAF7C1FA064B7F
:10893000064803F5005303F10A01D3F88C2107B070
:108940005DF804EBF8F718BEC4430020241900209A
:108950000148FCF773BB00BF049A00002DE9F04703
:108960000D46CCB09146044620B9002630464CB0A6
:10897000BDE8F0871329F8D9DFF8C080DFF8C0A080
:108980000C27EE1BB6F5807F28BF4FF480762D486C
:1089900033460CAA3946FCF7DBFAB042E5D10CA904
:1089A000002311F8012B013382EA08029E420AFBE0
:1089B00002F8F6D13744BD42E3D8C145D5D1224AA9
:1089C00010685168127A6B4603C300211A700DF1CA
:1089D0000900272200F086FCE846013C082314F831
:1089E000012F0AB12F2B24D10024404608F8034060
:1089F000FCF724FB2E1BB6F5807F28BF4FF4807652
:108A0000104833460CAA2146FCF7A2FAB0420746AA
:108A1000ABD103460CAA21464046FCF7D3FA0646E2
:108A20000028A2D03C44A542E4D80648FCF706FB47
:108A30009CE708F803200133D1E700BFC59D1C81E6
:108A400093010001049A00004096000013460A4674
:108A500001460148FCF7B6BA049A0000F7F770BB6C
:108A60001FB50B4641F28831CDE900218DF80F008A
:108A700001220DF10F011820F8F71FFBB0FA80F06A
:108A8000400905B05DF804FB1FB513460132102AFA
:108A900015D88DF800000B44684699420AD141F27E
:108AA000883369461820F8F7B4FAB0FA80F0400924
:108AB00004B010BD11F8014B00F8014FEDE70020A4
:108AC000F6E7FBF7E5B8FFF7DFBE000070B5064636
:108AD0000C461546F7F71CFB4FF47A73B0FBF3F323
:108AE000042E32D8DFE806F0031431221B001748A9
:108AF0002A462146FAF752FD042D26D92378202B49
:108B000023D1D4F801101248BDE87040FBF75ABFDA
:108B10002A4621460D48BDE87040FAF7E7BD2A46CF
:108B200021460B48BDE87040FBF73CBF074B9B7EDE
:108B30001BB1084B1B7883F0010307482A462146E6
:108B4000BDE870400375FCF7EEBA70BD4419002013
:108B5000980000204D00002050000020032808B598
:108B60000CD002280CD11920F7F7EFFA2820F7F7DC
:108B7000E7FA1920BDE80840F7F7E7BA5020F9E70F
:108B80001E20F7E710B586B002460B4601A80A4939
:108B9000FAF78EF99DF804405CB90849084BD1F802
:108BA0008C2108481C700A31F8F7E6FC204606B014
:108BB00010BD0124FAE700BFC4430020C4630020B5
:108BC0004D000020241900202DE9F041AAB0F7F74C
:108BD000DDFA9E490320F7F703FB03209C49F7F7D2
:108BE000FFFA9C4B01220421002503245A60DA601D
:108BF000C3F80455C3F80845C3F810151A60FCF70C
:108C000089FBF7F70DFBF7F7FDFBF8F7D9F83720ED
:108C1000F8F710F9F8F7DFF9F8F792FAF8F742FBEE
:108C2000F8F714FC8C4B0A930AA80B95FCF78EFB03
:108C3000FCF70CF8FCF72AF9002800F0F0808749CF
:108C40002046F7F7CDFAFCF781F9FBF707F8FAF7BA
:108C5000E5FD834B0E930024824B10940EA80F93D6
:108C6000FAF79AFD804B0C930CA80D94FAF786FE48
:108C7000FBF734FB7D4B1A947D4C17937D4B189377
:108C800017A97D4B19932046FBF700FA237C012B93
:108C900040F0CA8079490320794EDFF8E8817A4DA7
:108CA0007A4CF7F79DFA30467949FAF754F8794B40
:108CB0006F4A79481B930027784B1E971BA9CDF864
:108CC00070801D93FBF722FE754B1F93754B20930D
:108CD000754B764821931FA9754B22932395FCF77A
:108CE000E7F96D4902A8FBF7BFFD7248F7F74FFAA5
:108CF00071490320F7F774FA39462846FFF74AFD11
:108D00003A466E492846FFF777FD6D4B24936D4B2D
:108D100025936D4B26936D4B27936D4B24A92046CD
:108D2000CDE92835FAF737FB6A4B84F83070CDE986
:108D30001138CDE90064139506F5005611AB0ECB42
:108D40006548DFF89881F8F703FCD6F88C21624873
:108D500006F10A01F8F710FC4FF00132604829468D
:108D6000FFF770FD01215E48FFF776FDF7F7D0F9B8
:108D70004FF47A77B0FBF7F12046FAF787FB4648C5
:108D8000FBF7F7FD57490320F7F72AFAF7F7C0F981
:108D9000B0FBF7F6F7F7BCF9B0FBF7F714A8F8F754
:108DA00069FB9DF8503053B198F800200AB9A27EB3
:108DB0000AB9042B3FD0484814A9F8F726FCF7F766
:108DC000A7F94FF47A73B0FBF3F5AB1BC72B0DD9A2
:108DD0002E482946FAF7B8FC94F82F102E48FBF7D6
:108DE000DBFD2D482946FBF7A1FE2E46EA1B4EF679
:108DF0005F239A4204D9FCF7E9FAFBF785FA2F467C
:108E000098F80030FBB1E37EA27E53EA02051AD146
:108E1000FCF73CFB98B9C820FCF7CEFBBEE7324913
:108E20000220F7F7DDF910E7022B01D12F4932E7D5
:108E30002F49022030E71848FBF7A0FEBFE728467D
:108E4000FCF72AFBE7E71420E6E700BF499600009D
:108E5000E095000000900040C78A00006496000082
:108E60002D38000081380000C38A0000898A000084
:108E7000B0430020618A00005D8A00008B960000EC
:108E8000C44300205D8B0000941900204419002089
:108E90005C65002021890000980000209588000072
:108EA0004D8A00005D8900005189000050000020BB
:108EB000BD880000AF960000BD960000CD8A00007E
:108EC000AB880000858B0000F9880000D188000085
:108ED0008D88000099880000241900204D00002092
:108EE00080190020EF960000759600009296000011
:108EF000999600000148F7F7B7BB00BF5C650020FA
:108F00007BB972B90029BEBF00204FF0004106E0D6
:108F100008BF00281CBF6FF000414FF0FF3000F089
:108F2000CFB9ADF1080C6DE904CE002909DB002BA7
:108F30001ADB00F049F8DDF804E0DDE9022304B0B3
:108F40007047404261EB4101002B1BDB00F03CF815
:108F5000DDF804E0DDE9022304B0404261EB4101A9
:108F6000524263EB43037047524263EB430300F00A
:108F70002BF8DDF804E0DDE9022304B0404261EBA8
:108F800041017047524263EB430300F01DF8DDF8E6
:108F900004E0DDE9022304B0524263EB430370476F
:108FA000430803F05533C01A830803F0333300F04D
:108FB0003330184400EB101000F00F3000EB0020AD
:108FC00000EB0040000E70472DE9F047089D0F466A
:108FD00004468C46002B48D18A42164661D9B2FA23
:108FE00082F34BB1C3F1200201FA03FC20FA02F232
:108FF0009E4042EA0C0C9C404FEA164EB7B2BCFBB6
:10900000FEF1220C0EFB11CC42EA0C4201FB07F0F0
:10901000904209D9B21801F1FF3C80F0EE809042F5
:1090200040F2EB8002393244121AA4B2B2FBFEF0D5
:109030000EFB102244EA024400FB07F7A74209D9BD
:10904000341900F1FF3280F0DA80A74240F2D78075
:109050003444023840EA0140E41B00211DB1DC40E9
:109060000023C5E90043BDE8F0878B4206D90DB166
:10907000C5E9000100210846BDE8F087B3FA83F195
:10908000002948D1BB4202D3824200F20781841AF0
:1090900067EB030201209446002DE4D0C5E9004CA3
:1090A000E1E7002A00F09280B2FA82F3002B40F050
:1090B000A8808A1A4FEA164E1FFA86FC0121200C5E
:1090C000B2FBFEF70EFB172240EA02420CFB07F050
:1090D000904207D9B21807F1FF3802D2904200F24D
:1090E000E2804746121AA4B2B2FBFEF00EFB102239
:1090F00044EA02440CFB00FCA44507D9341900F1F2
:10910000FF3202D2A44500F2CB801046A4EB0C043F
:1091100040EA0740A2E7C1F120068B4022FA06FC94
:109120004CEA030C07FA01F420FA06F3F7404FEA81
:109130001C49234300FA01F81FFA8CFEB7FBF9F033
:109140001C0C09FB107744EA074400FB0EF7A7420A
:1091500002FA01F20AD91CEB040400F1FF3A80F094
:109160009B80A74240F2988002386444E41B9FB27F
:10917000B4FBF9F309FB134447EA044403FB0EFE76
:10918000A64509D91CEB040403F1FF3780F0828067
:10919000A6457FD9023B644443EA0040A4EB0E0499
:1091A000A0FB02E7BC427346B94663D360D05DB111
:1091B000B8EB030264EB090404FA06F622FA01F3A1
:1091C0001E43CC40C5E9006400214CE76208480812
:1091D00042EAC1710B0C43EA00438AB242EA0342FD
:1091E000B3FBF6F1E407B4463746B6461F23B0FB9F
:1091F000F6F0D21B41EA004161E7614614E71046F0
:1092000028E7C3F1200120FA01F29E4027FA01F17C
:109210009F403A434FEA164E1FFA86FCB1FBFEF719
:109220000EFB1710110C41EA004107FB0CF88845B2
:1092300004FA03F43AD9711807F1FF3001D28845D6
:109240001FD8A1EB0801B1FBFEF808FB0CF70EFBE1
:10925000181192B242EA0142BA422FD2B21808F172
:10926000FF31C6D2BA42C4D2A8F102013244C0E7EB
:10927000F0459CD2BEEB020367EB0C070138B94600
:1092800095E7A6EB08084144B81EB1FBFEF808FBC1
:109290000CF7DCE73B467FE7504667E70846FBE60E
:1092A0003444023832E7023F32441BE7A1EB0801A5
:1092B0003846B1FBFEF808FB0CF7C8E7414698E7D3
:1092C000704700BF10B501390244904201D100201F
:1092D00005E0037811F8014FA34201D0181B10BD1F
:1092E0000130F2E702440346934200D1704703F88D
:1092F000011BF9E7C9B20346184613F8012B12B156
:109300008A42F9D17047002918BF0020704770B514
:1093100003461E4613F8014B44B14A1E01E0A54224
:1093200004D012F8015F002DF9D1F2E7301A70BDB8
:1093300070B503461E4613F8014B3CB14A1E01E0CE
:10934000A542F7D012F8015F002DF9D1301A70BD97
:109350000A44914200F1FF3300D1704710B511F873
:10936000014B03F8014F9142F9D110BD034613F8A8
:10937000012B002AFBD1181A013870470D0A005B37
:10938000005D20005465726D696E616C00D0040D43
:1093900011132B3F544C180D0B1F2300D0040C113C
:1093A000132C3F44512F1F1F2023007365737369D3
:1093B0006F6E3A206C696E6B20757020E286922089
:1093C000436F6E6E65637465642C2048454C4C4F4A
:1093D0005F4F464645520073657373696F6E3A205E
:1093E000686561727462656174207374616C652074
:1093F0006F7665726C61790073657373696F6E3A2D
:10940000205265616479202873616D652070686FF2
:109410006E65290073657373696F6E3A20526561DA
:10942000647920286E65772F6F7468657220706884
:109430006F6E65290073657373696F6E3A204845D6
:109440004C4C4F5F4143434550542072656A6563FD
:109450007465640073657373696F6E3A2048454C98
:109460004C4F5F52454A45435420E2809420726538
:109470006D61696E20436F6E6E6563746564007321
:10948000657373696F6E3A2035206D697373656417
:10949000206865617274626561747320E280942053
:1094A000706F702072656D6F746500616D626965C3
:1094B0006E74006163746976650073747265616DC2
:1094C000696E67003838003030003031002F61732A
:1094D00073657473005057523A20736F667420643A
:1094E000656275672D617373697374206F6666209A
:1094F000E2809420706F7765722D6379636C6520CC
:1095000061667465722053574420646973636F6E9B
:109510006E65637420666F72204761746520430036
:1095200050575220696E737472756D206F6E20E211
:10953000809420636F7272656C617465205254541C
:1095400020505752206C696E6573207769746820CB
:1095500063757272656E74207472616365003F009A
:1095600050575220743D3078002D3E00676C616E7C
:109570006365002E2E006C6974746C65667300421E
:109580004C453A204E696D424C45206E6F74206CFC
:10959000696E6B65642028534C4154455F484153C4
:1095A0005F4E494D424C453D302920E28094207465
:1095B00072616E73706F72742072656164792C20B1
:1095C000726164696F2069646C6500424C453A20A1
:1095D000536C617465205555494420626173652060
:1095E00065393739616366622D633333382D34341E
:1095F00066612D613936322D6539366534636630E2
:109600003738663300424C453A20536572766963B9
:10961000652065393739616366622D633333382DD0
:10962000303030302D613936322D6539366534634E
:109630006630373866330070726F66696C6520007B
:109640002F6173736574732F00536C617465204DC3
:10965000313420E2809420706F77657220706F6CD7
:10966000696379004C6974746C654653206D6F753D
:109670006E746564004C6974746C654653206D6F3C
:10968000756E74206661696C656400424D413432C8
:109690003100424D4134323500424D4120756E6BF0
:1096A0006E6F776E202F206D697373696E6700622D
:1096B0007564676574206C6F63616C20006C6F6308
:1096C000616C2D73637265656E2D737461746520B2
:1096D0002F206E6F7469662D73746F7265207369C5
:1096E0007A6564202873656520646F637329004D73
:1096F0003134207265616479004557494430313214
:1097000033343536373839414243444546000C0C32
:10971000003333000000040009000D0012001600A1
:109720001B001F00240028002C00310035003900E8
:109730003E00420046004A004F00530057005B00C5
:109740005F00630067006B006F00730077007A00B2
:109750007E008200850089008D00900093009700B4
:109760009A009E00A100A400A700AB00AE00B100CB
:10977000B400B600B900BC00BF00C100C400C60000
:10978000C900CB00CD00D000D200D400D600D80054
:10979000DA00DB00DD00DF00E000E200E300E400CF
:1097A000E600E700E800E900EA00EB00EC00ED006D
:1097B000ED00EE00EF00EF00F000F000F100F1002E
:1097C000F100F200F200F200F200000203000000DB
:1097D000000000000100FFFF00001428287850005E
:1097E0000000000000000000152600001726000001
:1097F000192600001B2600001D2600001F26000061
:109800002126000023260000252600002726000030
:10981000292600002B2600002D2600002F26000000
:109820003126000033260000472600007526000080
:10983000E12600003B2600003D2600003F260000F8
:1098400041260000432600004526000000000000DD
:1098500000000000492700001726000049280000EA
:10986000DF280000B3290000472900005F2A00001C
:10987000FF290000172B000039270000332C0000BF
:10988000692C00009F2C0000CB2C0000F72C00005E
:109890009F2A00003526000037260000112800000E
:1098A000432B0000FF2600000127000001270000D5
:1098B00043260000452600000000000000000000D4
:1098C0001526000017260000192600001B260000A0
:1098D0001D2600001F260000212600002326000070
:1098E0002526000027260000292600002B26000040
:1098F0002D2600002F260000312600003326000010
:109900003526000037260000392600003B260000DF
:109910003D26000009270000032700004326000021
:10992000452600000705050507020202020207019D
:1099300007040707010701070505070101070407D9
:1099400001070704070507070101010107050705CE
:1099500007070507010700000002000000100000D3
:109960000000000000000000AB9400000000900127
:1099700001000000B394000037001800020000004E
:10998000BA94000046000C001F1C1F1E1F1E1F1F44
:109990001E1F1E1F01030501000000001000000033
:1099A000AB9400006C950000B3940000BA940000E2
:1099B000FFFFFFFFFFFFFFFF000000006410B71D67
:1099C000C8206E3BAC30D9269041DC76F4516B6BED
:1099D0005861B24D3C7105502083B8ED44930FF0AF
:1099E000E8A3D6D68CB361CBB0C2649BD4D2D38665
:1099F00078E20AA01CF2BDBD17001B001B0001018C
:109A0000000000002F6173736574732F2E737461EF
:089A100067696E6700000000A9
:089A1800B0F5FF7F0100000022
:049A2000F58E0000BF
:109A2400534547474552205254540000000000005B
:109A3400010000000100000084930000202A00209F
:109A4400000400000000000000000000000000000E
:109A540084930000102A0020100000000000000081
:109A64000000000000000000FFFFFFFF02010000F3
:109A740000000000000000000000000000000000E2
:109A840000000000000000000000000000000000D2
:109A940000000000000400000000000000000000BE
:109AA40000000000000000000000000000000000B2
:109AB40000000000000000000000000000000000A2
:109AC4000000000000000000000000000000000092
:109AD400000064000000000000000000000000001E
:109AE4000103050100000000000000000000000068
:109AF4000000000000000000000000000000000062
:109B04000000000000000000000000000000000051
:109B14000000000000000000000000000000000041
:109B24000000000000000000000000000000000031
:109B34000000000000000000000000000000000021
:109B44000000000000000000000000000000000011
:109B54000000000000000000000000000000000001
:109B640000000000000000000000000000000000F1
:109B740000000000000000000000000000000000E1
:109B840000000000000000000000000000000000D1
:109B940000000000000000000000000000000000C1
:109BA40000000000000000000000000000000000B1
:109BB40000000000000000000000000000000000A1
:109BC4000000000000000000000000000000000091
:109BD4000000000000000000000000000000000081
:109BE4000000000000000000000000000000000071
:109BF4000000000000000000000000000000000061
:109C04000000000000000000000000000000000050
:109C14000000000000000000000000000000000040
:109C24000000000000000000000000000000000030
:109C34000000000000000000000000000000000020
:109C44000000000000000000000000000000000010
:109C54000000000000000000000000000000000000
:109C640000000000000000000000000000000000F0
:109C740000000000000000000000000000000000E0
:109C840000000000000000000000000000000000D0
:109C940000000000000000000000000000000000C0
:109CA40000000000000000000000000000000000B0
:109CB40000000000000000000000000000000000A0
:109CC4000000000000000000000000000000000090
:109CD4000000000000000000000000000000000080
:109CE4000000000000000000000000000000000070
:109CF4000000000000000000000000000000000060
:109D0400000000000000000000000000000000004F
:109D1400000000000000000000000000000000003F
:109D2400000000000000000000000000000000002F
:109D3400000000000000000000000000000000001F
:109D4400000000000000000000000000000000000F
:109D540000000000000000000000000000000000FF
:109D640000000000000000000000000000000000EF
:109D740000000000000000000000000000000000DF
:109D840000000000000000000000000000000000CF
:109D940000000000000000000000000000000000BF
:109DA40000000000000000000000000000000000AF
:109DB400000000000000000000000000000000009F
:109DC400000000000000000000000000000000008F
:109DD400000000000000000000000000000000007F
:109DE400000000000000000000000000000000006F
:109DF400000000000000000000000000000000005F
:109E0400000000000000000000000000000000004E
:109E1400000000000000000000000000000000003E
:109E2400000000000000000000000000000000002E
:109E3400000000000000000000000000000000001E
:109E4400000000000000000000000000000000000E
:109E540000000000000000000000000000000000FE
:109E640000000000000000000000000000000000EE
:109E740000000000000000000000000000000000DE
:109E840000000000000000000000000000000000CE
:109E940000000000000000000000000000000000BE
:109EA40000000000000000000000000000000000AE
:109EB400000000000000000000000000000000009E
:109EC400000000000000000000000000000000008E
:109ED400000000000000000000000000000000007E
:109EE400000000000000000000000000000000006E
:109EF400000000000000000000000000000000005E
:109F0400000000000000000000000000000000004D
:109F1400000000000000000000000000000000003D
:109F2400000000000000000000000000000000002D
:109F3400000000000000000000000000000000001D
:109F4400000000000000000000000000000000000D
:109F540000000000000000000000000000000000FD
:109F640000000000000000000000000000000000ED
:109F740000000000000000000000000000000000DD
:109F840000000000000000000000000000000000CD
:109F940000000000000000000000000000000000BD
:109FA40000000000000000000000000000000000AD
:109FB400000000000000000000000000000000009D
:109FC400000000000000000000000000000000008D
:109FD400000000000000000000000000000000007D
:109FE400000000000000000000000000000000006D
:109FF400000000000000000000000000000000005D
:10A00400000000000000000000000000000000004C
:10A01400000000000000000000000000000000003C
:10A02400000000000000000000000000000000002C
:10A03400000000000000000000000000000000001C
:10A04400000000000000000000000000000000000C
:10A0540000000000000000000000000000000000FC
:10A0640000000000000000000000000000000000EC
:10A0740000000000000000000000000000000000DC
:10A0840000000000000000000000000000000000CC
:10A0940000000000000000000000000000000000BC
:10A0A40000000000000000000000000000000000AC
:10A0B400000000000000000000000000000000009C
:10A0C400000000000000000000000000000000008C
:10A0D400000000000000000000000000000000007C
:10A0E400000000000000000000000000000000006C
:10A0F400000000000000000000000000000000005C
:10A10400000000000000000000000000000000004B
:10A11400000000000000000000000000000000003B
:10A12400000000000000000000000000000000002B
:10A13400000000000000000000000000000000001B
:10A14400000000000000000000000000000000000B
:10A1540000000000000000000000000000000000FB
:10A1640000000000000000000000000000000000EB
:10A1740000000000000000000000000000000000DB
:10A1840000000000000000000000000000000000CB
:10A1940000000000000000000000000000000000BB
:10A1A40000000000000000000000000000000000AB
:10A1B400000000000000000000000000000000009B
:10A1C400000000000000000000000000000000008B
:10A1D400000000000000000000000000000000007B
:10A1E400000000000000000000000000000000006B
:10A1F400000000000000000000000000000000005B
:10A20400000000000000000000000000000000004A
:10A21400000000000000000000000000000000003A
:10A22400000000000000000000000000000000002A
:10A23400000000000000000000000000000000001A
:10A24400000000000000000000000000000000000A
:10A2540000000000000000000000000000000000FA
:10A2640000000000000000000000000000000000EA
:10A2740000000000000000000000000000000000DA
:10A2840000000000000000000000000000000000CA
:10A2940000000000000000000000000000000000BA
:10A2A40000000000000000000000000000000000AA
:10A2B400000000000000000000000000000000009A
:10A2C400000000000000000000000000000000008A
:10A2D400000000000000000000000000000000007A
:10A2E400000000000000000000000000000000006A
:10A2F400000000000000000000000000000000005A
:10A304000000000000000000000000000000000049
:10A314000000000000000000000000000000000039
:10A324000000000000000000000000000000000029
:10A334000000000000000000000000000000000019
:10A344000000000000000000000000000000000009
:10A3540000000000000000000000000000000000F9
:10A3640000000000000000000000000000000000E9
:10A3740000000000000000000000000000000000D9
:10A3840000000000000000000000000000000000C9
:10A3940000000000000000000000000000000000B9
:10A3A40000000000000000000000000000000000A9
:10A3B4000000000000000000000000000000000099
:10A3C4000000000000000000000000000000000089
:10A3D4000000000000000000000000000000000079
:10A3E4000000000000000000000000000000000069
:10A3F4000000000000000000000000000000000059
:10A404000000000000000000000000000000000048
:10A414000000000000000000000000000000000038
:10A424000000000000000000000000000000000028
:10A434000000000000000000000000000000000018
:10A444000000000000000000000000000000000008
:10A4540000000000000000000000000000000000F8
:10A4640000000000000000000000000000000000E8
:10A4740000000000000000000000000000000000D8
:10A4840000000000000000000000000000000000C8
:10A4940000000000000000000000000000000000B8
:10A4A40000000000000000000000000000000000A8
:10A4B4000000000000000000000000000000000098
:10A4C4000000000000000000000000000000000088
:10A4D4000000000000000000000000000000000078
:10A4E4000000000000000000000000000000000068
:10A4F4000000000000000000000000000000000058
:10A504000000000000000000000000000000000047
:10A514000000000000000000000000000000000037
:10A524000000000000000000000000000000000027
:10A534000000000000000000000000000000000017
:10A544000000000000000000000000000000000007
:10A5540000000000000000000000000000000000F7
:10A5640000000000000000000000000000000000E7
:10A5740000000000000000000000000000000000D7
:10A5840000000000000000000000000000000000C7
:10A5940000000000000000000000000000000000B7
:10A5A40000000000000000000000000000000000A7
:10A5B4000000000000000000000000000000000097
:10A5C4000000000000000000000000000000000087
:10A5D4000000000000000000000000000000000077
:10A5E4000000000000000000000000000000000067
:10A5F4000000000000000000000000000000000057
:10A604000000000000000000000000000000000046
:10A614000000000000000000000000000000000036
:10A624000000000000000000000000000000000026
:10A634000000000000000000000000000000000016
:10A644000000000000000000000000000000000006
:10A6540000000000000000000000000000000000F6
:10A6640000000000000000000000000000000000E6
:10A6740000000000000000000000000000000000D6
:10A6840000000000000000000000000000000000C6
:10A6940000000000000000000000000000000000B6
:10A6A40000000000000000000000000000000000A6
:10A6B4000000000000000000000000000000000096
:10A6C4000000000000000000000000000000000086
:10A6D4000000000000000000000000000000000076
:10A6E4000000000000000000000000000000000066
:10A6F40000000000000000000000003F0000000017
:10A704000000000000000000000000000000000045
:10A714000000000000000000000000000000000035
:10A724000000000000000000000000000000000025
:10A734000000000000000000000000000000000015
:10A744000000000000000000000000000000000005
:10A7540000000000000000000000000000000000F5
:10A7640000000000000000000000000000000000E5
:10A7740000000000000000000000000000000000D5
:10A7840000000000000000000000000000000000C5
:10A7940000000000000000000000003F0000000076
:10A7A40000000000000000000000000000000000A5
:10A7B4000000000000000000000000000000000095
:10A7C4000000000000000000000000000000000085
:10A7D4000000000000000000000000000000000075
:10A7E4000000000000000000000000000000000065
:10A7F4000000000000000000000000000000000055
:10A804000000000000000000000000000000000044
:10A814000000000000000000000000000000000034
:10A824000000000000000000000000000000000024
:10A8340000000000000000000000003F00000000D5
:10A844000000000000000000000000000000000004
:10A8540000000000000000000000000000000000F4
:10A8640000000000000000000000000000000000E4
:10A8740000000000000000000000000000000000D4
:10A8840000000000000000000000000000000000C4
:10A8940000000000000000000000000000000000B4
:10A8A40000000000000000000000000000000000A4
:10A8B4000000000000000000000000000000000094
:10A8C4000000000000000000000000000000000084
:10A8D40000000000000000000000003F0000000035
:10A8E4000000000000000000000000000000000064
:10A8F4000000000000000000000000000000000054
:10A904000000000000000000000000000000000043
:10A914000000000000000000000000000000000033
:10A924000000000000000000000000000000000023
:10A934000000000000000000000000000000000013
:10A944000000000000000000000000000000000003
:10A9540000000000000000000000000000000000F3
:10A9640000000000000000000000000000000000E3
:10A9740000000000000000000000003F0000000094
:10A9840000000000000000000000000000000000C3
:10A9940000000000000000000000000000000000B3
:10A9A40000000000000000000000000000000000A3
:10A9B4000000000000000000000000000000000093
:10A9C4000000000000000000000000000000000083
:10A9D4000000000000000000000000000000000073
:10A9E4000000000000000000000000000000000063
:10A9F4000000000000000000000000000000000053
:10AA04000000000000000000000000000000000042
:10AA140000000000000000000000003F00000000F3
:10AA24000000000000000000000000000000000022
:10AA34000000000000000000000000000000000012
:10AA44000000000000000000000000000000000002
:10AA540000000000000000000000000000000000F2
:10AA640000000000000000000000000000000000E2
:10AA740000000000000000000000000000000000D2
:10AA840000000000000000000000000000000000C2
:10AA940000000000000000000000000000000000B2
:10AAA40000000000000000000000000000000000A2
:10AAB40000000000000000000000003F0000000053
:10AAC4000000000000000000000000000000000082
:10AAD4000000000000000000000000000000000072
:10AAE4000000000000000000000000000000000062
:10AAF4000000000000000000000000000000000052
:10AB04000000000000000000000000000000000041
:10AB14000000000000000000000000000000000031
:10AB24000000000000000000000000000000000021
:10AB34000000000000000000000000000000000011
:10AB44000000000000000000000000000000000001
:10AB540000000000000000000000003F00000000B2
:10AB640000000000000000000000000000000000E1
:10AB740000000000000000000000000000000000D1
:10AB840000000000000000000000000000000000C1
:10AB940000000000000000000000000000000000B1
:10ABA40000000000000000000000000000000000A1
:10ABB4000000000000000000000000000000000091
:10ABC4000000000000000000000000000000000081
:10ABD4000000000000000000000000000000000071
:10ABE4000000000000000000000000000000000061
:10ABF40000000000000000000000003F0000000012
:10AC04000000000000000000000000000000000040
:10AC14000000000000000000000000000000000030
:10AC24000000000000000000000000000000000020
:10AC34000000000000000000000000000000000010
:10AC44000000000000000000000000000000000000
:10AC540000000000000000000000000000000000F0
:10AC640000000000000000000000000000000000E0
:10AC740000000000000000000000000000000000D0
:10AC840000000000000000000000000000000000C0
:10AC940000000000000000000000003F0000000071
:10ACA40000000000000000000000000000000000A0
:10ACB4000000000000000000000000000000000090
:10ACC4000000000000000000000000000000000080
:10ACD4000000000000000000000000000000000070
:10ACE4000000000000000000000000000000000060
:10ACF4000000000000000000000000000000000050
:10AD0400000000000000000000000000000000003F
:10AD1400000000000000000000000000000000002F
:10AD2400000000000000000000000000000000001F
:10AD340000000000000000000000003F00000000D0
:10AD440000000000000000000000000000000000FF
:10AD540000000000000000000000000000000000EF
:10AD640000000000000000000000000000000000DF
:10AD740000000000000000000000000000000000CF
:10AD840000000000000000000000000000000000BF
:10AD940000000000000000000000000000000000AF
:10ADA400000000000000000000000000000000009F
:10ADB400000000000000000000000000000000008F
:10ADC400000000000000000000000000000000007F
:10ADD40000000000000000000000003F0000000030
:10ADE400000000000000000000000000000000005F
:10ADF400000000000000000000000000000000004F
:10AE0400000000000000000000000000000000003E
:10AE1400000000000000000000000000000000002E
:10AE2400000000000000000000000000000000001E
:10AE3400000000000000000000000000000000000E
:10AE440000000000000000000000000000000000FE
:10AE540000000000000000000000000000000000EE
:10AE640000000000000000000000000000000000DE
:10AE740000000000000000000000003F000000008F
:10AE840000000000000000000000000000000000BE
:10AE940000000000000000000000000000000000AE
:10AEA400000000000000000000000000000000009E
:10AEB400000000000000000000000000000000008E
:10AEC400000000000000000000000000000000007E
:10AED400000000000000000000000000000000006E
:10AEE400000000000000000000000000000000005E
:10AEF400000000000000000000000000000000004E
:10AF0400000000000000000000000000000000003D
:10AF140000000000000000000000003F00000000EE
:10AF2400000000000000000000000000000000001D
:10AF3400000000000000000000000000000000000D
:10AF440000000000000000000000000000000000FD
:10AF540000000000000000000000000000000000ED
:10AF640000000000000000000000000000000000DD
:10AF740000000000000000000000000000000000CD
:10AF840000000000000000000000000000000000BD
:10AF940000000000000000000000000000000000AD
:10AFA400000000000000000000000000000000009D
:10AFB40000000000000000000000003F000000004E
:10AFC400000000000000000000000000000000007D
:10AFD400000000000000000000000000000000006D
:10AFE400000000000000000000000000000000005D
:10AFF400000000000000000000000000000000004D
:10B00400000000000000000000000000000000003C
:10B01400000000000000000000000000000000002C
:10B02400000000000000000000000000000000001C
:10B03400000000000000000000000000000000000C
:10B0440000000000000000000000000000000000FC
:10B0540000000000000000000000003F00000000AD
:10B0640000000000000000000000000000000000DC
:10B0740000000000000000000000000000000000CC
:10B0840000000000000000000000000000000000BC
:10B0940000000000000000000000000000000000AC
:10B0A400000000000000000000000000000000009C
:10B0B400000000000000000000000000000000008C
:10B0C400000000000000000000000000000000007C
:10B0D400000000007F000000000000007F0000006E
:10B0E400000000007F000000000000007F0000005E
:10B0F400000000007F000000000000007F0000004E
:10B10400000000007F000000000000007F0000003D
:10B11400000000000000000000000000000000002B
:10B12400000000000000000000000000000000001B
:10B13400000000000000000000000000000000000B
:10B1440000000000000000000000000000000000FB
:10B1540000000000000000000000000000000000EB
:10B1640000000000000000000000000000000000DB
:10B1740000000000000000000000000000000000CB
:10B1840000000000000000000000000000000000BB
:10B1940000000000000000000000000000000000AB
:10B1A400000000000000000000000000000000009B
:10B1B400000000000000000000000000000000008B
:10B1C400000000000000000000000000000000007B
:10B1D400000000000000000000000000000000006B
:10B1E400000000000000000000000000000000005B
:10B1F400000000000000000000000000000000004B
:10B20400000000000000000000000000000000003A
:10B21400000000000000000000000000000000002A
:10B22400000000000000000000000000000000001A
:10B23400000000000000000000000000000000000A
:10B2440000000000000000000000000000000000FA
:10B2540000000000000000000000000000000000EA
:10B2640000000000000000000000000000000000DA
:10B2740000000000000000000000000000000000CA
:10B2840000000000000000000000000000000000BA
:10B2940000000000000000000000000000000000AA
:10B2A400000000000000000000000000000000009A
:10B2B400000000000000000000000000000000008A
:10B2C400000000000000000000000000000000007A
:10B2D400000000000000000000000000000000006A
:10B2E400000000000000000000000000000000005A
:10B2F400000000000000000000000000000000004A
:10B304000000000000000000000000000000000039
:10B314000000000000000000000000000000000029
:10B324000000000000000000000000000000000019
:10B334000000000000000000000000000000000009
:10B3440001000000000000000000000000000000F8
:10B3540000000000000000000000000000000000E9
:10B36400FFFF0000000000000000000000000000DB
:10B3740000000000000000000000000000000001C8
:10B3840000000000000000000000000000000000B9
:10B3940000000000000000000000000000000000A9
:10B3A4000000000001010101000000000000000095
:10B3B4000000000000000000000000000000000089
:10B3C4000000000000000000000000000000000079
:10B3D4000000000000000000000000000000000069
:10B3E4000000000000000000000000000000000059
:10B3F4000000000000000000000000000000000049
:10B404000000000000000000000000000000000038
:10B414000000000000000000000000000000000028
:10B424000000000000000000000000000000000018
:10B434000000000000000000000000000000000008
:10B4440000000000000000000000000000000000F8
:10B4540000000000000000000000000000000000E8
:10B4640000000000000000000000000000000000D8
:10B4740000000000000000000000000000000000C8
:10B4840000000000000000000000000000000000B8
:10B4940000000000000000000000000000000000A8
:10B4A4000000000000000000000000000000000098
:10B4B4000000000000000000000000000000000088
:10B4C4000000000000000000000000000000000078
:10B4D4000000000000000000000000000000000068
:10B4E4000000000000000000000000000000000058
:10B4F4000000000000000000000000000000000048
:10B504000000000000000000000000000000000037
:10B514000000000000000000000000000000000027
:10B524000000000000000000000000000000000017
:10B534000000000000000000000000000000000007
:10B5440000000000000000000000000000000000F7
:10B5540000000000000000000000000000000000E7
:10B5640000000000000000000000000000000000D7
:10B5740000000000000000000000000000000000C7
:10B5840000000000000000000000000000000000B7
:10B5940000000000000000000000000000000000A7
:10B5A4000000000000000000000000000000000097
:10B5B4000000000000000000000000000000000087
:10B5C4000000000000000000000000000000000077
:10B5D4000000000000000000000000000000000067
:10B5E4000000000000000000000000000000000057
:10B5F4000000000000000000000000000000000047
:10B604000000000000000000000000000000000036
:10B614000000000000000000000000000000000026
:10B624000000000000000000000000000000000016
:10B634000000000000000000000000000000000006
:10B6440000000000000000000000000000000000F6
:10B6540000000000000000000000000000000000E6
:10B6640000000000000000000000000000000000D6
:10B6740000000000000000000000000000000000C6
:10B6840000000000000000000000000000000000B6
:10B6940000000000000000000000000000000000A6
:10B6A4000000000000000000000000000000000096
:10B6B4000000000000000000000000000000000086
:10B6C4000000000000000000000000000000000076
:10B6D4000000000000000000000000000000000066
:10B6E4000000000000000000000000000000000056
:10B6F4000000000000000000000000000000000046
:10B704000000000000000000000000000000000035
:10B714000000000000000000000000000000000025
:10B724000000000000000000000000000000000015
:10B734000000000000000000000000000000000005
:10B7440000000000000000000000000000000000F5
:10B7540000000000000000000000000000000000E5
:10B7640000000000000000000000000000000000D5
:10B7740000000000000000000000000000000000C5
:10B7840000000000000000000000000000000000B5
:10B7940000000000000000000000000000000000A5
:10B7A4000000000000000000000000000000000095
:10B7B4000000000000000000000000000000000085
:10B7C4000000000000000000000000000000000075
:10B7D4000000000000000000000000000000000065
:10B7E4000000000000000000000000000000000055
:10B7F4000000000000000000000000000000000045
:10B804000000000000000000000000000000000034
:10B814000000000000000000000000000000000024
:10B824000000000000000000000000000000000014
:10B834000000000000000000000000000000000004
:10B8440000000000000000000000000000000000F4
:10B8540000000000000000000000000000000000E4
:10B8640000000000000000000000000000000000D4
:10B8740000000000000000000000000000000000C4
:10B8840000000000000000000000000000000000B4
:10B8940000000000000000000000000000000000A4
:10B8A4000000000000000000000000000000000094
:10B8B4000000000000000000000000000000000084
:10B8C4000000000000000000000000000000000074
:10B8D4000000000000000000000000000000000064
:10B8E4000000000000000000000000000000000054
:10B8F4000000000000000000000000000000000044
:10B904000000000000000000000000000000000033
:10B914000000000000000000000000000000000023
:10B924000000000000000000000000000000000013
:10B934000000000000000000000000000000000003
:10B9440000000000000000000000000000000000F3
:10B9540000000000000000000000000000000000E3
:10B9640000000000000000000000000000000000D3
:10B9740000000000000000000000000000000000C3
:10B9840000000000000000000000000000000000B3
:10B9940000000000000000000000000000000000A3
:10B9A4000000000000000000000000000000000093
:10B9B4000000000000000000000000000000000083
:10B9C4000000000000000000000000000000000073
:10B9D4000000000000000000000000000000000063
:10B9E4000000000000000000000000000000000053
:10B9F4000000000000000000000000000000000043
:10BA04000000000000000000000000000000000032
:10BA14000000000000000000000000000000000022
:10BA24000000000000000000000000000000000012
:10BA34000000000000000000000000000000000002
:10BA440000000000000000000000000000000000F2
:10BA540000000000000000000000000000000000E2
:10BA640000000000000000000000000000000000D2
:10BA740000000000000000000000000000000000C2
:10BA840000000000000000000000000000000000B2
:10BA940000000000000000000000000000000000A2
:10BAA4000000000000000000000000000000000092
:10BAB4000000000000000000000000000000000082
:10BAC4000000000000000000000000000000000072
:10BAD4000000000000000000000000000000000062
:10BAE4000000000000000000000000000000000052
:10BAF4000000000000000000000000000000000042
:10BB04000000000000000000000000000000000031
:10BB14000000000000000000000000000000000021
:10BB24000000000000000000000000000000000011
:10BB34000000000000000000000000000000000001
:10BB440000000000000000000000000000000000F1
:10BB540000000000000000000000000000000000E1
:10BB640000000000000000000000000000000000D1
:10BB740000000000000000000000000000000000C1
:10BB840000000000000000000000000000000000B1
:10BB940000000000000000000000000000000000A1
:10BBA4000000000000000000000000000000000091
:10BBB4000000000000000000000000000000000081
:10BBC4000000000000000000000000000000000071
:10BBD4000000000000000000000000000000000061
:10BBE4000000000000000000000000000000000051
:10BBF4000000000000000000000000000000000041
:10BC04000000000000000000000000000000000030
:10BC14000000000000000000000000000000000020
:10BC24000000000000000000000000000000000010
:10BC34000000000000000000000000000000000000
:10BC440000000000000000000000000000000000F0
:10BC540000000000000000000000000000000000E0
:10BC640000000000000000000000000000000000D0
:10BC740000000000000000000000000000000000C0
:10BC840000000000000000000000000000000000B0
:10BC940000000000000000000000000000000000A0
:10BCA4000000000000000000000000000000000090
:10BCB4000000000000000000000000000000000080
:10BCC4000000000000000000000000000000000070
:10BCD4000000000000000000000000000000000060
:10BCE4000000000000000000000000000000000050
:10BCF4000000000000000000000000000000000040
:10BD0400000000000000000000000000000000002F
:10BD1400000000000000000000000000000000001F
:10BD2400000000000000000000000000000000000F
:10BD340000000000000000000000000000000000FF
:10BD440000000000000000000000000000000000EF
:10BD540000000000000000000000000000000000DF
:10BD640000000000000000000000000000000000CF
:10BD740000000000000000000000000000000000BF
:10BD840000000000000000000000000000000000AF
:10BD9400000000000000000000000000000000009F
:10BDA400000000000000000000000000000000008F
:10BDB400000000000000000000000000000000007F
:10BDC400000000000000000000000000000000006F
:10BDD400000000000000000000000000000000005F
:10BDE400000000000000000000000000000000004F
:10BDF400000000000000000000000000000000003F
:10BE0400000000000000000000000000000000002E
:10BE1400000000000000000000000000000000001E
:10BE2400000000000000000000000000000000000E
:10BE340000000000000000000000000000000000FE
:10BE440000000000000000000000000000000000EE
:10BE540000000000000000000000000000000000DE
:10BE640000000000000000000000000000000000CE
:10BE740000000000000000000000000000000000BE
:10BE840000000000000000000000000000000000AE
:10BE9400000000000000000000000000000000009E
:10BEA400000000000000000000000000000000008E
:10BEB400000000000000000000000000000000007E
:10BEC400000000000000000000000000000000006E
:10BED400000000000000000000000000000000005E
:10BEE400000000000000000000000000000000004E
:10BEF400000000000000000000000000000000003E
:10BF0400000000000000000000000000000000002D
:10BF1400000000000000000000000000000000001D
:10BF2400000000000000000000000000000000000D
:10BF340000000000000000000000000000000000FD
:10BF440000000000000000000000000000000000ED
:10BF540000000000000000000000000000000000DD
:10BF640000000000000000000000000000000000CD
:10BF740000000000000000000000000000000000BD
:10BF840000000000000000000000000000000000AD
:10BF9400000000000000000000000000000000009D
:10BFA400000000000000000000000000000000008D
:10BFB400000000000000000000000000000000007D
:10BFC400000000000000000000000000000000006D
:10BFD400000000000000000000000000000000005D
:10BFE400000000000000000000000000000000004D
:10BFF400000000000000000000000000000000003D
:10C00400000000000000000000000000000000002C
:10C01400000000000000000000000000000000001C
:10C02400000000000000000000000000000000000C
:10C0340000000000000000000000000000000000FC
:10C0440000000000000000000000000000000000EC
:10C0540000000000000000000000000000000000DC
:10C0640000000000000000000000000000000000CC
:10C0740000000000000000000000000000000000BC
:10C0840000000000000000000000000000000000AC
:10C09400000000000000000000000000000000009C
:10C0A400000000000000000000000000000000008C
:10C0B400000000000000000000000000000000007C
:10C0C400000000000000000000000000000000006C
:10C0D400000000000000000000000000000000005C
:10C0E400000000000000000000000000000000004C
:10C0F400000000000000000000000000000000003C
:10C10400000000000000000000000000000000002B
:10C11400000000000000000000000000000000001B
:10C12400000000000000000000000000000000000B
:10C1340000000000000000000000000000000000FB
:10C1440000000000000000000000000000000000EB
:10C1540000000000000000000000000000000000DB
:10C1640000000000000000000000000000000000CB
:10C1740000000000000000000000000000000000BB
:10C1840000000000000000000000000000000000AB
:10C19400000000000000000000000000000000009B
:10C1A400000000000000000000000000000000008B
:10C1B400000000000000000000000000000000007B
:10C1C400000000000000000000000000000000006B
:10C1D400000000000000000000000000000000005B
:10C1E400000000000000000000000000000000004B
:10C1F400000000000000000000000000000000003B
:10C20400000000000000000000000000000000002A
:10C21400000000000000000000000000000000001A
:10C22400000000000000000000000000000000000A
:10C2340000000000000000000000000000000000FA
:10C2440000000000000000000000000000000000EA
:10C2540000000000000000000000000000000000DA
:10C2640000000000000000000000000000000000CA
:10C2740000000000000000000000000000000000BA
:10C2840000000000000000000000000000000000AA
:10C29400000000000000000000000000000000009A
:10C2A400000000000000000000000000000000008A
:10C2B400000000000000000000000000000000007A
:10C2C400000000000000000000000000000000006A
:10C2D400000000000000000000000000000000005A
:10C2E400000000000000000000000000000000004A
:10C2F400000000000000000000000000000000003A
:10C304000000000000000000000000000000000029
:10C314000000000000000000000000000000000019
:10C324000000000000000000000000000000000009
:10C3340000000000000000000000000000000000F9
:10C3440000000000000000000000000000000000E9
:10C3540000000000000000000000000000000000D9
:10C3640000000000000000000000000000000000C9
:10C3740000000000000000000000000000000000B9
:10C3840000000000000000000000000000000000A9
:10C394000000000000000000000000000000000099
:10C3A4000000000000000000000000000000000089
:10C3B4000000000000000000000000000000000079
:10C3C4000000000000000000000000000000000069
:10C3D4000000000000000000000000000000000059
:10C3E4000000000000000000000000000000000049
:10C3F4000000000000000000000100000000000038
:10C404000000000000000000000000000000000028
:10C414000000000017001B001B00010100000000C9
:10C424000000000000000000000000000000000008
:0400000300000001F8
:00000001FF
