:108020000000012001810000798100000932010077
:108030007981000079810000798100000000000052
:10804000000000000000000000000000C15B010013
:108050007981000000000000115C0100555D010005
:10806000F92D0200798100007981000079810000FA
:1080700079810000798100005D970000798100001E
:108080007981000079810000798100007981000008
:1080900079810000798100007981000079810000F8
:1080A00079810000B12E0200798100007981000001
:1080B00079810000798100007981000079810000D8
:1080C00079810000798100007981000079810000C8
:1080D00079810000798100000000000000000000AC
:1080E00079810000798100007981000079810000A8
:0C80F00079810000798100007981000096
:1081000008B5144A144B15498B4213D3144B154A26
:108110000021934213D300F057F800F033F8124CCB
:10812000124DAC420ED3124C124DAC420ED30BF09A
:10813000E1FCFEE752F8040B43F8040BE4E743F8D4
:10814000041BE6E754F8043B9847EAE754F8043B7D
:108150009847EAE7B85B020000000020AC2D002041
:10816000002E002028EC0020B45B0200B45B02006B
:10817000B45B0200B85B020008B54FF61F000BF0BD
:1081800037F8000010B50A4A0A48114600230133A7
:1081900050F8044B41F8044B372BF8D14FF0E02353
:1081A000C3F8082DBFF34F8FBFF36F8F10BD00BF13
:1081B000002E002020800000024AD2F80034002B5C
:1081C000FBD0704700E0014008B54FF0A0434FF4EA
:1081D00080320321C3F80825C3F81825C3F84017D7
:1081E000C3F808254FF0804301220021C3F8782509
:1081F000C3F81825C3F804119A60D3F80421002AA3
:10820000FBD04FF01020D0F80C32023312D01749B7
:10821000FFF7D2FF0123C1F80435FFF7CDFF6FF060
:108220000103C0F80C32FFF7C7FF0023C1F8043583
:10823000FFF7C2FF0E4B012200215A600420DA60D2
:10824000C3F804150321C3F80815C3F810051A6014
:108250004FF0A0434FF48032C3F80825C3F8182527
:10826000C3F84017C3F8082508BD00BF00E001406F
:1082700000900040024B01221A64D3F84005704779
:1082800000900040064B01211964D3F840251044AA
:108290001964D3F84025121A002AF9DB704700BF91
:1082A0000090004070B504464FF47A7604B970BD72
:1082B000B4F5FA7F254628BF4FF4FA7506FB05F0A2
:1082C000FFF7E0FF641B07F051F8EFE74FF0A04322
:1082D0004FF48032C3F80825704738B54FF0A044FA
:1082E0004FF48035C4F80C55FFF7DCFFC4F808558F
:1082F00038BD4FF0A0430322C3F83C270422C3F843
:1083000034274FF40042C3F81825C3F808257047F6
:108310004FF080430349D3F800240A60C3F80024D7
:10832000704700BFE82E0020014B1868704700BF5F
:10833000E82E00204FF0A043D3F81005C0F34030E2
:10834000704700004FF0A043164AD3F81035164886
:10835000012110B513F400531164D2F8402505D162
:10836000124A01701370124A137010BD0378002B6B
:10837000FBD00F480378072B02D801330370F4E7D2
:108380000A480C4B047814B91A600170EDE71B68B9
:10839000D21A094B9A42E8D34FF0E023074AC3F8B8
:1083A0000C2DFEE700900040E52E0020E42E00207A
:1083B000DC2E0020E02E002000127A000400FA05D6
:1083C000084A536A116A013310B5B3FBF1F401FB9B
:1083D0001433916A99421FBF516AD4695362605441
:1083E00010BD00BF00000020704710B5441E14F8F7
:1083F000010F00B910BDFFF7E3FFF8E708B5FFF77D
:10840000F4FFBDE808400148FFF7EFBFBC4502009C
:1084100070B505460748084EFFF7E7FF1C2425FA0C
:1084200004F303F00F03043CF05CFFF7C9FF231DC6
:10843000F5D170BD4C49020024510200022838B524
:1084400004460D4612D80A48013CFFF7CEFF032C24
:1084500096BF084B3F20185DFFF7B2FF0648FFF7B5
:10846000C4FF2846BDE83840FFF7C8BF38BD00BF8D
:10847000BF45020020510200C14502004FF0A04359
:1084800003220421C3F80827C3F80C150821C3F8F8
:108490000C27C3F80C150021C3F810174FF48021E6
:1084A000C3F84827C3F808154FF00071C3F86427D4
:1084B000C3F80815C3F814272022C3F8082570470D
:1084C0000A4B0222C3F808250322C3F80C25042214
:1084D000C3F810254FF00042C3F824250622C3F844
:1084E0005425FF22C3F8C025704700BF003000406C
:1084F000034A53680146013301205360FFF79EBFD2
:1085000000310020F8B50746FFF7B4FE154D0646CA
:10851000D5F8184124B10023C5F81831012020E016
:10852000FFF7A8FE801BB842F2DD4FF0A0430E4AD1
:1085300001206861C5F80045C3F808250B4B1C6095
:10854000FFF79CFFFFF7BCFF094AC5F81841072356
:10855000C5F800351368074903441360FFF76EFF41
:108560002046F8BD00300040200000020831002005
:1085700000310020CD45020010B50D4C0020C4F89C
:108580000005FFF77BFFFFF79BFF0723C4F80035CB
:10859000084B094C1870094B1860094BC3E90000DF
:1085A00023681BB901200CF09BFC206010BD00BFAC
:1085B000003000400C310020FC3000200831002049
:1085C0000031002038B50C4C237813B10B48FFF76D
:1085D0008FFF0B4D2B6843B10CF0DAF8022804D161
:1085E00028684FF0FF310CF0EFFD064B0722C3F86F
:1085F00000250123237038BD0C310020F84502000E
:10860000FC3000200030004070B50F4D2B7813B9BE
:108610000E48FFF76DFF4FF0A04300240C4AC3F84B
:1086200008250C4B2C700C4D1C602B685BB10CF0BA
:10863000AFF8022807D12868234622462146BDE824
:1086400070400CF0ABBB70BD0C3100200C4602003A
:108650002000000208310020FC300020194B2DE9D9
:10866000F04793F8008005460C46B8F1000F05D19D
:108670001548FFF73DFF4FF0000820E0E8B1134E2A
:108680004FF000094FF0010ACCB1FF2C274628BF5C
:10869000FF2707F13200C6F818918000C6F844554C
:1086A000C6F84875C6F83895C6F810A0FFF72AFF37
:1086B0000028E0D03D44E41BE6E70029DBD140463A
:1086C000BDE8F0870C310020294602000030004050
:1086D0002DE9F0471C461D4B93F800801646B8F173
:1086E000000F05D11A48FFF703FF4FF0000801E023
:1086F00018B94EB94046BDE8F0870029F9D0FFF718
:10870000ADFF0028F5D1F0E7002CF3D0114FDFF8D2
:1087100048904FF0000AFF2C254628BFFF25012373
:1087200005F13200C7F818A18000C7F84495C7F8D2
:108730004855C7F83465C7F838553B61FFF7E2FE86
:108740000028D2D0641B2E44E5D1D3E70C310020A1
:108750004746020000300040FC2F0020192838B5A1
:10876000044606D0052804D0BDE838400B48FFF782
:10877000BFBE0B4D2B684BB1A34207D00948FFF792
:10878000B7FE4FF0A043084AC3F8082501234FF075
:10879000A042A340C2F80C352C6038BD65460200EB
:1087A0000831002080460200200000024FF0A04265
:1087B00001238340C2F80835034B1A68824204BF84
:1087C00000221A60704700BF083100204FF0A0431C
:1087D0004FF48022C3F80C2570474FF0A0434FF4AC
:1087E0008022C3F80825704737B50C4615468DF82A
:1087F0000700FFF7E7FE1920FFF7B0FFFFF7E6FFDE
:1088000001210DF10700FFF729FF28B1FFF7E5FF70
:1088100029462046FFF722FF1920FFF7C7FFFFF781
:10882000F3FE03B030BD07B58DF80700FFF7CAFEB1
:108830001920FFF793FFFFF7C9FF01210DF1070092
:10884000FFF70CFF1920FFF7B1FFFFF7DDFE03B0C4
:108850005DF804FB08B51020FFF7E5FFBDE8084010
:108860000520FFF71FBD08B51120FFF7DCFFBDE8AD
:1088700008407820FFF716BD37B552BAADF806208C
:1088800040BA0422ADF804000D462A200DEB020187
:108890001C46FFF7A9FF04226DBA64BA0DEB020172
:1088A0002B20ADF80450ADF80640FFF79DFF2C20BB
:1088B00003B0BDE83040FFF7B6BF10B50022F8B0F6
:1088C0006B4611460132F02A1970597003F1020308
:1088D000F8D10024A3B21946EF220020FFF7CCFF05
:1088E000FFF770FE1920FFF739FFFFF776FF4FF40F
:1088F000F0716846FFF7B2FE01341920FFF756FF0A
:10890000FFF782FEB4F5A07FE4D178B010BD00007F
:108910007FB54FF0A04403234FF000724FF0806505
:10892000C4F864370A20C4F80825C4F86837C4F8C6
:108930000855C4F80C55FFF7B5FCC4F80855782065
:10894000FFF7B0FC0120FFF76EFF9620FFF7AAFCAF
:108950001120FFF768FF0A20FFF7A4FC552301222E
:1089600069463A208DF80030FFF73EFF00230122D0
:10897000694636208DF80030FFF736FF4F4B1868F8
:1089800000901B798DF8043005226946B220FFF76C
:108990002BFF352301226946B7208DF80030FFF701
:1089A00023FF192301226946BB2001258DF80030E1
:1089B000FFF71AFF2C2301226946C0208DF80030F2
:1089C000FFF712FF2A466946C2208DF80050FFF7D4
:1089D0000BFF12232A466946C3208DF80030FFF7AB
:1089E00003FF20232A466946C4208DF80030FFF794
:1089F000FBFE0F232A466946C6208DF80030FFF79C
:108A0000F3FE4AF2A41302226946D020ADF80030EA
:108A1000FFF7EAFE2A4B6C466A4603F1080618681F
:108A20005968154603C50833B3422A46F7D118687A
:108A30009B882860AB800E222146E020FFF7D4FE01
:108A4000204B224603F1080618685968154603C5ED
:108A50000833B3422A46F7D118689B88AB80214679
:108A60000E222860E120FFF7BFFE2120FFF7DBFE8A
:108A70000120FFF717FC1320FFF7D5FE0120FFF7B9
:108A800011FC0025104B0093214606223320ADF83F
:108A90000450FFF7A9FE022221463720ADF800500E
:108AA000FFF7A2FE2920FFF7BEFE1420FFF7FAFB16
:108AB00004B0BDE87040FFF700BF00BF35510200B1
:108AC000A2460200B14602000000014038B50D4642
:108AD0000446FFF777FD1920FFF740FEFFF77DFE04
:108AE00029462046FFF7BAFD04461920FFF75EFE2F
:108AF000FFF78AFD204638BD4FF4B47390FBF3F2C4
:108B000002FB13001844B0FBF3F203FB12005A28D7
:108B1000094B02DC33F910007047B42802DCC0F1C5
:108B2000B400F7E7B0F5877FD4BFB438C0F5B470B0
:108B300033F91000404270473A51020000280BDB25
:108B4000C000904200F10703D4BF002001208B42F7
:108B5000B8BF40F0010070470020704770B500F5C5
:108B6000805400254FF0FF330646C4F8005EC4F879
:108B7000043EC4F8085EC4F80C5E4FF4F052294677
:108B80001AF071FDC4F8005E304670BD70B5044641
:108B90000846114600222280628001222271E3B140
:108BA00000F580500B44D0F8045E5A1E28460E464D
:108BB000FFF7C4FF88B9002D11DBED00A942B8BF53
:108BC0002E460735AA42A8BF2A46B24205DB761ACE
:108BD000521A0023268062802371204670BDEF2543
:108BE000F0E700F5805010B5B0F80C3EA3B1B0F836
:108BF000084E8C4212D823449BB28B420ED9B0F857
:108C00000A3E93420AD8B0F80E1E581880B290421D
:108C100094BF0020012010BD0120FCE70020FAE7EE
:108C2000EF29F8B504460D4616461F461FD8EF2A11
:108C30001DD8FFF7D6FFD0B104F58053D208D3F882
:108C4000041E002901DB914211D1F02106F0070634
:108C500001FB0655390A04F8151004EB45040121FF
:108C600067709140D3F8002E0A43C3F8002EF8BD78
:108C70002DE9F04F87B01446BDF940A00190994608
:108C8000BDF844300493A24500F580535246B8BF66
:108C90002246A2450E46D3F8040E5146A8BF2146EF
:108CA000FFF74CFF002852D11FFA89F0B2B2871AA1
:108CB000BBB23FB2002F00931FFA8AF1A3B2A1EB1F
:108CC0000308B8BF121A1FFA88FBB8BF90B20FFA98
:108CD00088F8BCBF009017B2B8F1000FA2BF5B1AB2
:108CE0001FFA83FB0FFA83F8B145D4BF4FF0FF336F
:108CF00001230293A245D4BF4FF0FF330123039316
:108D0000009B0BEB03052DB2B1B2EF2908D8A2B23C
:108D1000EF2A05D8049B01980591FFF781FF05997B
:108D20004E4501D1544512D0AAB253001BB298450A
:108D300004DC5A4415B2029A11440EB29F42E3DB9E
:108D4000009B1D44039B1C442DB224B2DCE707B0FA
:108D5000BDE8F08F89B2EF2907D892B2EF2A04D884
:108D6000036840681B88FFF75BBF70472DE9F04F31
:108D70001F4600F58053164685B081468846D3F8D5
:108D8000040E3A44F11BFFF7D9FE0546002865D0D2
:108D900005B0BDE8F08F0EAB1FFA87FA1FFA84FB0F
:108DA000CDE9023916FA84F418FA87F31BB222B21D
:108DB000A8EB0A04194624B202A801930092FFF717
:108DC000C9FF2146009A02A8FFF7C4FF019BA6EB4A
:108DD0000B02194612B202A80092FFF7BBFF214610
:108DE000009A02A8FFF7B6FF0BEB08031BB20AEBD1
:108DF0000602A8EB0B04194612B224B202A8019392
:108E00000092FFF7A7FF2146009A02A8FFF7A2FFF2
:108E1000019BA6EB0A02194612B202A80092FFF7C4
:108E200099FF009A214602A8FFF794FF002D0BF14D
:108E3000010BC8BF0AF1FF3A05F101030FFA8BF4E9
:108E4000C8BF0FFA8AF71FFA8BF29BB2C8BFE21BAA
:108E500003EB42031DB2A7429DDA99E704461FFACD
:108E600088F8B6B2F7E710B44468036824781B8822
:108E700089B20CB9494289B21944C3681B7889B2D6
:108E800092B20BB9524292B2EF290CD883681B8878
:108E90001A4492B2EF2A06D803695DF8044B1B8886
:108EA0004069FFF7BDBE5DF8044B70472DE9F04700
:108EB00088B04FF0000A8DF803300368ADF8061053
:108EC000ADF80420B3F90050064654460DF10607EC
:108ED0000DF103080DF10409A54202DA08B0BDE85E
:108EE000F08710AB0593736806932946B368079320
:108EF000224602A8CDE90278CDF81090FFF7B3FF23
:108F00002A46214602A8FFF7AEFFBAF1000F04F18E
:108F10000104C8BF05F1FF35A2B20AF1010324B272
:108F2000C8BF2DB29BB2C8BF621B03EB42030FFA4E
:108F300083FAD1E72DE9F84F1D4600F58053164618
:108F400007468846D3F8040EBDF92840BDF92CA089
:108F5000BDF830B02A44711BFFF7F0FD18B94FF48B
:108F6000B479544501D1BDE8F88F04F15A00FFF7F8
:108F7000C3FD684348BFFF3008EB2021EF290FD81D
:108F80002046FFF7B9FD684348BFFF30A6EB20201D
:108F9000EF2805D882B25B4689B23846FFF740FE1B
:108FA000013494FBF9F309FB134424B2D9E72DE90A
:108FB000F0471446BDF82020BDF8248001EB0309DA
:108FC000B9F1F00F2244A8BF4FF0F009F02AA8BF72
:108FD000F022EF2907460E4627D8EF2C25D8551E3C
:108FE000AAB2E108C5F3CC0500F580504FF0010CA2
:108FF0008D4201D31E291AD1D0F8045E214628469D
:10900000FFF79CFD88B9002D1BDBED00AC42B8BF1B
:109010002C46A4B20735AA4209F1FF39A8BF2A4657
:109020001FFA89F995B2AC421CD9BDE8F087D0F897
:10903000003E0CFA01FE43EA0E03C0F8003E013187
:10904000D6E7EF25E7E75146434622463846FFF785
:10905000E7FD0AF1010A1FFA8AFACA45F3D9013479
:10906000A4B2E0E7B246F8E72DE9F04F8BB08046B6
:10907000BDF85070BDF854A0894615461C464FB146
:1090800000F58053BA18D3F8040E013A2946FFF7C9
:1090900055FD50BBBDF858B0BAF1000F28D10126DC
:1090A00023462A4649464046CDF804B00096FFF7CD
:1090B0007EFF7A1E2A44234692B249464046CDE9B5
:1090C000006BFFF774FF33462A4649464046CDE918
:1090D000007BFFF76CFF611E4944CDE9007B3346FE
:1090E0002A4689B24046FFF762FF0BB0BDE8F08F19
:1090F000A7423E4628BF26467608564528BF564614
:1091000006EB09039BB2029373009BB24FF0010A76
:109110000493E31A0299CDF804B09BB22A46404664
:10912000CDF800A0ADF81A600593FFF740FFEA19EB
:1091300093B25A1E029903934046059BCDE900ABBA
:1091400092B2FFF734FF049B2E44FF1AB6B2BFB2AF
:109150004C44CDE9007B5346324649464046A4B2D2
:10916000FFF725FF611ECDE9007B5346324640469E
:1091700089B2FFF71CFF0DF11A030027079316AB06
:10918000CDE90838BDF9081000973B4632B207A870
:10919000FFF78CFEBDF81A1000974A19611A0139C1
:1091A000534607A812B209B2FFF780FEBDF81A10A5
:1091B000039BCDF800A05A1A013A49443B4607A840
:1091C00012B209B2FFF772FEBDF81A30039ACDF859
:1091D00000A0E41AD21A611E013A534612B209B233
:1091E00007A8FFF763FE80E72DE9F04F85B08046C2
:1091F0000D461E460146BDF8383002A89146FFF7DD
:10920000C5FC9DF80C30B3BB06EB050ABDF8084061
:109210001FFA8AFABDF80A30A3422CD30F9B04EB45
:10922000090204FB063B294697B21FE01BF8010B1D
:10923000019100F003034FEA501E4FEA901CC0F367
:10924000820000EBC0004CEA8E0C400140EACC20CA
:1092500003EB830C5B0843EA4C0303439BB23A469F
:109260004046FFF7DDFC0199013189B25145DDD15E
:109270000134A4B2CEE705B0BDE8F08F2DE9F04F80
:1092800087B09846BDF8483001938146BDF840301C
:10929000BDF84CB00D46014604A81746FFF776FC12
:1092A0009DF8143053BB08EB050ABDF810401FFAB7
:1092B0008AFABDF81230A34220D3E21908FB04F663
:1092C000294692B215E01198F308CDE90212C35C69
:1092D000F04300F00700034113F0010F4846019BE3
:1092E00008BF5B46FFF79CFC0299039A013189B2E3
:1092F00001365145E7D10134A4B2DAE707B0BDE841
:10930000F08F00F58050C0F8041E704700F58050C3
:10931000A0F80C3EBDF80030A0F8081EA0F80A2EF8
:10932000A0F80E3E704700F580500023C0F80C3EB8
:10933000704710B500230C0A421CC9B200F8134054
:1093400002F813100133B3F5F06FF7D110BD70B50B
:1093500000F580540646D4F8045E002D16DB1D2D62
:1093600014D8E90089B2CB1D9BB2EF220020FFF791
:1093700083FA4FF470613046FFF7A8FB0122D4F85E
:10938000003EAA4018B91343C4F8003E70BD23EA5A
:109390000203F9E70D4A4FF08023C2E900330C4B7A
:1093A000C3F820250422C3F8242501210022C3F894
:1093B0002825C3F82C2599605960C3F800254FF083
:1093C000A043044AC3F80825704700BF10310020AD
:1093D00000C001400040C0004FF0A04303224FF402
:1093E0008041C3F83827C3F808154FF48001C3F84B
:1093F0005827C3F80815C3F85C274FF40002C3F8D8
:109400000825114B00220E21C3F80025C3F8601572
:109410001621C3F864151721C3F868154FF00041F1
:10942000C3F86C15FF21C3F80425C3F80C25C3F855
:1094300008150221C3F81015C3F814250122C3F83A
:109440000025FFF7A7BF00BF00C0014010B418B946
:109450005DF8044BFFF79EBF104C1149642828BFEC
:109460006420C0EB00236422B3FBF2F30D4A2343D4
:109470009BB20120C2F800050B804B808B80042337
:10948000CC80C2F82015C2F824350023C2F8283554
:109490005DF8044BC2F82C35906070470080FFFFE8
:1094A0001031002000C00140FFF774BF1920FFF702
:1094B000CDBF3C20FFF7CABF6420FFF7C7BF4FF006
:1094C00040230022C3F80421C3F82421C3F86021FB
:1094D000C3F85C21C3F848217047F8B506460D462D
:1094E000FEF7C8FE4FF040240746D4F8043123B1FC
:1094F0000023C4F804310120F8BDD4F8242122B39C
:10950000C4F82431D4F8C434C4F8C4349A071AD443
:1095100013F0040F14BF032304234FF040242B70D7
:109520000023C4F8043101236361FEF7A3FE05465E
:10953000D4F804312BB9FEF79DFE401BB0F57A7FBD
:10954000F6DD0020D8E70223E7E7FEF793FEC31B12
:10955000B342CADD01232B706361F2E74FF0402371
:1095600070B500224FF0A044C3F8002540F20D630F
:10957000C4F81C378026C4F818374023C4F808659F
:109580000520C4F80835FEF77DFE0925D4F810350E
:109590005B060BD40520C4F80C65FEF773FEC4F817
:1095A00008650520FEF76EFE013DEFD14FF0A044A7
:1095B00040250520C4F80C55FEF764FE8023C4F84E
:1095C00008350520FEF75EFEC4F808550520FEF7B5
:1095D00059FE0C23C4F81C37C4F818374FF0402349
:1095E0000722C3F808250622C3F80C25C3F8002576
:1095F00070BD08B54FF040214FF0A04200230C2071
:10960000C1F80035C2F81C07C2F818070722C1F8D4
:10961000082506204FF0C862C1F80C05C1F82425C2
:10962000C1F80032FFF74BFFC1F8000508BD73B564
:1096300006461546184612B34FF040240623C4F8D8
:109640000035FFF73CFF4FF48073C4F88865C4F819
:109650004415C4F84855C4F800320123A36000251E
:109660000DF107018DF80750FFF737FF28B9FFF715
:1096700075FF9DF8070002B070BDC4F800520020CD
:10968000F9E773B506461546184612B34FF0402465
:109690000623C4F80035FFF712FF4FF48053C4F8D7
:1096A0008865C4F83415C4F83855C4F8003201236D
:1096B000236000250DF107018DF80750FFF70DFF1E
:1096C00028B9FFF74BFF9DF8070002B070BDC4F842
:1096D00000520020F9E72DE9F3471D46DDE90A872E
:1096E00016463AB93B464246294602B0BDE8F04725
:1096F000FFF7C7BFB8F1000F05D13B4602B0BDE888
:10970000F047FFF794BF4FF040240623C4F800351C
:10971000FFF7D5FE4FF4A053C4F88805C4F84415EC
:10972000C4F84865C4F83455C4F83885C4F8003224
:109730000123A36000250DF1070138468DF807507D
:10974000FFF7CBFE30B9FFF709FF9DF8070002B025
:10975000BDE8F087C4F800522846F8E7104BD3F86C
:109760007C21AAB10022C3F87C210E4B01221A7081
:109770004FF0A043D3F8702722F44031C3F870179C
:1097800042F440324FF08051C3F82015C3F87027DF
:10979000034BD3F8002112B10022C3F80021704717
:1097A00000600040193100207FB51D4B4FF0A045EF
:1097B00000241C704FF480660323C5F828370A2064
:1097C000C5F80C65FEF76EFDC5F808653220FEF79A
:1097D00069FD144BC5F87037134B4FF00042C3F8C6
:1097E0001045C3F87C41C3F804234FF0E023402226
:1097F000C3F88022C3F8002162B601224FF4FA6355
:10980000CDE900230DF10F010DF10E0315208DF8A8
:109810000E408DF80F40FFF75EFF04B070BD00BF33
:10982000193100200C00030000600040014B187843
:10983000704700BF1931002030B5214A117800234C
:1098400093B004460360436001B113703F252A467C
:10985000002102A819F007FF40F6B833CDE9005304
:10986000184902AB01221520FFF735FF20BB9DF8F8
:10987000093023709DF80A309DF80D209DF80B10DB
:1098800003F00F03637012029DF80E3002F4706251
:10989000134309029DF80C2001F470610A43EF2A7A
:1098A000A8BFEF22EF2BA8BFEF23A38023886280FD
:1098B000003B18BF0123A371204613B030BD00BF89
:1098C000193100201831002008B5FEF712FD044AB6
:1098D00000231370034A1370034A137008BD00BFBE
:1098E000243100201A3100201B31002037B5042517
:1098F0000024FEF71FFD013D0444FAD1FEF7BAFC37
:10990000414B1A78042A0AD8DFE802F0031A2C4DDA
:109910006D00022C05D901221A703C4B18600023FF
:1099200034E03B4A1378002BF9D0384B39491B6897
:10993000C31A8B42F3DD0023137040F2011325E0BC
:10994000022C02D800221A70E9E7304A126844F665
:109950002061801A8842E2DD022119702E4B1A60C4
:109960002E4BEFE7022C01D80322D5E72B490A78CA
:10997000002AD4D1284B1B68C31A29488342CEDD64
:1099800001230B70224B1A704FF48173ADF8043031
:109990009DF80430002063F307009DF8053063F361
:1099A0000F2003B030BD022C01D90222CBE7174CA7
:1099B000226844F62061821A8A42B0DD174A117883
:1099C000134A19B1002119701170A8E7157825B153
:1099D0001970117040F20313D8E7012111700422AD
:1099E0001A7020609BE7022C084A03D901211970E4
:1099F000106094E71268801A064A90428FDD0022B8
:109A00001A70034B1A7098E724310020203100208F
:109A10001A310020305705001C3100201B31002076
:109A200020A10700F0B51AB315461C464FF0000CF4
:109A3000634505D1A3421BD90C235C43105BF0BDE9
:109A4000EF888FB12E897EB1B5F802E070450BD357
:109A50007744BFB2B84207D2AF88B94204D33E447C
:109A6000B6B2B14238BF64460CF1010C0C35DFE7E9
:109A70004FF6FF70E3E70000024A00231360024A3A
:109A8000136070472C31002028310020024B1860F1
:109A9000024B1960704700BF2C3100202831002094
:109AA00037B5324A13680360536843609368836034
:109AB0000446FFF71BFF10F47F4FADF8000008D0FD
:109AC0009DF800302BB104222270E371204603B0D0
:109AD00030BDFFF7ABFE0028F8D06846FFF7ACFEBC
:109AE0009DF80630002BF1D09DF80030BDF8020043
:109AF000BDF8041060805A1EA1800B2AE6D801A58B
:109B000055F822F0579B0000579B0000579B000020
:109B1000579B0000359B0000CD9A0000CD9A0000B5
:109B2000CD9A0000CD9A0000CD9A00003B9B00002A
:109B3000539B00000123237003E0052323700223BD
:109B4000A3720B4B0B4A1B681268FFF76BFF208157
:109B5000BCE70223EFE7023BDBB20322022B2270B9
:109B600096BF054A0123D35CA371AFE7F45102000D
:109B7000283100202C310020F05102001FB504468E
:109B800001A880E80E0007C884E80B00069BE3608C
:109B9000079B23610023C4E905334FF6FF73A383BA
:109BA00004B010BDC0E905127047034610B41C682C
:109BB0000846114664B158B152B11A691AB1127E01
:109BC000023A022A04D89A6823465DF8044B1847E3
:109BD0005DF8044B704703464069F0B560B1D3F8B7
:109BE00018C0002703466646BC4506D1B44586BF6B
:109BF0000C2303FB06000020F0BDDD888DB11C891D
:109C00007CB1B3F802E071450BD37544ADB2A94203
:109C100007D29D88AA4204D32C44A4B2A24238BFE2
:109C20003E4601370C33DFE7022804D0C31E5842FA
:109C3000584140007047012070477FB50B78013BC9
:109C400004460D46042B15D8DFE803F064642003B6
:109C500097000369CA797BB19B7E6BB1012A0BD156
:109C6000062369468DF80030FFF79FFF2069002129
:109C700002F0FEFB04B070BD1046FFF7D5FF0423D1
:109C80008DF800308DF80100022231E08B794A888E
:109C9000042B28BF01230F2A12D8032B10D140F226
:109CA0000921ADF800108DF80320694604228DF8D3
:109CB0000230FFF77AFF20690028DBD00021D7E7C8
:109CC000E06808B300F500525168E9B1B2F89411A8
:109CD0009BB9183189B201F057FDE36803F50053D1
:109CE0000522B3F89431ADF80020ADF8023004221B
:109CF00069462046FFF759FFBCE7012B04D118291C
:109D000038BF18211839E5E703228DF800208DF8B7
:109D10000130B9E78A884988FFF75DFFD8B1837AB7
:109D2000DE06A7D41907068848BFA6835A0704D5BC
:109D3000636813B1A168002098472A78022AF3B219
:109D40004FEA16260AD18DF800208DF801308DF8E3
:109D500002600322CCE74FF6FF76EEE72A79A97876
:109D60008DF8042001208DF800008DF801308DF869
:109D700002608DF803100522BAE78A884988FFF748
:109D80002AFF0346D0B1827A12F0100016D11E8845
:109D9000530703D563680BB1A1689847AA78A97ADD
:109DA0002B798DF8042008208DF800008DF8011023
:109DB000ADF802608DF80530062299E74FF6FF7680
:109DC000ECE7037B10B54BB9D0E90142A24298BF42
:109DD000A31A99424FF0010302D90373002010BD6A
:109DE0001846FCE710B501210446FFF7EAFF20B151
:109DF000A3682268591CA160D05C10BD037B70B5BC
:109E000004460E46154623BB1AB3FFF7EBFF034685
:109E1000207BF8B99BB902212046FFF7D2FF034609
:109E200048B1A2682068511CA160835C0232A26024
:109E3000425C43EA0223207B60B92B800AE0013BAD
:109E4000DBB20F2B03D8F21892F820201AB90223A4
:109E50002373022070BD36F81330EEE738B5037B6C
:109E600005460C464BB941B1FFF7BCFF0346287BC2
:109E700020B93F2B03D902232B73022038BD03F0F6
:109E80000302032AF7D0C3F38703012B38BF012352
:109E900022706370F2E700290CBF002000F001007F
:109EA000704710B502210446FFF78BFF48B1A36845
:109EB00021685A1CA260C85C0233A3608B5C40EA34
:109EC000032010BD38B504460D46FFF77AFF20B1D8
:109ED000A368206818442B44A36038BD10B504461D
:109EE000EF2C18460CD8EF290AD84AB13BB11444DC
:109EF000F02C05DC1944F029CCBF0020012010BD56
:109F00000020FCE72DE9F04FA1B00F4616460021D6
:109F100014222A9C05469B4619F0A5FB37B94EB181
:109F200002232B70284621B0BDE8F08FDBF8043007
:109F3000B342F5D3CDE9107600263022314614A87D
:109F400012968DF84C6019F08EFB0A9609969DF8D2
:109F50004C30002B73D1DDE91173BB426FD20A9AEA
:109F600022B96E68DBF80020964203D302222A70E1
:109F7000AB60D7E710A8FFF735FF9DF84C3080465F
:109F8000002B5CD100F12003DBB201360F2B6E6099
:109F900000F2948010A8FFF784FF9DF84C3006462D
:109FA000002B4CD1014610A8FFF70BFF002846D02C
:109FB000129BBB428CBF0A9FFF1AB8F1E00F61D120
:109FC00010A8FFF70FFF0D9010A8FFF70BFF8246B8
:109FD00010A8FFF707FF9DF84C3081467BBB0DF1C1
:109FE0003E0214A910A8ADF83E30FFF707FF30BBC2
:109FF00010A8FFF7F7FE0B9010A8FFF7F3FE8046BE
:10A0000010A8FFF7EFFE9DF84C300C90BBB90D9BEC
:10A01000E3B9BAF1EF0F19D8B9F1EF0F16D80B9BCE
:10A02000022B13D808F1FF33DBB20F2B0ED80146F9
:10A0300010A8FFF747FF9DF84C2003465AB12B7834
:10A04000002B40F0BA809DF84C3026E002238DF8BA
:10A050004C302B70F3E79BF808002146FFF71BFFFD
:10A0600080B1226804930C9BCDE902830B9B019382
:10A07000BDF83E300093D2F82C804B46524600216A
:10A080002046C047DDE91138984594BFA3EB08038B
:10A090000023FA1A964202D202232B708DE0F61B9F
:10A0A0001E44314610A8FFF78CFE08B146441296B4
:10A0B0009DF84C30002B3FF44AAFC0E7312839D827
:10A0C000002844D000F1FF38B8F1300F3FD8DFE866
:10A0D00018F05A007600A100EE0045019201DA0165
:10A0E0002E028002B4023E003E003E003E003E00D2
:10A0F000C1021C038A03CD033E003E003E003E0029
:10A100003E003E003E003E003E003E003E003E005F
:10A11000010458043E003E003E003E003E003E006A
:10A120003E003E003E003E003E003E003E003E003F
:10A13000B104FF04602800F099850DD8502800F084
:10A140000C85512800F06685402800F0D884022351
:10A150008DF84C302B702CE0F02800F0B685F128FB
:10A1600000F0DF856128F2D110A8FFF73BFE9DF8D3
:10A170004C200346EAB9642840F2988502238DF802
:10A180004C302B7015E000230DF13E0214A910A8ED
:10A19000ADF83E30FFF732FE58B99BF80800214673
:10A1A000FFF779FE28B12368BDF83E101B682046F2
:10A1B00098472B78022B7FF47BAF129BD8E610A830
:10A1C000FFF710FE064610A8FFF76BFE9DF84C3017
:10A1D0000246002BEDD10F2E04D902238DF84C300E
:10A1E0002B70E6E720AB03EB4603012123F8300C8C
:10A1F00006F180036B449BF8080003F8101C21460D
:10A20000FFF749FE0028D4D0236831465B6820461A
:10A210009847CEE710A8FFF7E5FD064610A8FFF720
:10A22000E1FD074610A8FFF7DDFD804610A8FFF707
:10A23000D9FD9DF84CA08146BAF1000FB9D1034673
:10A24000424639463046FFF749FE20B902238DF8D1
:10A250004C302B70ADE74FF480730DF13E0214A922
:10A2600010A8ADF83EA0ADF83C30FFF7C7FD0028C0
:10A270009FD10FA910A8FFF7F1FD002899D19BF8F5
:10A2800008002146FFF707FE002892D0BDF83C20C9
:10A290002368ADF80820BDF83E20CDE90092314694
:10A2A000D3F808903A4643462046C84781E710A8AD
:10A2B000FFF798FD064610A8FFF794FD074610A883
:10A2C000FFF790FD804610A8FFF78CFD814610A88F
:10A2D000FFF788FD9DF84CA00B90BAF1000F7FF4BA
:10A2E00068AF4B46424639463046FFF7F7FD20B986
:10A2F00002238DF84C302B705BE74FF480730DF127
:10A300003E0214A910A8ADF83EA0ADF83C30FFF70E
:10A3100075FD00287FF44DAF0FA910A8FFF79EFD33
:10A3200000287FF446AF9BF808002146FFF7B3FDF5
:10A3300000283FF43EAFBDF83C202368ADF80C2068
:10A34000BDF83E2002920B9ACDE900923146D3F837
:10A350000C903A4643462046C8472AE710A8FFF724
:10A3600041FD064610A8FFF73DFD074610A8FFF780
:10A3700039FD804610A8FFF735FD9DF84C30814629
:10A38000002B7FF416AFEF2E30D8EF2F2ED8B8F178
:10A39000EF0F2BD8EF2829D80DF13E0214A910A8F1
:10A3A000ADF83E30FFF72AFD00287FF402AF10A879
:10A3B000FFF718FD9DF84C200346002A7FF4F9AE04
:10A3C0009BF808002146FFF766FD00283FF4F1AE38
:10A3D00022680293BDF83E30CDE900933146D2F8B1
:10A3E000109043463A462046C847E2E602238DF8DD
:10A3F0004C302B70DDE610A8FFF7F4FC064610A8E1
:10A40000FFF7F0FC074610A8FFF7ECFC9DF84C3076
:10A410008046002B7FF4CDAEEF2E2FD8EF2F2DD816
:10A42000ADF83E300DF13E024FF4807314A910A830
:10A43000ADF83C30FFF7E2FC00287FF4BAAE0FA97C
:10A4400010A8FFF70BFD00287FF4B3AE9BF80800BF
:10A450002146FFF720FD00283FF4ABAEBDF83C20BD
:10A460002368ADF80420BDF83E200092D3F8149084
:10A470003A46434631462046C8479AE602238DF8BD
:10A480004C302B7095E610A8FFF7ACFC064610A8E0
:10A49000FFF7A8FC074610A8FFF7A4FC824610A807
:10A4A000FFF7FFFC804610A8FFF7FBFC9DF84C303F
:10A4B0008146002B7FF47DAEEF2E33D8EF2F31D8BD
:10A4C000B8F5B47F2ED2B0F5B47F2BD20DF13E0299
:10A4D00014A910A8ADF83E30FFF790FC00287FF4D7
:10A4E00068AE10A8FFF77EFC9DF84C200346002ABA
:10A4F0007FF45FAE9BF808002146FFF7CCFC0028F4
:10A500003FF457AE22680393BDF83E30CDF800808B
:10A51000CDE901933146D2F8188053463A46204699
:10A52000C04746E602238DF84C302B7041E610A858
:10A53000FFF758FC9DF84C300646002B7FF439AEEF
:10A54000012804D802238DF84C302B7031E60DF130
:10A550003E0214A910A8ADF83E30FFF74FFC0028CA
:10A560007FF427AE10A8FFF73DFC9DF84C3007465E
:10A57000002B7FF41EAE710010A8FFF7A3FC9DF81E
:10A580004C200346002A7FF414AE013013F8121059
:10A59000EF29D7D810F81210EF29D3D80132D1B251
:10A5A0008E42F3D82A78022A3FF403AE9BF80800C3
:10A5B0002146FFF770FC00283FF4FBAD22680093B2
:10A5C000D2F81C80BDF83E203B4631462046C047AD
:10A5D000EFE510A8FFF706FC064610A8FFF702FCFF
:10A5E000074610A8FFF7FEFB804610A8FFF7FAFB0E
:10A5F0009DF84C308146002B7FF4DBAD034642468C
:10A6000039463046FFF76AFC20B902238DF84C30FA
:10A610002B70CEE59BF808002146FFF73CFC002894
:10A620003FF4C7AD2368CDF80090D3F820903A46A8
:10A63000434631462046C847BBE59BF80800214603
:10A64000FFF729FC00283FF4B4AD236820465B6A7D
:10A650009847AEE510A8FFF7C5FB804610A8FFF7A6
:10A66000C1FB064610A8FFF7BDFB9DF84C3007461E
:10A67000002B7FF49EADB8F1000F41D1EF2E3FD8F3
:10A68000EF283DD80DF13E0214A910A8ADF83E8088
:10A69000FFF7B4FB00287FF48CAD10A8FFF7A2FBF6
:10A6A000804610A8FFF79EFB9DF84C308146002B9A
:10A6B0007FF47FADB8F1020F22D8014610A8FFF752
:10A6C00001FC9DF84CA00346BAF1000F7FF471AD78
:10A6D0009BF808002146FFF7DEFB00283FF469AD38
:10A6E0002268CDF80480CDE90293BDF83E30009396
:10A6F000D2F828803B46324651462046C04758E5AE
:10A7000002238DF84C302B7053E510A8FFF76AFB3D
:10A71000074610A8FFF766FB0B9010A8FFF762FB37
:10A720000C9010A8FFF75EFB064610A8FFF75AFB37
:10A730009DF84C300D90002B7FF43BAD002F4DD198
:10A7400003463246DDE90B01FFF7C8FB002845D080
:10A750000DF13E0214A910A8ADF83E70FFF74EFBB4
:10A7600000287FF426AD10A8FFF73CFB074610A891
:10A77000FFF738FB804610A8FFF734FB9DF84C30FC
:10A780008146002B7FF415AD022F27D8B8F1070FB3
:10A7900024D8014610A8FFF795FB9DF84CA003466E
:10A7A000BAF1000F7FF405AD9BF808002146FFF7D2
:10A7B00072FB00283FF4FDAC2268CDE90593BDF89B
:10A7C0003E3002930D9BCDE90378CDE900635146FD
:10A7D000176B2046DDE90B23B847EAE402238DF826
:10A7E0004C302B70E5E410A8FFF7FCFA064610A8E1
:10A7F000FFF757FB074610A8FFF7F4FA804610A8AA
:10A80000FFF7F0FA9DF84C308146002B7FF4D1AC75
:10A810003EBB022F25D8B8F1EF0F22D8EF2820D861
:10A820000DF13E0214A910A8ADF83E60FFF7E6FA5C
:10A83000064600287FF4BDAC9BF808002146FFF7D0
:10A840002AFB00283FF4B5ACBDF83E202368CDE9D3
:10A8500000923146D3F834903A4643462046C847E2
:10A86000A7E402238DF84C302B70A2E410A8FFF768
:10A87000B9FA804610A8FFF714FB064610A8FFF7A8
:10A88000B1FA074610A8FFF7ADFA9DF84C20034631
:10A89000002A7FF48EACB8F1000F16D1AEB9EF2FBD
:10A8A00013D8EF2811D89BF808002146FFF7F3FAD8
:10A8B00000283FF47EAC22680093D2F838803B46F3
:10A8C000324631462046C04773E402238DF84C30AF
:10A8D0002B706EE410A8FFF785FA0B9010A8FFF715
:10A8E00081FA074610A8FFF77DFA804610A8FFF707
:10A8F00079FA814610A8FFF775FA9DF84C608246F8
:10A90000002E7FF456AC0B984B4642463946FFF773
:10A91000E5FA88B3BAF1640F2ED80FAA14A910A8CB
:10A92000ADF83C60ADF83E60FFF768FA00287FF4B0
:10A9300040AC0DF13E0214A910A8FFF75FFA002801
:10A940007FF437AC9BF808002146FFF7A4FA0028F3
:10A950003FF42FACBDF83E2023680392BDF83C20A5
:10A96000CDF80090CDE901A20B99D3F83C903A467E
:10A9700043462046C8471CE402238DF84C302B7018
:10A9800017E410A8FFF72EFA064610A8FFF72AFAD8
:10A99000074610A8FFF726FA814610A8FFF722FA0B
:10A9A0009DF84C308046002B7FF403ACEF2E3BD853
:10A9B000EF2F39D8642837D80FAA14A910A8ADF8FA
:10A9C0003C30ADF83E30FFF719FA00287FF4F1ABC8
:10A9D0000DF13E0214A910A8FFF710FA00287FF429
:10A9E000E8AB10A8FFF7FEF99DF84C200346002ABB
:10A9F0007FF4DFAB9BF808002146FFF74CFA0028F4
:10AA00003FF4D7AB22680393BDF83E300293BDF804
:10AA10003C30CDE900833146D2F840804B463A467F
:10AA20002046C047FFF7C5BB02238DF84C302B7082
:10AA3000FFF7BFBB10A8FFF734FA0B9010A8FFF781
:10AA4000D1F9064610A8FFF7CDF9074610A8FFF781
:10AA5000C9F9804610A8FFF7C5F9814610A8FFF78D
:10AA6000C1F99DF84C308246002B7FF4A2AB4B46D7
:10AA7000424639463046FFF731FA58B1BAF11F0F56
:10AA800008D8099B072B0BD902238DF84C302B706B
:10AA9000FFF78FBB02238DF84C302B70FFF789BB7B
:10AAA0009BF808002146FFF7F6F920B9099B01330E
:10AAB0000993FFF77EBB2368CDF80080CDE9019AAA
:10AAC0000B99D3F8448032463B462046C047EDE719
:10AAD000099B2BB902238DF84C302B70FFF769BB13
:10AAE0009BF808002146FFF7D6F918B123682046E5
:10AAF0009B6C9847099B013B0993FFF75ABB10A831
:10AB0000FFF770F9064610A8FFF76CF9074610A882
:10AB1000FFF7C7F99DF84C200346002A7FF449ABA4
:10AB2000EF2E14D89FB1F219F02A10DC9BF8080020
:10AB30002146FFF7B0F900283FF43BAB22683146CD
:10AB4000D2F84C8020463A46C047FFF732BB02237A
:10AB50008DF84C302B70FFF72CBB10A8FFF742F993
:10AB60000D9010A8FFF73EF9824610A8FFF73AF9BA
:10AB70000B9010A8FFF736F9074610A8FFF732F937
:10AB80000C9010A8FFF72EF9804610A8FFF72AF9BD
:10AB9000814610A8FFF785F99DF84C300646002B3A
:10ABA0007FF407AB0C9B0B993A465046FFF796F99A
:10ABB00050B3B8F1030F27D8B9F1010F24D8B6F577
:10ABC000805F21D8314610A8FFF77CF99DF84C2012
:10ABD0000346002A7FF4EDAA9BF808002146FFF700
:10ABE0005AF900283FF4E5AA22680D99CDE90463DB
:10ABF0000C9BCDE90289CDE900732046166D0B9BB5
:10AC00005246B047FFF7D5BA02238DF84C302B706F
:10AC1000FFF7CFBA10A8FFF7E5F8074610A8FFF72F
:10AC2000E1F8064610A8FFF7DDF89DF84C20034632
:10AC3000002A7FF4BEAAEF2E12D8EF2810D89BF876
:10AC400008002146FFF727F900283FF4B2AA22683E
:10AC50003946D2F8548020463246C047FFF7A9BA99
:10AC600002238DF84C302B70FFF7A3BA10A8FFF722
:10AC7000B9F89DF84C200346002A7FF49AAA0428CC
:10AC800005D902238DF84C302B70FFF792BA9BF850
:10AC900008002146FFF7FFF800283FF48AAA22683F
:10ACA0001946926D20469047FFF783BA9BF808003B
:10ACB0002146FFF7F0F800283FF47BAA22681946E6
:10ACC000D26D20469047FFF774BA10A8FFF78AF8B4
:10ACD0009DF84C200346002A7FF46BAA032805D96F
:10ACE00002238DF84C302B70FFF763BA099A2AB112
:10ACF00002238DF84C302B70FFF75BBA012268738A
:10AD000021469BF808002A73FFF7C5F818B90123FC
:10AD10000A93FFF74EBA22681946126E20469047F2
:10AD2000F5E710A8FFF7BDF89DF84C200346002A70
:10AD30007FF43FAA0122E88121469BF808002A748B
:10AD4000FFF7A9F800283FF434AA22681946526E8A
:10AD500020469047FFF72DBA7047704770477047FD
:10AD60007047704770477047704770477047F0B43E
:10AD7000089CBDF810509DF814609DF81C70D0F828
:10AD800000C0CDE90674CDE90456DCF82840A4469D
:10AD9000F0BC604770477047704770477047704716
:10ADA00070477047704770477047704770477047EB
:10ADB00030B5046D072C11D8651C0234056500EB15
:10ADC000C40520F83410EB709DF80C302B719DF801
:10ADD00010306B719DF81430AA70AB7130BD026DEC
:10ADE0002DE9F34103466AB3511E013200EBC20262
:10ADF000016592E8030002AA02E903009DF80650EB
:10AE0000AA071FD45C68ECB19868D8B10268DB6807
:10AE10009A4217D20C21514363189DF802E09DF825
:10AE200003C09DF804709DF80560BDF8008024F80B
:10AE300001800132A3F802E0A3F804C0DF801E8184
:10AE40009D72026002B0BDE8F08110B5446D04B19E
:10AE50002170816D01B10A70C26D02B11380036E61
:10AE60000BB101221A7010BD704770470846FEF7FB
:10AE7000EDBA0000042938B59ABF094B5D5C1E2568
:10AE80000C462846FDF729FA022C07D12820FDF7A9
:10AE900009FA2846BDE83840FDF71FBA38BD00BFA3
:10AEA0000052020010B504464068FEF73CFA002349
:10AEB000237410BD0123018183724068FEF739BA03
:10AEC0002DE9F04F8BB090469DF85C609DF85420C2
:10AED0000390B0000C4604939DF85010834606EB97
:10AEE0004609BAB1531E03FB00939BB2012913D14B
:10AEF000B4EB530F4FEA530114D9631A9CB2169F57
:10AF000033180593BB180793079B9F420CD10BB0D6
:10AF1000BDE8F08F1346E9E70229F0D1A34201D240
:10AF2000E31AEBE70024EAE717F8015B2D3D0D2D4E
:10AF300042460BD9049B0193059B009303984B4613
:10AF40002146FEF734F85C44A4B2DDE7134BEDB2C2
:10AF500005EB85051D446B1D069321464FF0020A43
:10AF60002B7823FA0AF3DB070AD5049B0398CDE973
:10AF700000633346CDE90812FEF719F8DDE908123F
:10AF80000AF1FF3A3144BAF1FF3F89B2E8D1069B9A
:10AF9000013532449D4292B2DFD1D4E758530200CA
:10AFA00007B50123C17202730374009240680A4618
:10AFB000F0230021FEF7AAF903B05DF804FB28B1E5
:10AFC00019448B1A04D4EF2B04DCDBB2184670470B
:10AFD0000023FBE7EF23F9E72DE9F04F85B0D0F828
:10AFE00004909DF83880BDF83CA00F461D46C17AFC
:10AFF0001346C289007CFFF7E2FF9DF840409DF8B0
:10B0000041B014F0FD0F064607D10246CDE9008A93
:10B010002B4639464846FDF7CAFF013C012C23D890
:10B0200000241EE0B5EB440F4FEA44031CD99845B9
:10B030001AD9A1B2C1EBC130400080B205EB000CBF
:10B0400040447218002380B2394401930090CDF837
:10B0500008A01FFA8CF392B289B24846FEF704F8B2
:10B060000134E3B25B45DDD305B0BDE8F08F2DE9D7
:10B07000F74F04460D461F46C17A9DF83C809DF867
:10B0800030909DF834B0BDF838A01346C289007CDA
:10B09000FFF795FF18F0FD0F064607D1CDE9009A9E
:10B0A00002463B4660682946FDF781FF08F1FF38FC
:10B0B000B8F1010F0CD8CDE90DBACDF83090606829
:10B0C0003B463246294603B0BDE8F04FFDF7CCBF02
:10B0D00003B0BDE8F08F2DE9F04F85B004460F4670
:10B0E0009946C17A9DF83C60BDF838A01346C289E4
:10B0F000007CFFF764FF16F0FD0580460FD102B219
:10B100000FFA87FBCDF800A0EBB2606803925946B6
:10B110000135FDF72BFEEBB24B45039AF2D9013E08
:10B12000012E0BD8CDF838A060684B460FFA88F294
:10B13000394605B0BDE8F04FFDF718BE05B0BDE8D3
:10B14000F08F2DE9F14F077C90F80BB0D0F8048018
:10B150009DF828A0BDF82C900C461E465946134673
:10B16000C2893846FFF72BFF5346054659463846F5
:10B17000FFF725FF00B20A9033462AB22146404627
:10B18000CDF82C9001B0BDE8F04FFDF771BD2DE971
:10B19000F04F85B005460E9C0E46904600270137BD
:10B1A000FBB29E4204F1020402D805B0BDE8F08F64
:10B1B00095F810B0E97AEA8914F8013C03915846F1
:10B1C000FFF7FDFE63780399D5F804A08146584641
:10B1D000FFF7F5FE00B20090CDF80480237814F854
:10B1E000021C0FFA89F25046FDF742FDD7E72DE920
:10B1F000F047D0F80480BDF82060BDF82470BDF899
:10B2000028900C461D46C17A1346C289007CFFF780
:10B21000D6FE3FB236B2CDF82890099708962B4655
:10B2200002B221464046BDE8F047FDF783BE2DE956
:10B23000FF470546BDF838909DF83040BDF834A072
:10B240000E461F46C17A1346C289007CFFF7B7FE3F
:10B25000CDF8089040F267134FF00009CDE9009354
:10B260000FFA80F836B23FB23B4668684246314634
:10B27000FDF760FE4FF4B47314FB03F46423B4FBD6
:10B28000F3F46CB124B2CDE90C94CDF838A0686821
:10B290003B464246314604B0BDE8F047FDF74ABEA2
:10B2A00004B0BDE8F0872DE9F04146689DF81870BC
:10B2B0000C461D46C17A1346C289007CFFF77FFE0B
:10B2C000069702462B4621463046BDE8F041FEF780
:10B2D0001DB82DE9F04F87B005469DF84CB003929C
:10B2E000159A9DF840609DF844709DF84840BDF85F
:10B2F00050A00492BBF1000F60D1C289C17A007CDA
:10B30000FFF75DFE814674BB06FB07F3BAEB430F04
:10B3100054D3A3461FFA8BF297424FD9049B4A4459
:10B3200003EB440A4FF0000892B212E0039B1AF8B4
:10B33000010C059219441AF8023C43EA00230193D8
:10B3400001230093686889B2FDF731FE059A08F180
:10B3500001081FFA88F18E420AF1020AE6D80BF1C1
:10B36000010B3444D6E7012C0FD107FB06F39A45B5
:10B3700024D3049B0399CDE91073024668683346D1
:10B3800007B0BDE8F04FFDF72FBF032C16D107FB28
:10B3900006F30733BAEBD30F10D34FF6FF731293B4
:10B3A000049BCDF84CB0CDE9107302460399686850
:10B3B000334607B0BDE8F04FFDF760BF07B0BDE80A
:10B3C000F08F2DE9F0474568C17ABDF820609DF8FF
:10B3D00028809DF82470DDF82C901446C289007CEA
:10B3E000FFF7EDFD0123CDE90A93CDE90878024688
:10B3F000334621462846BDE8F047FFF761BD2DE9F9
:10B40000F0474568C17ABDF820609DF82C809DF812
:10B4100024709DF828901446C289007CFFF7CFFD68
:10B420000C9BCDF82C90CDE9098302460897334652
:10B4300021462846BDE8F047FFF742BD2DE9F0411F
:10B440004568C17ABDF820609DF824709DF82C8075
:10B450001446C289007CFFF7B2FD012309930C9BBF
:10B460000697CDE907830246334621462846BDE8C4
:10B47000F041FFF725BD70B5C2894568C17A007CEF
:10B48000BDF814601C469DF81030FFF798FD0823A6
:10B4900002460596049321462846BDE87040FDF714
:10B4A00086BD37B54568C289C17A007C1C469DF8C7
:10B4B0001830FFF784FD102347F6EF31CDE9003156
:10B4C000024621462846FDF772FD03B030BD2DE946
:10B4D000F74F9DF83080BDF83CB09DF834A0BDF822
:10B4E00038901D46044613460E46C289C17A007C38
:10B4F000FFF765FDCDE9008B2B4602460746314636
:10B5000060680AFB05F5FDF752FD632D0CD9CDE906
:10B510000C8960683A4631466423B5FBF3F303B007
:10B52000BDE8F04FFDF743BD03B0BDE8F08F01600B
:10B5300000F5005000234360C0F88C3180F896314C
:10B54000A0F894317047000070B500F50055A4B024
:10B550000026044644223146C5E9636685F89661B3
:10B560000FA818F080F81F4B0B932B460A330C934F
:10B5700004F506530C330D9320230E9304F5065364
:10B580001033209304F506531133174A219304F521
:10B59000065307CA1233229304F506531633239336
:10B5A00008AB83E8070001228DF828200BAA00923F
:10B5B00004F580516A68043102A8FEF7A3FC95F8EF
:10B5C00096316BB1B5F8923195F89121934284BFD1
:10B5D0009B1A9EB2B5F89431B34288BFA5F8946126
:10B5E00024B070BD10520200A05302002DE9F043B8
:10B5F000036891B00446002B3FD000F500577A68ED
:10B60000002A3AD01E4ADFF87C800025CDE90B23C2
:10B6100000F58056B7F894310F95CDE90D55A94640
:10B62000ADF83A30043629462068FDF76AFE2068F6
:10B63000FDF779FE20680021FDF77BFE98E8070002
:10B6400008AB83E8070001228DF828200BAA00929E
:10B650007A688DF83C90314602A8FEF753FC01351C
:10B660002068FDF774FE1E2DDDD120684FF0FF31FC
:10B67000FDF747FE2068FDF756FE11B0BDE8F083E8
:10B6800080520200A05302002DE9F0430D4695B010
:10B690009046002114221F46044617F0E4FF2B6851
:10B6A00013B1B8F1000F05D102232370204615B065
:10B6B000BDE8F083B7F5805FF6D8FCF7DBFD304ED0
:10B6C000814696E8070009AB83E807000022009254
:10B6D00041463A460FA8FEF715FC109BE360119B0C
:10B6E0002361FCF7C7FD9DF83C30A0EB09006060CA
:10B6F000002BDAD19DF84830002BD5D005F1040994
:10B70000414605F580583A46484608F1040817F0C6
:10B71000F4FF49463A46404617F0EFFF05F5005959
:10B720009DF84C30C9F804701BB1BDF84A30A9F837
:10B7300008302846FFF708FF05F50050D9F88C11AE
:10B740000A30FEF7A3F996E807000E4B08930CABFE
:10B7500083E8070001228DF8382008AA0092D9F862
:10B760000420414602A8FEF7CDFBFCF783FD064608
:10B770002846FFF73BFFFCF77DFD801BA06095E7A7
:10B78000A0530200F052020010B400F5005494F8E7
:10B79000963123B9A4F894315DF8044B704794F8BE
:10B7A0009131B4F892219A4286BFD31A9BB20023FA
:10B7B0008B4228BF0B46A4F894315DF8044BFFF789
:10B7C00015BF2DE9F041089E0C4696469846DDE9E6
:10B7D000061276B307282CD814F0100529D114F0DE
:10B7E000010702D0A30720D52F464FF0020C099B7A
:10B7F00002EB0C05AB421CD3F42D1AD802B1D1B127
:10B8000004F01F0444EA4014347086F801E027B1C4
:10B810004FEA182386F80280F3701AB106EB0C0089
:10B8200017F06BFF2846BDE8F08101274FF0040CAC
:10B83000DDE70025F6E70D46F4E72DE9F04FC5B04A
:10B8400081464E9C9846164642B14F9B33B1B4F5A3
:10B85000805F03D824B1B8F1000F16D1002011E0A9
:10B8600007AFCDE90147F423039301F01C01CDF8A4
:10B8700000803278A3B241F003014846FFF7A1FFF0
:10B88000002836D145B0BDE8F08FF22CE8D901F0A0
:10B890001C05A3B245F001010027F02205934FF0EB
:10B8A000F40B0DF11C0AE31B934228BF1346CDE9AC
:10B8B00002AB3A4642441F440193A742009228BF7C
:10B8C00041F00201059B32784846FFF77AFF0146B6
:10B8D0000028C3D03378509A0133337050464F9BC1
:10B8E00098470028BAD0A7424FF0F202CAD22946A0
:10B8F000D9E73378509A0133337001464F9B38466D
:10B900009847BFE707299FBF00EBC102002340F81B
:10B910003130C2F80330704710B50024E1B2013471
:10B92000FFF7F0FF082CF9D100F58050002380F8D4
:10B9300044300364836410BD2DE9F04F00F5805757
:10B94000002385B0044616463B64894659B1931ED0
:10B95000F22B08D80B7813F0100A4FEA531508D0D1
:10B960002946FFF7CFFF4FF0020A504605B0BDE869
:10B97000F08F062D00F0AA80072D04D197F84C20F7
:10B98000002A00F0A38013F0010C03F0020B07D093
:10B99000BBF1000F04D1032E51D829462046E0E721
:10B9A0000022022009EB000199F801300191361ABA
:10B9B000BCF1000F59D04FF000085FFA88F1A9429E
:10B9C0000CD014F8380048B12046CDE90232FFF718
:10B9D00099FFB96CDDE902320131B96408F101085F
:10B9E000B8F1080FE9D104EBC508002144F835107F
:10B9F000C8F80310012188F80610591888F80110BA
:10BA0000BBFA8BF1490904F83510DAB1B9F8022014
:10BA1000A8F80220511EB1F5805FBED2B242BCD35D
:10BA20000199324604F1400017F067FEB3B2A8F85E
:10BA30000430BBF1000F0CD14FF0010A95E7012251
:10BA40000420AFE7BBF1000FA7D0B2B2A8F80220E4
:10BA5000E4E7B8F802209A429FD13E6487F8445048
:10BA600029462046FFF74EFF7FE714F8352004EB08
:10BA7000C508002A91D098F80620002A8DD098F8A1
:10BA800001209A4289D10132B8F804C088F8012017
:10BA9000B8F802200CEB060191423FF67EAF04F1AC
:10BAA000400032460199604417F027FEB8F8043090
:10BAB0001E44B6B2B8F80230A8F80460BBF1000F1B
:10BAC00001D09E42C8E79E42B6D166E74FF0030A16
:10BAD0004BE7034610B45C680846114624B19A68E7
:10BAE00023465DF8044B184720465DF8044B704729
:10BAF00030B5C1B08123B2F5807F054614468DF87C
:10BB0000003008D94FF48074621E01310DF101003C
:10BB100017F0F3FD01E0012AF6D8224669462846CF
:10BB2000FFF7D7FF41B030BD7FB5037F0546002B3F
:10BB30003ED0D0E908329A423AD30368C3B398475B
:10BB4000AA6A6E6A0023841A2B7733D01A482246D9
:10BB5000A6FB000117F04AFA82238DF80030230A71
:10BB60008DF80230230C8DF80330330A8DF806303F
:10BB7000330C8DF80730330E8DF80830030A8DF83A
:10BB80000A30030C8DF80B30030E8DF801408DF850
:10BB90000900240E8DF80C300E2200236946284639
:10BBA0008DF804408DF805608DF80D30FFF791FF9A
:10BBB00004B070BD2046CFE7A0860100042A38B546
:10BBC0000446154619D90368BBB1D1F801200262B9
:10BBD000002242629847236AA0621A1E18BF0122FF
:10BBE000052D227709D043B1636A053B2B4463627C
:10BBF0002046BDE83840FFF797BF38BD017F31B11F
:10BC00002AB1416A013A11444162FFF78DBF704782
:10BC1000F0B5012A93B0054614461DD90368DBB17F
:10BC2000013A402A18D8842301310DF101008DF822
:10BC3000003017F062FD2B6898476E463719030AEB
:10BC40000DF804007B70030CBB70030EFB70221D0B
:10BC500069462846FFF73DFF13B0F0BD30B5436994
:10BC600087B0044643B3816901A89847BDF8040032
:10BC7000BDF80610BDF80820BDF80A308DF80D009B
:10BC80008DF80F108DF81120000A090A120A8DF89C
:10BC90000E008DF810108DF812208DF813308525C8
:10BCA0001B0A092203A920468DF80C508DF8143088
:10BCB000FFF70FFF07B030BD1A4619461846DDE7FB
:10BCC00030B5012A85B0054638D9C468DCB30369AC
:10BCD000013A01316846A047DDE90012029B9DF858
:10BCE0000C008DF8011086248DF800400C0A8DF8A8
:10BCF00002400C0C090E8DF80410110A8DF8052075
:10BD00008DF80610110C120E8DF808201A0A8DF805
:10BD10000A201A0C8DF807108DF809308DF80B20C9
:10BD20001B0E8DF80D000E22694628468DF8034043
:10BD30008DF80C30FFF7CDFE05B030BD012000239B
:10BD40001A461946CDE701202346F9E7F8B5134610
:10BD500041B34AB30E78771E052F03D9BDE8F840EA
:10BD6000FFF7B7BE023E042E04D8DFE806F0080C49
:10BD7000101417001A46FFF7BBFE0120F8BD1A4643
:10BD8000FFF71CFFF9E71A46FFF738FFF5E71A46F9
:10BD9000FFF73EFFF1E7FFF761FFEEE71A46FFF717
:10BDA0008FFFEAE70846E9E71046E7E7026813680D
:10BDB00010B59F2B97BF406883685C1C146092BFCE
:10BDC000C15400221A7010BD38B504460D460068F3
:10BDD000C9B2FFF7EBFF2068290ABDE83840FFF73A
:10BDE000E5BFCA08006801F0070101238B40815CB0
:10BDF0000B4383547047000018B1012801D002287A
:10BE000004D1034B0C2202FB003070470020704726
:10BE1000AC53020007B520220021019017F023FC4B
:10BE200001A80121FFF7DDFF01A80221FFF7D9FFDB
:10BE300001A80321FFF7D5FF04210DEB0100FFF757
:10BE4000D0FF01A80521FFF7CCFF01A80621FFF7CD
:10BE5000C8FF01A80721FFF7C4FF01A80821FFF7C9
:10BE6000C0FF01A80921FFF7BCFF01A80A21FFF7C5
:10BE7000B8FF01A81021FFF7B4FF01A81121FFF7B7
:10BE8000B0FF01A81221FFF7ACFF01A81321FFF7B3
:10BE9000A8FF01A82021FFF7A4FF01A82121FFF797
:10BEA000A0FF01A83021FFF79CFF01A83121FFF777
:10BEB00098FF01A84021FFF794FF01A85021FFF748
:10BEC00090FF01A85121FFF78CFF01A86021FFF727
:10BED00088FF01A86121FFF784FF01A8F021FFF787
:10BEE00080FFF12101A8FFF77CFF03B05DF804FBA0
:10BEF0002DE9F04F8846B9B09146074618B90020A1
:10BF000039B0BDE8F08F05AC012603AB0025314602
:10BF1000059320460DF10B030DF1400B07938DF8AF
:10BF20000B600395CDF818B00494FFF73FFF294646
:10BF30002046FFF73BFF0B212046FFF737FF29463E
:10BF40002046FFF733FF314604A8FFF73DFFF021FD
:10BF500004A8FFF739FFF02104A8FFF735FF08A870
:10BF6000FFF758FF08AE16F8011B20460135FFF712
:10BF70001DFF202DF7D14FF4805104A8FFF724FFB7
:10BF800003212046FFF712FF214E4FF0000A3178BF
:10BF90002046FFF70BFF736800255A5D0AB1102D8C
:10BFA0002CD1E9B220460193FFF700FF019B1D440D
:10BFB000AB4225D1317A2046FFF7F8FE0AF1010A9B
:10BFC000718904A8FFF700FFBAF1030F06F10C0610
:10BFD000DDD100212046FFF7E9FE49462046FFF764
:10BFE000E5FE9DF80B30002B89D0039A424586D898
:10BFF0005946384617F081FB039881E70135CCE7B5
:10C0000013F8011B01932046FFF7D0FE019BCFE7F9
:10C01000AC53020010B50822044600211C3017F072
:10C0200022FB002384F82C3010BD70B50D46044669
:10C0300006460FCD0FC695E803004FF0807386E8E3
:10C040000300A3612046FFF7E5FF0023C4E90D3399
:10C0500084F82D30E38584F8303070BD30B4056845
:10C0600035B129B122B14369AC46022030BC6047EA
:10C0700030BC704707B507238DF80510022201A9CF
:10C080008DF80430FFF7EAFF03B05DF804FB13B549
:10C09000046874B1837EB3FA83F35B090A221B013F
:10C0A000ADF804208DF806300322436901A9002071
:10C0B000A04702B010BD13B504685CB106238DF82B
:10C0C00004308DF8051043698DF8062001A903227C
:10C0D0000020A04702B010BD30B50368A9B00446E7
:10C0E00063B190F83020A0216846FFF701FF0246B7
:10C0F00020B12568636969460020A84729B030BD92
:10C1000070B5044608460D46FFF776FE30B1E36889
:10C11000E5761BB16169BDE87040184770BD00004D
:10C1200070B500250446C0E90D1180F82F508576C2
:10C130004576FFF76FFF01232376A36884F82E501E
:10C1400013B16169284698472046FFF7C5FF236968
:10C1500023B161690248BDE87040184770BD00BF57
:10C16000C0460200037E70B504465BB190F82C30E7
:10C1700043B100F11C010822243017F0BEFA01235C
:10C1800084F82D300025A57684F82F502046FFF73F
:10C1900041FFA368257613B1616928469847236952
:10C1A00023B161690248BDE87040184770BD00BF07
:10C1B000EC4602000A2AF8B504460D46164629D96F
:10C1C0000B78022B26D14F783846FFF715FE00B3C7
:10C1D000AB7A0B339E421DD304F11C060822A91C26
:10C1E000304617F08AFA94F82D00012384F82C3099
:10C1F00040B1082204F12401304617F00BFAB0FADE
:10C2000080F0400984F82E0039462046FFF778FF79
:10C210000120F8BD0020FCE7002310B5044683761A
:10C2200080F82F3043760AB1FFF724FFA36813B1DB
:10C23000616900209847237E033B012B9CBF0223AA
:10C2400023762046BDE81040FFF721BF90F82F303D
:10C2500010B504468BB9A37E012084F82F002BB1C2
:10C2600004232376A3680BB161699847236923B13E
:10C2700061690248BDE81040184710BD1047020030
:10C2800070B504461D46002971D0002A6FD00B7886
:10C29000023B092B6BD8DFE803F0052B344C6A64B2
:10C2A000716B6A8B237E012B61D12046FFF782FFE1
:10C2B00038B92369002B5AD061694148BDE8704004
:10C2C0001847002384F82F30A37602232376656372
:10C2D0002046FFF7DCFE2369002B48D094F82E009F
:10C2E0006169384A384C002818BF14462046E5E7F3
:10C2F000237E012B3BD12369002B38D06169334861
:10C30000DCE7237E023B022B31D894F82F306563A3
:10C310006BB3A07E0023984284F82F300CBF022319
:10C3200003232376A36813B308BB6169BDE870409B
:10C330001847012A1BD0237E023B022B17D84D78C9
:10C340002846FFF759FD30B9012229462046BDE8AD
:10C350007040FFF7B0BE29462046FFF7D1FE00220D
:10C36000F3E7237E023B022B01D80123637670BDE5
:10C37000237E023B022BFAD80023F7E7A07E002899
:10C38000F5D00138C0B20023A076637660B90223ED
:10C390002376A36884F82F000BB161699847204683
:10C3A000BDE87040FFF773BE2046FFF74FFFF6E78A
:10C3B00020460122BDE870400321FFF72DBF00BFDA
:10C3C0006E470200314702004D4702008D470200D0
:10C3D00070B504461D46237E023B022B08461146DB
:10C3E00022D8636803B3F8B1F2B1A27EAAB1667E27
:10C3F00062699847C0B9012EA27E10D1062A01D8E1
:10C400000132A276002384F82F300323238365634F
:10C410002046BDE87040FFF73ABE0126E8E7002A53
:10C42000F0D10123A376EDE770BD0000037E023B4F
:10C43000022B10B5044618D8436BC91A42F20F7389
:10C4400099420BD9036913B1416908489847012201
:10C4500020461146BDE81040FFF7DEBEB1F57A6F09
:10C4600003D3BDE81040FFF7F1BE10BDB84702008E
:10C47000807E003818BF01207047000007C8024BBB
:10C4800083E80700704700BF3031002070B4064ECB
:10C4900035682DB121B11AB1B368AC4670BC6047A4
:10C4A000002070BC704700BF3031002070B4064ED1
:10C4B00075682DB121B11AB1B368AC4670BC604744
:10C4C000002070BC704700BF30310020024AD2F813
:10C4D0000034002BFBD0704700E0014010B5064C43
:10C4E000237843B905484FF480524FF4FE2117F0EA
:10C4F00004F90123237010BD3C310020403100209D
:10C50000024B00221A70FFF7E9BF00BF3C31002048
:10C5100070B5044616460D4611B90024204670BD7C
:10C52000002AFAD00228F8D8FFF7D8FF0B490C4AA6
:10C53000A30201EB8424C8589042EED16468621EC5
:10C54000B2F57E7FE9D2B44228BF34460833224692
:10C550001944284617F0D1F8E0E700BF4031002029
:10C56000544C50532DE9F041074616460C4600291D
:10C570004BD0531EB3F57E7F47D2022845D8244DB9
:10C580004FEA872805EB8727FFF7A8FF214B45F8DF
:10C59000083008F10800324621467E60284417F032
:10C5A000ACF806F108004044C6F57E72FF2128442D
:10C5B00017F059F81848FFF789FF0223C0F804352F
:10C5C0004FF4FE21FFF782FFC0F80815FFF77EFF4A
:10C5D0000023C0F80435FFF779FFFFF777FF012349
:10C5E000C0F80435FFF772FF55F8043B41F8043BEF
:10C5F000FFF76CFFB1F5002FF6D10023C0F804352A
:10C60000FFF764FF0120BDE8F0810020FBE700BFD9
:10C6100040310020544C505300E00140034A13685D
:10C620000BB150681847002000217047604100207E
:10C6300030B50A4D421E00F117034FF0FF3012F8DB
:10C64000011F4840082140F300042C40013984EACE
:10C650005000F8D19342F2D1C04330BD2083B8EDF1
:10C6600003C808B5054B182283E8030004480021DD
:10C6700016F0F9FF034B00221A7008BD604100203C
:10C68000484100204041002070B586B018220021AA
:10C69000684616F0E8FF182269460020FFF7F6FE0C
:10C6A00017281AD90E4B009A9A4216D100236846D1
:10C6B000059C0593FFF7BCFFA0420ED16C460FCC42
:10C6C000084E35460FC594E803007368064A5B1AA6
:10C6D00085E8030018BF0123137006B070BD00BFCA
:10C6E00043544C53484100204041002038B5084D88
:10C6F000084B2B60002428466C61FFF799FF294600
:10C70000686118222046BDE83840FFF7CFBE00BF61
:10C710004841002043544C532DE9F047DFF8E080B6
:10C72000354C0746FFF77AFF98F8003005460E466D
:10C73000002B57D0D4E90232834272EB060151D26A
:10C74000B5EB030A66EB0202D4F810904FEA9A2A7E
:10C750004AEA825A4FEAE97CA9FB0A01274A0023E8
:10C760000AFB0C1116F0F2FB10EB0A0241F1000378
:10C770001F2A73F1000135DB6168B7EB010C6EEB2A
:10C780000E0EBCF11F0F7EF100012BDB1B49BCEB31
:10C79000020C6EEB030EACFB010C01FB0EC116F09C
:10C7A000D5FBDFF860E04FF0FF3C70450A4671EBC7
:10C7B0000C01034641F28931BCBF734662468B428D
:10C7C00072F10001A4BF41F2883300220321C9FBAA
:10C7D0000132002A02DA5B1842F100029B0843EAA8
:10C7E000827323610123C4E90175E66088F8003093
:10C7F000BDE8F047FFF77ABF4841002040420F00F4
:10C800004041002078ECFFFFF8B5164B1E783EB390
:10C81000FFF704FF144BD3E90225904271EB0504A6
:10C820005E681DD3841A61EB050518690F4AA40AD6
:10C8300044EA8554AD0AC31700FB05F104FB03115C
:10C84000A0FB04070023394416F080FB341945F19E
:10C850000005001945EB0105002DACBF064600267A
:10C860003046F8BD404100204841002040420F00C2
:10C8700070B50446FFF7C8FF2C4BB0FBF3F307225B
:10C880000433B3FBF2F2C2EBC2023C219B1AE37108
:10C89000B0FBF1F301FB1300B3FBF1F201FB123328
:10C8A00018216371B2FBF1F301FB1322A071227115
:10C8B0004FF4C87040F2B2726426910705D1B2FB02
:10C8C000F6F106FB112189B271B9B2FBF0F100FB60
:10C8D000112189B241B1002540F26D118B4207D37D
:10C8E00001325B1A92B2E8E701254FF4B771F5E720
:10C8F0000F4822800122022A014600F1010000D1E6
:10C9000045B90978994207D90133DBB2A270E370C7
:10C91000204670BD1D21F5E70132D2B20D2AA3EBEE
:10C920000103E8D10C221F23F0E700BF8051010072
:10C93000D0530200014B1878704700BF40410020DF
:10C9400008B500F011F84FF47A72A0FB020302FB65
:10C950000133800A40EA835008BD0000014B0022E9
:10C960001A6070476841002010B5074B074C1A68E1
:10C97000D4F8040519689142F9D120F07F4040EACB
:10C980000160090A10BD00BF68410020001001408D
:10C99000024A136801331360704700BF68410020EA
:10C9A000FFF7F6BFF8B50D46AB421C4628BF2C4634
:10C9B000074611461E4614B1224616F09EFEAE42B0
:10C9C0003CBF00233B55069B1C70F8BD20B140F6D0
:10C9D0000422002116F047BE704730B530B110F880
:10C9E000A04B0023A025DAB2944200D830BD05FB4D
:10C9F00003F201338154F6E740B103788B4204D946
:10CA0000A02303FB0100043070470020704770B57D
:10CA10000446F0B103788B421BD90131CDB2A02678
:10CA2000207885420BD30138C0B2207006FB00404D
:10CA3000A0220021043016F016FE012070BD06FB76
:10CA40000540011D9D229C38013516F056FEEDB2C1
:10CA5000E6E70020F2E72DE9F04F13468BB00D46D4
:10CA6000044618B900200BB0BDE8F08F0029F9D0BA
:10CA7000002AF7D00E78032E03D1FFF7A7FF01207D
:10CA8000F1E7022E25D1012AECD091F8018008F1BE
:10CA900002029A42E6D8023500274FF0A009237817
:10CAA000FEB2B342DED909FB06F023181B794345D9
:10CAB0000DD1053042462946204416F0ABFD30B971
:10CAC000314620460BB0BDE8F04FFFF7A0BF01375D
:10CAD000E5E7012EC6D1012AC4D04F787A1D9A42CB
:10CAE000C0D8BFD011F802B007F1060A0BEB0A025A
:10CAF0009A42B7D2501C8A5C049211180A1D9A42BD
:10CB0000B0D8AB1C0393EB194FF000099A7805924B
:10CB1000DA7806921B7907936A182B180893937892
:10CB20005078695CD2781B0443EA00230B4343EA44
:10CB300002630993A02322785FFA89F842450CD852
:10CB40000F2A06D94FF0A0082278B24254D8013AF1
:10CB5000D2B2531C237016B210E003FB08F0221867
:10CB60001279BA4245D1053003993A46204416F06D
:10CB700051FDA02300283CD10FFA88F6A02256438D
:10CB800006F10408A0440021404616F06CFD701D1B
:10CB90003B46039ACDF80080A71928212044FFF7CF
:10CBA00001FF059B87F82D30069B87F82E30079BE9
:10CBB00087F82F3006F1300306F13100234400934B
:10CBC00005EB0A025B4620212044FFF7EBFE06F14D
:10CBD000520051362644049B089A0096482120446E
:10CBE000FFF7E0FE099BC7F89C30002387F8A030D0
:10CBF00045E709F101099EE708FB0640011D9D225A
:10CC00009C38013616F079FDF6B29DE718B1642222
:10CC1000002116F028BD704710B504469AB008B33D
:10CC20006422002101A816F01EFD7F23642201A9C1
:10CC300001208DF808308DF810308DF818308DF8FF
:10CC400020308DF828308DF830308DF838308DF860
:10CC50004030FFF71BFC632804D9642201A9204659
:10CC600016F04BFD1AB010BD014618B16422012028
:10CC7000FFF71CBC7047F7B504469DF8207028B933
:10CC80000025284645EA002003B0F0BD90F860C0BA
:10CC900053EA070024D0012000FA02F2254620467C
:10CCA00000265FFA86FEF4451DD8002395F8412042
:10CCB000002A3CD06A6C8A4239D804EBC3050023B1
:10CCC00085F841302046FFF7CFFF95F84000022558
:10CCD000D8E706F830E00130C5B2AC45F9D8DAE75C
:10CCE000661D8646F8E790F801E0BEF1000F1BD004
:10CCF00090F805E0BEF1000F16D190F804E01EEAAE
:10CD0000020F11D090F802E09E450DD190F803E09B
:10CD1000BE4509D104EBC603012520465D71FFF72E
:10CD2000A3FF14F83600ADE701360830B9E7013348
:10CD3000042B05F10805B9D1A2E713B503468DF818
:10CD400007201C68084634B1DB6801220DF1070199
:10CD5000A04702B010BD2046FBE7034610B45C6854
:10CD60000846114634B12AB1A446DB685DF8044B8D
:10CD70000122604700205DF8044B704737B5044638
:10CD80000FC9002584E80F002582B6227E212046A7
:10CD9000FFF7D3FFA36813B1E168322098470DF184
:10CDA0000702002120468DF80750FFF7D6FF28B173
:10CDB0009DF80730112B03D10123237403B030BD3C
:10CDC000132BFBD10223F8E72DE9F743044616465F
:10CDD000894621B90025284603B0BDE8F083002A22
:10CDE000F8D00368002BF5D000225921FFF7A5FFEA
:10CDF0000028EFD00025A6EB0508B8F1080F28BFE2
:10CE00004FF00808E3682768424609EB05015E20F9
:10CE1000B8470028DED04544AE42ECD80122592163
:10CE20002046FFF78AFF05460028D3D0A36813B138
:10CE3000E1689620984700230DF107025F21204604
:10CE40008DF80730FFF789FFC5E738B5A8224021E4
:10CE50000446FFF772FF10B90025284638BD0022AE
:10CE600041212046FFF769FF0028F5D004227D21EB
:10CE70002046FFF762FF05460028EDD00A22532125
:10CE80002046FFF75AFF042258212046FFF755FF9E
:10CE9000E3E7F8B51D46037C044673B100234374F1
:10CEA00029B122B1FFF790FF08B10123637429462D
:10CEB0002046BDE8F840FFF7C8BF1846F8BD437CE0
:10CEC00013B513B9002002B010BD44680023ADF8BB
:10CED00004308DF80630002CF4D0C368032201A979
:10CEE0001E20A0470028EDD09DF806009DF80530D3
:10CEF000000440EA03209DF804301843E3E707B537
:10CF000000230DF107021C218DF80730FFF725FFE4
:10CF100020B19DF80700003818BF012003B05DF86C
:10CF200004FB000007C8064B83E80700054BFF22FF
:10CF30001A70054A00231370044A1370704700BF2B
:10CF400070410020480000206D4100206C4100200D
:10CF5000074A08B513680BB9002008BD90689847C8
:10CF60000028F9DB4FF496535843C0F38F20F4E7C1
:10CF70007041002040F6AC53984210B534D941F2CC
:10CF80005302904232D8B0F5626F18D940F68B63E5
:10CF9000984219D9B0F56C6F1CD940F68B73984242
:10CFA0001DD819464F2430224FF46C63C01AA41ABE
:10CFB0006043C91AB0FBF1F01044C0B210BD0324A5
:10CFC0004FF462610022F1E71946162403224FF460
:10CFD0006263EBE730244FF46C611622E6E76424C9
:10CFE00041F254014F22E1E70020E7E76420E5E742
:10CFF00012B1632828BF63204BB1642907D81AB146
:10D00000884238BF08467047884228BF08467047A4
:10D01000034A53680BB1906818471846704700BF21
:10D0200070410020054A08B5136823B190689847FD
:10D03000C043C00F08BD1846FCE700BF7041002088
:10D0400070B5FFF7EFFFD0B1FFF782FFFFF792FF58
:10D050000C4C0546FFF7DCFF23780B49024623B151
:10D060000B7883F001030343DBB2084E0A702846B5
:10D070003178FFF7BDFF01233070237070BDFF20B2
:10D08000FCE700BF6D4100206C41002048000020FB
:10D09000FFF7C8BF014B1868704700BF4C00002065
:10D0A0004FF0A043D3F8100580F48050C0F3003057
:10D0B00070470000014B1868704700BF4C0000200B
:10D0C00008B501F0EDFA014B186008BD4C000020D6
:10D0D0001FB54FF0A0430C22C3F830270023039361
:10D0E000054B019301A8054B0293FFF71BFFFFF7C8
:10D0F000E7FF05B05DF804FB95D00000A1D000006B
:10D10000D0E9013210B593423FBF02685C1C446015
:10D11000D15424BF0023037310BD10B50C46C9B20F
:10D12000FFF7EEFF210ABDE81040FFF7E9BF10B599
:10D130000C460021FFF7E4FF2146BDE81040FFF751
:10D14000ECBF2DE9F0410E46032115461C469DF823
:10D150001880BDF81C70FFF7D3FF3146FFF7D0FFF2
:10D160002946FFF7CDFF2146FFF7CAFF4146FFF7EB
:10D17000C7FF3946FFF7DBFFBDE8F0410021FFF7AD
:10D18000BFBFF0B585B072B930238DF804300123EC
:10D19000591AC9B21BB1013BDBB28B4218D1002333
:10D1A000037005B0F0BD01AD01230A26B2FBF6F70E
:10D1B00006FB1724303405F8014B1446092C3A4677
:10D1C00001D8DBB2E4E701330B2BEFD10A23DFE711
:10D1D00003F110026A4412F80C2C00F8012BD9E775
:10D1E00070B5013911F8015F35B1046846682268ED
:10D1F0003668531CB34200D370BD8668366823601E
:10D20000B554EFE770B5013911F8015F35B1046825
:10D21000466822683668531CB34200D370BD8668E6
:10D2200036682360B554EFE770B5013911F8015F36
:10D2300035B10468466822683668531CB34200D38F
:10D2400070BD866836682360B554EFE72DE9F0417C
:10D25000054608981E461746884616F05CFAE021F7
:10D26000C4B22846FFF74CFFE11DFFF756FF00212F
:10D27000FFF746FF4146FFF743FF3946FFF740FF00
:10D280009DF81C100131C9B2FFF73AFF3146FFF794
:10D2900037FF9DF81810FFF733FF2146FFF730FFE7
:10D2A000089C6618B44201D1BDE8F08114F8011B56
:10D2B0002846FFF725FFF5E72DE9F04F9FB006461A
:10D2C00008A80D46FFF7D4FA30460121FFF718FFF2
:10D2D0000021FFF72CFF0221FFF712FF0021FFF7CB
:10D2E0000FFF4FF6FF71FFF718FF0221FFF708FF4E
:10D2F0000121FFF705FF48F21041FFF70EFFEB7920
:10D300004BB108234FF620540022CDE900341146DA
:10D31000F023FFF716FF0EAC4FF0280A06AA4FF0D5
:10D32000000B14AF0DF1300812920DEB0A09EA68F8
:10D330000A970C212046CDF818A0CDF830B0CDF8D2
:10D340004480CDF84C90FFF71CFF11A82146FFF751
:10D3500047FFD549FFF744FF2A690C212046FFF714
:10D3600010FF11A82146FFF73BFFCF49FFF738FF19
:10D37000EA6B0C212046FFF704FF11A82146FFF7B6
:10D380002FFFC949FFF72CFF2A7A0C212046FFF70F
:10D39000F8FE11A82146FFF723FFC349FFF720FF3E
:10D3A0006A690C212046FFF7ECFE11A82146FFF721
:10D3B00017FFBD49FFF714FF2A7E0C212046FFF717
:10D3C000E0FE11A82146FFF70BFFB849FFF708FF61
:10D3D0006A8B0C212046FFF7D4FE11A82146FFF7E7
:10D3E000FFFEB149FFF7FCFEEA690C212046FFF77A
:10D3F000C8FE214611A8FFF7F3FE0A990C9A0123F3
:10D4000001F802B00222CDE9002304215B4610227C
:10D4100030460297FFF71AFF05AACDE912290C2121
:10D4200095F820200A972046CDF814A0CDF830B00A
:10D43000CDF84480FFF7A5FE11A82146FFF7E2FED4
:10D440009A49FFF7DFFE6A6A0C212046FFF799FE32
:10D4500011A82146FFF7D6FE9349FFF7D3FE2A8D88
:10D460000C212046FFF78DFE11A82146FFF7CAFECA
:10D470008D49FFF7C7FE6A8D0C212046FFF781FE1C
:10D4800011A82146FFF7BEFE8749FFF7BBFE2A6BB6
:10D490000C212046FFF775FE11A82146FFF7B2FECA
:10D4A0008249FFF7AFFEEA6A0C212046FFF769FECA
:10D4B000214611A8FFF7A6FE0A990C9A012301F84C
:10D4C00002B00222CDE9002302971C225B46042110
:10D4D0003046FFF7BBFE95F83420002A3BD007AA60
:10D4E000CDE912290C2195F835200A972046CDF870
:10D4F0001CA0CDF830B0CDF84480FFF742FE11A853
:10D500002146FFF791FE6849FFF78EFE95F8362019
:10D510000C212046FFF735FE11A82146FFF784FEB7
:10D520006149FFF781FEAA6B0C212046FFF729FE17
:10D53000214611A8FFF778FE0A990C9A022301F8F8
:10D5400002B00121CDE9003102975B465246042129
:10D550003046FFF77BFE9DF824300A27B3FBF7F235
:10D5600007FB123330338DF829303A238DF82A30F7
:10D570009DF8253002F13001B3FBF7F207FB1233BF
:10D5800030334FF0000A8DF828108DF82C3002F15E
:10D59000300108238DF82B100093382201237821C5
:10D5A0003046CDE901A98DF82DA0FFF74FFE9DF87B
:10D5B0002330B3FBF7F207FB123330338DF83930E9
:10D5C0009DF82230029402F130018DF83810B3FB3F
:10D5D000F7F107FB113330332D228DF83C30BDF8C5
:10D5E00020308DF83A208DF83D20642201F1300082
:10D5F000B3FBF2F102FB1133DBB2B3FBF7F207FB33
:10D60000123302F130013033012403278DF83B003F
:10D610008DF83E108DF83F30CDE9007423466E2220
:10D62000782130468DF840A0FFF710FE95F84F3076
:10D630007BB10DF144092A6C0C214846FFF7A1FD8E
:10D64000CDE9014900972346882278213046FFF72B
:10D65000FDFDAC793046652C4FF0200128BF002439
:10D66000FFF74EFD1421FFF74BFDC421FFF748FDE6
:10D67000C821FFF745FD0821FFF742FD2146FFF7CE
:10D680003FFD4FF6FF71FFF752FD42F22411FFF705
:10D690004EFDAA79642A64D942F62D53ADF8303094
:10D6A00000238DF8323003E0564B0200C3480200DD
:10D6B00001230324CDE90043CDF808800023D422C0
:10D6C00014213046FFF7C2FDEB7813B34FF4FC672B
:10D6D00006233046CDE90037D42223464E21FFF7FA
:10D6E00030FD4FF008080823D7225121CDE900472B
:10D6F000FFF727FD2346DA2256210197CDF8008057
:10D70000FFF71FFDCDE900474346DD225121FFF71A
:10D7100018FD2B79002B42F2241318BF4FF4FC6341
:10D720000193D4220C23009311463046FFF709FDE4
:10D730006B794BB104234FF62052CDE900327021B2
:10D740001023B022FFF7FDFC3046F021FFF7D8FC94
:10D750000021FFF7D5FC307B00B170681FB0BDE839
:10D76000F08F08214046FFF70CFDA1E72DE9F04FAF
:10D7700004688DB00546002C00F08081002900F07F
:10D780007D81072A40F27A810023099301238DF8D5
:10D790002C30237808910A92052B00F26F81DFE884
:10D7A00013F00F010600C4000F011401450108A881
:10D7B0000121FFF7A5FC0021FFF7B9FC0221FFF7CB
:10D7C0009FFC0021FFF79CFC4FF6FF71FFF7A5FCC3
:10D7D000AC4B029300210323CDE900310422012345
:10D7E0007821FFF733FD6F68002F3BD03C7805AD03
:10D7F000224604212846FFF7C4FC03230022CDE97A
:10D800000032029501231822782108A8FFF71EFD97
:10D81000062CA04628BF4FF006082CB3C8EBC8045E
:10D82000A400A4B208A84021FFF76AFC3021FFF74A
:10D8300067FCB421FFF764FC2146FFF76EFC362439
:10D840000026F1B2884511D808A8F021FFF758FC4E
:10D850000021FFF755FC9DF82C00002800F00F81F7
:10D8600009980CE13C46C2E70124DBE73846FFF7A4
:10D87000C3F80546002854D008A83021FFF740FC23
:10D8800006F1640189B2FFF748FC0421FFF738FC78
:10D89000A11FC9B2FFF734FCE821FFF731FC1A21C0
:10D8A000FFF72EFC0121FFF72BFC95F82B30A3F19D
:10D8B0003002092A88BF30234FF0000B0DF1180AFF
:10D8C0004FF003098DF8183022465B460821CDE958
:10D8D00001BACDF800908DF819B0FFF7B7FC95F8B4
:10D8E0002C2008215046FFF74CFC2246CDE901BA16
:10D8F000CDF800905B46282108A8FFF7A7FC95F813
:10D900009C2052B1604BCDF80090CDE901B3224686
:10D910005B46C82108A8FFF799FC312108A8FFF74A
:10D92000EFFB1C340136E4B28BE708A80121FFF7B6
:10D93000E7FB0021FFF7FBFB0221FFF7E1FB0021E2
:10D94000FFF7DEFB4FF6FF71FFF7E7FB002503272C
:10D950004E4B029306AE012310227821CDE90075CB
:10D96000FFF774FC94F84C2004213046FFF709FCC3
:10D970002B464022102108A8CDE901560097FFF759
:10D9800065FC94F84D2004213046FFF7FAFB2B4646
:10D990006422102108A8CDE901560097FFF756FC34
:10D9A00094F84E2004213046FFF7EBFBCDE90156F9
:10D9B00000972B468822102108A8FFF747FC43E771
:10D9C000214608A8FFF778FC59E008A80121FFF7D5
:10D9D00097FB0021FFF7ABFB0221FFF791FB002132
:10D9E000FFF78EFB06AD4FF47841FFF796FB94F8F6
:10D9F000542004212846FFF7C4FB00260823CDE964
:10DA0000003648220123782108A80295FFF71EFC62
:10DA100094F8552004212846FFF7B3FB0323009315
:10DA2000CDE9016501238C227821C5E708A80121F1
:10DA3000FFF766FB0021FFF77AFB0221FFF760FB8F
:10DA40000021FFF75DFB4FF6FF71FFF766FB104B00
:10DA50000293002408236422CDE9003478210123B5
:10DA6000FFF7F4FBF02108A8FFF74AFB2146FFF778
:10DA700047FB9DF82C30002B7FF4F2AE00200DB058
:10DA8000BDE8F08FFD470200014802000048020097
:10DA9000FE4702004FF440627421C0E90012826028
:10DAA00040F6042C4FF48052C0E903C270470000D6
:10DAB00073B50F4C064694E803000822CDE9000137
:10DAC00069460220FEF7E2FC07280A4A06F16403D1
:10DAD00008D90199914205D1DDE9000183E80300ED
:10DAE00002B070BD94E8030083E80300B266F7E774
:10DAF000DC53020053544C5338B50446012585834A
:10DB0000002100F61840FEF768FF237E052B04BFB6
:10DB10000023237604F5805484F88D5838BD10B561
:10DB2000002304460377012100F6184004F58054D1
:10DB3000FEF753FF012384F88D3810BD00F58053A4
:10DB4000002293F88D0883F88D28704730B503685C
:10DB500085B00446BBB100F11803019300F61843E9
:10DB6000029300F5B45500F5B0531C3329464FF429
:10DB7000007201A80393FFF7F9FD014618B123686D
:10DB800022692846984705B030BDF8B50D460446D1
:10DB9000174606460FCD0FC62B6833604FF4406220
:10DBA0000021676104F1180015F05DFD0026FF23D8
:10DBB00004F5B055A37704F618401C352676FEF719
:10DBC00005FF2846FFF722F82846FFF725F82046EC
:10DBD000FFF76EFFFEF758FD606938B1037C2BB18B
:10DBE00094F8653032463146FFF753F92046BDE8D8
:10DBF000F840FFF7ABBF037E41770BB9FFF7A6BF35
:10DC0000704710B5044600F61840FEF724FF38B1FF
:10DC1000237E012B04D12046BDE81040FFF796BFBC
:10DC200010BD10B504460846FEF776FD2046BDE857
:10DC30001040FFF78BBF00F58053012283F8942832
:10DC4000836813B10169372018477047042310B562
:10DC50000376436880F86C10044680F86D2013B199
:10DC60000169022098472046FFF7E5FF2046BDE8FE
:10DC70001040FFF76BBF73B50446406918B3037CCF
:10DC80000BB3FFF71CF90546FEF7BEFD06466846D6
:10DC9000FEF7EEFD9DF805309DF804203C214B4336
:10DCA0004FF4616101FB02339DF806201344F61A1C
:10DCB000236E0BB1B34201D0C4E91756E36DAB42FA
:10DCC00098BFED1AA56502B070BD2DE9F04104467C
:10DCD0000D46FFF79DF9E268E77E0646AAB13B1EB6
:10DCE00018BF0123834204F5805807D1D8F8903833
:10DCF00023B1EB1A42F20F718B4206D9206990478B
:10DD0000012D38BF0125C8F89058FFF799F9237EF7
:10DD1000A077032BE67606D1002323762046BDE8C4
:10DD2000F041FFF713BF46B12FB92046FFF783FF3D
:10DD3000237E002BF2D0BDE8F081002FFBD0F8E766
:10DD400010B586B00446FEF7F5FD00B304A8FEF753
:10DD50008FFDFEF759FD9DF815300093014604F53F
:10DD6000B0509DF814309DF817201C30FEF783FF4B
:10DD7000C1B20129ADF80C0007D19DF80D20204655
:10DD800006B0BDE81040FFF761BF0229F5D006B02C
:10DD900010BD10B590F86430044683B1406970B18D
:10DDA000FFF7ADF858B12046FFF745FF237E0BB1D2
:10DDB000052B04D12046BDE81040FFF7C7BE10BDBB
:10DDC000F7B500F580560446D6F88438CB1AB3F57B
:10DDD000FA6F0D4619D3876DFFF74DFFC6F88458CB
:10DDE0006846FEF745FDA36D9DF80520BB4221D195
:10DDF00096F88C389B1A18BF0123217E29B923B1CC
:10DE000086F88C282046FFF7A1FED6F88838EB1A52
:10DE1000B3F57A7F05D329462046FFF756FFC6F8AB
:10DE200088582046FFF78CFF204603B0BDE8F0403D
:10DE3000FFF7AFBF0123E0E710B50446FFF7FBFE95
:10DE4000237E042B06D1002323762046BDE8104014
:10DE5000FFF77CBE23B15A1E534253415B00F3E7E8
:10DE60000123F1E713B58DF80700FAF7ABFB0520A6
:10DE7000FAF774FC01210DF10700FAF7EFFB0446F5
:10DE80000520FAF793FCFAF7BFFB204602B010BD5D
:10DE900010B5064C23783BB1AB20FFF7E3FF3220EF
:10DEA000FAF7F0F90023237010BD00BF7C41002079
:10DEB00073B5FF2305268DF8073005468DF80660FB
:10DEC000FAF780FB3046FAF749FC01230DF107020F
:10DED00019460DF10600FAF7FBFB04463046FAF747
:10DEE00065FCFAF791FB14B19DF807302B702046C2
:10DEF00002B070BD73B50D4D0024FF260DF1070073
:10DF00008DF80760FFF7D4FF68B19DF80730DA0796
:10DF100009D5A30601D101F01BFA32200134FAF72A
:10DF2000B1F9AC42EAD102B070BD00BFA0860100D9
:10DF3000014B00221A7070477C41002013B5FFF797
:10DF4000A7FF9F238DF803300023ADF804308DF830
:10DF50000630FAF737FB0520FAF700FC032301AA85
:10DF600001210DEB0300FAF7B3FB04460520FAF795
:10DF70001DFCFAF749FB3CB19DF80440013CE4B2BA
:10DF8000FD2C8CBF00240124204602B010BD73B5C7
:10DF9000054614460E4621B302B31318B3F5800F9D
:10DFA0001FD8FFF775FF03238DF804302B0C6DBAD3
:10DFB0008DF80530ADF80650FAF704FB0520FAF7A6
:10DFC000CDFB0421234632460DEB0100FAF780FB1E
:10DFD00004460520FAF7EAFBFAF716FB204602B0E2
:10DFE00070BD0024FAE7F0B50546C3B016460C46EE
:10DFF00019B90024204643B0F0BD531EFF2BF8D8BA
:10E0000052FA80F3B3F5807FF3D81318B3F5800F7D
:10E01000EFD8FFF73DFF0620FFF724FF0028E8D0E8
:10E0200001AF02233B702B0C6DBA7B707D802146C3
:10E030000DF10703A21911F8010B03F8010F91422A
:10E04000F9D1FAF7BFFA0520FAF788FB311D3846F7
:10E05000FAF704FB04460520FAF7A8FBFAF7D4FA0E
:10E06000002CC6D0FFF746FFC4E7C0F30B0313B57F
:10E0700004461BB10024204602B010BDB0F5800F4D
:10E08000F8D2FFF705FF0620FFF7ECFE0028F1D0DD
:10E0900020238DF80430230C64BA8DF80530ADF8D8
:10E0A0000640FAF78FFA0520FAF758FB04210DEB2A
:10E0B0000100FAF7D3FA04460520FAF777FBFAF7DE
:10E0C000A3FA002CD6D0FFF715FFD4E710B5064C05
:10E0D00023783BB90520FAF769FBB920FFF7C2FEA8
:10E0E0000123237010BD00BF7C410020FFF7D0BE8C
:10E0F0000020704701F1B40008B50003FFF7B5FF39
:10E1000000280CBF6FF00400002008BDF8B5B43142
:10E11000069C1E4602EB01350CB92046F8BDB4F54D
:10E12000807F274628BF4FF480773A4631462846FD
:10E13000FFF759FF18B13E443D44E41BECE76FF094
:10E140000400EBE710B501F1B40014461946029A39
:10E1500004EB0030FFF71BFF00280CBF6FF004003A
:10E16000002010BD10B586B01346074A039203AADB
:10E17000009200240A4601460448CDE9044403F015
:10E18000BDFF06B010BD00BF804100201845002033
:10E1900038B5244D2C78002C35D1FFF7C9FEFFF798
:10E1A000A5FFFFF7CBFE542221461F4815F05BFA6E
:10E1B0001D4A1E4B53601E4B93601E4BD3601E4B7B
:10E1C000136110234FF48051C2E905334FF45373A8
:10E1D000C2E907134FF480704023C2E90A034FF4E9
:10E1E000FA735362154B5363154B93631548164BE3
:10E1F000D363114603F05AFE38B91449114804F0AC
:10E20000B7F801232B7001240AE007490D4803F0F9
:10E21000EFFD28B904490B4803F048FE0028ECD074
:10E22000204638BDC0440020C444002045E1000021
:10E230000DE10000F5E00000F1E00000C043002027
:10E24000C042002018450020804200200348020000
:10E25000FFF73CBFF0B51D46194B1B7897B006463B
:10E260000F46144613B9002017B0F0BD0028FAD0AD
:10E27000002AF8D0002DF6D0FFF738FF01223146F2
:10E2800001A8FFF76FFF03460028ECD10D483A467E
:10E2900001A904F06AF8002804DA01A9094804F089
:10E2A0003FF8E0E722462B4601A9064804F044F86F
:10E2B00001A90446034804F033F824EAE470D3E7E4
:10E2C000C044002018450020F0B51C461A4B1B78AE
:10E2D00097B006460F46154613B9002017B0F0BD9B
:10E2E0000028FAD0002AF8D0002CF6D0FFF7FEFE66
:10E2F0004FF48172314601A8FFF734FF034600282E
:10E30000EBD10E483A4601A904F02FF8002804DAB0
:10E3100001A90A4804F004F8DFE723462A4601A9C8
:10E32000064804F020F801A90546044803F0F8FF68
:10E33000631B58425841D1E7C044002018450020D3
:10E34000084B10B50446187848B14CB1FFF7CEFE23
:10E350000548214603F068FEB0FA80F0400910BD80
:10E360002046FCE7C04400201845002000687047A4
:10E3700000234FF48062C0E906334375C382036211
:10E38000828480F82630704713B5C4686CB1084B9E
:10E3900002691B88ADF80430838C8DF805301B0AA8
:10E3A0008DF80630032101A8A04702B010BD00BFC0
:10E3B000E453020070B50C46064605460FCC0FC567
:10E3C00023682B603046FFF7D3FFBDE87040FFF7AE
:10E3D000DBBF13B5C468BCB111230093C38A8DF8A9
:10E3E00001301B0A8DF80230036A8DF803301A0AD7
:10E3F0008DF804201A0C1B0E8DF805208DF80630C0
:10E40000026907216846A04702B010BDC36807B57E
:10E4100043B112228DF804208DF805100269022103
:10E4200001A8984703B05DF804FB2DE9F0410446CC
:10E4300015460E46002900F0C680002A00F0C38071
:10E440000B78013B032B05D8DFE803F002428E99DD
:10E450000B2D01D8022105E090F81580B8F1000FCE
:10E4600005D001212046BDE8F041FFF7CFBFB1F84C
:10E470000130C382C81CFFF779FFA0610346C81DA5
:10E48000FFF774FFE061CF7A202FE3D807F10C0289
:10E49000AA42DFD8013BB3F5003F01D30421E1E7F5
:10E4A0003A460C3104F12600274415F026F94FF4C2
:10E4B000806387F82680A38401236375A368C4F86A
:10E4C00020800BB1206998472046FFF75DFF1CE0D4
:10E4D000437D002BBED0062DBCD9C28AB1F80130D5
:10E4E0009A42B7D1C81CFFF741FF237D0746073D7D
:10E4F00043B1B5F5807F05D906212046FFF786FF99
:10E500004FF48075236ABB4204D02046BDE8F04139
:10E51000FFF75FBFA269EB1993429BD8A38CAB4274
:10E520009FD3D4F80080B8F1000F08D10521204610
:10E53000FFF76CFF2046BDE8F041FFF719BF2369E4
:10E540002A46F11D3846C0470028EFD0236A2B44E5
:10E550002362A38C5B1B9BB2FF2B01D9A384D4E75E
:10E560004FF48063A384AFE783680BB100699847D9
:10E570002046FFF7FDFEBDE8F041FFF705BF437DF4
:10E58000002B3FF467AF022D7FF664AFC28AB1F86B
:10E5900001309A427FF45EAF8369016A99427FF449
:10E5A00059AF45682DB10369C2692630A8470028D4
:10E5B000DED103212046FFF729FFA368002BB9D045
:10E5C00020699847B6E7BDE8F0810000024A136869
:10E5D0000BB15168184770479C45002008B5FFF7FC
:10E5E00037FEF9F7EFFF064A0023C2F800354FF077
:10E5F0004022C2F80035BDE80840FAF705B800BF70
:10E6000000300040044B0722C3F800254FF04023A0
:10E610000622C3F800257047003000404FF08043C9
:10E6200001220249DA670220F9F708BF0B4802000D
:10E6300007B50C23ADF8043001A9FFF7E3FF442030
:10E6400040F6B8330222FAF7F2FFFFF7C7FF03B034
:10E650005DF804FB03C808B50C4B83E803000C4BC2
:10E6600002221A700B4A002313700B4A13704FF0EA
:10E6700080430122DA67FFF7DBFFFFF7AFFFBDE85A
:10E68000084006490320F9F7D9BE00BF9C45002089
:10E69000500000209B4500209A450020564802006B
:10E6A000F8B52C4C2C4DFFF7ADFF082100230122BB
:10E6B000C4F80035C4F8F025C4F8F435C4F8F835CA
:10E6C000C4F810152549C4F81435C4F81815C4F851
:10E6D0002C56C4F83026C4F80025C4F80031C4F81C
:10E6E0000431C4F810312260F9F7C4FD41F28837D3
:10E6F0000646D4F8003123B9F9F7BCFD801BB842B7
:10E70000F7D901236360F9F7B5FD124E044641F2D3
:10E710008837D6F8043123B9F9F7ACFD001BB842AD
:10E72000F7D90123B360F9F7A5FD0A4E044641F27B
:10E730008837D6F8103123B9F9F79CFD001BB84291
:10E74000F7D90023C6F80035FFF748FFB5F90000F8
:10E75000F8BD00BF00700040984500200002020094
:10E76000014B1878704700BF5000002038B5354B7A
:10E770001D788542044664D018703348F9F735FE99
:10E78000F9F778FDF9F744FE3048F9F72EFE032D2E
:10E7900096BF2F4B2F4853F82500F9F726FE2E4839
:10E7A000F9F723FE032C96BF294B2A4853F824007F
:10E7B000F9F71BFE2948F9F721FE032C41D8DFE8C1
:10E7C00004F002172633264CFAF76EFE23783BB985
:10E7D000FFF718FFFAF73EF801232370FFF7FEFE5C
:10E7E000FFF7FCFE4FF4C870BDE83840FFF7EEBEFF
:10E7F0001B4C23782BB1FFF705FFFAF734F8002301
:10E800002370FAF753FEBDE83840FFF7E7BE144C1B
:10E8100023782BB1FFF7F6FEFAF725F800232370D3
:10E82000FAF747FE1820DFE70D4C23782BB1FFF7EE
:10E83000E9FEFAF718F800232370FAF73DFE0C20E2
:10E84000D2E738BD50000020964802001351020064
:10E85000E8530200944802009F480200BE450200AF
:10E860009B45002038B5057804461DB1022D14BF24
:10E87000022503252846FFF779FF15B1207AFAF71C
:10E88000E5FD6089BDE83840FFF7A0BEF8B50F464A
:10E89000154600F580260DB90120F8BDF4B2C4F587
:10E8A0008074AC4228BF2C46224639463046FFF7DA
:10E8B0009AFB0028F1D0264427442D1BEBE70000EB
:10E8C00008B5FFF713FC024B00221A6008BD00BF19
:10E8D000A445002008B5FFF709FC024B00221A608E
:10E8E000012008BDA44500202DE9F041044615464D
:10E8F0000E4631B32AB3B0F5E82F22D8C0F5E8238D
:10E9000093421ED305EB0408FFF7F0FBB8F5E82FA0
:10E9100017D80D4F3B68984506D82A463146204601
:10E92000BDE8F041FFF7B2BF00F012FD386800F516
:10E930008020FFF79AFB20B13B6803F580533B60D2
:10E94000E8E70020BDE8F081A44500201FB50E4B8C
:10E950000FCB8DE80F00FFF7C9FB0C4B1B68B3F51D
:10E96000E62F6C4606D90A4810222146FFF78EFF93
:10E9700004B010BD00F0ECFC4FF43320FFF775FB42
:10E980000028F0D1F4E700BFF8530200A4450020AE
:10E99000F03F07004FF0E023014AC3F80C2DFEE7DB
:10E9A0000400FA0538B5002504464FF40073C0E9A9
:10E9B000095580F8205045848385202229462E3031
:10E9C00014F051FE84F8C05038BDC36810B5044639
:10E9D0000BB9012010BD03694BB9E368E0699847A2
:10E9E0001E38C0B246288CBF00200120F2E7C06963
:10E9F00098470028F1D0ECE713B584696CB1084B57
:10EA0000C2691B88ADF80430838D8DF805301B0A70
:10EA10008DF80630032101A8A04702B010BD00BF49
:10EA20000854020070B50C46064605460FCC0FC5CB
:10EA300094E80F0085E80F003046FFF7B3FF30463B
:10EA4000BDE87040FFF7D8BF13B58469BCB111238E
:10EA50000093438C8DF801301B0A8DF80230836AD5
:10EA60008DF803301A0A8DF804201A0C1B0E8DF84D
:10EA700005208DF80630C26907216846A04702B01C
:10EA800010BDD0F8C430013307B5C0F8C43001233D
:10EA900080F8C830836980F8C11043B112228DF824
:10EAA00004208DF80510C269022101A8984703B01F
:10EAB0005DF804FB2DE9F041044688B00E460029BC
:10EAC00000F0EB80002A00F0E8800B78013B032B7C
:10EAD00005D8DFE803F00256A6A92A2A01D80221A8
:10EAE00005E003684BB1C069984730B9082120465A
:10EAF00008B0BDE8F041FFF7C4BF2046FFF765FF4F
:10EB000008B90621F3E7D6F803707B1EB3F5E82FAA
:10EB100001D30421EBE794F82050B6F8018045B109
:10EB2000638C434503D12046FFF78EFF4DE0012162
:10EB3000DDE763681BB3E069984700B34FF40073E7
:10EB4000A3852022F11DC4E90975A4F8228004F1EF
:10EB50002E0014F0D2FD04F1500000F047F901231B
:10EB6000204684F8203084F8C830A4F8C030FFF77D
:10EB700043FF204608B0BDE8F041FFF765BF05211F
:10EB8000B5E790F82030002BA9D0062AA7D9418CF0
:10EB9000B6F801309942A2D1D51FB5F5007FD6F85D
:10EBA000037004D90721FFF76CFF4FF40075A36AC7
:10EBB000BB42B8D1626A7B19934290D8A38DAB4215
:10EBC00009D201212046FFF75CFF204608B0BDE8CE
:10EBD000F041FFF711BFD4F80880B8F1000F16D04C
:10EBE0000736E3692A4631463846C04778B194F87B
:10EBF000C0302BB12A46314604F1500000F022F912
:10EC0000A36A2B44A3624FF40073A3858BE72046CD
:10EC10000521FFF736FF204608B0BDE8F041FFF7B9
:10EC2000C1BEFFF7BFFED0E790F82030002B3FF4C5
:10EC300056AF022A7FF653AF428CB6F801309A42A3
:10EC40007FF44DAFD0E909329A427FF448AF90F893
:10EC5000C030002B3FF443AF6946503004F12E051D
:10EC600000F012F920222946684614F0D3FC38B18E
:10EC700003212046FFF705FF2046FFF793FE0CE037
:10EC800063696BB1E269606A2946984740B12046E2
:10EC9000FFF788FE2046FFF7AFFE08B0BDE8F08121
:10ECA0000521E6E72DE9F04FCBB00AAA01F14005B6
:10ECB00014464B780E781B0443EA0663CE78334340
:10ECC0008E78043143EA06238D4244F8043BF0D1A8
:10ECD00010245168956B16464FEAB143043283EA1B
:10ECE000F11383EAD1033168166A31440B444FEAC9
:10ECF000F54181EA754181EA952101340B44402CAC
:10ED0000D363E6D103680093436801938368029359
:10ED1000C368039303690493436905938369069366
:10ED2000C3690793DDE9067ADDE9041CDDE90258D1
:10ED3000DDE900462C4B08934FF0000E0DF1280939
:10ED4000089A52F8043B08924FEAF12282EAB11283
:10ED500082EA7162099259F82E2003EB020B099A9C
:10ED600027EA01035A4401EA0C0B83EA0B031A4415
:10ED7000524486EA05034FEAB40A06EA050B8AEA1A
:10ED8000743A23408AEAB45A83EA0B030EF1010E67
:10ED90005344BEF1400F02EB080B1344A846BA4699
:10EDA0001AD1009A1A44019B026023444360029BDB
:10EDB00033448360039B2B44C360049B5B44036127
:10EDC000059B0B444361069B63448361079B3B4463
:10EDD000C3614BB0BDE8F08F674635468C4626468A
:10EDE00059461C46ACE700BF0C5402000E4A0F4BBC
:10EDF0000F49DFF84CC0C0E900230E4BC0E90213F5
:10EE00000D4BC0E904C30D4B836103F17453A3F5AB
:10EE10002303A3F69243C36100220023C0E9082321
:10EE200000238366704700BF67E6096A85AE67BB4B
:10EE300072F36E3C3AF54FA58C68059BABD9831FE6
:10EE40007F520E51F8B50C4601B92AB9A51800F148
:10EE500028060027AC4200D1F8BD836E14F8011BD0
:10EE60005A1C0344402A826683F82810F2D13146A6
:10EE7000FFF718FFD0E9083213F5007342F10002E2
:10EE8000C0E908328766E5E7F8B5866E731C82191B
:10EE90000C46382B4FF0800182F8281009D900F178
:10EEA000270200213F2B3ED900F12801FFF7FAFE8F
:10EEB00000232733034400F15F020021934235D140
:10EEC000D0E908310822E6FB0231C0E908311D46CD
:10EED00000F1680C0023C3F12007A3F1200625FAF6
:10EEE00003F201FA07F73A4321FA06F608333243F0
:10EEF000402B0CF8012DEED100F12801FFF7D2FED6
:10EF0000031F21461C3053F8042F120E0A705A8832
:10EF10004A701A68120A8A701A68CA70834201F12C
:10EF20000401F0D1F8BD0133D154BBE703F8011F50
:10EF3000C4E70000024AD2F80034002BFBD070472F
:10EF400000E001400A4A0B4B12F8011B1878884276
:10EF50000BD10133B3F5F82FF6D1074B93F8E80046
:10EF6000A0F1FF035842584170470020704700BF8E
:10EF70000C550200F0BF070000BF070008B5FFF7FF
:10EF8000E1FFB0B10C490120FFF7D4FFC1F804053F
:10EF9000FFF7D0FF4FF4F623C3F8E80FFFF7CAFFDF
:10EFA0000023C1F8043503200449FFF7C3FFF9F734
:10EFB00045FA012008BD00BF00E00140A948020059
:10EFC00010B50D4B18B918700024204610BD1878E4
:10EFD0000A4A18B9116001221A70F5E71368C91AB4
:10EFE00042F20F739942EFD9FFF7ACFF04460028B5
:10EFF000EAD0FFF7C3FFE8E7A8450020AC450020B2
:10F0000038B505460C46FFF79DFF70B175B10A4B48
:10F010001B785BB1094B186842F20F73221A9A42AF
:10F0200007D800F51C501030001B38BD42F210709C
:10F03000FBE70020F9E700BFA8450020AC45002011
:10F0400000234FF6FF72C0E9093380F82030C285F3
:10F05000038680F83230704770B40C460646054689
:10F060000FCC0FC594E80F0085E80F00304670BC48
:10F07000FFF7E6BFC36810B504460BB9012010BD09
:10F0800003694BB9E368E06998471E38C0B2462867
:10F090008CBF00200120F2E7C06998470028F1D01A
:10F0A000ECE7836913B553B110248DF805108DF882
:10F0B00006208DF80440C269032101A8984702B0D8
:10F0C00010BD13B584698CB111230093836A8DF848
:10F0D00001301A0A8DF802201A0C1B0E8DF803203D
:10F0E0008DF80430C26905216846A04702B010BD02
:10F0F00070B50B46044601B3FAB10978481E0728DB
:10F1000000F29180DFE800F0041A3D5874868F48C1
:10F11000012A02D05B78042B03D003220121204670
:10F120007DE02046FFF7A6FF08B90622F6E7204655
:10F13000FFF786FF012384F8203070BD94F820107B
:10F140000239012902D902220221E8E7012AFAD074
:10F150005B781BB9032384F82030EEE7012BF2D152
:10F1600094F85330012B07D9234493F8322093F8B5
:10F17000313043EA0223A385042384F8203001229E
:10F18000E2E794F82030042B09BF0023022284F820
:10F19000323001220321C2E7012A4FF0000218BFDA
:10F1A0005B7884F8312008BF134684F8322084F855
:10F1B000303001220821B2E794F82050042D04D108
:10F1C000636A13B1A26A934202D005220421A6E722
:10F1D000E28DA38D9A42F8D1A36823B1E0699847E4
:10F1E00008B90622F2E7052384F820300122EDE772
:10F1F00094F82010052902D0022205218FE7012270
:10F200002046FFF74EFF6369002B96D0E069BDE80A
:10F21000704018472046FFF713FF06210122BDE882
:10F220007040FFF73EBF032279E7F8B50446154664
:10F230000E46002947D0002A45D090F82070012FB3
:10F240002BD10B2A3FD98D686B1EB3F5E82F08D35D
:10F2500004220221FFF725FF2046BDE8F840FFF712
:10F26000EFBE03681BB9062201212046F2E7C06900
:10F2700098470028F7D00023A3624FF6FF7284F866
:10F2800053300223E285656284F820303A463946DD
:10F290002046BDE8F840FFF704BF032F14D190F8D3
:10F2A00053309A18202A02D9D3F120050BD004F14B
:10F2B000330018442A46314614F01FFA94F85330AC
:10F2C0002B4484F85330F8BD042FFCD1D0E9093C1D
:10F2D00062449A4203D913B13A460321BAE76768F8
:10F2E0008FB3E3692A4631466046B84758B3E38D89
:10F2F000711916F8012B5BBA9BB25A40C2F3031383
:10F300005A4013039BB25A40530103F4FF538E42F9
:10F3100083EA0203EDD1E385A36A94F830202B44FD
:10F32000A36294F832300133DBB284F83230002A21
:10F33000C9D09342C7D3002384F832302046BDE8B9
:10F34000F840FFF7BEBE062203218EE7FFF778BE26
:10F3500008B5F8F7EFFF18B9024B034AC3F80026C7
:10F3600008BD00BF000001403546526E08B5F8F7F1
:10F37000E9FFBDE80840FFF7EBBF08B572B6F8F744
:10F38000A5FFF8F7A3FFF8F7DDFF44F62060F8F7D4
:10F3900079FFF6E70368013304D04068431C584204
:10F3A000584170470120704710B50B6804689C42B3
:10F3B00009D040684968884205D08C4203D0181AA9
:10F3C00018BF012010BD0020FCE7D1E9003210B5C4
:10F3D00004689C4202D14168914206D0944206D111
:10F3E0004068C31A5842584110BD0120FCE7002074
:10F3F000FAE740F30903B3F1FF3F08BF0130C0F360
:10F4000009000430704710B5031F0439083053F861
:10F41000042F51F8044F834282EA04021A60F6D1A5
:10F4200010BD0346006830B95A682AB99868B0FA26
:10F4300080F0400970470020704708B503681B0D35
:10F4400013F4E06304D00430FFF7AEFF80F0010353
:10F4500003F0010008BD826A00F1280302B9704779
:10F460001A688A4202D10A681A6070471346126805
:10F47000F4E7C36E426D1944891AB1FBF3F203FB42
:10F480001211836D8B4208D9CA08406E01F0070142
:10F4900001238B40815C0B438354002070470000A4
:10F4A000194B1A4A11F0805F30B508BF1C4603683B
:10F4B00018BF144683EA010525420DD043F3090421
:10F4C000013409D001EA0204114A1A4042F09F4275
:10F4D00042F4E002944203D100230360012030BDD6
:10F4E0000A0D02F4E064B4F5806F05D1C3F38924FA
:10F4F000C1F389218C4201D20020F0E752B203EB24
:10F5000082230360F8E700BF00FC0F7000FCFF7F60
:10F5100000FC0F0008B502460846FFF76AFF1368B3
:10F5200003441360002008BD03680133036000201A
:10F5300070472DE9F04F87B0DDE911480393836EE2
:10F54000139EDB691746A2199A428346894607D85B
:10F55000C36E002B00F09A80109A934200F29680BE
:10F560006FF053008FE0B9F1000F41D0D9F80030AF
:10F57000109A93423CD1D9E9015305EB030AA24505
:10F5800036D9A54214D8AAEB040AB245D9F80C1012
:10F5900028BFB246651B40465246294414F0ADF8D8
:10F5A000D0445444A6EB0A06002EDCD130466AE073
:10F5B0002D1BB54228BF354602953B68109A9342F1
:10F5C0001ED1D7E901130B44A34219D9A14211D886
:10F5D000029D1B1B9D4228BF1D46FB68611A4046C9
:10F5E0002A46194414F089F8A8442C44761BDBE71A
:10F5F0000296E2E7029B091B8B4228BF0B4602934F
:10F60000DBF8680042684169B4FBF1F39446039A61
:10F61000964201FB134319D3C3B98E4216D3029B02
:10F62000B3FBF1FA01FB0AFAA3EB0A030493109966
:10F63000CDF800A0434622466546A84718BB049B68
:10F64000029A9B1AD04454441E44ADE7059D109A7B
:10F650003A600D442544B5FBF1F54D43C169E21A0A
:10F660001B1B8D4294BF5B195B18816A7A608B42C9
:10F6700028BF0B46BB600093FB6810996546A847FE
:10F6800000283FF470AF07B0BDE8F08F039B013B4B
:10F69000059389E72DE9F04FD1E9039587B0064638
:10F6A0003C300F469A460595FFF7C7FE9046044644
:10F6B00080B1C2F389246CB1F36BCAF38922C3F31E
:10F6C0008923934204D16FF0010007B0BDE8F08FA9
:10F6D0006CD30024C8F3892B2846FFF78AFE031D4C
:10F6E0004B45F0D8A9EB000905AACDE90192042306
:10F6F00003933A680092002132463046FFF719FF23
:10F700000028E2D1059B1BBA6B4023F00043059310
:10F71000BBF1000F1ED0290D01F4E062B2F5806F3D
:10F7200018D1AAEB0402C2F3892CC5F389208445C1
:10F7300010D322F07F4222F4700222F47F7222F072
:10F74000030242F0804242F48012AA42BBD049B286
:10F7500004EB8124AAEB0401694011EA080127D1D6
:10F7600045F309030133AED0129BC5F30908984550
:10F7700028BF9846119B0293109BCDF80C80043350
:10F780004B4401933B680093324643463046FFF7B3
:10F79000D0FE002899D1129BA3EB0802119B0146D1
:10F7A00003EB080013F05FFF60198EE7014C91E74F
:10F7B0001D4691E700FCFFFF1FB5C3F30904029447
:10F7C000069C019400240094FFF764FF04B010BD70
:10F7D00030B587B003AD094B00951446084AFFF7D2
:10F7E000EBFF002804DA831C00D1002007B030BDF5
:10F7F00029462046FFF707FEF7E700BF0C00F07F21
:10F800000000F07F30B5134687B00268044604ADAF
:10F810000820916E03900295586801901B68009330
:10F82000CB69104602F11001FFF783FE18B9211DC4
:10F830002846FFF7B9FD07B030BD00002DE9F04FB5
:10F84000ABB000251F46CDE90A55BDF8E030059361
:10F85000BDF8DCB0BDF9E43006908A460493A946B1
:10F860003846FFF7C6FDDAF80C3000EB0208984581
:10F8700065D20423039309ABCDE90183069ADAF834
:10F8800000300093002104231046FFF752FE0028A9
:10F8900040F01981099B1BBA7B4043F00047DAF81E
:10F8A00000300A9308F104030B9309973C460AAB16
:10F8B000369A89EA04061640844A16403DD1369AA3
:10F8C000C2F38922002A00F0A4804FF03C0C0CFB0C
:10F8D00005FC0CF1A8026A44349942F86C1C359975
:10F8E00042F8681C369942F8483C42E919190599D2
:10F8F00022F85A1C049922F8581C3A9942F8541CD0
:10F900003B9922F85CBC42E91414DDE90A010CF1D0
:10F91000A80342F8707C42E91EA80DEB030C443AA0
:10F92000ACF14C0382E80300CDE904663B93684BDD
:10F9300036960135B1463A93B346424690E7359B39
:10F94000002B40F3BE803499349B083134913599B3
:10F950001C68099401395B6835919046A8E7B2F5B7
:10F96000817F1ED11C460026099BC3F309029642E3
:10F97000E3D2049AA168C3F38923134441EA8321A3
:10F980002378626803F5407341EA0351DDE93A30B8
:10F9900098470028C0F2978004F10C04CDD10136BD
:10F9A000E2E71A46049B04EB8321DDE93A309847ED
:10F9B0000028C0F28880C0D0002D00F084802AABDF
:10F9C000013D3C2202FB053252E91C73349352F88C
:10F9D000683C359352F8643C369352E9110132F891
:10F9E0005A3C059332F9583C04930AAE52F8543C01
:10F9F0003A9352E91EA852F8503C52F84C4C3B93B3
:10FA000086E8030052F8609C32F85CBC52F8483C2F
:10FA10000994369AC2F3892232B1C4F389225A4535
:10FA20008BD305998A4288D2C4F30A52002A84D023
:10FA300040F201118A4292D1254A07933A9B9342A0
:10FA40003FF47BAF3C222AAB02FB05360021A6F136
:10FA5000780013F008FE349B46F86C3C359B46F862
:10FA6000683C369B26F85CBC46E91939059B26F8AC
:10FA70005A3C049B26F8583C3A9B46F8543CC4F345
:10FA8000090B3B9B46F8503C0BF101030593C4F373
:10FA90008924049B0F4A46F8707CA4EB0B041C4499
:10FAA00023B20493079B46E91EA89A460023CDE99A
:10FAB000353201354FF0005934934FF0FF379846F7
:10FAC0003BE7002078E72BB0BDE8F08F0000F07F27
:10FAD000A1F4000000FC0F602DE9F04F85B09846BE
:10FAE000836E0F9D119EDB691446AA199A42074640
:10FAF00089461ED96FF0530042E02368E068023364
:10FB00001DD1D4E901130B449D4218D28D4216D366
:10FB1000A3EB050AB24528BFB246691A0144524612
:10FB2000109813F0EAFD109B534410935544A6EB34
:10FB30000A0646B36FF0010B08F1FF3ADDE7B96E34
:10FB4000C4F800B0D1F814C0896AB5FBFCF20AEB26
:10FB50000C032B44B3FBFCF30CFB03F38B4228BFD9
:10FB60000B460CFB02F26260A3604946CDE901033B
:10FB700000920E9B054A3846FFF78CFD0028BCDA40
:10FB800005B0BDE8F08F3046FAE700BF00FCF7FF94
:10FB90002DE9F04F87B00646119F884691469A4658
:10FBA00000240DF1100BA74203D8002007B0BDE8D8
:10FBB000F08F3D1B109B082D28BF0825E318CDE9C9
:10FBC00000A3CDE902B5A9EB04034246002130466B
:10FBD000FFF7AFFC0028E9D1129B2A461868594666
:10FBE00002F06AFC129B2C441860DCE72DE9F04F10
:10FBF00097B016460A93C36E126807460D4653B176
:10FC0000934205D86FF05304204617B0BDE8F08F3B
:10FC100071688B42F6D900214FF004080EABCDE994
:10FC200001130092CDF80C8043463A463846CDE9A0
:10FC30000E11FFF77EFC044610B110F1540FE3D112
:10FC4000CDF80C800FAB4FF000080293CDF8048084
:10FC5000736800933A46042341463846FFF769FC2F
:10FC60000446002848D010F1540FCDD1414656F833
:10FC700021302B6081F00103099356F823306B602B
:10FC800016AB03EB81014FF0FF3451F8203CAB6021
:10FC90000023EB6002230893A34A92E8030010AB11
:10FCA00083E80300042205F108014FF0FF3002F061
:10FCB00003FC0023CDE906330C90A14605934FF0D9
:10FCC000FF389B464046FFF794FB0422BB6E03922D
:10FCD00083440DAACDE901B22A680092DB693A4655
:10FCE00000213846FFF725FC064668B116F1540F8F
:10FCF00000F01881344687E7DDE90E31C91A002982
:10FD0000D4BF00210121B2E70C9804220DA902F012
:10FD1000D3FB0D9B0C901BBA88EA030ABAF1000FC3
:10FD2000CDF834A01DDA4FEA185303F4F063A3F5BD
:10FD3000A06673427341EA68002A40F0FB80D5E96F
:10FD40000032C5E90023099B16AA02EB830353F88E
:10FD5000203CAB60089B012B3FF454AF0123089378
:10FD60009AE75046FFF745FBBB6EDA6900EB0B03E1
:10FD7000934200F2D7804FEA1A5101F4F061B1F5D5
:10FD8000A06F2B680BF1040833D10421039114A94F
:10FD9000CDE9018100933146134638463A46FFF7D4
:10FDA000C8FB06460028A1D1149A0C9B9A4240F049
:10FDB000B9800D9BF86A1B0D04220CA98AEAC37A4C
:10FDC00002F07AFBF8620D98FFF713FB059BAB82FC
:10FDD000109BAB615844119BEB61C5E9030A069B7C
:10FDE000EB754FF0FF330C934B464C46D04699468B
:10FDF00068E70CA90438CDE90080029138463946FD
:10FE0000FFF7C6FE064600287FF470AF0D9B190D64
:10FE100011F4E0601CD1059AC3F389239A4201D8FA
:10FE2000013305930D99209B0A9A4B4013400B9385
:10FE300062D12A68DDE92230CDE9142814AA984756
:10FE4000061E0B9B55DA16F1540F3FF474AF51E7C1
:10FE5000B0F5806F1DD1059A48B242FA81F18AB29D
:10FE60000592324A09EA020242F09F4242F4E0025D
:10FE7000934202D149F00049D4E7B9F1FF3FD1D014
:10FE8000C3F38923C9F389229342CBD809EB802994
:10FE9000C8E7B0F5C06F2B6813D101F0010208214B
:10FEA0000692BA6E039110A9CDE901810093D3693E
:10FEB00031463A463846FFF73CFB06460028B1D0AB
:10FEC00014E7C1F30A0240F2FF518A42AAD1082185
:10FED000BA6E039112A9CDE901810093D36931462D
:10FEE0003A463846FFF725FB54301BD001230793D1
:10FEF00098E70D9B03D199464B46A14675E70C4AFE
:10FF000089EA03010A4052B1022EF5D1C9F38922D0
:10FF1000C3F389218A42EFD343F00049ECE74FF065
:10FF2000FF39E9E7002306E71C55020000FC0F003B
:10FF300000FCFF7F0021A97513B3B96E8869B2FB7D
:10FF4000F0F300FB1323DBB9079BCBB14FF0FF337A
:10FF5000149314AB0293129BCDE900233846CA696F
:10FF60002B683946FFF714FE20B110F1540F01D071
:10FF7000044649E6DDE91332981A43424341AB7522
:10FF8000294607F13C00FFF758FA88B1FB6BC4F330
:10FF90008922C3F389239A4204D144F00044219B6F
:10FFA00043B912E0611CFAD09A4288BFA4F580647C
:10FFB000219B3BB1AA8AC4F38923934228BF1346ED
:10FFC000219A1380002CBFF61FAEAB8AC4F389249C
:10FFD000A34294BF00246FF0010415E62DE9F04F11
:10FFE000002301258BB0C2E906354FF0FF33CDE980
:10FFF0000533DFF87C90DFF87CA00746884614467E
:020000021000EC
:100000002E4604F1180B5846FFF7C4F910B16FF0F3
:10001000010024E005A95846FFF7D7F910BBAE420E
:1000200005D1A3690593E369069375000646D8F8E0
:1000300000300893D8F80430099307ABCDE9029358
:100040000023CDE900A35A46084B079721463846BE
:100050000136FFF7CBFD0028D3D0831CD1D00BB0E5
:10006000BDE8F08F6FF05300F9E700BFFF03F07FAA
:1000700005F80000080000201FB50023CDE9023379
:1000800001934FF0FF330093FFF7B0FD05B05DF82B
:1000900004FB2DE9F74300230124C2E906344FF0A5
:1000A000FF33CDE90033074688469146254602F1E5
:1000B00018063046FFF76EF910B16FF001001BE033
:1000C00069463046FFF781F9C8B9A54207D1D9F88A
:1000D00018300093D9F81C3001936C000546414656
:1000E00030460135FFF760F930B1324649463846AF
:1000F000FFF7C2FF0028DCD003B0BDE8F0836FF04B
:100100005300F9E72DE9F04F8DB01668069281464D
:10011000884605931BB1059A40F2FF331380D9F846
:100120002030C8F81830444CD9F82430C8F81C30B6
:100130004249304613F0BDFA35184049284613F0BD
:10014000A7FA0128074605EB000623D13C490246E1
:10015000284613F05FFA0028EAD0B2464FF0010BB0
:100160003649504613F0A5FA82443449504613F0FC
:100170008FFA0246B8B1022811D107903149504692
:1001800013F048FA079A50B9BBF1010B09D10AF1F3
:100190000206CDE70228E0D12A490246D8E70BF152
:1001A000010B9244DCE72B78002B3DD0069B1D60B1
:1001B000C4F30A53022B3BD1C4F3892440F2FF332A
:1001C0009C4208F1180A23D10DF1240B2F21284657
:1001D00013F051FA059B1C4ACDF80CB0002818BF4B
:1001E0000023CDE9013200974FF0F04352464146DB
:1001F0004846CDE909950B97FFF7F8FC041E13DB81
:1002000096D198F81730002BE0D16FF001040BE085
:100210000E4B0F4ACDF800A043EA842341464846DE
:10022000FFF7CAFA041ECFDA20460DB0BDE8F08F02
:100230006FF01304F8E700BF00FC2F00564B0200DC
:10024000C3480200C2480200B902010008000020B1
:1002500000FC0F702DE9F04F87B00746129E8846CC
:1002600091469A4600240DF1100BA64201D80020B9
:100270001BE0351B109B082D28BF0825E318CDE98E
:1002800000A3CDE902B5A9EB04034246002138469C
:10029000FFF74FF948B9119B2A461919584613F030
:1002A000B9F9002804D005DA012007B0BDE8F08FC5
:1002B0002C44DAE70220F8E730B513468268C1F330
:1002C000090585B0AA4228BF2A46029241680191D9
:1002D0005968009101681B6804460846FFF7BAFF99
:1002E00028B9A368AB4202D034BF0120022005B078
:1002F00030BD036B1944C1F30903003B18BF012350
:1003000021F0004141EAC37101637047F8B5C66945
:100310000D68083EB5420F4613D3B5FBF6F0013821
:1003200012F07CFE841CA5EB8404B4FBF6F420469A
:1003300012F074FEA5EB800504FB16553D602046C7
:10034000F8BD0020FCE72DE9F04F89B00646DDF846
:100350004C8005920F464BB94FF0FF32C8F8002091
:10036000149A0020136009B0BDE8F08F846E013B41
:1003700007A920460793FFF7C9FF12A905462046A3
:10038000FFF7C4FF4FF0040A81460DF1140BA94595
:10039000059A03D3129BC8F80020E1E7A5EB0904F6
:1003A000B4FA84F495FAA5F3B3FA83F3C4F11F0405
:1003B0009C4228BF1C46A300CDE90023CDE902BA28
:1003C00004233A4600213046FFF7B3F80028CAD18B
:1003D0000123A340ED1ADAE72DE9F04FCE6A9046EB
:1003E0004A6BB24285B007460C465BD2B61A9E42B3
:1003F00028BF1E46DFF8B0B0B14601F1400AB9F19E
:10040000000F01D1304618E0216B480304D5BB6EC4
:10041000E26BDB699A421BD1CA02636B10D404F110
:100420003C02029204F13802CDE900325146D4E98F
:100430000A233846FFF787FF30B105B0BDE8F08FDB
:100440006FF00102C4E90E23216B41F48021216386
:10045000BB6EE26BDB6901929D1A4D4528BF4D468C
:1004600011F48011CDE9028515D0A2884BEA8222D1
:10047000009204F1080152463846FFF72DFB002890
:10048000DBD1636B2B446363E36B2B44E363A844CE
:10049000A9EB0509B3E7A26B009238465246FFF775
:1004A00048F8ECE70020C8E7000010202DE9F04FE5
:1004B00089B00646DDE9120A0F4690461D4688B30C
:1004C0000138059005A9B06EFFF720FF0DF1180B5C
:1004D000044614982946D04720BB1CB304F00109F8
:1004E000C9F102039B00CDE90050CDE902B34246B9
:1004F00039463046FFF71DF8A0B9E54305F0010580
:10050000A84207DB08AB03EB8505023C55F8085C05
:100510004C44DEE706991498D04703460120002B8F
:10052000EED0184609B0BDE8F08F00002DE9F04F7D
:1005300093B004460D46164600211C220AA80593D6
:1005400013F091F84FF0FF32CDE906220123119309
:100550009846994610A8FEF71DFF20B1A76A002F04
:1005600062D138464EE006A910A8FEF72EFF0028FB
:1005700040F08780C145109905D1119B06914FEA43
:10058000490807938146304609F10109A847002828
:1005900038D111993046A847002833D110AA0AA9AA
:1005A0002046FFF769FD68BBDFF8E4B0364F8246AE
:1005B000BDF83C201FFA8AF39A42CBD908AA0BEA6D
:1005C0008A2300923B43314A0AA92046FFF7F4F8F8
:1005D000002804DA831C15D10AF1010AE8E740F289
:1005E0000222B2EB105F4FEA10530ED1099B009329
:1005F000CDE90156089B224600212046FFF756FF11
:100600000028E9D013B0BDE8F08F059A002AE3D0A6
:10061000B3F5007FE0D108993046A8470028F1D112
:1006200009993046A847EBE7BB79012B01D03F6819
:1006300095E73B6B03F48813B3F5803F13D03B6B16
:1006400003F49013B3F5003FF1D1CDE901567B6B74
:100650000093BB6B224607F140012046FFF726FFBF
:100660000028E4D0CEE7CDE90156FB6A0093BB6ACF
:10067000224607F140012046FFF718FF0028DED090
:10068000C0E76FF05300BDE70800002000FC0F70CA
:1006900000FCFF0338B5C26D436D1344C26EB3FB5B
:1006A000F2F102FB11334365836EDA6A036ED10007
:1006B0000025994294BF816583650446C565294636
:1006C000406E12F0D0FF0649012322462046FFF774
:1006D0002DFF18B1C4E91655E36E236638BD00BF7F
:1006E00073F4000070B504460D46A06DE36D8342BF
:1006F00008D3236E002B2FD02046FFF7CBFF002816
:10070000F3D020E0616EDA0803F007068A5CF2405D
:10071000D20719D4626D1344E26EB3FBF2F002FB10
:1007200010332B60A56DE36D226E0133013AAB42AD
:10073000E36522660ED2DA0803F00703885CD8402E
:1007400010F00100EFD170BD0133E365236E013B72
:100750002366CBE70020F6E76FF01B00F3E77FB5D9
:100760000C4604310646FFF7BDFF054670BB214627
:100770003046FFF7B7FF054640BB2246042342F848
:10078000080FCDE90223019022680092014632460B
:100790003046FEF7CEFE10B110F1540F19D1B36EF2
:1007A0005A6A002A09DDA368013242F00102013BC6
:1007B0001344B3FBF2F35343A3604FF0FF3304221F
:1007C000C4E903230022C4E90523E361284604B0F9
:1007D00070BD0546FAE7000007B500230449019300
:1007E00001AAFFF7A3FE00B9019803B05DF804FB6E
:1007F00029F50000C368184710B50C46826AE06806
:10080000FF2112F030FF4FF0FF33236010BD2DE9C0
:10081000F0430D4609689846CB1C85B0064617463E
:1008200003D9002005B0BDE8F083806EAC68836911
:100830001C44013CB4FBF3F45C430094D0F80890F2
:10084000EB686A68C8470028ECD1B8F1000F04D102
:10085000B06E2946FFF7D0FFE3E74FF0FF333B6070
:100860000294EB6801936B6800932B68224639462B
:100870003046FFF7EFFC0028D4DBE9D06FF05300DF
:10088000D0E72DE9F84FDDE90B5A0D9E07460C46DF
:1008900090469946002E3AD0002107E00A9A22603D
:1008A0009A69B5FBF2F35343C4E9013122680A980F
:1008B000BB6E8242F2D16068A842EFD89A6A0244C5
:1008C000AA42EBD9521BE368B242A5EB000028BF55
:1008D000324651461844934612F00FFF6368A268EF
:1008E0005D44EB1A934238BF1346BA6EA360926A16
:1008F0009A42DA44A6EB0B06CCD14B46424621463F
:100900003846FFF784FF0028C4D0BDE8F88F304692
:10091000FBE700002DE9F04F044687B00D4605A91E
:100920002046FFF7DFFE064658B9DDF81480A06EBA
:100930004146FFF75FFF0646002853D010F1540FE1
:1009400056D0304607B0BDE8F08F2A6BCDF80C903A
:100950000DF1130A12F4801FCDE9017AA3EB07030E
:100960001CD0AA88244941EA8222009205F108019C
:100970005A462046FFF7B0F870B9CDE902A9CDE993
:1009800000870123224604F110012046FFF779FF7A
:1009900060B110F1540F2BD00646D2E7AA6B00923B
:1009A000594622462046FEF7C4FDE5E70137EB6BCA
:1009B000BB42CAD8A36EE1699A6AE86C12F09DFE48
:1009C00023692B6463696B64A369AB64A06E04F153
:1009D0001001FFF711FF2B6BC5F8388043F400338B
:1009E0002B63AEE7074605F1400B4FF00109DEE748
:1009F0004FF0FF33236192E7000010202DE9F04F04
:100A000093B0CDE907230B6BDA0206460D461BD5E2
:100A10004C6B089BCA6AE318934238BF1346C26FF7
:100A20009A4211D2C36ECC630366FFF773FF2B6B40
:100A3000044630B143F400232B63204613B0BDE8D5
:100A4000F08F23F480132B63089B069305F140037A
:100A50000C93069B0BB9089CEFE72B6B13F4003249
:100A600004D0B16EEF6BC9698F4249D1DB026F6B65
:100A700000F1DF8005F140030A93C2B9BFB111ABA9
:100A80000293013F05F1380301930097119205F19C
:100A90004001D5E90A233046FFF755FC044608B16A
:100AA0002B6BC7E7B06E05F14001FFF7A5FEF36EB3
:100AB0003366AB6B09936B6B0593013B0B930FA9EB
:100AC0003046FFF70FFE04460028E9D1DDF83C80F0
:100AD000B06E4146FFF78EFE044630B114F1540F5C
:100AE000DED14FF0FF332B64E9E7059BD6F8689021
:100AF0004BBBC5E90E831F462B6B43F400332B63BE
:100B0000B36EDB69DF1B069B9F4228BF1F46079B16
:100B100003970293EB6B0193AB6B00930C9901234A
:100B200032463046FFF7ADFE0446002800F08580CF
:100B300010F1540FB4D129463046FFF7EBFE0446BE
:100B40000028E4D0ACE70B9B109310A94846FFF7B0
:100B5000DDFB109FD9F81C3001379F42109750D110
:100B6000471C97FAA7F7099B1193B7FA87F707F184
:100B7000010AA1460DF1440B4FEA89030D930423AA
:100B8000CDE902B34FEA8903CDE900830A99012335
:100B900032463046FFF775FE044600289ED14F4589
:100BA00035D109F10109CA45E6D8C5F838804FEAC0
:100BB0008A0724E0099B0093CDE902BACDF804909E
:100BC000A7EB0903324600213046FEF7B2FC04468B
:100BD00000287FF465AFCDE902BACDE900890A9912
:100BE000012332463046FFF74CFE044600287FF4CE
:100BF00075AF09F101094F45DCD8C5F83880EF63BE
:100C00007AE7A1464FF0010A0DF1440BF3E7042304
:100C1000CDE902B34FEA89030193119B009301468A
:100C2000042332463046FEF784FC04460028B8D040
:100C300036E76FF00103AB63E1E76B6B3B446B633B
:100C4000EB6B3B44EB63079B3B440793069BDB1B2F
:100C50000693F36E3366FCE6F0B585B0CDE902236A
:100C60001D464B6801930B6800930C461746002302
:100C7000024600F11001FFF704FE064640B9E068A5
:100C80002A46394601F018FC6368E0602B44636033
:100C9000304605B0F0BD2DE9F04F064687B010464E
:100CA0009946FEF7A6FB4B6893464A690344934274
:100CB0000C46804641D88B682BF0004A8AEA030331
:100CC0001BBA059305AA04233046FFF7C5FF054666
:100CD00078BBBBF1000FA8F1040720DA0DF1130B6C
:100CE0002FB30123CDE902B3D9F80430043B4344C8
:100CF000DB1B0193D9F80030009332463B460021BC
:100D00003046FEF716FC40B901235A4621463046CC
:100D1000FFF7A2FF013F0028E2D0054609E03B466D
:100D20004A4621463046FFF797FF0028F5D1C4F820
:100D300008A0284607B0BDE8F08F6FF01B05F8E764
:100D400013460A46D0E90001FFF7A5BFF0B50C46EF
:100D5000096B0546480397B008D5CA0258BF4FF043
:100D6000FF3321F4802158BF236421638B0302D415
:100D7000002017B0F0BD11F48011666BE76A3FD117
:100D8000542201A812F06FFCA36ACDE90B370123AE
:100D9000CDE90D3695E80F0011AF87E80F004FF051
:100DA000FF372F60626BE36A9A4212D304F1400767
:100DB00001232A4639462846FFF729FD20B310F1C2
:100DC000540FD6D121462846FFF7A4FD0028EFD0C6
:100DD000CFE701230DF1030201A92846FFF7FCFA32
:100DE0000028C6DB01230DF1030221462846FFF748
:100DF00005FE0028BDDB2B680133D3D01197D0E767
:100E0000BE422CBF66636763A36BA362636BE3623E
:100E1000236B23F4003343F48033C4E90C36A7E793
:100E20002DE9F7431E460B6B17465A0305460C4641
:100E300019D4216B0B051DD4D4F834806B6F08EBEB
:100E400006029A422FD811F4003919D033463A4697
:100E500021462846FFF7D2FD002808DB236B23F448
:100E60000023236303E0FFF771FF0028E1D003B004
:100E7000BDE8F083E36A626B934288BF6363DBE79C
:100E8000E36A9845E2D96363636B9845DED9012331
:100E90000DF10702214628468DF80790FFF7AEFDB9
:100EA0000028F1DAE3E76FF01A00E0E710B5044636
:100EB0000B6AE3664B6BA1660846E36013B18B6B6C
:100EC0001BB9E3616FF00B0010BDE3612146FFF732
:100ED00093FCA06E04F11001FFF78EFCA36EDA6B99
:100EE0000AB96266EEE762661A6C002A08BFFF2242
:100EF00022675A6C002A08BF6FF000426267996C43
:100F000040F2FE32002908BF1146A1671A6DE26760
:100F1000501C12D10023E36700204FF0FF33C4E9D7
:100F20000833C4E90A00C4E90F00C4E90C00C4E9AD
:100F300012006064A0632065C6E7002AECD1DA6C79
:100F4000986A4AB1D3088842024628BF0A469A42A4
:100F500094BFE267E367DFE7DB69DB08F3E72DE9CE
:100F6000F3410D460646496B4BB91446736FA342D5
:100F700009D38C4218D1204602B0BDE8F081012B84
:100F800004D18A18F1D56FF01500F5E7022B09D1CD
:100F9000D5E90B43980302D58C4238BF0C46A41800
:100FA000E4D5F0E70C46E1E72B6B9B0319D4D6F8A8
:100FB0006880009140466946FFF7A8F901A90746F5
:100FC00040460194FFF7A2F987420AD16B6C019A5F
:100FD000934206D8A96C0B449A4202D26C63EA632E
:100FE000C9E729463046FFF7B1FE0028C4D16C633B
:100FF000C1E700002DE9F04F0D46816E6A688B69EC
:10100000C96914325F1E4FF0000A8A4294BFBF18AC
:101010007F188BB0B7FBF3F704465F43D1466FF000
:10102000030B6E68BE4219D32B694FF0FF32089252
:10103000A9EB0302CDE9003208AE02962B6809F154
:10104000040221462046FEF7A3FD002847D1089B55
:10105000534500F0B0806FF0530040E0ABEB060367
:101060003B44043640F2FE32934294BFF618B61861
:10107000BE424FF0FF0335D38DF81F30A26ED2E988
:101080000632D21AB24236D3012203920DF11F0268
:10109000CDE901622A680092002122462046FEF72F
:1010A00048FA10B110F1540F19D1A36E9A69009645
:1010B0004FF0FF33099309ABCDE9012321462B689B
:1010C00008922046FEF764FD10B110F1540F06D1CE
:1010D000404A08AB29462046FFF7DDFD58B10BB06A
:1010E000BDE8F08FA7F11402964228BF1646BE4213
:1010F0008DF81F30C2D29DF81F206B68E868D2437C
:10110000ABEB0308C2F3C01202F5A062B04448EA98
:101110000258AB6848F47F2848F4406888EA030323
:101120001BBA089308AB1946042201F0C5F908223E
:1011300008ABE860039202936B6801932B680990F7
:1011400004F1100100932246002320460591FFF789
:1011500098FB0028C3D10599B9F1000F04D16B6841
:10116000D5F80CA003F104099DF81F306E60DB4335
:101170001B0603F0004383EA0803AB60B7424FF05D
:10118000FF33EB6006D9A36E62699B6A1344B342D6
:101190003FF647AF4FF0FF3323602246002320463F
:1011A000FFF735FB00289AD1A06E03699847002805
:1011B0003FF437AF93E70422CDE9009202962B6803
:1011C00021462046FEF7E4FC002888D1089B002B2E
:1011D00085D040E708FCFF5F2DE9F04F97B0CDE9DF
:1011E0000823836EBDF884805A6A8B68BDF888B086
:1011F0000133002A04460D468B601ADC00270026C6
:10120000A06E6968109100234FF0FF32CDE91132D2
:10121000CDE91323C36C002B3CD0083B1593FFF79B
:10122000E9FA002838D010F1540F40F0BA803E4659
:1012300010E0013242F00102B3FBF2F102FB113384
:10124000002BDBD1012610A9284610931196FEF73A
:10125000ABF8D0B14FF0FF3300274FF00109236105
:1012600010A92846CDE91079FEF79EF850B1291D46
:101270002046FFF737FA50B110F11C0F40F0918073
:10128000002EBDD16FF01B008BE03746B7E7074655
:101290004E46B5E7C369C0E70DF14009042305F1E7
:1012A000080249462046FFF7D7FC0028BBD10BAB0C
:1012B00007933D4B0693C8F100031BB2CDE904B37D
:1012C0003A4B0293099B0193089B00930246209995
:1012D000CDF80C804FF0FF332046CDE90B49FEF7E7
:1012E000ADFA00289FD105F118010846FEF752F823
:1012F00060B9EA7D0B462E4902F5C06241EA02520E
:1013000020464946FFF7C7FC00288CD10023CDE9D1
:101310000D330F934EB904F13C010DA8FEF773F89D
:1013200004F130010DA8FEF76EF804F1480A5146A9
:101330000DA8FEF768F80D9B0DAA6FF30903294667
:1013400020460D93FEF744FA58BB0DA8FEF769F846
:1013500040B9184A0DAB49462046FFF79CFC0028CF
:101360007FF461AF49462046FFF744FE00287FF432
:101370005AAFD5E90032C5E90023119BEB60ABEB16
:101380000808129BA5F814802B61A064CAE901002B
:1013900036B904F13C03303494E8070083E80700D1
:1013A000304617B0BDE8F08F410D010000FC0F4042
:1013B00008FC0F000CFCFF7F2DE9F0438DB00C46BC
:1013C00004A9BDF85490054617469846FFF7C7F99B
:1013D000064628BBE37D8DF82730A3690A93E369AD
:1013E0000B93BDF85830CDE90193149B00933A4616
:1013F000434604A92846FFF7EFFE002814DB049FAC
:10140000059AA7610123E261E37505F120012046F9
:10141000FDF7CAFF20B9B9F1000F01D1C5E9087283
:1014200030460DB0BDE8F0830646F9E72DE9F04FF0
:1014300097B09A46219F089200230D46064619460A
:1014400040F2014940F2FF4C0AF1040E209A934207
:1014500026D1002946D1AB7D002B58D14FF0FF3368
:10146000B5F8148033610027BB46A8EB0709B9F132
:10147000010F00F2DB80002F40F00E81B36E5A6A3C
:10148000002A00F31D810023CDE90053CDF8088028
:10149000209B524629463046FFF79EFE04460CE14B
:1014A0005AF83300020DC0F30A50484504D1AA8A05
:1014B0000132AA820133C9E7604504D1AA8A013A00
:1014C000AA820121F6E702F4E068B8F5C06FF1D115
:1014D0005EF833000468AC614068E86102F0010224
:1014E000EA75E7E7AB8A002BB5D13A462946304684
:1014F000FEF7CFFD044628B1831CACD0204617B0C0
:10150000BDE8F08FFB7D002BA5D0022473E0EA68D4
:10151000B06E2B6810934FF0FF31CDE91312C16C00
:101520002B691192129301B3083915910BA90791F8
:10153000AB4906910021CDE90411CDE902112099B2
:101540000B96CDE900A10DF1400B29463046CDF8B0
:1015500030B0FEF773F9044648B114F11C0F3FF4A4
:101560007DAF14F1540FC9D178E7C169DCE70DAF45
:1015700006F13009CDE90D000F9049463846FDF7D8
:1015800042FF06F13C031946384606F14808099324
:10159000FDF739FF38464146FDF735FF0D9B3846CC
:1015A0006FF309030D93FDF73CFF80B93A462946D6
:1015B0003046FEF70DF9044600289FD1894A3B4684
:1015C00059463046FFF767FB04460028C5D1594607
:1015D0003046FFF70FFD04460028BED199E807000A
:1015E000119BEB60129B2B6106F13C0383E8070023
:1015F000B464C8E90144089BB76A1B681093089B50
:101600005B68119306F120030993002F3FF476AF36
:1016100007F1080810A94046FDF7C6FE81460028DC
:1016200000F082803F68F0E7B8461CE710ABBAB222
:1016300007936D4B069353421BB2CDE904836B4B6A
:101640000293209B0392CDE900A300224FF0FF33C9
:1016500029463046CDF840B0FEF7F0F8044660BBAE
:10166000B9F1FE0F13D8B36EDA69D86CA2F1280174
:1016700080B142089869431E1344B3FBF0F343431F
:101680008B42109A28BF0B469342BFF4F4AE07EB8F
:101690005907EAE65208EDE7BFB2CDE90178209B91
:1016A0000095524629463046FFF786FE044600283C
:1016B000BAD010F11C0F3FF4E1AE002C9BDA1DE70D
:1016C000AB680132013342F00102B3FBF2F102FBDD
:1016D0001133002B7FF4D7AE012710A928461093B1
:1016E0001197FDF761FE814600287FF4CCAE3046AD
:1016F000FFF772F8041EFFF601AFF36E1C1BB4EB8C
:10170000D30F7FF6C0AECDE90198209B00955246DD
:1017100029463046FFF750FE044618B110F11C0F61
:10172000CBD1B0E6B846AEE6AE46BEE80F00C44642
:10173000ACE80F009EE80F008CE80F00089B98456E
:1017400007D040F2FF4140F20140209ABB8891450A
:101750001CD107F12009BA88B7F81CB05A45FFF42C
:1017600061AFFB7F002B3FF45DAF09994846FDF761
:101770001BFE10B1A2EB0B02BA804A46414630462E
:10178000FEF77AFC0028E6D00446B7E65AF839207E
:10179000C2F30A5C8C4514D1C2F389229A4206D165
:1017A0004FF0FF33C7E9023309F10109CDE7FBD25E
:1017B000013BBB80BB79022BF6D1BB6A013BBB620C
:1017C000F2E78445F0D1C2F389229A42ECD8013382
:1017D000BB80BB79022BE7D1BB6A0133EFE700BFC7
:1017E000410D01000CFCFF7F15F5000000FC0F40CF
:1017F0002DE9F04F866A9DB005460F4691469A4600
:10180000002E5FD13B6804933E467B6805930FCE64
:101810000CAC0FC496E80F000DF1300814AE84E84C
:101820000F00CDE900A64B463A4641462846FFF751
:10183000FDFD041E71DB04A93846FDF7B5FD48B96E
:10184000C646BEE80F00BC46ACE80F009EE80F009D
:101850008CE80F00022C29D105F1480239462846B0
:10186000FDF7B6FF0446002857D1149BFA7D049378
:10187000159B0593954B019002F5C06243EA025314
:10188000089301230093183708AB04AA3146284671
:101890000997FFF7CBFD041E3FDBB446BCE80F0001
:1018A00047460FC79CE80F0087E80F00DFF8249237
:1018B000874F4FF0000B012C40F0B38005F120035F
:1018C00003938DE006F10800B84201D1366897E72E
:1018D0003946FDF769FD0028F8D1B379012BF5D120
:1018E000336BD902F2D5AB6EF26A9B6A9A42EDD99C
:1018F000736BF363EB6E2B6631462846FFF70AF8ED
:10190000044650B9336B23F48013336331462846C1
:10191000FFF71CFA04460028D8D020461DB0BDE8C9
:10192000F08F0AF1080104A8FDF73EFD08B9CAE9E5
:1019300002249AF80630022B07D10AF12C0104A8E0
:10194000FDF732FD08B9CAE90B24DAF800A052E02D
:1019500001212846FEF7CDFC314605F13000FDF7A8
:101960006CFD002863D02A6BC5F838A0C2F3892328
:101970003A40C5E90C2AC4F38922934201D2A4F566
:101980008064149A0292069240F2FF32934214BF8E
:1019900049EA8323002308930023CDE90934019306
:1019A0000223DDF854A0009306AA08AB314628466E
:1019B000CDF81CA0CDF82C80FFF738FD041EACDB61
:1019C000012C37D1029BB646CDE9043ABEE80F00A0
:1019D000C446ACE80F009EE80F008CE80F00A34659
:1019E000039904A8FDF7E0FCDDE90C2408B9C5E97A
:1019F0000824D5F828A0BAF1000F92D1324604A9E4
:101A00002846FEF7EBFA041EA2DAA21C85D1324664
:101A100004A92846FEF73DFB044670B1831C7FF401
:101A20007CAFBBF1000F0CBF0024032475E740F22C
:101A3000FF33A6E74FF0010AE9E72B6BC3F3090375
:101A400023B1CAF100012846FEF753FC314605F1E7
:101A50003000FDF7F2FC002835D02A6BC2F3892351
:101A60003A402A630022C5E90D22149A0492159A7D
:101A7000059240F2FF32934214BF49EA83230023C8
:101A800008939DF86730114903F5C06341EA035399
:101A90000022CDE90A38022309920192009304AA98
:101AA00008AB31462846FFF7C1FC041EFFF635AFF0
:101AB000B646BEE80F00C446ACE80F009EE80F0033
:101AC0008CE80F00F7E640F2FF33CEE708FC0F008A
:101AD000FF0300800000F04F2DE9F041036BC3F3DA
:101AE0000903A0B004460F46002B4BD000251C2252
:101AF000002108A811F0B7FD01238DF837300F93AE
:101B000000260EA8FDF746FC20B1002EEED19DBBAD
:101B10000125ECE70EAA10A92046FEF7ADFA58B948
:101B20009DF83730DBB918AA0EA92046FEF756FA01
:101B3000002841DA811C27D020B0BDE8F081236B5A
:101B4000A563C3F389226FF39E23C4E90C3540F2E9
:101B5000FF339A424BD0304B43EA822348E00DF1E9
:101B6000400EBEE80F000DF1200CACE80F009EE81F
:101B70000F008CE80F00C4E7216B494249B22046B0
:101B8000FEF7B7FB0020D7E7002DE8D0002FE6D006
:101B900004F1480210A92046FDF71AFE0028CBD117
:101BA0009DF857201D4B02F5C06243EA025304938F
:101BB00016AB0593012323E0002DD0D10DF10808C9
:101BC0000346174ACDF8008018A92046FDF7F4FD1A
:101BD0000028B1DB0EA94046FDF7F7FB0028BED177
:101BE00008A904F13000FDF728FC0028A7D1002344
:101BF00004930C4BCDF81C800022CDE90523022371
:101C000004AA08A92046FFF7F3FD002894DB032867
:101C100008BF46F0010674E70000F04F08FC0F0013
:101C200000FCFF7F08FC0F6010B50446FFF7E0FDE5
:101C3000002806DB05D020460021BDE81040FFF754
:101C40004BBF10BD10B5036B9B0590B0044622D569
:101C500000F1200208A9FEF70FFA002844D1234B17
:101C60000293A36EDB690393E36E0493236F0593E2
:101C7000636F0693A36F07931D4B009302AB019311
:101C80006A46012308A92046FFF7CEFF60BB236BFD
:101C900023F400732363E36B1B0D13F4E06F06D191
:101CA0000121204610B0BDE81040FFF715BF04F138
:101CB000400208A92046FEF7DFF9A8B9E36BA0634C
:101CC000C3F38922236B6FF39E23C4E90C30094BC5
:101CD00043EA8223CDE9023002AA012308A9204663
:101CE000FFF7A2FF0028DBD010B010BD01000200FA
:101CF000180010200000F04F73B514460E4600F196
:101D0000480221460546FDF763FD70B9E27D084BA8
:101D100002F5C06243EA02530093183401236A4675
:101D2000314628460194FFF77FFF02B070BD00BF27
:101D300008FC0F0070B50B6B1E0386B005460C4601
:101D400053D4FFF703F8216B20B141F40021216344
:101D500006B070BDCA0348D504F108063046FDF749
:101D600019FB002841D111F480131FD0E36CE26A03
:101D700040F20120A18842EA812242EA0052CDE9E4
:101D80000223226D936843EA812343F08153049335
:101D90005368059302AA022331462846FFF744FF01
:101DA000236BF8B143F400232363D1E729464FF0B6
:101DB000FF3241F8102B28462A46FEF728FD00285E
:101DC000C6D1A86E036998470028C1D1236BDB02F6
:101DD000CCD4D4E90A016B46CDE90001082240F2D7
:101DE0000220C7E723F4803323630020B0E700001C
:101DF00030B597B00446FFF759F80546002848D19A
:101E0000A36E0146DA6A606E11F02DFCD4E91A3235
:101E1000DB6A6565DB00C4E91752934294BFA36592
:101E2000A2650EA92046FEF79AFC00282FD11A4B76
:101E30000293A36EDB690393E36E0493236F059310
:101E4000636F0693A36F0793144BCDE90830144BCF
:101E50000A93144B0B93144B0C9302AB0D9308AAEB
:101E600003230EA92046FFF7DFFE80B98DF84E0050
:101E7000034602460EA92046FFF7D6FE38B9009069
:101E800001236A460EA920460193FEF7F5F817B024
:101E900030BD6FF00B00FAE70100020000001040B7
:101EA0000800F00FC5480200180010202DE9F0438B
:101EB00099B00446FEF7FAFF0546002840F0A680D8
:101EC00001461C2210A811F0CEFB4FF0FF33CDE9E4
:101ED00005330126DFF84881DFF848911796374629
:101EE00016A8FDF757FAB0B1236B03EBD373236346
:101EF00004F1300207CA04F13C0383E80700E26EF4
:101F0000E36AB3FBF2F102FB113363650023C4E91A
:101F1000163322663DE005A916A8FDF756FA0028FB
:101F200071D1B74205D1169B0593179B06937E008E
:101F300007460823099307ABCDE90293354B0022EE
:101F4000CDE9003210A9344B16AA2046CDE9074846
:101F5000FDF74CFE002807F1010719DB49D040F3DB
:101F60000900013045D0109B2362119B63620AABCC
:101F70000093294A294B10A92046FDF71DFC002893
:101F800006DB0A9B9AB21B0C022B06D06FF01500E1
:101F90000546284619B0BDE8F083012AF6D8236B20
:101FA00082F0010223F4007343EA422323630D9B72
:101FB0001BB1226F9342E9D823670E9B1BB1626F5E
:101FC0009342E3D863670F9B43B1A26F9342DDD87E
:101FD000E26FA3679A4294BFE267E367A36E0C9A2D
:101FE000196A09B18A42D1D1DB69E2660B9A9A4239
:101FF000CCD104F1300210A92046FDF7E9FB0028FE
:102000003FF46EAFC4E76FF05300C1E76FF00B050C
:10201000BFE700BF0800F00F00FCFF7F1800102092
:10202000C5480200B9020100F0B599B00446039119
:10203000FFF708FE002859D1034603AA06A9204647
:10204000FEF760F8002851DBC0F3892340F2FF322D
:1020500093424DD0060DA26A0E92022E4FEA8325BE
:1020600004AF1FD145F00053234A009743F0080303
:1020700006A92046FDF7A0FB002837DB3A4610A949
:102080002046FDF7F9FF88BB159B33F47F022BD167
:1020900001212046FEF72DF90EAB8DF83E20ADF85C
:1020A0003C20A362002345F09F45059345F4E005DD
:1020B00001233A4606A920460495FFF7B5FD0E9B7D
:1020C000A36298B9022E11D14FF0FF312046FEF7DE
:1020D00010F906AA10A9FDF7DCFF38B910AA06A965
:1020E0002046FFF709FE01E06FF0260019B0F0BDB1
:1020F0006FF01500FAE700BF00FC0F702DE9F04308
:102100008BB013F0020F06460D469846039238D165
:10211000129B2B6505F1080700236B63EB63EB64EF
:10212000C5F830802B1D03AA39463046FDF7EAFF7B
:10213000041E06DAA31C17D1AA8840F2FF339A4284
:1021400012D00123AB71B36A2B60A01CB56259D1C8
:1021500018F4807F08D0039C204611F0DCFA336F1E
:10216000984217D96FF023042B6B43F400232946C0
:102170002B633046FFF7DEFD29463046FDF76BF94D
:1021800004E0FFF75FFD04460028C1D020460BB0F5
:10219000BDE8F083AB885E4ADFF8808142EA8322A3
:1021A00040EA8320049240F48010002248EA83230E
:1021B000CDE90604CDE908320592032304AA394685
:1021C0003046FFF731FD10F11C0F0446CAD000283D
:1021D000CAD144464FF000084FF00C092B6D9A68A5
:1021E000904533D31B68EB64002B5FD0B06E05F1D4
:1021F0004001FEF701FB40F20123B3EB145F58D01E
:102200000024C3E718F4007F79D1240D012C79D183
:10221000AB8818F4806F4FEA832308D043F0005452
:102220002B6B43F4803344F480142B63D2E705F125
:10223000280243F00053009243F00803354A394620
:102240003046FDF7B9FA041EC4DA8DE72A6BD107D0
:1022500005D42B6B9A071DD408F10108BEE7586816
:10226000B5F804C009FB08F28118825C8B684968E4
:10227000009143EA8C2302F5407243EA0253394647
:10228000254A3046FDF798FA0028E2DA831CE0D0B0
:10229000044669E72A6D526809FB08229168B26F0B
:1022A000914232D843F480332B63D5E76FF00B04AF
:1022B0005AE72B6B43F480132B6300236B64B36EDC
:1022C0006FF00102AA62C4F309042A649A6AEC62FC
:1022D000AA64002C94D040F2FE339342A98828BF10
:1022E000134643EA8123EA6C009243F00053094A03
:1022F00039463046FDF760FA041E81DA34E76FF0A4
:10230000100431E76FF014042EE76FF01B042BE785
:102310000000104000FC0F7000FCFF7F0000102048
:1023200070B505460E46FFF705FD314604462846C2
:10233000FDF791F8204670BD2DE9F0411F460B6B6B
:102340009B0305460C46164607D43B4632462146BB
:102350002846BDE8F041FEF73FB8FEF7F7FC00283D
:10236000F3D0BDE8F081FEF75BBDFEF7F8BD0000DD
:102370002DE9F04FA7B005460191FFF763FC044635
:1023800088B9AB6A1C9301AA0DF102031EA9284665
:10239000FDF7B8FE831C044609D1BDF8029040F257
:1023A000FF33994508D1204627B0BDE8F08F0028BB
:1023B000A8BF6FF01004F6E7DDF804A0504611F056
:1023C000AAF92B6F984207466CD8EB6E2B660DF17D
:1023D000100841462846FEF7C2F904460028E2D11B
:1023E0001EAE0FCE0CAC0FC496E80F0084E80F00B1
:1023F00012AE9DF84730002B4BD1DFF8B8B0012367
:1024000002AA41462846CDE902B6FFF70DFC044674
:102410000028C8D19DF88F30D3B101212846FDF79F
:1024200068FF1CABAB6214AA01230CA98DF876409F
:10243000ADF87440CDE914B8FFF7F6FB1C9BAB6216
:1024400004460028AFD14FF0FF312846FDF751FF79
:10245000164B43EA8923149300231593144B43EA44
:102460008923CDE918389DF88F30002B114B47EAAE
:10247000892718BF0023CDE91A3847F40017042331
:1024800014AA1EA92846CDE9167AFFF7CDFB04460B
:1024900089E732460CA92846FDF7EEFD04460028E0
:1024A000A7D080E76FF023047DE700BF0000104055
:1024B0000800002008FC0F6030B50C4D0A44914222
:1024C00000D130BD11F8013B83EA000404F00F0491
:1024D00055F8244084EA101080EA131303F00F0328
:1024E00055F8233083EA1010E9E700BF24550200B5
:1024F0002AB102F58052D36D0BB1126E184700203D
:10250000704700007FB500F58054054684F88810B8
:102510000E46F9F701FA0023C4E92333C4E919335D
:10252000C4E91B3305F5835205F5835584F84C60E7
:1025300084F85730236584F85630A4F85430A365E6
:10254000C4F8943014321C35AA4213D10B4A1068D7
:10255000516801AB03C39068186001AA03CA1B88C5
:10256000E0677600C4F88010A4F8843084F88660B0
:1025700004B070BD02F8013BE6E700BF64550200FD
:1025800000F58050C0E91712704700F58050C0E98F
:102590001912704700F58050C0E91B12704700F512
:1025A00080500B68C3674B68C0F880300B89A0F877
:1025B00084308B7A90F8882080F88630DBB222B1A4
:1025C00043F0020380F88630704703F0FD03F9E71B
:1025D00030B50729054685B0084615D804D105F55C
:1025E000805191F8884064B1084C029500F5835100
:1025F0001431CDE9003413466A180021F9F71DF9AA
:102600000446204605B030BD0024FAE7F12401005D
:1026100070B500F58054054694F857301BB1A36D92
:102620000133A3650CE0F9F787F9012808D0831E70
:10263000DBB2012B05D8D4F88C300133C4F88C30D0
:1026400070BD94F84410236C072905F1400617D19A
:1026500094F88820A2B1D4F8940028B131461A46E3
:10266000BDE87040F9F772BB32462846FFF7B0FF6D
:102670000028E5D0D4F890300133C4F89030DFE77B
:102680005A1EB2F5805FDBD294F85720002AC6D1DB
:10269000A4F85430012384F85730E36E266584F89B
:1026A0005610002BCCD0206FBDE87040184738B5CD
:1026B00000F58054656E85B194F8573003F0FF0043
:1026C00053B1A36E94F85600B4F85420216DA84776
:1026D000002384F85730012038BD2846FCE700006D
:1026E000024B1860024B1960704700BFBC450020C8
:1026F000B8450020034B1B6813B1034A1068184704
:10270000704700BFBC450020B8450020024B186050
:10271000024B1960704700BFB4450020B04500204F
:10272000034B1B6813B1034A10681847704700BF7A
:10273000B4450020B045002003880B7003881B0AB5
:102740004B7043888B7043881B0ACB7083880B7156
:1027500083881B0A4B7183798B71C379CB71038991
:102760000B7203891B0A4B72837A8B720023CB7224
:10277000704782B0C0E900120C220021083002B07C
:1027800010F071BF006808B1FFF742BF704700004A
:102790007FB5144E0B4604467168306801AD03C521
:1027A000B06828609888ADF8080020685D881989AD
:1027B0001E88DB88ADF80460ADF80650ADF80A302D
:1027C000ADF80C108DF80E2010B101A9FFF7E7FE4F
:1027D00004F1080101A8FFF7AFFF00F0F1FBE0747E
:1027E00004B070BD70550200006808B1FFF7C8BEA4
:1027F000704700000048704752000020054B1A78CF
:10280000592A01D9592803D91870034B89B2198064
:10281000704700BFD2450020D045002002207047FD
:1028200008B500210520FFF7E9FFBDE8084003F0E7
:1028300021BE000008B5134612785AB9064A11683D
:1028400041B158680C22083103F004FF002818BF7A
:10285000112008BD0E20FCE7CC45002030B51378D0
:10286000012BBFB003D00E2420463FB030BD5068CE
:10287000058AF42D0DD800232A4601A909F098FEF7
:1028800004460028EFD104482A4601A9FCF7CDFCF4
:10289000EAE70D24E8E700BF6C00002030B51378AC
:1028A000012B89B003D00E24204609B030BD5068FA
:1028B000058A202D0DD800232A46694609F078FEA6
:1028C00004460028EFD104482A466946FCF710FC6C
:1028D000EAE70D24E8E700BF6C00002070B513782C
:1028E000012BBEB003D00E2528463EB070BD506807
:1028F000068AF42E1FD80023324601A909F058FE9B
:1029000005460028EFD1FFF775FF044603F032FEBD
:10291000237980B213B12388834200D92080012318
:102920002371064B608018680028DDD0324601A96B
:10293000FFF728FFD8E70D25D6E700BFCC450020DC
:10294000FAF77EBB7FB5022300218DF80C308DF89D
:102950000D300848084B0093019103AB6FF0004223
:102960000078CDF80E10CDF8121006F04DF807B033
:102970005DF804FBC8450020052B010030B500219F
:10298000A1B00620FFF73AFF4FF0805306A8D3F816
:10299000A420D3F8A8308DF81C301B0A63F03F0345
:1029A00006928DF81D3009F001FD044620B9474913
:1029B00009F084FD044648B145490120F5F73EFD84
:1029C00021465F20FFF71AFF21B030BD414C424D38
:1029D000F72004F043FA404810F02CF923683BB18B
:1029E0009B792BB1284610F0F5F93C4810F0ECF932
:1029F000236853B11B7943B1394B1B782BB1FAF7DC
:102A00001FFB642801D810F09FF900233548ADF86A
:102A1000183006A908F030F9044630B332490120D5
:102A2000F5F70CFD21466020FFF7E8FE6822002143
:102A300006A810F018FE06238DF8183040F2051392
:102A4000ADF83830274B0B9306A840F201130D95D3
:102A5000ADF8303006F0C9F8044688B123490120AA
:102A6000F5F7ECFC21465C20ACE72148F5F7BDFC0E
:102A7000BDF81800F5F7CCFC1E48F5F7BFFCD5E70C
:102A800002230190CDF80E00CDF812008DF80C3025
:102A90008DF80D300146184B0C480093007803ABBD
:102AA0006FF0004205F0B0FF044630B11349012039
:102AB000F5F7C4FC21465D2084E701460720FFF7B7
:102AC0009DFE0F490320F5F7B9FC7DE7C8450020BE
:102AD000CE480200CC450020F2480200F84802002F
:102AE000C0450020E7560200014902004F4902009C
:102AF00026490200BE450200052B01006A4902007A
:102B00008049020070B503780E2B8CB0044655D076
:102B100008D8012B44D0032B7FD0002B2FD00020CE
:102B20000CB070BD0F2B5FD0122BF8D14368002B77
:102B3000F5D1C37A827A454C454D464E2B70022B17
:102B400008BF022AE371444832700CBF01230023FE
:102B50002374A271F5F749FC3078F5F759FC3F482A
:102B6000F5F743FC2878F5F753FC3D48F5F746FCAC
:102B70003C4B18680028D2D0012221464AE0436825
:102B80003BB9394B028939491A800320F5F756FCC5
:102B9000C5E737490220F5F751FCFFF7D3FEBEE742
:102BA000314B34494FF6FF7203201A80F5F746FC8B
:102BB0003148FCF7CBFBFFF7B3FDEEE72F4BC288A4
:102BC0001B889A42ABD1437A9B0706D52C49032038
:102BD000F5F734FCFFF78EFDA1E72A490320F5F74E
:102BE0002DFCFFF79DFD9AE72748F5F7FEFB2089AE
:102BF000F5F70EFC1A48F5F701FC23891349F62B6B
:102C00000B8094BF002301238B73164B1868002898
:102C100085D00122FFF7BCFD81E74368002B7FF4DC
:102C20007EAF114B01A9188805F066FD00287FF4DE
:102C300076AF064ABDF8263013810A4B1868002883
:102C40003FF46DAF01490122E4E700BF58000020C6
:102C50006A0000206B0000205E4A0200754A0200F4
:102C6000BE450200CC450020C00000209F49020064
:102C7000C3490200EE4902006C000020C645002056
:102C8000004A0200224A0200484A0200FBF782BEC4
:102C9000FAF7BEB9FBF75ABEFBF726BEFBF71ABE22
:102CA0001FB50E4B044618884FF6FF7398424FF03D
:102CB000000310D0ADF8081001A90393ADF804404B
:102CC000ADF80640ADF80A2006F0BCF9B0FA80F085
:102CD000400904B010BD1846FBE700BFC00000204B
:102CE00038B50B4C25884FF6FF7295420ED0094D32
:102CF0002A885AB150B189B209F047FC024628B17E
:102D000029882088BDE8384007F086B838BD00BF64
:102D1000C0000020C245002010B50549044601202E
:102D2000F5F78CFB21465E20BDE81040FFF766BD3D
:102D30007C4A020008B51346127842B90549586822
:102D4000022203F087FC002818BF112008BD0E20C6
:102D5000FCE700BF0C560200F8B5154E32884FF65E
:102D6000FF739A4201D10020F8BD124F3B88002B1F
:102D7000F9D089B209F009FC0546FFF73BFD04468E
:102D800003F0F8FB227983B212B122889A4200D96B
:102D90002380012222716380002DE4D0398830889D
:102DA0002A4607F039F8B0FA80F04009DCE700BFA6
:102DB000C0000020C645002010B1044B1B780370F2
:102DC00011B1034B1B880B80704700BFD245002018
:102DD000D045002030B504460D4689B000210120C1
:102DE000FFF70CFD3E4B1C603E4B1D7024B13E496D
:102DF00000222046FFF7F8FCFBF762FD3B4B0093F7
:102E00003B4B01933B4B02933B4B03933B4B049354
:102E10003B4B3C48059369463B4B06930025079581
:102E2000FCF71AF903F008FB0AF07EFE294602209F
:102E3000FFF7E4FC03F02AFB38B934490120F5F729
:102E4000FDFA4FF4784000F0D3F903F01FFB03685C
:102E5000002BF2D02E4B5B690BB92E49EEE72946C9
:102E60000320FFF7CBFC2C4B2C4A1A612C4ADA606A
:102E70000FF0F4FE0FF044FF54B1237923B10FF0AB
:102E800077FF284B01221A70A3790BB10FF0A8FF2E
:102E9000254807F023FF0446A0B124490120F5F797
:102EA000CDFA21465A20FFF7A9FC21480FF0ACFCCF
:102EB00000210420FFF7A2FC1E490320F5F7BEFA0B
:102EC00009B030BD184807F0E5FE04460028ECD0F4
:102ED00019490120F5F7B2FA21465B20E3E700BF6C
:102EE000CC450020C2000020592D01009D2C01007E
:102EF000992C0100952C010041290100912C010021
:102F00008D2C01006C000020E12C01008C4A020095
:102F100030E50020B44A0200A02B00207D290100EA
:102F2000192D0100C04500207C550200D74A02003F
:102F3000212801000E4B0200F34A0200064A1268E3
:102F400042B1127932B1054A12781AB1642801D817
:102F50000FF0FABE704700BFCC450020C0450020EE
:102F6000034B18884FF6FF73C01A18BF0120704733
:102F7000C0000020034B93F82000003818BF012048
:102F8000704700BF6C0000200B4B1A884FF6FF7390
:102F90009A420ED0C7280AD80D2834BF0223012335
:102FA000064A002113704FF4C872FFF779BE002360
:102FB000F6E70020704700BFC0000020C2000020DC
:102FC000014B1878704700BFD3450020024B18789A
:102FD000003818BF01207047D34500202DE9F84381
:102FE0001746BDF8205006460C469846F5F744FCB7
:102FF000791C891B184B89B200224FEA152C90B21C
:10300000814203F1020306D84D004FF00009A045AC
:1030100007D2BDE8F88303F802CC03F8015C013263
:10302000EDE723463A462146304609F10109F5F716
:1030300023FC1FFA89F908482946F5F747FDB9F13D
:10304000200F05D1FCF784F9F5F740F94FF000099E
:103050000134A4B2DBE700BFD44500202DE9F04FD6
:1030600089B0CDE90412994600F10F0307461C25EB
:103070001FFA83FA049B23FA05F4A5EB85061A4B85
:1030800004F00F045C3604EB8404B6B21C443946E9
:103090008B1C9BB214F801BB039330464FF0000821
:1030A0002BFA08F212F0010F059B00F1020208BF93
:1030B0004B46009392B2039BCDE90601FFF78EFFCA
:1030C0000698079908F101080330B8F1030F80B2A0
:1030D000E6D1033189B28A45DAD1043D2B1DC9D12D
:1030E00009B0BDE8F08F00BFF856020007B5EF2326
:1030F000002100901A460846FFF770FF03B05DF804
:1031000004FB08B572B643F69824F5F7DFF8FCF730
:103110002DF9C82C254628BFC8252846F5F7C2F842
:10312000641BF2D12046FFF7E1FFFCF726F908B552
:103130000446F5F7CBF84FF0E023D3F8286DD3F829
:103140002C5D04B1A4694FF61F00FFF7CFFF4FF6C7
:103150001F034FF6FF7231462820FFF77FFF4FF61F
:103160001F034FF6FF7229464620FFF777FF4FF601
:103170001F034FF6FF7221466420FFF76FFFFFF732
:10318000C0FF000048B1024612F8013B33B9421EAD
:103190000749084812F8013F33B970472F2B01D077
:1031A0005C2BF1D11046EFE758404843F2E700BFEF
:1031B00093010001C59D1C8108B50C460546F5F735
:1031C00085F840F2FF70FFF791FF2846FFF7DAFF1E
:1031D00040F2FF73014600223C20FFF73FFF40F220
:1031E000FF73002221466E20FFF738FFFFF789FFAB
:1031F00008B50446F5F76AF82046FFF777FFFFF7B2
:1032000080FF08B5FFF793FF1EF0040F0CBFEFF32C
:103210000880EFF30980FFF7F4BF01460320F5F7BC
:103220000DB9F6F713B908B5FBF78CFE80F0010075
:10323000C0B208BD064B07B5186828B1002200923D
:103240000223114601F004FC03B05DF804FB00BF4B
:10325000BC470020044B01221A70044A1368002066
:1032600001331360FFF7E6BFD4470020D0470020AA
:1032700070B504460D461646F4F7FCFF63681968FE
:10328000801B81423EBF186023681D7070BD000026
:10329000014608B50648FAF7AEFC064B0449012280
:1032A0001A7000230B7601F5805383F88D2808BD32
:1032B000E0010020C3000020F9F7C2BE13B5E123EE
:1032C0008DF80030FBF73EFE8DF80100FFF748FE59
:1032D0000446F9F735FB01462046FBF791FEADF8B1
:1032E0000200030C000E8DF804308DF80500062353
:1032F0006A4600210248FFF76BF902B010BD00BF1B
:10330000E81A002010B404460B461046022122465B
:103310005DF8044BFFF75CB910B404461846134639
:103320000A4621465DF8044BFFF752B910B4044633
:103330000B461046052122465DF8044BFFF748B9BD
:1033400010B404460B461046032122465DF8044B98
:10335000FFF73EB910B50446FBF784FA0548F5F7C8
:1033600044F86068F5F741F8BDE810400248F5F709
:1033700045B800BF464B0200BE4502007FB502467D
:103380000B4601A80F49F8F77FF90F49029B08681F
:103390004FF47A72B3FBF2F3834288BF0B60039B56
:1033A000B3FBF2F3094A0A4811688B42094988BF06
:1033B0001360D1F88C210A3107B05DF804EBF6F701
:1033C000F1BB00BFEC470020C8470020CC470020DD
:1033D000781A0020EC67002010B5FBF7B7FA044616
:1033E00008B1FBF7D7FA204610BDF9F711BEFBF77D
:1033F0007BBAFBF76FBA00000148FAF7A1BF00BF24
:10340000485702002DE9F0470D46CCB091460446DE
:1034100020B9002630464CB0BDE8F0871329F8D912
:10342000DFF8C880DFF8C8A00C27EE1BB6F5807F58
:1034300028BF4FF480762B4833460CAA3946FAF75A
:1034400009FFB042E5D10CA9002311F8012B01338B
:1034500082EA08029E420AFB02F8F6D13744BD42D6
:10346000E3D8C145D5D1204A10685168127A6B461D
:1034700003C300211A700DF10900272210F0F3F8A0
:10348000E846013C082314F8012F0AB12F2B24D160
:103490000024404608F80340FAF752FF2E1BB6F509
:1034A000807F28BF4FF480760E4833460CAA214611
:1034B000FAF7D0FEB0420746ABD103460CAA21462C
:1034C0004046FAF701FF06460028A2D03C44A54238
:1034D000E4D80448FAF734FF9CE708F803200133E6
:1034E000D1E700BF485702004F4B0200C59D1C8129
:1034F0009301000113460A4601460148FAF7E4BE6B
:1035000048570200F9F7DCBDF4F7CCBE1FB50B46F7
:1035100041F28831CDE900218DF80F0001220DF133
:103520000F011820F6F7D7F8B0FA80F0400905B07F
:103530005DF804FB1FB513460132102A15D88DF82B
:1035400000000B44684699420AD141F2883369462B
:103550001820F6F76CF8B0FA80F0400904B010BDFE
:1035600011F8014B00F8014FEDE70020F6E7F9F7FD
:10357000FBB9FFF709BD032808B50CD002280CD110
:103580001920F4F7AAFE2820F4F78CFE1920BDE8D4
:103590000840F4F7A2BE5020F9E71E20F7E700002C
:1035A00010B586B002460B4601A80A49F8F76CF838
:1035B0009DF804405CB90849084BD1F88C210848B3
:1035C0001C700A31F6F7EEFA204606B010BD012451
:1035D000FAE700BFEC470020EC670020C3000020A2
:1035E000781A0020044B054A002018701368013334
:1035F0001360FFF71FBE00BFD4470020D047002054
:10360000436A33B1826A64214A43B2FBF3F3D8B20E
:1036100070471846704700002DE9F04104460D46FA
:103620001646F9F78DF90346052C1CD8DFE804F09F
:10363000031D1B2B243A3C4832462946F8F720FE4E
:10364000042E0ED92B78202B04D1D5F80110374841
:10365000FAF7E7FA2B78E02B05D1BDE8F041FFF748
:103660002DBE002EF6D1BDE8F081324629462E4807
:10367000BDE8F041F8F7ACBE324629462B48BDE81C
:10368000F041FAF7BEBA284B9B7E1BB1284B1B7842
:1036900083F00103274832462946BDE8F04103750F
:1036A000FAF7C3BE244C2046FFF7AAFF324607466E
:1036B00029462046D4F8C480FBF7FCF9D4F8C4307E
:1036C000984511D01D48F4F790FE94F8C100F4F726
:1036D0009FFE1B48F4F789FEA06AF4F799FEBDE847
:1036E000F0411848F4F78ABE2046FFF789FF0A2305
:1036F000B0FBF3F0B7FBF3F7C0B2FFB2B842B2D001
:103700001148F4F772FE2046FFF77AFFF4F780FEC7
:103710000E48F4F76AFEA06AF4F77AFE0C48F4F754
:1037200064FE606AD9E700BF981A0020E00100201B
:10373000C300002098010020C8000020584B020060
:103740006A4B0200BE450200714B0200854B02002D
:103750008D4B02002DE98048B54CB6498DB0032051
:10376000F4F76CFEE37F003B18BF01230293F9F7E7
:10377000E7F88146F9F7E4F80390F9F7E1F8AE4B82
:103780001B6801930DF117030026079306AB8246D1
:103790008DF8176006960893B3463746A74A136814
:1037A00001331360FBF7E2FDF4F764FDA24B0199CE
:1037B0001A688A4205461AD01B680193A04B93F8F9
:1037C00000805FFA88F8F9F7BBF8B8F1000318BF7A
:1037D0000123B34201460AD09A48B8F1000F00F025
:1037E0001781F8F79DFC2046FAF786F90126204656
:1037F000FAF7A4F910B12046FAF7A8F92A460721EA
:1038000007A8FFF735FDF4F735FD05468E48FEF7AE
:103810004EFF0028FAD12A46012107A8FFF728FD0C
:103820006FB9FFF7D3FB074650B1FFF7C9FB01287B
:103830000BBF8649864903200120F4F7FFFD0127CD
:10384000F4F718FD054609A8F6F72AF92A460221D9
:1038500007A8FFF70DFD9DF824306BB17D4A127863
:10386000002A40F0DC80774A927E002A00F0D78060
:10387000794809A9F6F7E1F9F9F762F8029B0546DC
:1038800083B1FFF76DFB2946FBF79AFB60B100237C
:103890002046E377FAF75AF970490320F4F7CEFD92
:1038A000FFF70CFD00230293FFF764FB804610B97D
:1038B0006B4B93F82080A5EB0903C72B19D9F4F7BC
:1038C000D9FC294681465F48F8F7B0FD5D48B8F15C
:1038D000000F08D190F82F102046FAF78CF92946EE
:1038E0002046FAF76DFA4A46032107A8FFF7C0FC05
:1038F000A946B8F1000F67D1A5EB0A03B3F5FA6F3B
:103900004CD30BF1010B4FF47A78C4F854B0B5FBEB
:10391000F8F3A362F4F70EFD5249534B84F82000EC
:103920001B68E362881EFFF747FA0FF099FA9DF8CB
:10393000173084F838306063069BB3FBF8F3E36319
:10394000F9F7B8FB20EAE070A4F84000F9F700FBB3
:10395000464BDFF80C811B686364454BA4F84200BA
:103960001B68A364404698F8C83084F84C30FFF7D1
:1039700047FE98F8C13084F84E30D8F8C43023653B
:1039800084F84D00F4F776FC80462046FAF7DEF81E
:103990004246042107A8FFF76BFCAA46039BEA1ADC
:1039A00042F20F739A420FD9F4F764FC8046F9F79C
:1039B0006FFB18B1F9F744FBFFF7C0FA4246052147
:1039C00007A8FFF755FC0395224B1D7865B11D4BE9
:1039D00093F81A80DB7E58EA030827D1FAF7C0FE75
:1039E00010B14046FAF7C2FEF4F744FC002D8046C1
:1039F0000CBF1422CC220121002000F0D5FF002DA5
:103A00007FF4CCAE4246062107A8FFF731FCC5E69D
:103A1000F8F7A8FB2046FAF782F84646E7E6042BBB
:103A20007FF426AF2046FAF707FA25E70025DBE703
:103A3000E0010020944B0200D0470020C447002042
:103A4000D4470020981A0020E81A0020BF4B02003B
:103A5000DD4B0200C3000020781A0020FB4B02005F
:103A6000C800002012020020C0470020CC470020E0
:103A7000C8470020704700000C490D4B08681A68C1
:103A800090420C4A04D00968196000231360704703
:103A90001368013313604FF47A725343064A106877
:103AA000990AB0EB932F38BF11607047C4470020CC
:103AB000B8470020B4470020C0470020012008B5C7
:103AC0000349F4F7BBFC4FF47840FFF791FB00BFCC
:103AD0001D4C0200012008B50349F4F7AFFC4FF676
:103AE0002050FFF785FB00BF344C020008B5FFF7FC
:103AF00063FB00002DE9F041B0B0F4F709FCF4F7E6
:103B0000F8FBF4F771FCFBF723FC8C490320F4F776
:103B100095FC8B490320F4F791FCFAF77FFDF4F74D
:103B20002BFDF4F7F5FEF5F757FC3720F5F78EFC83
:103B3000F5F75FFDF5F738FEF5F7C6FEF5F79CFFE4
:103B400000230AA80B937F4B0A93FAF783FDFAF739
:103B5000EFF9FBF7FDFBFAF71BFB002800F0D18023
:103B600079490320F4F76AFCFAF772FBF8F7F6FEDE
:103B7000F8F7C6FC754B0E930024754B10940EA8F5
:103B80000F93F8F77BFC734B0C930CA80D94F8F78C
:103B900067FDF9F79DFA704B1794704C1493704BB6
:103BA000159314A96F4B16932046F9F7E7F8237C79
:103BB000012B40F0AB806C4903206C4E6C4FDFF85A
:103BC0005C826C4CF4F73AFC30466B49F7F7AFFC7B
:103BD0006A4B18936A4B614A1A930025694B1B93F1
:103BE00018A938461C95CDF86480F9F7CEFFFBF78D
:103BF000A9F9F877F4F798FB78623846F9F7A6FF49
:103C0000614B1D93614B1E93614B62481F931DA92D
:103C1000614B20932194FAF7CDFBFAF751FE5F4BED
:103C200029935F4B2A935F4B2B935F4B2C935F4BF6
:103C30002D935F4B5F482E9328A95F4B28932F94B9
:103C4000FAF7F0FE5D482946FEF74AFD5C48294632
:103C5000FEF75CFD394602A8F9F71CFF59485A4F98
:103C6000F4F7C3FB59490320F4F7E8FB2946204643
:103C7000FEF748FCFBF76CFB2A4655492046FEF749
:103C800084FC544B2293544B2393544B2493544B16
:103C90002593544B384622A9CDE92634F8F7C5F9C7
:103CA000514B87F83050CDE91138CDE900671394B6
:103CB00006F5005611AB0ECB4C48F5F75FFFD6F872
:103CC0008C214A4806F10A01F5F76CFF484A494839
:103CD0002146FEF74EFD0127474B019347494848CF
:103CE00000972B464FF4407200F042F9B842064666
:103CF00013D044493846F4F7A1FB4FF47840FFF75E
:103D000077FA41490220F4F799FB2FE7022B01D102
:103D10003E4951E73E4902204FE72A463D492046A9
:103D2000FEF738FC33483146FFF754F8FBF710FB39
:103D300000F004FA38493046DDE700BF4C4C020081
:103D4000684C0200733501008D4C020011C5000063
:103D500065C500006F35010035350100D8470020EA
:103D60000D35010009350100B44C0200EC4700207C
:103D7000E0010020E81A0020846900207D33010062
:103D80002332010005350100F5340100053401003E
:103D9000F93301009801002041330100F3330100A1
:103DA000EF330100B9320100EB330100D9330100D8
:103DB0002D330100C80000202732010055320100D8
:103DC000E5350100D84C0200981A0020E64C0200AC
:103DD0001936010019330100A135010091320100AB
:103DE000553301001B32010005330100781A002011
:103DF00001000101D41A0020BC470020184D020028
:103E0000553701001C4D02009E4C0200BB4C0200C5
:103E1000C24C020035320100334D020077350100FB
:103E20000148F4F79BBE00BF846900202DE9F843E8
:103E3000224B234C1D68234BD3F80080224B0646AF
:103E4000D3F80090206804300F4601F03BFB40B9E6
:103E500022681E49D06A0B680122824023EA0203CD
:103E60000B60731C14D19FB1194B21685A688A608A
:103E700021689068C860216804314160216804317C
:103E80009160226853611A6801321A60BDE8F883B4
:103E900023682168AD195D6001F1040104D348462F
:103EA000BDE8F84301F0F7BA404601F0F4FA094BD7
:103EB0001A68AA4288BF1D60E8E700BFB8870020E3
:103EC000948800200488002000880020B487002007
:103ED000C08700209C870020064A13681968064B9B
:103EE00019B94FF0FF321A6070471268D268126831
:103EF000F9E700BF048800209C870020F8B50E4C2D
:103F00000E4F0F4E236803B9F8BD01F0F1FEFB68B8
:103F1000DD68281D01F0D6FA3368013B3360236861
:103F2000013B236001F002FF286B01F0CDFD284624
:103F300001F0CAFDE6E700BFD4870020D887002043
:103F4000BC87002008B5094C4FF0E0254FF08056A3
:103F5000FFF7D4FF2368012B05D9C5F8046DBFF323
:103F60004F8FBFF36F8FFFF785FDF1E7308800209B
:103F70002DE9F84F970080463846DDE90A5A0E468B
:103F8000994601F0D9FC834618B94FF0FF30BDE8DF
:103F9000F88F502001F0D0FC0446002800F09880F3
:103FA000502200210FF05FFB3A46C4F830B0A52143
:103FB00058460FF058FB236B043F1F4427F00707B8
:103FC0006EB1731E04F133020B3613F8011F02F8B1
:103FD000011F09B1B342F8D1002384F83F30042D0A
:103FE00005D9484840F26471FFF780FD0425261D7D
:103FF000E5622564304601F04BFAC5F1050504F190
:10400000180001F045FA2461A56164624A46414600
:10401000384601F057FE2060BAF1000F01D0CAF80F
:10402000004001F065FE384B384F1A68DFF8048114
:1040300001321A603D68002D4ED13C601B68012B97
:104040001FD1C1464846013501F017FA052D09F187
:104050001409F7D1DFF8E0902D4D484601F00DFA34
:10406000284601F00AFA2B4801F007FA2A4801F025
:1040700004FA2A4801F001FA294BC3F80090294BB1
:104080001D60294A29491368086801331360E36AEF
:1040900001229A4002430A601422534308EB0301B1
:1040A0004A68A2609068E0604660966058F8032015
:1040B0006161013248F8032001F038FE1C4B1B6897
:1040C00023B13B68DA6AE36A9A4210D301205EE7C3
:1040D000584601F0F9FC58E7154B1B68002BD0D16E
:1040E0003B68DA6AE36A9A4298BF3C60C9E74FF0DE
:1040F000E0234FF08052C3F8042DBFF34F8FBFF37E
:104100006F8FE3E7464D0200BC87002094880020B3
:1041100008880020EC870020D8870020C087002076
:104120000488002000880020A0870020B487002099
:10413000B0870020308800201C88002010B51B4A62
:1041400086B003AB12F8014B03F8014B002CF9D1F8
:10415000174B1848CDE900438022234603A9FFF7F7
:1041600007FF012808D0144840F6A961FFF7BEFCFC
:10417000124B1B6806B010BD01F004FB012812D1E0
:104180004FF0600383F31188BFF36F8FBFF34F8F3E
:104190000B4B4FF0FF321A600A4B18600A4B1C6041
:1041A00001F0EEFDE4E70130E2D1DCE7944D0200DE
:1041B00098870020453F0100464D02005C570200F1
:1041C0009C870020B0870020B8870020024A13682F
:1041D00001331360704700BF94870020014B1868BB
:1041E000704700BFB887002008B501F073FE014B8F
:1041F000186808BDB8870020014B1868704700BFD9
:10420000BC8700202DE9F84F5B4B1B68002B40F06A
:10421000AA805A4B1C6801341C609CB9584D2B680D
:104220001B6823B1574841F25F21FFF75FFC564BF3
:104230002A68196829601A60544A136801331360A8
:10424000FFF74AFE5248534A0368DFF858C19C42C0
:104250004FF0000507D34A4F4F4E3B681B68DBB950
:104260004FF0FF330360DCF80030DB6A14214B436E
:10427000D4584A4B1B68012C94BF002401240BB96D
:10428000FFF7FAFB464B1B68002B18BF44F00104F4
:1042900044EA0500BDE8F88F3B68DB68DB685968D5
:1042A0008C4201D20160DEE7D3E90219D3F8148011
:1042B000C1F80890C9F80410D8F8041003F1040EEE
:1042C00071454FF0000108BFC8F804905961D8F853
:1042D00000100139C8F80010D3F82880B8F1000F99
:1042E00015D0D3E90719C1F80890C9F80410D8F817
:1042F000041003F1180A51454FF0000108BFC8F837
:1043000004909962D8F800100139C8F80010D96AF1
:10431000D6F800904FF0010808FA01F848EA0908B9
:10432000C6F800804FF0140808FB01F802EB080AF9
:10433000DAF80490C3F80890D9F808B0C3F80CB0C4
:10434000CBF804E0C9F808E0C3F814A052F808302C
:10435000013342F80830DCF80030DB6A994288BF4C
:1043600045F0010579E70D4A136801331360FFF743
:1043700083FB00208EE700BF94870020B8870020D1
:1043800004880020464D020000880020A4870020F9
:104390009C87002030880020B4870020AC87002054
:1043A000A8870020948800202DE9F84F4C4C01F09C
:1043B0009FFC236823B94B4840F68B71FFF796FBAF
:1043C0002368013B236023682BB1002401F0AEFC7D
:1043D0002046BDE8F88F444A1268002AF5D04348C9
:1043E000434C444ADFF818C1434D0126142753E0DB
:1043F000C368DB68D3E90718D3F828E0C1F8088060
:10440000C8F80410DEF8041003F1180949454FF00C
:10441000000108BFCEF804809962DEF8001001396F
:10442000CEF80010D3E90218D3F814E0C1F80880E0
:10443000C8F80410DEF8041003F104094945DEF859
:10444000001008BFCEF804800139CEF80010D3F870
:104450002CE0D4F8008006FA0EF141EA080107FBCF
:104460000EF802EB080A2160DAF804109960D1F81E
:1044700008B0C3F80CB0CBF80490C1F8089052F81B
:104480000810C3F814A0013142F80810DCF800103D
:10449000C96A8E4500D92E6001680029A8D10BB1E8
:1044A000FFF71AFD154D2C6844B1134E0127FFF795
:1044B000A9FE00B13760013CF9D12C600E4B1B689E
:1044C000002B82D00E4B1B684FF0E0234FF0805240
:1044D000C3F8042DBFF34F8FBFF36F8F012475E72F
:1044E00094870020464D0200BC870020EC87002006
:1044F000B487002030880020A8870020AC870020E7
:1045000094880020204B1A68204B70B512B101220C
:104510001A6070BD1E4D1A602B681B6B1A68B2F1D1
:10452000A53F0BD15A68B2F1A53F07D19A68B2F105
:10453000A53F03D1DB68B3F1A53F04D02968286803
:104540003431FFF7C7FA134B1C68B4FA84F4E4B2B1
:10455000C4F11F041423104E6343F35823B90F48CA
:1045600041F2FA31FFF7C2FA14235C4332190834DE
:1045700053685B6853602644B34204BFD3685360FA
:10458000DB682B602B68C4E794870020A887002095
:1045900094880020B487002030880020464D020017
:1045A00038B50D46044620B908484FF4A451FFF72A
:1045B0009DFA074B19682046183100F06CFF284619
:1045C0000121BDE83840FFF731BC00BF464D020075
:1045D0009488002070B50E461546044620B911484F
:1045E00041F2BE41FFF782FA0F4B6268196890688A
:1045F000CA611968086219681831416019681B6836
:10460000183191609C622368002D03F1010323603F
:1046100029460CBF30464FF0FF30BDE87040FFF731
:1046200005BC00BF464D020094880020F8B5C36861
:10463000DC6824B9284841F2F541FFF757FAD4E97C
:104640000712A36A8A605160596804F11800814218
:1046500008BF5A600022A2621A68013A1A601F4B12
:10466000E26A1B68002B2AD1D4E9020163698160E8
:1046700048605868251DA84208BF5960196801396B
:104680001960174901230868934003430B601549DB
:1046900014235343CE187068A0608768E7607D607C
:1046A0008560C85866610130C8500F4B1B68DB6AD3
:1046B0009A4283BF0D4B012018600020F8BD0C4BBF
:1046C0005968E1618D682562686088601968A36235
:1046D00001311960E9E700BF464D020094870020D0
:1046E000B48700203088002094880020A88700200C
:1046F000EC870020034B1B680360034B1B6843607F
:10470000704700BFA4870020B887002070B50D4611
:10471000044620B9154841F2A551FFF7E7F925B93C
:10472000124841F2A651FFF7E1F901F0E1FA104B0E
:1047300019682B685A1C17D00E48266800686268F2
:10474000864208D08A4206D800232B60012401F05B
:10475000EDFA204670BD881A8342F5D95B1A1344DE
:104760002B602046FFF7C6FF0024F0E7464D02000D
:10477000B8870020A4870020014B01221A607047EF
:10478000A8870020014B1868704700BF948800205C
:10479000054B1B6833B1054B1868B0FA80F040092F
:1047A0004000704701207047B087002094870020A8
:1047B000F8B50446002837D0224DC36A2A68D26A69
:1047C000934236D28269204E002AA1BF2A68D26A5B
:1047D000C2F105028261142202FB036342699A421C
:1047E00023D1071D384600F06DFE184930B9E06A44
:1047F0000B680122824023EA02030B602B680868E1
:10480000DB6AE36201229A4002430A6014225343A6
:10481000F1184A68A2609068E06047609760F258BB
:1048200061610132F2500120F8BD2B68DB6AC3627E
:10483000F9E72B68006CDB6A98422CBF002001204E
:10484000F2E700BF9488002030880020B487002061
:10485000F8B5044608B90020F8BD204B1B68834218
:1048600004D01F4841F62821FFF740F9636C23B9B3
:104870001B4841F62921FFF739F9636CE16A226C84
:10488000013B91426364E6D0002BE4D1251D28460C
:1048900000F018FE134A30B9E06A13680121814024
:1048A00023EA01031360236C1668E362C3F1050178
:1048B0000120A16100FA03F1314311600A4A142179
:1048C0004B43D6187168A1608F68E7607D608D608A
:1048D000D15866610144D150BEE700BF94880020E2
:1048E000464D0200B48700203088002070B50D4688
:1048F0000446002845D0436C23B9224841F686215E
:10490000FFF7F4F8236C9D4238BF1D46E36AAB42C3
:1049100037D0636C012B34D11B4B1B68A34204D1ED
:10492000184841F6A121FFF7E1F8A269E36AE562C0
:10493000002AA4BFC5F10505A561144D142202FB90
:10494000035362699A421CD1261D304600F0BAFD1D
:10495000E36A0F4A0121994018B9106820EA010062
:10496000106010680143116014225343E9184A682B
:10497000A2609068E06046609660EA58616101322A
:10498000EA5070BD464D0200948800203088002017
:10499000B4870020034B186810B1436C01334364A3
:1049A000704700BF948800202DE9F843894690465F
:1049B000044620B1244841F6C751FFF797F8234D2C
:1049C000FFF704FC04F1120701F092F92B6853F889
:1049D00027303BB301F0AAF90026FFF7E5FC56B1FA
:1049E00048B94FF0E0234FF08052C3F8042DBFF3D5
:1049F0004F8FBFF36F8F01F07BF92B6853F827605F
:104A000036B12B68B9F1000F1BD0002243F82720E4
:104A10002B682344002283F84C2001F087F93046AC
:104A2000BDE8F8832B682344012683F84C60B8F175
:104A3000000FCFD001F07AF931464046FFF7F6F982
:104A4000CBE7721EE2E700BF464D020094880020CB
:104A50002DE9F041069E0446174698460D4621B1C1
:104A60003F4841F6A461FFF741F824B93C4841F6BC
:104A7000A561FFF73BF801F03BF926B105F1120300
:104A800054F8233033606219022392F84C6082F8A4
:104A90004C30F6B2B8F1040F55D8DFE808F008033F
:104AA00049504E0004EB8505AB6C3B43AB64012ED3
:104AB00038D1D4E9021263698A6051605968201DB7
:104AC000814208BF5A601A682649013A1A60E36AAF
:104AD0000D6801229A402A430A60234A14214B435D
:104AE000D5186968A1608E68E66070608860D158EA
:104AF00065610131D150A36A23B1194841F6E961DA
:104B0000FEF7F4FF194B1B68DA6AE36A9A4209D28E
:104B10004FF0E0234FF08052C3F8042DBFF34F8FC6
:104B2000BFF36F8F012401F001F92046BDE8F08149
:104B300004EB8505AB6C0133B8E7022E0DD01235BE
:104B400044F82570B3E70A4B1B68002BAFD004482C
:104B500041F6DA61FEF7CAFFA9E70024E3E700BFE8
:104B6000464D0200B4870020308800209488002041
:104B7000B887002010B5044601F0BAF8A46B01F024
:104B8000D5F8B4FA84F0400910BD70B51646026C31
:104B9000856B044642B906689EB98068FFF758FEE7
:104BA000A6600135A56370BD6EB940680EF0A5FD25
:104BB0006368226C1344A2686360934224BF236835
:104BC00063600020EDE7C0680EF097FD226CE3689B
:104BD00051429B1A2268E36093423EBFA3685B1870
:104BE000E360022EEDD10DB1013DEAE72846D8E79A
:104BF000034610B41A6C084662B1DC68A1189C68C0
:104C0000D960A14228BF19685DF8044B28BFD9605C
:104C10000EF073BD5DF8044B704770B5044601F0AB
:104C200067F894F8455004F124066DB2002D01DDBB
:104C3000636AB3B9FF2384F8453001F077F801F0D7
:104C400057F894F8445004F110066DB2002D01DDC0
:104C500023697BB9FF2384F84430BDE8704001F03C
:104C600065B83046FFF7E2FC08B1FFF785FD013D6E
:104C70006DB2DBE73046FFF7D9FC08B1FFF77CFDEA
:104C8000013D6DB2E2E7000070B50E46044640B14A
:104C9000C56B65B921484FF4B671FEF727FF0020B8
:104CA00031E01E4840F23711FEF720FFF2E7036CB7
:104CB000A3FB0535002DEDD101F01AF8D4E90F3131
:104CC000226862604B43D0185B1A1A44FF23A56325
:104CD000A06084F84430E26084F84530A6B92369C6
:104CE00073B104F11000FFF7A1FC48B14FF0E023CD
:104CF0004FF08052C3F8042DBFF34F8FBFF36F8F77
:104D000001F014F8012070BD04F1100000F0B5FBB3
:104D100004F1240000F0B1FBF2E700BF994D02005E
:104D200070B50D460646C8B1A1FB0023B3B9484390
:104D300010F1490F12D8483000F0FEFD044690B142
:104D400055B100F14803C4E90F65236001212046F5
:104D5000FFF79AFF204670BD0346F4E7034840F290
:104D60002A21FEF7C3FE0024F4E700BF994D02009C
:104D700010B50C4640B1884206D302220021FFF74D
:104D8000CFFF00B1846310BD034840F29F31FEF7AE
:104D9000ADFE0020F7E700BF994D02002DE9FF416D
:104DA0000E4601921D46044620B94C4840F2B631E9
:104DB000FEF79CFE36B9236C23B1484840F2B73168
:104DC000FEF794FE022D07D1E36B012B04D043487C
:104DD0004FF46E71FEF78AFEFFF7DAFC30B9019BE3
:104DE00023B13E4840F2BB31FEF780FE0027B846B3
:104DF00000F07EFFA26BE36B9A421BD22A4631463B
:104E00002046FFF7C2FE636A1BB104F12400FFF7DE
:104E10000DFC48B14FF0E0234FF08052C3F8042D51
:104E2000BFF34F8FBFF36F8F00F080FF012004B0FE
:104E3000BDE8F081022DE1D0019B1BB900F076FFA7
:104E40000020F4E717B902A8FFF754FC00F06EFF4A
:104E5000FFF7BCF900F04CFF94F84430FF2B08BF7B
:104E600084F8448094F84530FF2B08BF84F84580CF
:104E700000F05CFF01A902A8FFF748FC38BB00F076
:104E800037FFA26BE36B9A420ED100F04FFF0199FE
:104E900004F11000FFF784FB2046FFF7BEFEFFF78A
:104EA00083FA48B10127A3E700F040FF2046FFF74F
:104EB000B4FEFFF779FAF5E74FF0E0234FF08052A8
:104EC000C3F8042DBFF34F8FBFF36F8FEAE720467F
:104ED000FFF7A3FEFFF768FAB2E700BF994D0200A3
:104EE00010B5024600210120FFF71AFF044638B131
:104EF000002383600360C3601A461946FFF74EFF24
:104F0000204610BD38B5044620B90C4840F2FB21BC
:104F1000FEF7ECFDA568FFF735FC85420BD1E36891
:104F2000013BE3600BB1012038BD1A46194620460B
:104F3000FFF734FFF7E70020F6E700BF994D0200C6
:104F40002DE9F843894617461E46044620B92B48EA
:104F50004FF49261FEF7CAFDB9F1000F06D1236C40
:104F600023B1264840F29141FEF7C0FD022E07D141
:104F7000E36B012B04D0214840F29241FEF7B6FDCD
:104F800000F0A8FFEFF311884FF0600383F311885E
:104F9000BFF36F8FBFF34F8FA26BE36B9A4201D3C6
:104FA000022E29D194F84550A36B6DB23246494682
:104FB0002046FFF7EAFD6B1C0ED1636A3BB104F19A
:104FC0002400FFF733FB10B10FB101233B60012038
:104FD00088F31188BDE8F883FFF70EF98542F6D211
:104FE0007F2D04D1054840F21E51FEF77FFD0135AB
:104FF0006DB284F84550EAE70020E9E7994D0200D8
:10500000F8B50E46044620B925484FF4A861FEF7CE
:105010006DFD236C23B1224840F24451FEF766FD3A
:10502000236833B9A36823B11D4840F24951FEF704
:105030005DFD00F04FFFEFF311874FF0600383F346
:105040001188BFF36F8FBFF34F8FA36BE26B9A4250
:1050500024D994F845200133FF2A55B2A3630DD11A
:10506000636A3BB104F12400FFF7E0FA10B10EB11E
:1050700001233360012087F31188F8BDFFF7BCF8E6
:105080008542F7D27F2D04D1054840F2CB51FEF77F
:105090002DFD01356DB284F84550EBE70020EAE7BD
:1050A000994D02002DE9FF410D460192044620B9B9
:1050B000444840F2E951FEF719FD35B9236C23B19C
:1050C000404840F2ED51FEF711FDFFF761FB30B9AA
:1050D000019B23B13B4840F2F251FEF707FD002748
:1050E000B84600F005FEA66BE6B129462046FFF75C
:1050F0007FFD2369013EA66373B104F11000FFF741
:1051000095FA48B14FF0E0234FF08052C3F8042DD8
:10511000BFF34F8FBFF36F8F00F008FE012004B084
:10512000BDE8F081019B1BB900F000FE0020F6E70E
:1051300017B902A8FFF7DEFA00F0F8FDFFF746F80E
:1051400000F0D6FD94F84430FF2B08BF84F844806B
:1051500094F84530FF2B08BF84F8458000F0E6FD49
:1051600001A902A8FFF7D2FA00BB2046FFF702FD13
:10517000B0B1019904F12400FFF712FA2046FFF7BD
:105180004CFDFFF711F948B94FF0E0234FF0805282
:10519000C3F8042DBFF34F8FBFF36F8F0127A0E734
:1051A0002046FFF73AFDFFF7FFF8F7E72046FFF745
:1051B00034FDFFF7F9F82046FFF7DCFC0028EDD0BE
:1051C000B4E700BF994D0200F0B585B004460191E7
:1051D00020B9504840F28261FEF788FC236C23B16D
:1051E0004C4840F28661FEF781FCFFF7D1FA30B9F6
:1051F000019B23B1474840F28B61FEF777FC002505
:105200002F462E4600F074FDA36BE3B1013BA36370
:10521000236813B9FFF7BEFBA060236973B104F1E3
:105220001000FFF703FA48B14FF0E0234FF080522F
:10523000C3F8042DBFF34F8FBFF36F8F00F076FDDF
:10524000012005B0F0BD019B1BB900F06FFD0020EF
:10525000F7E717B902A8FFF74DFA00F067FDFEF770
:10526000B5FF00F045FD94F84430FF2B08BF84F8EB
:10527000446094F84530FF2B08BF84F8456000F087
:1052800055FD01A902A8FFF741FA50BB2046FFF7E0
:1052900071FC00B323683BB900F02AFDA068FFF75A
:1052A00087FA054600F042FD019904F12400FFF75A
:1052B00077F92046FFF7B1FCFFF776F848B94FF0D1
:1052C000E0234FF08052C3F8042DBFF34F8FBFF39C
:1052D0006F8F012796E72046FFF79FFCFFF764F8E2
:1052E000F7E72046FFF799FCFFF75EF82046FFF747
:1052F00041FC0028EDD0002DA9D000F0F9FC616A36
:1053000019B1236B1968C1F10501A068FFF7EEFA26
:105310009BE700BF994D020070B50D46044620B9C9
:105320000A4840F23731FEF7E1FBA668FFF72AFA98
:10533000864204D1E3680133E360012005E0294699
:105340002046FFF741FF0028F4D170BD994D0200BF
:105350002DE9F84389469046044620B9254840F295
:10536000FD71FEF7C3FBB9F1000F06D1236C23B129
:10537000204840F2FE71FEF7B9FB00F0ABFDEFF301
:1053800011874FF0600383F31188BFF36F8FBFF372
:105390004F8FA66B66B394F8445049466DB22046D1
:1053A000FFF726FC013E6B1CA66311D1236953B1A4
:1053B00004F11000FFF73AF928B1B8F1000F02D05C
:1053C0000123C8F80030012087F31188BDE8F88375
:1053D000FEF712FF8542F6D27F2D04D1054840F634
:1053E0004401FEF783FB01356DB284F84450EAE7CF
:1053F0003046E9E7994D020010B5044620B9064849
:1054000040F69B01FEF772FB00F072FCA46B00F00B
:105410008DFC204610BD00BF994D020010B504461A
:1054200020B9034840F6C501FEF760FBA06B10BD34
:10543000994D020070B504460D46164600F058FC22
:1054400094F84430FF2B04BF002384F8443094F8D0
:105450004530FF2B04BF002384F8453000F066FC84
:10546000A36B2BB93246294604F12400FFF7B2F8AA
:105470002046BDE87040FFF7D0BB00F108034FF0B5
:10548000FF32C0E9022343600361002303607047D9
:1054900000230361704730B50C68631C0AD10369AF
:1054A0005A684A6091608B605960036808610133F3
:1054B000036030BD00F10802134652681568A5422A
:1054C000FAD9EDE7D0E9011203698A6051605968A1
:1054D000814208BF5A6000220261186801381860D2
:1054E00070470000914208B5416000610AD8D21AA5
:1054F00083699A420DD2084B011D1868FFF7CBFF54
:10550000002008BD9A4201D2994202D2034B011DEC
:10551000F3E70120F5E700BFA4880020A888002059
:1055200070B504460D461646A1692B4632462944FD
:105530002046FFF7D7FF00B970BDA36920461D4480
:10554000236A9847F0E700000E4B1B68DB6870B5D4
:10555000DC680546201D0E46FFF7B4FF94F82430A2
:105560005A0709D5324629462046FFF7D9FF236A54
:105570002046BDE87040184723F0010384F824302A
:10558000F5E700BFA888002010B5084C23681A680A
:1055900022B9074A11682160136010BDDB684FF023
:1055A000FF311868FFF7D0FFF0E700BFA8880020A0
:1055B000A4880020F8B50D4C00F09AFB25688DB941
:1055C0000B4F0C4E3846FFF758FF3046FFF755FF9C
:1055D000094B1F60094B2A460C2108201E60FFF76B
:1055E0009FFB2060BDE8F84000F0A0BBA088002031
:1055F000C0880020AC880020A8880020A488002053
:105600002DE9F0435A4E85B000275A4B1B68D3F85A
:105610000090B9F1000F2BD0DB68D3F80090002583
:10562000FEF7D4FDFEF7DAFD3368DFF854819842C7
:1056300004461FD33060002D49D04F4B1B681D68B6
:10564000B5FA85F56D09D8F800002A46A9EB0401E2
:10565000FFF7F0FEFEF7A8FE88B94FF0E0234FF009
:105660008052C3F8042DBFF34F8FBFF36F8F06E056
:105670000125D5E7FFF788FF3460FEF795FECDE9F9
:1056800001770397D8F80000002201A9FFF70AFD6F
:105690000028BAD0019B002BF4DB039C636913B193
:1056A000201DFFF70FFFFEF799FD3368984205466E
:1056B00001D2FFF769FF019B3560013B082BE1D860
:1056C000DFE803F00E0E31384E0E0E313800814502
:1056D000B9D8FEF769FE21464846FFF735FFCEE709
:1056E00094F82430A16943F0010384F82430029B2C
:1056F0002A4619442046FFF7F5FE0028C2D094F848
:10570000243059070AD5A36902992A46194420462C
:10571000FFF706FF236A20469847B3E723F001030B
:1057200084F82430F6E794F8243023F0010384F859
:105730002430A7E794F8243043F0010384F82430A0
:10574000029BA36123B90D484FF48261FEF7CEF9A5
:10575000A1692B462A4629442046FFF7C3FE91E75C
:1057600094F824309A07E0D4204600F0ADF989E798
:1057700098880020A8880020A4880020E74D020017
:10578000A088002007B5FFF715FF0D4B1B6843B934
:105790000C484FF4A371FEF7A9F9002003B05DF89F
:1057A00004FB094B01930423009308490848002394
:1057B0004FF48072FEF7DCFB0028E9D0EEE700BF73
:1057C000A0880020E74D02009C880020364E020091
:1057D000015601002DE9F041804628200D4616466D
:1057E0001F4600F0A9F80446D0B1002380F8243009
:1057F00025B90D4840F2A911FEF778F9FFF7DAFE56
:10580000069BC4F80080C4E906572362201DFFF7F9
:105810003FFE2EB194F8243043F0040384F8243082
:105820002046BDE8F08100BFE74D0200F0B50C4610
:1058300085B01646054620B9114840F2CD11FEF755
:1058400055F9104F3B68ABB1052CCDE901460395E6
:105850000BDCFEF79DFF0346022B38680DD10A9A38
:10586000002301A9FFF79AFA05E005484FF4EC710F
:10587000FEF73CF9002005B0F0BD00231A46F0E722
:10588000E74D0200A0880020F0B50C4685B0174611
:105890001E46054620B90D484FF40071FEF726F963
:1058A0000B4B186880B1052CCDE90147039506DD47
:1058B0000023324601A9FFF743FB05B0F0BD0348C2
:1058C00040F20B21FEF712F90020F6E7E74D020047
:1058D000A088002010B5044620B9034840F2852175
:1058E000FEF704F9606810BDE74D020010B50446EC
:1058F00020B9074840F29141FEF7F8F800F0F8F9B6
:1059000094F8244004F0010400F010FA204610BD81
:10591000E74D020010B5044620B9064840F2AE41FA
:10592000FEF7E4F800F0E4F9E46900F0FFF920463E
:1059300010BD00BFE74D02002DE9F84F431E0A33AA
:1059400038D810F0070300F1080505D0A3F10902CB
:10595000AA422FD31030C51A534EFEF737FC3368D6
:10596000F3B9524A524851071FBFD11D21F0070118
:1059700002F58042531A0CBF4FF480430A46134489
:10598000083B23F00703002141600260C3E90011D6
:10599000991AC2E900313360464B1960464B1960D1
:1059A000002D09DCFEF700FDFEF788F800263046E2
:1059B000BDE8F88F0025CFE73F4F3B68AB42F1D3FE
:1059C0003B4BDFF8E8A01C68544502D33B4B9C429C
:1059D00003D93B48F521FEF789F8DFF8D480DFF8DA
:1059E000DCB06368AB4204D2D4F80090B9F1000F88
:1059F0004ED13368A342D5D0D8F80060083656455A
:105A000002D32E4B9E4204D92D4840F20511FEF7D9
:105A10006DF82368C8F800306368AB4204D22848A8
:105A200040F20D11FEF762F863685A1B102A14D970
:105A300004EB050919F0070F04D021484FF48B71CE
:105A4000FEF754F863685B1BC9F80430D8F80030DF
:105A5000C9F80030C8F800902B4616493A68086823
:105A6000D21A824238BF0A603A6043F00043154AB6
:105A7000636000232360136801331360FEF794FC16
:105A8000730794D00E4840F25711FEF72FF88EE7B7
:105A9000D14501D3D94503D90948FB21FEF726F8A2
:105AA000A0464C469DE700BFE4880020F088002017
:105AB000E8880020DC880020E0880020EFC8002073
:105AC0003E4E0200D8880020F8B50546002868D070
:105AD000344FA0F10804BC4202D3334B9C4204D99A
:105AE00032484FF4B571FEF701F855F8043C002B2D
:105AF00004DB2E4840F26B11FDF7F8FF55F8083C27
:105B000023B12A484FF4B671FDF7F0FF55F8043C75
:105B1000002B46DA55F8082C002A42D123F0004326
:105B200045F8043CFEF752FB214A55F8043C116845
:105B30000B4413601F4B1A461E461B689C42FBD841
:105B4000964209D0BE4202D3174B9E4204D9174851
:105B50004FF4FD71FDF7CAFF7268B3189C4201BF94
:105B600055F8043C34469B187360616833686218CA
:105B7000934214D1104A1268934203D05A680A44DF
:105B800062601A6822600D4A1368A64203F101039D
:105B900018BF34601360BDE8F840FEF705BC1A4634
:105BA000F0E7F8BDF0880020EFC800203E4E02006C
:105BB000E0880020E8880020E4880020D4880020C5
:105BC000074B19680868B0E8F04F80F30988BFF305
:105BD0006F8F4FF0000080F311887047AFF30080A3
:105BE0009488002008480068006880F308884FF017
:105BF000000080F3148862B661B6BFF34F8FBFF325
:105C00006F8F00DF00BF000008ED00E00000000023
:105C1000EFF30980BFF36F8F154B1A681EF0100F5A
:105C200008BF20ED108A20E9F04F10602DE909002F
:105C30004FF0600080F31188BFF34F8FBFF36F8F79
:105C4000FEF760FC4FF0000080F3118809BC196872
:105C50000868B0E8F04F1EF0100F08BFB0EC108AD3
:105C600080F30988BFF36F8F704700BFAFF30080E8
:105C700094880020DFF80C00016841F47001016095
:105C80007047000088ED00E007B5002301930B4B3F
:105C90001B68013303D00A48F421FDF727FF4FF0BA
:105CA000600383F31188BFF36F8FBFF34F8F019BA6
:105CB000002BFCD003B05DF804FB00BF802B00205C
:105CC0009E4E02004FF0807340F8043C074B40F8B2
:105CD0000C3C21F001016FF0020340F8081C40F871
:105CE000202C40F8243C4438704700BF895C0100F8
:105CF0004FF0600383F31188BFF36F8FBFF34F8FB3
:105D0000084A13680133012B13600AD14FF0E023D6
:105D1000D3F8043DDBB223B103484FF4F471FDF72F
:105D2000E5BE7047802B00209E4E020010B5074C48
:105D3000236823B9064840F2EF11FDF7D7FE236828
:105D4000013B23600BB983F3118810BD802B002029
:105D50009E4E020008B54FF0600383F31188BFF335
:105D60006F8FBFF34F8FFEF74DFA28B14FF0E0234E
:105D70004FF08052C3F8042D002383F3118808BD2F
:105D800037B54FF0E0244A4BD4F8002D9A4204D1A5
:105D9000484840F23711FDF7A9FED4F8002D464BD4
:105DA0009A4204D143484FF49C71FDF79FFE4FF097
:105DB000E023D3F8084D414BE26A9A4204D03D48B3
:105DC00040F25711FDF792FEA26B3D4B9A4204D070
:105DD00038484FF4AC71FDF789FE00230193394B2D
:105DE0001A78D2B28DF80220FF221A701B78364A38
:105DF000DBB28DF803309DF8033003F060031370BD
:105E000023B92C4840F27B11FDF770FE9DF803305A
:105E1000DB4313F0600F04D0264840F27F11FDF7FA
:105E200065FE9DF8033013F0800F019B36D1082BDF
:105E300018BF019B254A14BFC3F1070300231B02AF
:105E400003F4E06313609DF802301E4A4FF0E02433
:105E5000DBB21370D4F8203D43F47F03C4F8203D37
:105E6000D4F8203D002543F07F43C4F8203DC4F81A
:105E70001C5D0CF0FBFF164B1D60FFF7FBFED4F81A
:105E8000343F43F04043C4F8343FFFF7ABFEFEF726
:105E900039FBFFF7F9FE284603B030BD013301930B
:105EA0009DF803305B00DBB28DF80330B9E700BF2B
:105EB00071C20F419E4E020070C20F41C15B0100D2
:105EC000115C010000E400E0F4C80020F0C80020EC
:105ED000802B002008B5EFF305830F2B0AD90E4A5B
:105EE0009B5C0E4A12789A4204D90D4840F27A31EE
:105EF000FDF7FCFD4FF0E0230A4AD3F80C3D126891
:105F000003F4E063934206D9BDE80840044840F238
:105F10008A31FDF7EBBD08BDF0E300E0F4C80020D6
:105F20009E4E0200F0C800200170090A41707047BF
:105F30000B0A017043700B0C090E8370C17070471F
:105F4000110A02704170110C120EC2701A0A03710C
:105F500042711A0C1B0E81708271C37170470088E8
:105F6000704700687047EFF3108072B600F00100D0
:105F7000704700B962B67047002807DB044A410940
:105F8000012300F01F00834042F82130704700BF1A
:105F900000E100E0002808DB4309044900F01F008D
:105FA00001224033824041F82320704700E100E0A5
:105FB00070B502690346FFF7D6FFD2F80445D2F860
:105FC00004115D68064659B105F180750021D2F8CB
:105FD00004455D60C2F8041193F90100FFF7DAFF90
:105FE00030462C43FFF7C5FF204670BD30B484789F
:105FF0000369BCB34FF48022C3F80823D3F80445E7
:10600000D3F8045142681DB1D3F8044502F18072FF
:1060100022438A1A002A4FF0010506DCC3F8085310
:1060200030BC90F90100FFF7B5BF022A07DCC3F8C6
:106030000453D3F804359C42F2D130BC7047B2F11E
:10604000807FB4BF21F07F4104F500044FF480222B
:10605000C3F80853B4BFC3F84815C3F84845C3F89C
:106060000423EAE74FF40022C3F80823C3F84C15D1
:10607000C3F84C41C3F8042301229A64D3F848358D
:106080005B1A002BD9DBCBE72DE9F8432D4C2669B1
:10609000D6F8483113B10023C6F84831D6F800319C
:1060A00013B10023C6F80031D6F8043133B1002310
:1060B000C6F80431636803F180736360A368013339
:1060C000A360FFF750FF4FF0010807464FF00009AB
:1060D000656945B1A3789BB11A48FFF769FFEB6882
:1060E000C31A002B12DA6369F3B9A278236932B3B9
:1060F0004FF48022C3F808230122C3F8082317E0D5
:106100002369C3F84880D3F84805E8E7D5E90432A5
:1061100043B15A616A691360D5E90130C5F814903A
:106120009847D5E7A261F5E7D9680648FFF75EFF13
:106130003846FFF71EFFD6F84831BDE8F8834FF424
:106140000022DAE7F8C80020052810B51FDC114B43
:1061500053F82030DBB11C78CCB9052817D10E4B91
:1061600001229A700B200D4A1A6158700C4B4FF4A3
:106170000062C3F88020BFF34F8FBFF36F8FE02220
:10618000084983F80B230CF061FE204610BD162051
:10619000FCE700BF60570200F8C8002000B00040D4
:1061A00000E100E089600100052838B567DC354B67
:1061B00053F82040002C62D0052823D1324B1D78A3
:1061C000002D5CD1B1F5004F59D11A69002A56D083
:1061D000D96001211970FFF7C6FE1A690446022032
:1061E00051609160C2F80855C2F80451C2F8040326
:1061F000116093F90100FFF7BFFE2046FFF7B9FEDB
:10620000002038BD2278002A39D1204B994236D857
:10621000B3FBF1F1B1F5007F31D823697BB30129DC
:106220000ED00123184600FA03F58D4222D3DAB2CC
:10623000013B9840081A6D1AA84201D2013AD2B225
:10624000124B01211341E3602170FFF78CFE23699B
:10625000054600205960D960C3F804050320C3F83F
:106260000805C3F81025196094F90100FFF784FEB2
:106270002846C3E701330A2BD5D11A46E0E716209A
:10628000BFE700BF60570200F8C800200024F400F8
:1062900005280DDC074B53F8200050B183780BB173
:1062A000FFF786BE036901229A64D3F84805704758
:1062B0000020704760570200052810B509DC064C25
:1062C00054F820402CB1C1E90123002048610C6042
:1062D00010BD1620FCE700BF6057020038B503462A
:1062E000002837D04269002A34D14268002A31D0D0
:1062F0000468C160FFF737FE6269D96805465AB97C
:10630000184640F8102F2246A06142F8143F5A6107
:106310002046FFF76BFE0DE0D068081A00280EDA61
:106320005069C3E90420036003F110005061626901
:106330009342EDD02846FFF71CFE002038BD1269BD
:10634000002AE9D11A61A2695A61136003F11002AF
:10635000A261ECE71620F1E770B5034668B3026866
:10636000FFF701FE0446586990B1566919699E42CB
:1063700012BF00260D46012679B1486158690160B7
:106380000021596126B155B1E9682868FFF72EFE52
:106390002046FFF7EEFD002070BD9061EEE7136927
:1063A00092783AB14FF48022C3F808230122C3F84F
:1063B0000823EDE74FF40022F9E71620ECE7F7B5E4
:1063C000089F0C469DB2099B0093164603463A4629
:1063D0002946204600F05AFC40B92B46BAB2214665
:1063E000304603B0BDE8F04000F0D0B803B0F0BDD7
:1063F00070B504680E461946238AB342054603D891
:1064000000230360204670BD30469047044670B1BB
:1064100029683346002200F07EF940B928683146E9
:1064200000F0CCF9286800F08CFB2860EAE72046F1
:1064300000F0FDF80024E5E708B500220421202043
:10644000FEF76EFC0A4B186000F08EFC00F094FC26
:1064500007F0BEF804F0DEFE00210520FFF774FE11
:106460004FF4004000F018F8BDE8084007F0E8BB22
:1064700014C9002008B54FF0FF3103480CF0F2F9C1
:1064800043689847F7E700BF14C9002000487047E9
:1064900014C9002007F01ABA01460520FFF784BE90
:1064A00013460A4601460520FFF706BFFFF716BF51
:1064B000FFF752BF0520FFF7EBBE0000014BA3FB27
:1064C00000307047D07B630843F60952C0F30803DD
:1064D000400A5343504300EB532070474379072B46
:1064E00000F1100298BF002300681344C01A80B264
:1064F00070478268C188128800F110031344026853
:106500000A44981A80B27047074A10B511680346CA
:10651000084618B909B15068083810BD04889C4273
:10652000FBD28068F5E700BF842B002010B50C4A31
:1065300013682BB9836053681860083050600CE012
:10654000198804888C42996801D80B46F1E781606C
:1065500011B900F1080151609860002010BD00BF22
:10656000842B0020024B0022C3E90023704700BFA8
:10657000842B0020044B1B68002003B970475A6825
:106580009B68D2881044F8E7842B0020103A0280E0
:1065900041600020704738B503888B4204460D46A1
:1065A0000CD3406800F0A1FB38B10023C360436006
:1065B00000F110032B440360846038BD0020FCE729
:1065C00010B50C46FFF7A0FF20B12146BDE81040F2
:1065D000FFF7E1BF10BD38B5038801F10805AB42F4
:1065E0000DD3FF2D0BD80021FFF7D5FF30B1036885
:1065F00045712B4403600023C0E9043338BD0020FB
:10660000FCE70830084410B580B20C46FFF77CFF69
:1066100020B1E1B2BDE81040FFF7DDBF10BD01467B
:10662000806808B510B1406800F086FB08BD10B561
:1066300000B910BDC468FFF7F2FF0028F9D1204669
:10664000F6E70346002003B97047DA88DB68104498
:1066500080B2F8E72DE9F0470F46154606460028B8
:1066600046D0D0F808A003469946DB68002BFBD142
:1066700048462C46FFF73DFF98B1A842A8BF2846E0
:106680000446D9F80030B9F80600224639461844C5
:106690000DF033F8B9F8063023442744A9F8063042
:1066A0002C1B002C05DD00215046FFF774FF8046AF
:1066B00038B97379072B16D8201E18BF0120BDE802
:1066C000F087BAF80020A242A8BF2246C28039460D
:1066D00000680DF012F8B8F80630C9F80C801F44B5
:1066E000E41AC146DDE7338A1D442D1B3582E3E7FA
:1066F0000220E4E710B508B910BD00210446C068C7
:10670000E3888B4202DC04D10028F6D111802046B8
:10671000F2E7C91AEFE7F7B50546084611460DF14D
:1067200006021F46FFF7E6FF064617B9384603B0D4
:10673000F0BDAEB1BDF80630F4883168E41ABC4251
:10674000A8BF3C46A4B2224619442846FFF782FF60
:106750000028ECD13C1BF668ADF80600A7B2E4E7D0
:106760000220E4E7F8B505461F4614463AB920462C
:10677000F8BD05B3EB888B4203DCED68C91A00292C
:10678000F7DC002C05DC002CD4BF0024012464427B
:10679000EDE7002DF7D0EE882B68761AA642A8BF49
:1067A00026461944384632460CF0A7FFA41BED6874
:1067B00037440021E5E74FF0FF34D8E770B50028F3
:1067C00030D000291ADA4B4204460025E2882646DA
:1067D000E4681544002CF9D19A42447923DB9BB23A
:1067E000D21A072CF2801DD9028AD31A19E0E41AB2
:1067F000D48014681C44146000230CE002460B464D
:106800000025002BF8D0D4889C42F0DCD580D268DB
:106810001B1B002AF5D14279072A03D9028A521A92
:106820001344038270BD294421EAE171072C88BF1B
:106830000182C3888B420446C06807DBE1800028E0
:10684000F0D0FFF7F4FE0023E360EBE7C91A00285D
:10685000EFD1E7E72DE9F7431E1E17461DDD0DF1C9
:106860000602FFF747FF044620B96FF0004003B06F
:10687000BDE8F0830025A946BDF80600E288731B39
:10688000121A9A42A8BF1A461FFA82F8B8F1000FEE
:1068900005D14544ADB2B5420AD10020E7E72368EF
:1068A00092B2791918440CF0B5FE0028F1D0DEE759
:1068B000E468ADF80690002CDED1D6E72DE9F04172
:1068C0000E4604464FF000082046FFF707FEE28818
:1068D00061792368B042A8BF304612FA80F20729D6
:1068E000A3EB0003E28088BF228A236083B284BFC7
:1068F0009B182382361A0CD00729A0680CD90839B6
:10690000C9B2FFF768FE054650B92046FFF78FFE73
:106910002C462046BDE8F0810021FFF73CFEF2E75F
:106920006279072A0CD900F11007384604F11001EA
:106930000CF0E3FE63796B711F442F6084F80580CF
:106940002846FFF7D6FD2B68EC6003442B602C46ED
:10695000BAE72DE9F34791460DF10602074688464E
:106960001C46FFF7C7FE054660B34FF0000ABDF8AE
:106970000600EE88361AA642A8BF2646002E07DD7E
:106980002B684946324618440CF0B7FEB144A41BAC
:10699000A4B1EB681BB1ADF806A01D46E7E7A2B2B3
:1069A00049462846FFF756FE48B97B79072B05D99B
:1069B0003B8A44449C42B8BF1C463C82002002B043
:1069C000BDE8F0874FF0FF30F9E710B503461A46EF
:1069D000DB68002BFBD1D1604379072B06D94B79BB
:1069E000072B0ED9038A0A8A1344038200234B71B2
:1069F00010BDDC88028ADB6822440282002BF8D1B9
:106A0000F4E70B46FAE72DE9F041D0F80880B8F832
:106A100000308B4205460C4602D20020BDE8F081D2
:106A200007463E46FF68002FFBD13046FFF761FD69
:106A3000A04207D239464046FFF7ADFD0028ECD012
:106A4000F0600646F38830681A19F2806A79072ADE
:106A500001D81844E2E72A8A14442C82F9E72DE988
:106A6000F041C5888D4204460E4630D2FFF741FD05
:106A70002844B0422EDBE76867B3751BAEB22546EB
:106A80002846FFF736FD8046FC88E8883968464589
:106A90003346A8BF43469C42A8BF1C462B682246EB
:106AA00018440CF02AFEEB88A2B21344EB80FB885A
:106AB0009B1AB61A9BB2B6B2FB80A8EB040823B3AC
:106AC0003B6823443B603C4676BBEC602C4620464A
:106AD000BDE8F081A068627903889B1A9E421EDCA3
:106AE0000021FFF758FD0546C8B16279072A0AD987
:106AF00000F11007384604F110010CF0FEFD637937
:106B00006B711F442F602746BAE73846FC68FFF7D1
:106B100086FD002ED9D03CB92846FFF780FD2046DF
:106B2000FFF785FD0024D2E72746ADE710B50C46F8
:106B3000FFF7C4FE20B12146BDE81040FFF78FBF2C
:106B400010BDC38870B5054613B12C46204670BDF4
:106B5000C468002CF9D0E38883B12046FFF7BEFC5F
:106B60006A799042F1D3627105F1100104F11000CD
:106B70000CF0C3FD2846FFF752FDE7E7E668EE603C
:106B80002046FFF74CFD3446E3E72DE9F843804605
:106B9000F0B109B1FFF719FF44462046FFF79EFC0C
:106BA00058B16379E288216804F11005072B88BF8A
:106BB000ED1828460CF03EFD2560E3882268E56864
:106BC000204602EB0309FFF794FC07462FB315B9E3
:106BD0004046BDE8F883EE882968BE4228BF3E469D
:106BE000B6B2484632460CF088FDE3883344E38071
:106BF0002B6833442B60EB88BF1B9B1BB144BFB297
:106C0000EB80EB88002BE1D1EB68E3602846FFF7CF
:106C100006FDE568002DF4D1D8E7002DD8D02C462C
:106C2000BBE7000070B5044610B10AB113B919B141
:106C3000032022E09D0725D19DF81400A07204983E
:106C40002260C4E90530E1802181A1801D46E36016
:106C500061B190071CBF22F00302043201205642AA
:106C600088420BDB0139514300234B51064B5A68D4
:106C700000202061146010345C6070BD134401304A
:106C80009B51EDE70420F8E718C9002013B5002454
:106C90000194049C0094FFF7C5FF02B010BD37B506
:106CA00001250195069D00950446FFF7BBFF08B935
:106CB000C4E9070003B030BD03689A07C2681CBF6F
:106CC00023F0030304338A420DD8808803FB00209D
:106CD000814208D2891AB1FBF3F203FB1211B1FA17
:106CE00081F0400970470020704710B598B1EFF36C
:106CF000108172B6C38801F001016BB1426914685A
:106D00004461013B04899BB29C42C38000D903814A
:106D100001B962B6104610BD1A46F9E7EFF31082CA
:106D200072B643690B60C38841610133C380D307E6
:106D300000D462B60020704710B50A46034680B101
:106D400079B1847AE40706D5C46924B12346026A7E
:106D5000BDE81040184711461846FFF7DFFF002036
:106D600010BD0320FCE70000024B0022C3E9002312
:106D7000704700BF18C9002007B5FFF7F3FB084BA9
:106D800001934FF492730093064A0749074806237C
:106D9000FFF715FB034803B05DF804EBFFF7C6BB34
:106DA000014F02003CC9002020C9002048C9002032
:106DB0002DE9F34110F0400805460E4617461C46E3
:106DC0000ED11868018AFFF7F9FC0623CDE900838C
:106DD000394622682B46304600F019FCC4F8008082
:106DE00002B0BDE8F08105F013BC7047172938BF29
:106DF00017218181704710B5044605F089FE30B136
:106E0000A38923B16089984228BF184610BD172076
:106E1000FCE710B50C46FFF7EEFF218A814205DD45
:106E2000411A2046BDE81040FFF7C8BC10BD37B579
:106E300004460D4604F0A8F86B4601AA29462046F0
:106E400005F0E6FB40B90098FFF7D5FF044604F0D3
:106E50009DF8204603B030BD0024F8E7A0F11703E9
:106E6000B3F5FC7F70B5054616D80C4B188004F0BE
:106E70008BF80026304604F05FFD044618B904F094
:106E800085F8204670BD042104F094FC837BDB0769
:106E900058BF45810136EDE70320F3E720D00020FD
:106EA00008B505F015FE38B104230381C380034BF8
:106EB0001B884381024B836108BD00BF20D00020A6
:106EC000116F010023280FD8052806D8022818BF03
:106ED00004280CBF012000207047044B0638C0B2C4
:106EE000C34003F00100704700207047551585240A
:106EF000012809D00338C3B21E2B04D80348D84058
:106F000000F0010070470020704700BF5555514800
:106F10002DE9FF41044605F030FE4FF6FF7398421D
:106F200005463BD0206926890DF107030122002187
:106F300004F11007FFF716FC70BB042E16D19DF864
:106F40000700FFF7D5FF88B104F01EF802AA03ABD3
:106F50003146284605F073FB024638B9029803997A
:106F600080F86C2000F016F904F010F89DF8070086
:106F7000DFF86080002398F80020904210D004D3FE
:106F800001331E2B08F10808F5D13B46324629464D
:106F9000FFF70EFF082418E0042416E0072414E08D
:106FA00020690121FFF70AFCD8F804303A4631463F
:106FB00028469847044640B1082C06D19DF80700A2
:106FC0003B4632462946FFF7F3FE204604B0BDE8B3
:106FD000F08100BF78570200024BF7221A80002090
:106FE000704700BF20D00020F8B506460F46104677
:106FF0000421154605F0EDFA044640B92B681A68DD
:107000003946D378B2F80120304602F07DFF2046A1
:10701000F8BDF7B506460F4610460221154605F0A5
:10702000D8FA044668B92B681D6803F0ADFF224604
:1070300001AB39463046FFF7D6FE044618B103F0DF
:10704000A5FF00250EE029880198FFF7CFFE0198E3
:10705000FFF7D1FE054603F099FF2A46042130468A
:1070600002F02CF930462B462246042102F074FF30
:10707000204603B0F0BD0820704708207047082064
:107080007047082070470820704708207047082084
:107090007047082070470820704708207047082074
:1070A0007047082070470820704708207047082064
:1070B0007047082070470820704708207047082054
:1070C000704773B5064615460C4699B101AA0221D0
:1070D0001B2000F04FF890B1048029460198FFF77B
:1070E00074FC019A0421304600F089F804462046D9
:1070F00002B070BD03242846FFF799FAF7E706248B
:10710000F9E7F7B506460F461D4614469AB101AA9F
:1071100002211D2000F02EF890B10480294601982C
:10712000FFF753FC019A3946304600F068F80446F0
:10713000204603B0F0BD03242846FFF778FAF7E7AE
:107140000624F9E708B502F02BFF002008BD013145
:1071500070B589B2064610461546FFF754FC044642
:1071600020B92846FFF763FA204670BD2C6804F862
:10717000016BF9E770B5164604460D4605F0FFF9B8
:107180000246306028B129462046BDE87040FFF72E
:10719000DEBF70BD70B505460E4614465AB990F86C
:1071A0006C30C3B9446EB4B16368436613B900F17F
:1071B00064038366103C23681878FFF783FE78B178
:1071C00095F86C304BB100236361AB6E04F1100293
:1071D00014341A60AC66002070BD012385F86C3051
:1071E00023681878FFF701FE21463046FFF711FEAD
:1071F000224631462846BDE8704005F04DBD37B502
:107200000446154603F0C0FE20466B4601AA042141
:1072100005F015FA044638B103F0B8FE2846FFF72A
:1072200006FA204603B030BDDDE900102A46FFF71C
:10723000B1FF044603F0AAFEF3E738B505460C4655
:1072400003F0A2FE284604F075FB836D2360BDE8C1
:10725000384003F09BBE2DE9F0430746147A9FB0F7
:1072600016461D46A1B1E00705D402232B7010205D
:107270001FB0BDE8F08304F0040904F0080804F02E
:10728000100449EA040454EA08040CD10020EFE792
:10729000A10701D40323E9E704F0200904F0400822
:1072A00004F08004EDE769463846FFF7C6FF59EA67
:1072B00008099DF8003038D013F001092BD103F0F4
:1072C00063FE384604F01EFB01AC80B103A904F054
:1072D00047FB0822494620460CF0C5F9DDF81300AB
:1072E000BDF817209DF819300190A280A37103F01A
:1072F0004DFE0AA9204606F021F850B99DF85030FD
:1073000013F0010F14BF0F200520287000F58070C6
:10731000AEE70520F9E7B8F1000F06D09A0704D4CC
:1073200005232B7040F20510A2E7727AB2EBD30F5F
:10733000ACD90C232B704FF4867099E72DE9F041FE
:1073400086B00546039300238DF817304FF6FF7380
:1073500098420C9F0C4616460FD12369019303AB4C
:107360000093D4F80C806189334601222846C04737
:1073700078B18DF81700092007E00A460DF11703D0
:107380000121FFF768FF0028E7D017B19DF81730FB
:107390003B7006B0BDE8F08110B5144605F019F950
:1073A000062814BF0023112304B1237010BDF8B5C3
:1073B000069F1D463B78102B038A164614BF1422E5
:1073C000062213448B4211DC1146FFF71CFB0446D6
:1073D00070B13146FEF7A8FD2946A01CFEF7A4FDBA
:1073E000211D384606F06AF80020F8BD0420FCE7AD
:1073F0000620FAE773B504460DF1060015461E4651
:10740000FEF792FD02220DF106012046FFF722F958
:1074100020B111233370062002B070BD29460DF152
:107420000600FEF781FD02220DF106012046FFF75E
:1074300011F90028EDD10120EEE7000010B5044657
:107440008068FFF7F4F821460248BDE81040FFF7D6
:1074500073BC00BF24D00020F0B51D4685B04FF6A8
:10746000FF730C4698424FF00001064617468DF810
:107470000F100DD12369CDE900730222E7686189FD
:1074800000233046B84750B18DF80F00092006E0C0
:107490000DF10F032246FFF7DEFE0028EAD015B1FA
:1074A0009DF80F302B7005B0F0BD2DE9F743DDF8E6
:1074B0002C9004460E4690461F4605F060F805469F
:1074C00000B30346CDF80090204600223146FFF776
:1074D00035FF044630B92E8A46450AD90E2389F86D
:1074E000003004242846FFF7A2F8204603B0BDE888
:1074F000F0833B46014632462846FFF733F90A9BA4
:107500001E80EFE70624EDE72DE9F04180461448A0
:107510000F4616461D46FFF7E8FB0446E8B1142265
:1075200000210CF0A0F80F4BC4F804801A882772D1
:10753000013292B21A80069BE360079B236100230D
:107540002360094B6672596862810C605C6015B9F2
:107550000020BDE8F0812A80FAE70620F9E700BFA5
:1075600040D3002060D300206CD30020014B18884A
:10757000704700BF60D30020044A0346106800B97A
:10758000704742899A42FBD00068F8E76CD300202C
:1075900070B50D46164640B90A4B1C681CB163898C
:1075A000B34204D90024204670BD0468F6E7002DDC
:1075B000F9D06068294605F037FF0028F3D0246829
:1075C000ECE700BF6CD30020036823B14068401A89
:1075D00020EAE07070476FF0004070472DE9F041FD
:1075E0000446084615461E46FFF7C6FF069F01469D
:1075F00028B90FB101233B700520BDE8F081069743
:1076000033462A462046BDE8F041FFF797BE2DE9F4
:10761000F84304460D4601200421BDF820909DF852
:10762000248016461F46FFF792FD58B1077080F878
:107630000380A0F80190324629462046BDE8F84371
:10764000FFF7DDBD0620BDE8F8832DE9F3410646CE
:107650009DF824800F461C46154672B1B8F1000F04
:1076600004D0A3B904F08BFF0446A0B92046FEF76E
:10767000DEFF284602B0BDE8F0811A46FFF7BFFDE5
:10768000054608B90024F1E74FF00E08EAE7198A29
:107690001846FFF793F8BDF828300093CDF8048022
:1076A0009DF82030224639463046FFF7B0FFE9E723
:1076B0002DE9F043042989B00646894617466AD168
:1076C0000DF1170202213846FFF766FE0446002836
:1076D0004AD13B688DF817001B680546B3F8008057
:1076E00003F052FC224607AB49463046FFF77BFBCE
:1076F000044600B303F04AFC002302939DF81730C0
:1077000001930223009322462B4604213046FFF7C3
:107710009CFF044658B903F037FC06AB07AA0421C6
:107720003046FFF760FB044608B303F02FFC204609
:1077300009B0BDE8F083079BB3F80A9003F026FC7C
:107740003D683C60298A2846FFF738F82A4602211E
:107750000320FFF7FCFC20B911238DF81730062415
:10776000CAE7A0F80090C7E70025A846C4E741464D
:107770000698FFF73BFB0698837B43F00103837376
:10778000FFF739FB054603F001FC2A460421304689
:1077900001F094FDCBE70824C9E700002DE9F04F84
:1077A0008BB0164605908A4600240DF1270204216D
:1077B00030468DF82740FFF7EFFD0546002875D1CC
:1077C00034682368B3F80080B3F802B0D84502D813
:1077D000B8F1000F14D101238DF8273000240A25B9
:1077E0009DF827300193042300930598CDF8088075
:1077F00023462A465146FFF728FF0BB0BDE8F08F1D
:10780000218A30602046FEF7D9FF2246012105205B
:10781000FFF79DFC074620B911238DF82730062578
:10782000DEE705985146FFF702FB214B3D701E68CD
:107830000690A94616B173899B4505D2B9F1000F90
:1078400016D04FF00008CBE798452DD871683B78EB
:107850000978102914D183B901233B700421238AAC
:10786000069A0B449342E9DC2046FFF7CCF880B936
:107870000A238DF827300525B2E7012BEED0DDE78E
:1078800023B94FF002033B701221E8E7022BFBD033
:10789000D4E771890790FEF747FB079B7068991C36
:1078A00005F00CFE09F101093668C3E7A04697E729
:1078B0006CD300202DE9F04F8FB01646059181461C
:1078C00000240DF12102062130468DF82140FFF7FA
:1078D00063FD054600285FD133681B68B3F800805C
:1078E000B3F802B0D84502D8B8F1000F14D1012383
:1078F0008DF8213000240A259DF8213001930623BC
:1079000000930599CDF8088023462A464846FFF79C
:107910009CFE0FB0BDE8F08F9F8804F030FE044657
:1079200050B1024629460720FFF711FC38B9112350
:107930008DF821300625DFE734683560F7E70599D3
:107940004846FFF774FA3368069310238DF8243005
:107950004A4BADF826701E6804902F46AA463EB1E9
:107960007389984524D8BAF1000F18D19B4541D2AC
:10797000238ABAF1000F0DD004991A1D914209DB38
:107980000DF121033A4651462046FFF733FD012809
:10799000D0D1238A012B69D94FF00008ACE79DF8BC
:1079A0002430102B13D172681378102B02D07789F2
:1079B0003668D4E709A8079205F051FD034642F660
:1079C00001008342079A32D8B3F5205F40D2238A60
:1079D00004991A1D9142DDDB0DF121033A4651460F
:1079E0002046FFF707FD012845D173895B454FF01D
:1079F000000739D8706809A905F016FDA0B90DF186
:107A0000210301930DF12203009310220AAB3146AA
:107A10004846FFF74AFD78BBBDF8223006980AAA0F
:107A20000621FEF717FFE0B14FF0000AC0E742F66B
:107A300003008342CBD11046079305F010FDA0F55B
:107A4000205292B2012AC2D9079B9842AFD1BEE719
:107A5000104605F004FDA0F5205080B20128A6D8FC
:107A6000B5E77789BA46A3E7BA4681E70A238DF8D6
:107A70002130052540E7062005463DE76CD3002070
:107A80002DE9F04F13681E8A97B00025062E059049
:107A9000079117468DF82D5001D0142E12D10DF1FB
:107AA0002D0231463846FFF777FC044628BB39687B
:107AB0000B681D885B8806939D4200D89DB9012301
:107AC0008DF82D3000260A249DF82D3001930823CF
:107AD000009307990598029533462246FFF7B5FDB6
:107AE00017B0BDE8F08F331F042211A805F0D4FCB5
:107AF000044628B104248DF82D4000252E46E3E7E6
:107B00003E688DF82D00318A38603046FEF756FE0B
:107B1000324601210920FFF71AFB814628B91123BB
:107B20008DF82D30054606202CE007990598FFF7C3
:107B30007EF9031F9BB28246A046A34627460893C0
:107B40003846069A11A9FFF723FD0746002852D0B0
:107B50004389AB42F4D30DF12D0301930DF12E03B4
:107B6000009301460CAB05981322FFF79EFC58B119
:107B70007D89BBF1000F2BD19DF82D30002B3CD01F
:107B800000283ED004469FE7BDF82E20AAF103034B
:107B90009342DEBF089A1346ADF82E30B8F1000FBD
:107BA0001ED1BDF82E80338A023313449A45E0DBA0
:107BB000911C89B230460992FEF725FF7B89099A0C
:107BC00088B911228DF82D201D46BBF1000FAAD0D7
:107BD000002308F102088DF82D3089F8008073E742
:107BE0009045E0D0C5E720F8023B0CA90BF085FDDD
:107BF0004FF0010BA4E70520BBE70A238DF82D30D9
:107C0000BEE7052460E72DE9F04786B017460DF181
:107C1000170A8046894600265246022138468DF8CA
:107C20001760FFF7B9FB044650BB3D682B68298AF3
:107C30001E8838602846FEF7C1FD2A4621460B20E3
:107C4000FFF785FA90B911238DF8173006249DF8B7
:107C5000173001930A23009302962B462246494689
:107C60004046FFF7F2FC06B0BDE8F0872246CDF8AB
:107C700000A02B4631464046FFF7B0FC0446E6E73D
:107C80003546E4E72DE9F04F87B017460DF1170AA6
:107C90008046894600265246042138468DF81760F2
:107CA000FFF77AFB044660BB3D682B68298A1E8873
:107CB000B3F802B038602846FEF780FD2A46214618
:107CC0000D20FFF744FA90B911238DF817300624E0
:107CD0009DF8173001930C23009302962B46224601
:107CE00049464046FFF7B1FC07B0BDE8F08FCDF83C
:107CF00000A02B465A4631464046FFF76FFC04462B
:107D0000E6E73546E4E72DE9F04F87B000248846E2
:107D1000164607468DF81740FFF789F8814604F0AC
:107D20002EFC054690B1024621460F20FFF70FFAC0
:107D3000044668B10DF1170B33681B8A012B02D979
:107D40002B8A4B4518D30024A24606E035683460E0
:107D500011238DF817304FF0060A9DF81730019364
:107D60000E23009302942B46524641463846FFF7B5
:107D70006CFC07B0BDE8F08F5A4602213046FFF791
:107D80000BFB8246A0B933681868FEF7E8F80221B9
:107D900004463068FEF712FD5246CDF800B02B467F
:107DA00021463846FFF71AFC82460028C4D0D4E7A3
:107DB0000024D2E7082070472DE9F04F13688B4666
:107DC000198A99B000250629069017468DF8255086
:107DD00001D0142913D10DF125023846FFF7DCFA42
:107DE0000446002840F0D68039680B681D88B3F837
:107DF00002904D4500D89DB901238DF8253000260D
:107E00000A249DF8253001931023009306980295CB
:107E1000334622465946FFF718FC19B0BDE8F08FEB
:107E20000B8A0422043B0EA805F036FB824608B1FB
:107E30000423E2E70EA805F012FBA0F5205080B263
:107E4000012805D9102326468DF825301C46D8E791
:107E5000594606988DF82540FEF7E9FF3E680590E3
:107E6000318A3C603046FEF7A9FC324601211120E0
:107E7000FFF76DF9804620B911238DF825300624CF
:107E8000BFE7484A80F800A0176854465246C7B971
:107E9000002A72D04FF6FF7413AB00930599234666
:107EA0003046FFF784FA0628044602D111238DF8E4
:107EB0002530338A022B69D80A238DF82530052412
:107EC0009FE77B899D420DD8994566D30792DAB129
:107ED000786805F0C4FAA0F5205080B20128079A0E
:107EE00002D97C893F68D2E713AB009305992346FA
:107EF0003046FFF75CFA044630B106287D8924D16C
:107F000011238DF825307CE778680EA905F08CFAEE
:107F1000002839D10DF1250301930DF126030093BB
:107F200010220AAB39464FF6FF70FFF7BEFA04463F
:107F300038B9BDF826200AA913A805F056FA044658
:107F400028B17D89042C7FF45CAF002459E798F8B0
:107F50000030062B0DD0142B11D073B99DF84C3086
:107F6000102B0CBF0623142388F800307A8914469E
:107F7000B8E79DF84C30102BF8D0002499E79DF815
:107F80004C30102BF2D1F8E70022ABE7002C3FF485
:107F900038AFD7E700252E4633E7002A7FF47CAFC1
:107FA000EBE700BF6CD300202DE9F043164687B005
:107FB0000746884600250DF11702022130468DF84C
:107FC0001750FFF7E9F9044600283AD133681B68D7
:107FD000B3F8009004F0D3FA0546C8B10246214632
:107FE0001320FFF7B4F8B0B911238DF81730062429
:107FF0009DF81730019312230093CDF808902B467B
:10800000224641463846FFF720FB07B0BDE8F08323
:1080100035683460E8E730680221FEF7CFFB484658
:10802000FFF7AAFA014620B901238DF8173005247D
:10803000DEE70DF1170332463846FFF70DFA044626
:10804000D6E7A946D4E773B5144605460DF10702F5
:1080500002212046FFF7A0F980B9206803681E8836
:108060000221FEF7ABFB3046FFF786FA014638B136
:108070000DF1070322462846FFF7EEF902B070BD66
:108080000520FBE710B50446206800B910BD036861
:108090002360FFF7D3F9F7E72DE9F04F8BB01646D1
:1080A000079107464FF0000A0DF1270204213046E0
:1080B0008DF827A0FFF770F90446002840F099805A
:1080C00033681D68B5F800904846FFF755FA8046BA
:1080D00098B901238DF8273005249DF827300193A6
:1080E000162300930799CDF8089043462246384658
:1080F000FFF7ABFA0BB0BDE8F08F024621460DF159
:1081000027033846FFF7A7F80446002874D102F089
:108110003BFFB5F800B01FFA8BF30593B5F802A04A
:108120001FFA8AF3069338463368049303F002FC7F
:1081300080463248FEF7D9FD0546A0B909238DF8DF
:108140002730062402F022FF0023D6F80080336097
:10815000002CC2D101214046FEF7B0FBD8F8003018
:1081600017221A70B9E70C2221460BF07CFA04F0B2
:1081700006FAA86020B92846FFF760F91123DEE768
:10818000049B04991B8AA5F804B0043BA5F806A03B
:108190009BB20422FEF7BFFA044630B12846FFF72F
:1081A0004DF909238DF82730CCE7D8F844C00246B2
:1081B00063461BB19888059981420ED2AAB9C5F8C9
:1081C00000C0C8F84450FCF70FF800F5EA40303022
:1081D000C8F8480002F010FFB4E703D1D888069928
:1081E0008842EBD81A461B68E3E713682B601560DA
:1081F000E9E7D146D04670E7D0466EE724D00020AC
:108200002DE9F04F89B01546059181460DF11A020E
:1082100001212846FFF7C0F80446002840F092806C
:10822000D5F80080D8F80030B8F810101E78286013
:108230004046FEF7C3FA424621461920FEF787FF63
:1082400080B102F0A1FE484603F074FB456C446423
:1082500002F09CFE002E3DD1264607A80795FFF7A9
:1082600011FF04E0112326468DF81A3006249DF8EC
:108270001A3001931823009305990296434622462B
:108280004846FFF7E2F909B0BDE8F08FF9881AB166
:10829000BE889088B04203D041B1BE8807230DE06C
:1082A0009068D288008A02448A42F7D1BA68128A5A
:1082B0000A44B2F5007F05DDBE880D238DF81A3023
:1082C0000924CAE73A463F68002FDFD12DB92B4673
:1082D0002E462AE02F462246F6E7AE88AA464FF001
:1082E000000BAA88B2420AD1BBF1000F25D1D5F804
:1082F00008B0AF602D685046FFF7A0F8DDB93046F2
:10830000CDF81CB0FFF738F90DF11B03014607AAA1
:108310004846FFF7A1F883460798FEF788F9BBF1B6
:10832000000FD3D09DF81B402346002C8DF81A3047
:1083300018BF092491E7AA46D3E7A9685846FEF773
:1083400044FBD6E70026B04691E7F7B5154606464A
:10835000002202212846FFF71FF80446A8B92B681F
:108360001B681F889FB101A93046FEF766FF286889
:108370000221FEF723FA2A6823463946304600F0E8
:1083800019FF2C60204603B0F0BD0624FAE70A244A
:10839000F8E7082070472DE9F043154687B080467E
:1083A0008946002202212846FEF7F6FF044680BBDC
:1083B0002B681B681F8887B304F0E1F8064640B1BC
:1083C000024621461E20FEF7C2FE28B911230624CC
:1083D00012E02E682C60F9E705A94046FEF72DFF54
:1083E00028680221FEF7EAF901232A683946404647
:1083F00000F0E0FE2C602346CDE901371D230093F9
:108400002246334649464046FFF71FF907B0BDE80C
:10841000F08300231E461F46EEE73B463E460A24F5
:10842000EAE7000073B5134C134D20680AF0B4FF5F
:1084300028880023236018B90025284602B070BDA3
:10844000142670430AF0A0FF0346206078B10B4A5F
:10845000009229880A483246FEF718FC0028EBD023
:108460000B2520680AF098FF00232360E5E7062526
:10847000F7E700BF5CD3002038D50020084F02008A
:1084800040D3002007B50B4B00930B480B4B0C223D
:108490004021FEF7FBFB50B9094BC3E90003094B30
:1084A000C3E90003084B188003B05DF804FB0B2000
:1084B000FAE700BF1F4F020024D0002040D0002068
:1084C0006CD3002064D3002060D3002070B588B046
:1084D00001AE0C463146054603F042FA96E8030029
:1084E00004F10803606023F8021B090C1970DDF821
:1084F0000B30C4F80B30BDF80F30A4F80F309DF8E6
:1085000011306374DDF81230C4F81230BDF8163043
:10851000E3829DF818302376DDF81930C4F819305D
:10852000BDF81D30A4F81D309DF81F30E377AB88EF
:108530002384AB8B6384EB8BA3842B8CE38495F82F
:10854000223084F82930AB6D236095F82830DB4366
:1085500003F0010384F8283008B070BD1FB5002374
:108560008DF80C000093012203A942F20A0003F0E7
:1085700003FB05B05DF804FB0B4A116838B50C46E7
:1085800000230CB9204638BDA58A854202D0234677
:108590002468F6E723B90B68136002F02DFDF1E7BC
:1085A00022681A60F9E700BF80D3002010B40C469F
:1085B00011461CB123465DF8044B18470278042A83
:1085C00007D1D0E901120B6813604B6853608B68C8
:1085D000936000205DF8044B704770B50D4604466B
:1085E00002F0D2FC284603F08DF950B1D0E91756BD
:1085F00002F0CCFC324629462046BDE87040FFF729
:10860000D5BF02F0C3FC072070BD0000014610B1C9
:108610000148FEF791BB704784D3002038B5054B65
:108620001C68054604B938BDD4E90031284698478E
:10863000A468F7E7B8D3002030B58FB0342200210A
:10864000044601A80BF00FF8092301A88DF80430A7
:108650000294FFF7E3FF02F097FC094A1388D2E97E
:10866000024523F4875323F01F03138002F0C4FC58
:1086700002F08CFC14B1294601A8A0470FB030BD10
:10868000BCD3002038B5104D2B78BBB16B78DB061E
:1086900014D56C68FBF7A8FD201A002810DC002018
:1086A000FFF75CFF68B92B8823F4875323F01F037F
:1086B0002B8002F0A1FC0D20FFF7BEFF6FF0004001
:1086C00038BD6420FCE700BFBCD3002038B5094D9D
:1086D00000202C78FFF742FF58B92B8823F48753EA
:1086E00023F01F032B8002F087FC013C18BF0124FC
:1086F000600038BDBCD3002038B505460C4602F0FA
:1087000043FC284603F0FEF818B902F03FFC0720AE
:1087100038BD14B12146FFF7D9FE02F037FC002026
:10872000F6E77047F0B50E46017891B0054659B1AD
:108730003C2906D1614B1B78012B02D10020FFF7A9
:108740007BFF002011B0F0BD408802F0EDFF002853
:10875000F7D02B79002B00F08480012B00F088806B
:10876000688803F083F8AB898383EB89C3832B8A02
:108770000384AB7C80F8223029790446002940F03C
:1087800081804F4B9A68C265DA68026690F82820AB
:1087900042F0010280F828205A7CC2F34102827123
:1087A0001A886FF308021A805A7C61F3C3025A7464
:1087B00002F022FC6B79E3710622A91804F108008B
:1087C00001270AF09AFF05F11906062205F11301A7
:1087D000A77304F10F000AF090FF00230622314630
:1087E0000DF10D000393CDF80F300AF013FF0028B0
:1087F0005BD1E379BB420ED1637B03F0C003402B16
:1088000009D1D4F80730C4F81530B4F80B30A4F807
:108810001930637BE37602F0B7FB3422002103A812
:108820000AF021FF204603F079F8002402F0AEFBA5
:108830006B88ADF8143003A88DF80C400494FFF752
:10884000EDFE698803A8FFF7C8FE6B88ADF8083015
:1088500000942346022202A942F2160003F08CF98A
:108860006FE7174B1B78022B3FF47AAF052069E7BF
:10887000002EFBD1114B1A78012AF7D15B781B0728
:10888000F4D56DE70D4A310102EB0616B368C365F6
:10889000F36803667378C3F301038371535A23F4B7
:1088A000875323F01F03535282E767750622314630
:1088B00004F116000AF021FFADE700BFBCD3002091
:1088C000CCD3002038B5044602F05EFB608803F08C
:1088D00019F8054628B163781BB9201DFDF741FB47
:1088E0006862BDE8384002F051BB30B58FB0044635
:1088F0000D463422002101A80AF0B5FE05232146C9
:1089000001A88DF80430ADF810400295FFF765FE20
:108910000FB030BD70B58EB04588044634220021BA
:1089200001A80AF0A0FE12238DF8043063780293A8
:1089300023798DF80E3001A863798DF80F30AEB22F
:10894000ADF80C50FFF76AFE314601A8FFF745FE6F
:108950000EB070BDF7B52A4D2B78C3B16B78DB072D
:1089600015D56C68FBF740FC241A002C11DC2B7821
:10897000022B0CD1002300931A46194642F20E0036
:1089800003F0FAF800BB6B7860F300036B706FF0D4
:1089900000441C4F02F0F8FAFBF726FC3A68014647
:1089A0006FF000454FF6FF7082B9D5B102F0EEFAD4
:1089B000AC42A8BF2C46FFF765FEA0421CDC03B00A
:1089C000BDE8F040FFF75EBE6624E2E713695B1A7C
:1089D00023EAE373AB42B8BF908A1268B8BF1D4662
:1089E000E2E7FFF7C9FD064602F0D0FA002EDFD01D
:1089F0003046FFF70BFECDE7204603B0F0BD00BFC9
:108A0000CCD3002080D300202DE9F0438BB08046EA
:108A10000F4691461D4602F0E7FA002800F0C0809C
:108A200002F0B2FA002D00F09780B8F1030F00F2C7
:108A300093806B78022B00F28F805A4E3378002B94
:108A400040F0AA802B78012B00F08280022B76D098
:108A5000002B40F081802B7AD9077DD46FF0004342
:108A6000994505D003A948460AF09BF8002873D120
:108A700073785B0700F19280404603F012FD0446D4
:108A8000002856D1129BB360139BF3602A780490A0
:108A9000111E18BF012108F0030343EAC1037178D6
:108AA000CDF8130021F00B010B4373706988AB887C
:108AB00051EA030003D1002A50D1F023A021ADF8E0
:108AC0001810ADF81A30002A4BD0012A4FD004A953
:108AD000002F18BF3946062211F8013B8DF81C40C3
:108AE0000DF11F008DF81E308DF81D800AF005FE77
:108AF000AB79002B08BF07238DF82530EB798DF873
:108B00002630002300930F2206A942F2060003F04C
:108B100033F8044668B901203070FFF71FFD0446A2
:108B200060B3338823F4875323F01F03338002F0AC
:108B300063FA02F02BFA20460BB0BDE8F0832B7AE3
:108B4000DA0709D402F022FE002887D10624F0E7D4
:108B500017B13B78032BF5D90324EAE760233021D2
:108B6000ADE76B78002B14BF02240324AFE72B7A08
:108B700013F0010F0CBF04240124A8E76FF0004399
:108B80009945D6D0039DFBF72FFB7378054443F03E
:108B9000100375607370CAE70224CAE71D24C8E792
:108BA0001E24C8E7BCD3002030B58BB005460C4668
:108BB00002F01AFAB8B115B91CB1032011E01F2C4C
:108BC000FBDC224629460DF109000AF096FD002340
:108BD0000093202202A942F208008DF8084002F01A
:108BE000CBFF0BB030BD1E20FBE710B58AB00446AA
:108BF00002F0FAF970B11F230DF1070202A9204615
:108C000002F075FD20B99DF8071002A8FFF7CCFF10
:108C10000AB010BD1E20FBE7024B1878431E5842D5
:108C200058417047BCD30020002070470020704797
:108C30001FB590F8283013F00203044614D182883F
:108C4000ADF80C208DF80E100093032203A940F21A
:108C5000064002F091FF28B994F8283043F002034F
:108C600084F8283004B010BD0220FBE738B5054673
:108C70000C4602F0B9F978B102F086F9284602F004
:108C800041FE38B12146FFF7D3FF044602F07EF9DA
:108C9000204638BD0724F9E71E24F9E730B58FB028
:108CA00004460D463422002101A80AF0DCFC03230F
:108CB00001A88DF80430ADF80C400295FFF7AEFC2A
:108CC000214601A8FFF789FC0D2D03D11321204671
:108CD000FFF7CCFF0FB030BD2DE9F0418EB034224C
:108CE00004460D4601A800210AF0BDFC02F04CF933
:108CF000204602F007FE064620B902F047F90EB002
:108D0000BDE8F08103A9FFF7E1FBD6E9177802F08F
:108D10003DF902F039F92046FFF72EFC064602F035
:108D200035F936B120462946FFF7B8FF3046FFF740
:108D30006DFC2946204604F06DF9204601F016FD31
:108D4000204601F055F9204602F0E6FE204602F0EA
:108D5000D5FC012301A88DF804300295FFF75EFCD5
:108D60004246394601A8FFF721FCC8E770B5B0F8C4
:108D7000016003788EB00446B5B24BB9C17809B131
:108D800001F5007128460EB0BDE87040FFF7A4BFA2
:108D90003422002101A80AF066FC06238DF8043075
:108DA0002378ADF80C600BB103F5007301A80293B2
:108DB000FFF734FC294601A8FFF70FFC0EB070BD89
:108DC0002DE9F04105468EB04FF6FF7402F0C0FC6D
:108DD000A04203D02946FFF77FFFF7E7154B1B782A
:108DE000012B02D12846FFF727FC134C2378022BD6
:108DF0001DD102F0C9F823886FF30803D4E9027883
:108E00002380637C002623F00803637402F0F4F8E7
:108E1000267402F0BBF857B13146342201A80AF09B
:108E200022FC8DF804600295414601A8B8470EB0B7
:108E3000BDE8F081BCD30020CCD3002070B590B049
:108E400004463422002103A80AF00DFC0822002168
:108E500001A80AF008FC02F097F86688304602F094
:108E600051FD18B16378E3B11A2B2AD0BDF8043054
:108E700023B93046FFF780FBFFF7C8FB02F086F806
:108E8000BDF80430002B3BD001A9204A0023304616
:108E900004F044F8014610B13046FFF7FFFE10B071
:108EA00070BD6279237943EA02238383E279A3794F
:108EB00043EA0223C383237A627A43EA02230384C8
:108EC000D4E7134B1D68002DD0D0AB8AB34201D03C
:108ED0002D68F8E790F82830DB07C7D4AB88ADF8E9
:108EE0000430EB88ADF806302B89ADF808306B897B
:108EF000ADF80A30FBF778F900F520402861B5E7B6
:108F000061780029C8D001F50071C5E7158F01000F
:108F100080D3002070B504460D4602F035F8204697
:108F2000FFF72AFB064602F031F84EB13046FFF754
:108F30006DFB2DB129462046BDE87040FFF7AEBE5F
:108F400070BD2DE9F04134229AB0044600210DEBAA
:108F500002000AF088FB2279E37843EA0223ADF8A5
:108F60000C30A279637943EA0223ADF80E30227AFD
:108F7000E37943EA0223ADF81030A27A637AB4F8B9
:108F8000014043EA02230025ADF81230059503AEF7
:108F900096E807000DF1180888E8070034222946F2
:108FA0000DEB0200A7B20AF05EFB042339460DA8C0
:108FB0008DF83430CDE90E68ADF84040FFF70DFB79
:108FC000ADF82440034690BBBDF81820ADF826202C
:108FD000BDF81A20ADF82820BDF81C20ADF82A20D5
:108FE000BDF81E20ADF82C20BDF82020ADF82E20B5
:108FF000BDF82220ADF8302000900E2209A942F2DF
:10900000200002F0B9FD044670B101F0BDFF384602
:10901000FFF7B2FA054601F0B9FF2846FFF7F6FA66
:1090200021463846FFF73AFE1AB0BDE8F0818DF8C8
:10903000260000952B46032209A942F2210002F0E6
:109040009BFDF1E72DE9F0410B884A88934288B0F7
:1090500006460C4600F2A380052B40F2A080B2F534
:10906000486F00F29C808B88B3F5FA7F80F0978080
:10907000C988013313FB02F3B1EBA30F40F38F80D8
:1090800001F0B2FF002800F08C80082200210DEBD7
:1090900002000AF0E8FA01F077FF304602F032FCF5
:1090A000804630B901F072FF4546072401F0A4FF65
:1090B00064E03D4B1F68002F39D13C48FDF715FE99
:1090C000054600283DD0182239460AF0CCFA20681F
:1090D0006168AE822B1D03C3A0681860FBF784F89B
:1090E000D8F8243000F520409A0728612DD5238830
:1090F000ADF812306388ADF81430A388ADF816309F
:10910000E388ADF818302389ADF81A306389ADF8DB
:109110001C30002300930E2204A942F21300ADF884
:10912000106002F029FD044601F030FFBEE7BB8A63
:10913000B34201D03F68BEE701F028FF02240025BA
:10914000B4E701F023FF0624B0E798F82830DB07E6
:10915000CDD401F01BFF2388ADF808306388ADF84B
:109160000A30A388ADF80C30E388ADF80E30104A11
:109170003B4602A9304603F0D1FE044601F004FF4D
:109180004CB9094B1A682A601D6001F0FFFE2046A9
:1091900008B0BDE8F0812846FFF738FAF5E7032468
:1091A000F5E71E24F3E700BF80D3002084D300201E
:1091B000158F0100F0B58FB004460F46164600210A
:1091C000342201A81D460AF04EFA0C238DF8043013
:1091D0009DF81030ADF80E4065F3000301A88DF83E
:1091E0001030ADF80C700296FFF718FA214601A86E
:1091F000FFF7F3F90298FDF71AFA0FB0F0BDF0B5DA
:109200008FB00C46074616460021342201A81D46A1
:109210000AF029FA0D238DF804309DF81030ADF8CE
:109220000C4065F3000301A88DF810300297ADF8EB
:109230000E60FFF7F3F9214601A8FFF7CEF90FB052
:10924000F0BDF0B58FB005460F461646002134221A
:1092500001A81C460AF007FA9DF85020ADF8085006
:10926000003A4FF00E038DF8043018BF0122231E80
:1092700018BF012343EA42039DF85420ADF80A7059
:10928000003A18BF012243EA82039DF858208DF866
:109290000C60003A18BF012243EAC2039DF80D207A
:1092A00022F00F02134301A88DF80D30FFF7B6F935
:1092B000294601A8FFF791F90FB0F0BD70B58EB047
:1092C00004460E4615460021342201A80AF0CBF9C7
:1092D0000F2301A88DF80430ADF80840ADF80A60FE
:1092E000ADF80C50FFF79AF9214601A8FFF775F980
:1092F0000EB070BD08B5FFF7E9F920B9024A5378FE
:1093000043F00403537008BDBCD3002008B501F03E
:109310003BFE054B5B785B0701D4FFF7EBFFBDE835
:10932000084001F033BE00BFBCD30020F0B5224D91
:1093300022488FB04FF0FF3109F04CFB082200218A
:1093400028460AF090F901F01FFE1D4A53785C0789
:1093500044BF23F0040353701A4BD2E902011A7C74
:109360004FF0000448BFC5E90001012A03BF1C7487
:10937000D3E902671446274618BF264601F006FEC9
:10938000092329688DF804301D23029319B16A68F6
:1093900001A8FFF70BF9094809F02EFB4CB108238F
:1093A0008DF804303A461D23314601A80293FFF799
:1093B000FDF80FB0F0BD00BF74D300207CD30020B7
:1093C000BCD30020CCD3002010B50B4C2268134630
:1093D0000BB9052010BD834207D09B68F8E7134600
:1093E00092688242FBD1996003E09A429968F6D173
:1093F00021600020EEE700BFB8D3002013B514228F
:10940000002110480AF02FF9102200210E480AF01E
:109410002AF90E4809F0D3FA044680B90C4B1860BB
:109420000C4B18600C4B00930C480D4B182201217B
:10943000FDF72CFC18B101280CBF06240B24204694
:1094400002B010BDCCD30020BCD300207CD30020C0
:1094500080D30020B8D300203B4F020084D30020EB
:10946000A0D3002043680A689B1A002B06DD4A68D7
:109470009A4201DC002070474B60FBE701207047F7
:10948000407B00F001007047034630B10E2808BF52
:10949000002103480380418070470146F9E700BF7F
:1094A000E0D30020034610B5084641B1062907D194
:1094B0005A7B084C42F001025A7323680BB100201A
:1094C00010BDFAF791FE10F580600ABF01232060FD
:1094D0002360F4E7E4D300202DE9F74F0024184F70
:1094E000C3E900438046894692461E4601F04CFD82
:1094F0003D68A346A5B12A68019249462846C0475F
:10950000019AC8B18CB93B681B683B6003B97F60A6
:109510007368C5F800B0BAF1010F1D6075600CD119
:1095200003B0BDE8F04F01F031BD23681B68236034
:10953000002BEDD17C60EBE72C461546DAE700BF47
:10954000E8D30020028A018901230D20FFF757BECE
:1095500010B50548FDF7C9FB044618B13C220021AF
:109560000AF081F8204610BDF0D30020072938B555
:1095700004460D460AD12846228A21890123FFF795
:109580003EFE2089BDE8384001F00ABA018A008910
:1095900001F032FA0028EED038BD000010B5064CBC
:1095A000236833B1FAF720FE2368181A20EAE07026
:1095B00010BD6FF00040FBE7E4D30020014610B17E
:1095C0000148FDF7B9BB7047F0D3002010B5044641
:1095D000A9B9437BDB0704D4FAF706FE00F5F04097
:1095E000606001F0D1FC00232360074B5A681460CF
:1095F0005C6001F0CBFCBDE8104001F0FDBCBDE8B3
:109600001040FFF7DBBF00BFE8D300207FB502ADFD
:10961000ADF800008DF804100D480E4E2B460022C8
:109620006946FFF759FF029C0CB904B070BD237B5B
:10963000002256F82330072120469847029B1B68DA
:10964000029303B903952046FFF7B8FFEBE700BF8D
:10965000479D0100E858020070B504460846656958
:10966000114655B12689FFF70FFF0022A369014675
:10967000AC463046BDE87040604770BD00220D2109
:10968000FFF7EABFB1F5857F08BF0E2189B2FFF76A
:10969000E3BF000030B504460E4B228A186885B03F
:1096A00003AB00930132618903904FF6FF7392B2CE
:1096B0002089FDF7F8FC01462046FFF7F3FE05463A
:1096C00020B181B200222046FFF7C6FF284605B030
:1096D00030BD00BF2859020070B504460846A56A8F
:1096E000114655B12689FFF7CFFE0022E36A0146F5
:1096F000AC463046BDE87040604770BD00220D2189
:10970000FFF7EABFB1F5857F08BF0E21FFF7E4BF81
:109710002DE9F04389B0044600F1100704AE31464C
:10972000384603F0CBFEA58CB4F80880B4F80A9054
:10973000384603F0F9FE0135ADB24FF420532A4606
:10974000CDE90160009349464FF6FF734046FDF7AF
:1097500096FC01462046FFF7A5FE054620B10146CE
:1097600000222046FFF7B8FF284609B0BDE8F08385
:1097700070B504460846A569114655B12689FFF71C
:1097800083FE0022E3690146AC463046BDE87040E6
:10979000604770BD00220D21FFF7EABF838A1BB925
:1097A000B1F5857F08BF0E21FFF7E2BF30B5044653
:1097B000104BA28A5868618985B003902089AAB9A4
:1097C000228A03AB01320093638A92B2FDF75BFCFD
:1097D00001462046FFF766FE054620B101460022FD
:1097E0002046FFF7C5FF284605B030BDFDF74FFC0A
:1097F000EEE700BF2859020070B5044608466569C7
:10980000114655B12689FFF73FFE0022A3690146A4
:10981000AC463046BDE87040604770BD00220D2167
:10982000FFF7EABFB1F5857F08BF0E21FFF7E4BF60
:1098300030B504460D4B228A986885B003AB00937F
:109840000132638A6189039092B22089FDF71BFC83
:1098500001462046FFF726FE054620B101460022BC
:109860002046FFF7C9FF284605B030BD2859020041
:1098700070B504460846A56A114655B12689FFF71A
:1098800003FE0022E36A0146AC463046BDE8704064
:10989000604770BD00220D21FFF7EABFB1F5857F5B
:1098A00008BF0E21FFF7E4BF30B504460D4BA28C74
:1098B000986885B003AB00930132E38C6189039013
:1098C00092B22089FDF7DFFB01462046FFF7EAFD53
:1098D000054620B1014600222046FFF7C9FF284671
:1098E00005B030BD2859020073B504460846A56985
:1098F00011464DB12689FFF7C7FDE3690093014684
:10990000228A00233046A84702B070BD00220D21F4
:10991000FFF7EABFB1F5857F08BF0E21FFF7E4BF6F
:10992000428A4189013238B592B2838A044600895D
:10993000FDF7A1FB01462046FFF7B4FD054620B127
:10994000014600222046FFF7CFFF284638BD70B5FC
:10995000044608466569114655B12689FFF794FD0E
:109960000022A3690146AC463046BDE8704060471E
:1099700070BD00220D21FFF7EABFFFF7E8BF70B509
:1099800004460846A56A114655B12689FFF77CFDB5
:109990000022E36A0146AC463046BDE870406047AD
:1099A00070BD00220D21FFF7EABFFFF7E8BF70B5D9
:1099B000044608466569114655B12689FFF764FDDE
:1099C0000022A3690146AC463046BDE870406047BE
:1099D00070BD00220D21FFF7EABFFFF7E8BF38B5E1
:1099E0000446438A61890089228A73B9FDF74FFBD7
:1099F00001462046FFF756FD054620B101460022EC
:109A00002046FFF7D4FF284638BDFDF744FBEFE7BB
:109A10002DE9F04782B090F8203091466A46A2EBDB
:109A2000C30302AF9D46836A0446884602AD0BB36A
:109A300008220021284609F016FE002694F820206E
:109A400004F10E03A91C3046964216DB49464046F7
:109A5000A66AB4F808A0FFF717FDE36A0093014671
:109A6000134650462A46B0470435002694F8203065
:109A70009E420ADBBD46BDE8F08733F802CF25F8E9
:109A800036C021F836000136DEE755F8360008B159
:109A9000FCF7CDFD0136E9E7FFF7BABFF7B590F85F
:109AA000216004460B4626B103B0BDE8F040FFF745
:109AB000AFBFCDE90066466A4EB107891146184628
:109AC000FFF7E2FC6A460146E36A3846B04703B056
:109AD000F0BD00220D21FFF7E1BFFFF7DFBF0A88CD
:109AE00003899A420BD14A8843899A4207D10B795C
:109AF000027B9A4205D0FF3B5842584170470020F4
:109B000070470120704773B504460846656B1146DF
:109B10005DB12689FFF7B8FCA36B0093014694F86A
:109B2000303004F110023046A84702B070BD2DE974
:109B3000F743064690F8317096F830300089718905
:109B4000BB4216D80122FDF7B8FA0546002420468C
:109B5000FCF76DFD29463046FFF7A4FC044620B112
:109B6000014600223046FFF7CEFF204603B0BDE895
:109B7000F083FDF75CF9441FA4B2F4B106F11008BC
:109B800008EBC7056B686A881B8A9B1AA342A8BFAB
:109B90002346738602F0F6FC044680B1738E6A8811
:109BA0006968FCF7B8FD50B96B8838F83720009425
:109BB00071893089FDF77DFAC7E70725C7E70625D4
:109BC000C5E710B50446FFF79EFF94F8312094F8DE
:109BD00030309A4206D2618920890022BDE81040C7
:109BE000FDF76BBA10BD00220D21FFF78CBF70B5D9
:109BF00004460846E56911465DB12689FFF744FC35
:109C000004F11002236A0146AC463046BDE87040BC
:109C1000604770BDF7B5418904460089FDF707F933
:109C2000431F002B33DD6269108A628A801A9842D2
:109C3000A8BF1846002817DC618920890122FDF79A
:109C40003CFA054600263046FCF7F1FC2946204642
:109C5000FFF728FC054620B1014600222046FFF709
:109C6000C6FF284603B0F0BD208302F08BFC0646F9
:109C700078B1238B628A6169FCF74DFD48B9009683
:109C8000638A228A61892089FDF713FAD9E70725BB
:109C9000D8E70625D7E7438A70B504460D46164631
:109CA00043B14269128A9A4204D94189008900224B
:109CB000FDF703FA324629462046BDE87040FFF71B
:109CC00096BF00220D21FFF792BF43692DE9F341B2
:109CD00004460D4616469BB108220021684609F04D
:109CE000C2FC238AB4F80880ADF80030314628461B
:109CF0006769FFF7C9FB6A460146A3694046B84752
:109D000002B0BDE8F081FFF7E0BF00220D21FFF7B0
:109D1000DCBF70B504460846256911461A464DB1A8
:109D20002689FFF7B1FB63690146AC463046BDE8C2
:109D30007040604770BD0023FFF7EBBF00231A4659
:109D40000D21FFF7E6BF0A8803899A4207D10B79F4
:109D5000027B9A4205D0FF3B584258417047002091
:109D60007047012070470000F0B585B0FAF73CFA63
:109D70006FF00043029003930022224800926B464A
:109D800002A9CDF804D0204FFFF7A6FB039D6E4635
:109D9000009CA4B9FFF702FC60B91C4B1C4E186074
:109DA0000246014602AB1B48FFF796FB029CCCB96A
:109DB000FFF7F4FBA842A8BF284605B0F0BD237BFF
:109DC00057F823300BB12046984720891321FEF71E
:109DD0004DFF009B1B68009303B901962046FFF7D7
:109DE000EDFBD5E7237B56F82320637B23F00103AB
:109DF00063732046904701462046FFF7E7FB24683F
:109E0000D5E700BF6594010068580200E4D3002044
:109E1000A858020081940100F7B507460E46144683
:109E200062B902F0AFFB0446D8B1002203460092AB
:109E300031464FF6FF70FDF7D1FBA0B922463146FF
:109E40003846FDF73EF900240546002332463946E0
:109E50002846FFF7D4F92046FCF7E9FB284603B073
:109E6000F0BD0625F1E70925EFE70022FFF7D4BF93
:109E70000F21FFF7CBBB2DE9F34180460F46144677
:109E8000FFF766FB064640B30F2303730423A0F8D5
:109E900008804381078264B902F074FB0446E0B194
:109EA00000220346009239464FF6FF70FDF796FBFD
:109EB00028BB718923463A464046FDF722F90546FC
:109EC00048B901F061F8404601F01CFD08B1A0F866
:109ED000547001F05BF8002400E0062501233A46A7
:109EE00041462846FFF78BF929463046FFF76EFBBF
:109EF0002046FCF79CFB284602B0BDE8F08109250E
:109F0000ECE70022FFF7B7BF7FB51D46FF23ADF892
:109F100000008DF80430ADF802100D48164602AB73
:109F200001226946FFF7D8FA029C7CB1227B094BDB
:109F300053F8223023B1324605F580712046984708
:109F4000204604B0BDE87040FFF738BB04B070BDD8
:109F5000DF9A0100E8580200F0B585B01E460423E0
:109F6000ADF80000ADF802300C481546002702ABF2
:109F7000012269468DF80470FFF7AEFA029C5CB1CD
:109F8000204633463A462946FFF7C3FE204605B031
:109F9000BDE8F040FFF712BB05B0F0BDDF9A01004D
:109FA0001FB50F23ADF800008DF80430ADF8021096
:109FB0000E4802AB01226946FFF78EFA029C9CB163
:109FC000218A208900F018FD40B90E20228A2189BB
:109FD0000123FFF714F9208900F0E2FC204604B0C9
:109FE000BDE81040FFF7EABA04B010BDDF9A0100E7
:109FF000FF21FFF70BBB000007B5074B0748002206
:10A00000C3E90023064B00933C22064B0421FCF7D6
:10A010003DFE03B05DF804FBE8D30020F0D3002040
:10A020004A4F02000CD4002010B5084A0849128893
:10A03000096803460020824202DC4FF0FF3010BD69
:10A0400051F830409C42FAD00130F4E724D500208A
:10A0500028D5002010B5074A126803460020824226
:10A0600002DC4FF0FF3010BD33F820408C42FAD0B4
:10A070000130F4E7FCD40020024691F902008B780D
:10A08000002810B50FDA13F001040AD113F0020012
:10A0900006D0B2F8542042B91D2003F07F038B7024
:10A0A00010BD1B20F9E70020FAE72046F8E738B595
:10A0B000DDE9043460681D6803F036FA81B2284691
:10A0C000FCF7A1FC014620B1606803F0F7F900201D
:10A0D00038BD1120FCE770B5DDE904650421306866
:10A0E000FCF791FC044608B9112070BDA988FBF764
:10A0F0001BFFA01CE988FBF717FF2B68586803F0CB
:10A10000AEF9044608B90020EFE730680221FCF7F9
:10A110007AFC0028E8D02146FBF706FFF3E72DE99B
:10A12000F84F1C461B780A9FDDF830B0054689467B
:10A130001646032B3BD8DFE803F002300230F6B9B5
:10A1400038686060B046B0F810A05B4628462246EA
:10A150000B9D4946A8470546C8B961680B8AA3EB21
:10A160000A039B1B12D4B8F1000F13D038689BB2BE
:10A170003246FCF7D0FA6068FCF759FA0AE002F0C0
:10A1800001FA6060A8B14FF00108DCE70725B8F1DB
:10A19000000FF0D12846BDE8F88F3B680B9D636047
:10A1A00022465B46A84763683B600546F2E70E25FA
:10A1B000F0E71125EEE730B589B01D46023A0D9B58
:10A1C0000793544254419A6802925B6801930C9B36
:10A1D00000932A4605AB8DF81440FFF7A0FF09B0A5
:10A1E00030BD10B588B01446022C1A460B9B07935D
:10A1F0000CBF032402248DF81440DC6802949B6891
:10A2000001930A9B009305ABFFF789FF08B010BDCF
:10A2100008B5FEF701FD08B1002008BDFEF704FDFA
:10A220000028F9D1FEF702FD0028F5D101F092FBDC
:10A23000B0FA80F04009F0E738B5064C00252068F8
:10A2400009F0AAF82560044C206809F0A5F82560FB
:10A2500038BD00BF20D5002028D500202DE9F041D1
:10A260000C4FDFF83480054600243B88A34203DC12
:10A2700000263046BDE8F081D8F8003003EBC40674
:10A2800053F834302846596803F0CEF80028F0D04F
:10A290000134EAE724D5002028D5002030B585B068
:10A2A0009DF8204083EA0405AD070CD004F00205B8
:10A2B000029504F0010403F002050195009403F0F7
:10A2C0000103FEF7BEFF05B030BD70B5DDE90465E2
:10A2D0000C4630680321FCF796FB08B9112070BDCD
:10A2E0002A8A02F00103910748BF43F00203510795
:10A2F00048BF43F00403110748BF43F00803D106E9
:10A3000048BF43F01003910648BF43F020035106B5
:10A3100048BF43F0400312F4C07F18BF43F08003EE
:10A32000611C00F8013B89B2FBF7FEFD2868346828
:10A3300003F0FAF881B22046FCF765FB01460028DD
:10A34000CCD0286803F0BAF80020C8E703469B0683
:10A35000C0F3001048BF40F0020070472DE9F047FD
:10A3600080468AB00D46144600F00EFE404601F0CD
:10A37000C9FA064628B900F009FE0E200AB0BDE869
:10A38000F087129B6F1EBFB2D3F800A0BD424FF002
:10A390000003ADF82030EED3C56C39462846FFF7F0
:10A3A00059FE421CE7D015EB8005E4D0022C95F84D
:10A3B000029008D002215046FCF725FB90BB00F02C
:10A3C000E5FD1120DAE7BAF81010022952D1504603
:10A3D000FCF745FB0068FBF7C2FDEA7830EA020AA9
:10A3E00044D1AA78824222D0C4B2AC7096F85830D8
:10A3F0005B0720D400F0CAFD404600944B46012282
:10A400003946FFF74BFFBDF820000028B6D0BDF855
:10A4100022309BBB03A806A902F0A2FF03A802F00A
:10A420009BFFABE7A97801F00301FBF77DFD00F08E
:10A43000ADFD4C46E0E7B6F80B20737BD6F807007D
:10A440008DF81E30ADF81C200690F07902F00DF961
:10A45000ADF82070AB78ADF822309DF824308DF83F
:10A4600018006AF300038DF82430C3E700F08EFD76
:10A47000062083E700F08AFD0D207FE706A802F0A2
:10A4800067FF7BE72DE9F04FA84B0F46B3F800C0FC
:10A49000A749A84B0D881B6899B04FF0000804929B
:10A4A00003EBC503C6464FF6FF790278064608EB74
:10A4B00005043AB90C800392039B4345C0F22D81F9
:10A4C000002085E0A44500F1100003F1080340F3EB
:10A4D000918043F8086C23F804EC23F8029C08F1FF
:10A4E0000108E2E7934B1E6806EBCA0305939B88BD
:10A4F000002B48D156F83A50AC6824B1043C54F8CB
:10A50000040F002836D12878431E012B45D86B68EC
:10A51000002B42D0884C894E894B0093022818BFEB
:10A52000264601950DF11A03002201213046FCF761
:10A53000EBFF00284AD157B101238DF8243004994C
:10A54000BDF81A30ADF8283009A80B95B847AB68AC
:10A550002BBBEC681CB123681834002B3BD1059A47
:10A56000BDF81A309380FDF701F8059B09F1010948
:10A57000D88008E0FFF758FD431C04D006EBC0006C
:10A580008388002BBBD10AF1010A694B1B889A45CD
:10A59000A8DBB9F1000F40F0C480032018E0694E39
:10A5A0000024AB6818590028D3D0FFF73DFD614B5C
:10A5B0001B6803EBC003CDE90063634813AB0022C3
:10A5C0000121FCF7A1FF04340028EAD00128DAD0E9
:10A5D00019B0BDE8F08F54F8143C002BDDD034F8EE
:10A5E000080CFFF7B3FE50B1584B594A1B6812884C
:10A5F0009A4201DA0620EBE7544A01331360554BC7
:10A600000093A4F1180B5448CDF804B007AB002216
:10A610000121FCF779FF0028D8D134F8083CC3F3B6
:10A62000400113F00C0F18BF41F00201980548BF1C
:10A6300041F004015A0548BF41F008011E0548BF1A
:10A6400041F01001D80448BF41F020019A0448BFEE
:10A6500041F040015B04414B14F8062C0093CDF807
:10A6600004B048BF41F0800154F8180C0DF11E03EE
:10A67000FCF74AFF0028A9D154F8043C13B1BDF8F7
:10A680001E201A807FB102238DF83830BDF81C30AF
:10A69000ADF83C300499BDF81E30ADF83E300EA840
:10A6A000CDE910B5B84734F8080CFFF74FFE50B1AC
:10A6B0002B4B009300222B48019208AB0321FCF79F
:10A6C00023FF002882D154F80C6C002E3FF443AFD6
:10A6D000306800283FF43FAFB368002B3FF45DAF14
:10A6E000214B72793179009301960DF12203FCF729
:10A6F0000BFF00287FF46AAF6FB14FF003038DF8B2
:10A700004C300499BDF82230ADF8503013A8CDE993
:10A7100016B51596B8471036DAE74FF00009CA4665
:10A7200033E7039B4B440393C6E600BF36D50020B6
:10A7300024D5002028D500209C2B0020982B002019
:10A74000AFA00100D7A00100942B0020FCD4002072
:10A7500034D50020CBA20100902B0020B7A101002E
:10A760005DA301008C2B0020E3A101002DE9F7433C
:10A77000054600F009FC284601F0C4F820B903B0F2
:10A78000BDE8F04300F002BCD0E913780024C0E932
:10A79000134400F0FBFB2846FFF76AFBC7B13E46B7
:10A7A000A146444506F1040606DB0B48394603B0D2
:10A7B000BDE8F043FCF7C0BA16F8023C36F8041CBA
:10A7C000CDF8009002222846FFF768FD0134E8E743
:10A7D00003B0BDE8F08300BF04D500202DE9FF479A
:10A7E0004A4B4B4F1868039000F0CEFBFFF710FD6B
:10A7F000DFF83C81002800F08280FFF71DFDFDF7A7
:10A8000011FE064600287CD1DFF82891B9F8000037
:10A81000002844D13F4B188830B1C00008F0B4FD87
:10A820003D4B1860002841D03C4BDFF80CA10025BF
:10A830001D80D8F800303868AB4243DC08F0ACFD2E
:10A8400000233B60C8F80030354B1A680AB3354B1B
:10A85000B9F800100093344B91FBF2F11B683348B8
:10A86000920089B2FCF712FA044600284BD12F4817
:10A87000DFF8C890FCF739FAC9F80000B0B12546F6
:10A88000274628464FF6FF7203A9FCF781FE0546CE
:10A8900018BB00F07BFB304604B0BDE8F0878000B9
:10A8A00008F072FD204B18600028B3D10624FFF792
:10A8B000C3FC386808F070FD00233B60C8F8003026
:10A8C0002646E6E7DAE9001250F82500FFF7DAFD40
:10A8D00004460028EBD10135ABE72B69188AFFF756
:10A8E00035FD0028CDD0D9F800106B8901EB84022A
:10A8F000013321F82430D07097700134C1E70F2460
:10A90000D5E70446D3E70B24D1E700BF3459020052
:10A9100030D5002036D5002028D5002024D50020B1
:10A92000FCD400205E4F020020D5002004D500207A
:10A930002CD5002034D50020A02B002000D50020ED
:10A94000054B1B682BB1054BD888003818BF012078
:10A9500070470120704700BFFCD4002004D50020C0
:10A9600038B50C4D2B68002B04460EDD0A48FCF769
:10A97000BCF9206060B1094B2A681968920008F0A0
:10A98000BCFE2B686360002038BD00230360F9E73C
:10A990000620F9E7FCD4002004D5002000D50020D3
:10A9A000F8B5044600F0F0FA204600F0ABFF28B1FD
:10A9B000066D00239E4205DC002510E000F0E6FA5B
:10A9C0000720F8BDC56C05EB830292F902709178FF
:10A9D000002F0DDA35F8235001F07F03937000F05B
:10A9E000D5FA3DB129462046BDE8F840FFF789BABF
:10A9F0000133DFE70520E4E72DE9FF41284B1C6820
:10AA000006462046FFF726FB471C0D4612D004EBF6
:10AA100080044FEA8008E37899070BD500F0B4FA78
:10AA2000304600F06FFFB0F85470AF42034605D0D7
:10AA300000F0ACFA052004B0BDE8F08190F8582091
:10AA400000265207A0F8546026D5C46C444494F9FB
:10AA50000220B24220DBB3F80B105A7BD0F807007B
:10AA6000ADF804108DF806200090D87901F0FDFDB6
:10AA7000ADF80870A378ADF80A309DF80C308DF869
:10AA8000000066F300038DF80C3000F07FFA684692
:10AA900002F05EFC0020CEE700F078FAFAE700BF93
:10AAA00000D50020F0B5274B014689B0054618684F
:10AAB000FFF7D0FA411C044642D000F065FA0026A8
:10AAC000A4003746304600F037FF40B1C36C234442
:10AAD00001369A7862F07F029A700127F2E700F05F
:10AAE00055FA0FB100F0ACFA00230193ADF80C5009
:10AAF000CDF8073004A901A88DF80E3002F023FC30
:10AB0000F0B900F041FA01A800F082FF68B900F046
:10AB10003DFA9DF81C30DA070DD443F0010304A878
:10AB20008DF81C3002F014FC05E0BDF81A309B07CC
:10AB3000EDD400F02BFA9DF80E300133DBB2D9E7EB
:10AB400009B0F0BD00D5002070B5064615460C468C
:10AB5000A9B100F019FA304600F0D4FE68B1012D19
:10AB60002A4600F1560128BF0122204608F0C5FD03
:10AB7000002400F00BFA204670BD0724F9E70324F7
:10AB8000F9E773B5002406468DF804400D4669B315
:10AB90000846FBF756FD012828BF012082B201AB11
:10ABA00021462846FBF7DEFDA04221DB9DF804305C
:10ABB00003F007038DF8043000F0E6F9304600F0AA
:10ABC000A1FE78B190F856309DF8042093430BD144
:10ABD000012201A9563008F090FD00F0D7F9204677
:10ABE00002B070BD0E24F8E71324F6E71124F6E74F
:10ABF0000E24F4E72DE9F84FDFF87490DFF874A025
:10AC00000026D9F80030B34201DCBDE8F88FDAF84D
:10AC1000000030F826804146FFF71CFA431C1AD08A
:10AC20008400002700F0B0F9384600F085FE0546A4
:10AC300078B1C16C2144FFF71FFA8346AD8800F05C
:10AC4000A5F9BBF11B0F08D0BBF11D0F0AD00137CE
:10AC5000E8E700F09BF90136D3E741462846FFF7C5
:10AC600004F9F4E741462846FFF74BF9EFE700BF48
:10AC7000FCD4002000D5002010B50C46FFF7EEFAFA
:10AC800028B10CB9002010BD83882380FAE7052085
:10AC9000F9E7000070B5054600F076F9FFF7B8FA5D
:10ACA00098B10C4C0C4E216830680131890008F0D5
:10ACB00029FC60B12368306040F8235001332360E1
:10ACC000002400F063F9204670BD0F24F9E7062444
:10ACD000F7E700BF2CD5002030D500200023F0B5C9
:10ACE00001461D461C46087868B9214A11880C4463
:10ACF0001480204A11880B4413801F4A138803EBE9
:10AD00004503138033E0013801282FD84A686AB31D
:10AD10008A6801339BB242B1043A184652F8046F74
:10AD20000346013080B2002EF8D1CA680AB110681B
:10AD300018B90134A4B21031D5E75068B0B1108A07
:10AD400000F0300040B90233D0689BB210B1066801
:10AD500007462EB91832EAE70135ADB20333F3E7FF
:10AD6000BE6801339BB21030002EF0D10320F0BD3D
:10AD700036D5002038D5002034D50020024B0020E5
:10AD80001860024B18607047FCD4002000D50020EA
:10AD900037B5044600F13C05E06BA0B14368E363BE
:10ADA00003B925641038019001A9204600F0A4FFE2
:10ADB0000128F1D1019BE26B5A6112B903F114022F
:10ADC00022641033E36303B030BD0000024B03493B
:10ADD000186807F06BBD00BF54D5002078D500205F
:10ADE00010B5846801460448FBF7A6FF2046BDE87D
:10ADF000104001F01FBA00BF8CD60020FFF7FABE4A
:10AE000007B50C4B1B78022B01460CD04FF0FF33DB
:10AE10000948009300231A4603210068FAF706FD4B
:10AE200003B05DF804FB044803B05DF804EB07F0E1
:10AE300067BE00BF74D5002058D5002070B5054608
:10AE4000F9F7D2F9094E04463068FAF74FFD0128A8
:10AE500004D02846BDE87040FFF7D2BF3068FAF74B
:10AE600039FD2C44241A002CF3DB70BD58D500208A
:10AE70006FF00043984201D0FFF7E0BF7047000039
:10AE800070B50C4D01232B7001F006FDB0FA80F374
:10AE90005B0904465B0066202B70FFF7CFFF3CB9CF
:10AEA00001F0E6FB044B1B6913B1BDE87040184785
:10AEB00070BD00BF75D50020A02B00200E4B0022D6
:10AEC00010B51A700D4801F0EBFB88B90C4C2068E6
:10AED000FDF776FF01F018FB0A4BDB6813B1206821
:10AEE00000B1984700232360BDE81040FFF7C8BFBA
:10AEF000FBF79DFBE6E700BF75D5002040D500209D
:10AF000070D50020A02B002008B50E4B1B789BB1FC
:10AF1000022B15D1FEF728FFFFF7AAFF02F092F8E7
:10AF2000FFF7A6FF00F0A4FDFFF7A2FFFDF712FD5B
:10AF3000BDE80840FFF79CBFBDE80840FFF7BEBF73
:10AF400008BD00BF75D50020FFF7B8BF08B5F9F7F9
:10AF50001FFC012806D0F9F715FC034B1B681B1AD0
:10AF60005842584108BD00BF6CD5002002484FF040
:10AF7000FF3107F02FBD00BF3CD50020014807F08E
:10AF80003BBD00BF3CD50020FFF7F0BFFFF7F6BF89
:10AF900008B5044801F084FB00B908BD01F066F96A
:10AFA000F7E700BF40D50020FFF7F2BF10B5FFF76D
:10AFB000DDFF00F0CFFC30B190F828305B070AD5F8
:10AFC000FFF7E6FE18B900F0C5FC04462CB9BDE851
:10AFD0001040FFF7D3BF0068EDE72046FFF7D8FE2B
:10AFE0000028F4D12468F1E7024B1878831E5842F8
:10AFF0005841704774D500200020FFF701BF0000C2
:10B0000038B505460B48FBF770FE044620B92846C4
:10B01000BDE8384002F0BABA00210C2208F023FB48
:10B02000054BC4E90135054B21461868BDE8384099
:10B0300007F03CBC8CD60020E1AD010054D50020C7
:10B04000024B0349186807F031BC00BF54D50020FB
:10B050009CD50020034B04491860044B186807F086
:10B0600025BC00BF70D5002090D5002054D500200D
:10B0700000F5C060FFF7EEBF10B5FFF777FF154B87
:10B080001C78012C21D0022C04D03CB1FFF776FFB4
:10B09000112401E0FFF772FF204610BD02221A7052
:10B0A000FFF76CFFF9F76EFB0B4B0C4918600C4A6D
:10B0B00009680C48234607F001FDFFF78FFB0446A3
:10B0C0000028E9D1FFF7DCFEE6E7FFF757FF0F2482
:10B0D000E2E700BF74D500206CD5002054D50020D5
:10B0E00009AF010058D50020FFF7C6BF02F0A6BD8A
:10B0F00013B52B4B00930C222A4B2B481321FBF743
:10B10000C5FD2A4B2A4800241C602A4B21460C22EC
:10B110001C7008F0A8FA284B254A2848C2E90134D7
:10B1200021460C2208F09FFA254B244A2548C2E903
:10B13000013421460C2208F096FA234B214A234879
:10B140002146C2E901340C2208F08DFA204B1F4A37
:10B15000C2E9013400F06CFE00F0C4FC01F0BCFD5B
:10B16000FEF74CF9FBF738FFFDF78CF9FEF744FFCB
:10B17000FFF704FE01F09CFC16491748224601F037
:10B180007FFA164807F01BFCFBF780F9144B186098
:10B19000FBF77CF90B4902B0BDE8104007F086BB15
:10B1A000754F0200A8D500208CD6002070D5002055
:10B1B0009CD5002074D50020FDAD010090D5002065
:10B1C00049AF010084D50020CDAD010078D5002025
:10B1D000E9B00100A9AF010040D500203CD5002016
:10B1E00054D50020002100F061BD000010B50446D8
:10B1F00000F093FC054B06481968224601F065FAF9
:10B2000018B12046FBF713FA0B2010BD54D50020CF
:10B2100040D50020FFF76CBF73B5DDE906548DF80B
:10B2200007008CB101318DF8061001220DF10601E5
:10B230002046FBF70FFA28B901220DF1070120463D
:10B24000FBF708FA02B070BD2E78B01C084490429B
:10B250000BDC013199552A7813449DF807205A7068
:10B260002B7802332B702046ECE70420EAE72DE927
:10B27000F3470A9EDDF830A0CFB2CDE9006A0C4654
:10B28000904639469DF82C209946FFF7C5FF0546A4
:10B2900098B9BAF1000F07D0A2B24146504602B0A9
:10B2A000BDE8F047FBF7D6B930782246414648441E
:10B2B00008F023FA33781F443770284602B0BDE8FF
:10B2C000F0872DE9F04F89B01F4600238DF81B3021
:10B2D0000378129D049204460E46002B71D1D4F8D7
:10B2E0000480B8F1000F7FD1D4F80C80B8F1000FC2
:10B2F00040F0AF80D4F81480B8F1000F40F0E18046
:10B30000E269002A40F0138194F82330D90700F154
:10B310002581626A002A40F04281226E002A40F0B4
:10B320004D81A26A002A40F05C81226B002A40F025
:10B330006B8194F83830DA070ED50DF11B030093BA
:10B34000CDE90175334604F1360202211920FFF7D9
:10B350008EFF0346002843D194F83C30DB071AD512
:10B360000DF11B030093019533463A4602211A2042
:10B37000FFF752FF0346002832D1618F002D40F0C5
:10B3800059819DF81B8006EB080008F10208FAF7C6
:10B39000CBFD8DF81B80226C002A40F05781A26CF7
:10B3A000002A40F06681226D002A40F07581A26D6E
:10B3B000002A40F08481049B002B40F093810023FD
:10B3C0000EE00DF11B0300930B4601210246CDE96F
:10B3D00001750846FFF74BFF034600283FF47FAF97
:10B3E000184609B0BDE8F08F94F80890B9F1000F45
:10B3F0003FF47AAF607A01950DF11B034FEA4901E2
:10B4000000F0010000933A46334601F0FE0102309D
:10B41000FFF702FF03460028E2D182466DB12946BC
:10B42000404602F071F803460028D9D10AF1010A1A
:10B43000D14508F10408F1DC56E79DF81BB0404601
:10B4400006EB0B010BF1020B02F038F88DF81BB084
:10B45000ECE794F81090B9F1000F3FF44BAF607C2B
:10B4600001950DF11B034FEA890100F001000093E3
:10B470003A46334601F0FC010430FFF7CDFE0346A7
:10B480000028ADD108F1040858F8331005934DB1E8
:10B490000791042207A92846FBF7DCF8059B60B159
:10B4A00003469DE79DF81BB006EB0B00FAF740FD45
:10B4B0000BF1040B059B8DF81BB001339945E3DCC0
:10B4C00018E794F818B0BBF1000F3FF419AF607E95
:10B4D00001950DF11B034FEA0B1900F001000093D9
:10B4E0003A46334609F0F0010630FFF795FE034671
:10B4F00000287FF475AFD944C14465B12946404660
:10B5000002F002F8034600287FF46AAF08F1110840
:10B51000C845F2D1F4E69DF81BB0404606EB0B019E
:10B520000BF1100B01F0CAFF8DF81BB0EEE794F899
:10B53000201000293FF4E8AE94F821000DF11B0320
:10B5400000F001000093CDE9017533460830FFF7A4
:10B550008EFE034600283FF4D7AE41E794F922302F
:10B5600013F1800F18D10DF11A0000F0D1FE03463F
:10B5700000287FF435AF0DF11B030093CDE9017571
:10B5800033460DF11A0201210A20FFF770FE03462F
:10B5900000283FF4BEAE23E78DF81A30EBE70DF13B
:10B5A0001B030093CDE90175334604211220FFF7F8
:10B5B0005EFE034600283FF4B0AE11E794F8641035
:10B5C00000293FF4AEAE0DF11B030093CDE90175E8
:10B5D00033463020FFF74BFE034600283FF4A1AE70
:10B5E000FEE694F82C1000293FF49FAE0DF11B03EA
:10B5F0000093CDE9017533461620FFF738FE034668
:10B6000000283FF492AEEBE694F8341000293FF4A2
:10B6100090AE0DF11B0301EB41010093CDE90175E3
:10B62000334649001720FFF722FE034600283FF467
:10B6300080AED5E6ADF81C10022207A92846FBF71C
:10B6400009F8034600283FF4A6AEC9E694F8441072
:10B6500000293FF4A4AE0DF11B030093CDE9017561
:10B6600033462020FFF703FE034600283FF497AE41
:10B67000B6E694F84C1000293FF495AE0DF11B038B
:10B680000093CDE9017533462120FFF7F0FD034615
:10B6900000283FF488AEA3E694F8541000293FF444
:10B6A00086AE0DF11B030093CDE9017533462420CE
:10B6B000FFF7DDFD034600283FF479AE90E694F8ED
:10B6C0005C1001297FF677AE0DF11B030093CDE9E5
:10B6D00001753346FF20FFF7CAFD034600283FF4FB
:10B6E0006AAE7DE6049A9DF81B30137067E613B5C9
:10B6F00000240094FFF7E5FD02B010BD10B504462C
:10B70000FFF742FC204600F0FDF8044618B9FFF7A9
:10B710003DFC072010BD00F0E9F8204600F084F859
:10B72000FFF734FC0020F5E738B505460C46FFF777
:10B730002BFC284600F0E6F840B114B190F8283010
:10B7400023700024FFF722FC204638BD0724F9E7C8
:10B7500010B5FFF719FC00F0FDF820B18488FFF761
:10B7600015FC204610BD4FF6FF74F8E710B40378BF
:10B770000A780446981A06D1601C06225DF8044B2C
:10B78000013107F047BF5DF8044B704708B5074B20
:10B79000D88840B1064BDB88022B05D9FFF7D0F8DB
:10B7A000003818BF012008BD0020FCE718D7002092
:10B7B00044D90020C06A00B9704703898B4203D086
:10B7C00001D80068F7E70020704770B5C46A00220E
:10B7D000234623B11E890D89AE420CD004D932B95B
:10B7E0000C60C162002070BD1A461B68F1E7136847
:10B7F0000B601160F6E70220F5E7036B0A688B42E5
:10B8000008BF002310B408BF0363C36A8B4204D18E
:10B81000C2625DF8044B01F06BB91C461B688B4299
:10B82000FBD12260F5E7000038B50446D0B14430C2
:10B83000FCF728FCE16A49B904F13C05E06B48B922
:10B8400021460948BDE83840FBF776BA2046FFF7A5
:10B85000D4FFEFE74368E36303B925641038FAF7D0
:10B86000E6FEEBE738BD00BF18D7002038B5054627
:10B870001D48FBF73AFA044680B30021702207F016
:10B88000F2FE0023A580E3622846FBF709FB014690
:10B8900020B32046FFF799FF00BB284601F0ACFB20
:10B8A0000146D8B12046FFF790FFB8B9284601F00D
:10B8B000A9FC014690B12046FFF787FF70B904F15B
:10B8C0004C00FFF74DF848B9234643F83C0F23647A
:10B8D000234643F8640FA366204638BD2046FFF791
:10B8E000A3FF0024F8E700BF18D70020044902682E
:10B8F0000B68834201D10A60704719461B68F8E75C
:10B9000034D70020044A0346106800B97047828883
:10B910009A42FBD00068F8E734D7002008B501460A
:10B920008088FFF7EFFF024B1A680A60196008BDB4
:10B9300034D70020FFF7E6BF054B02461868002306
:10B9400000B970479342FCD000680133F8E700BFAC
:10B9500034D70020014B1868704700BF34D700204F
:10B9600073B5044680790D4600F079FE2E4600221C
:10B9700006F8010B01A900F051FD0199062230469D
:10B9800007F0BBFE2149062204F10F0007F042FE3A
:10B9900005F10E0318BB2A68C5F80E20AA889A8004
:10B9A000AA799A71D4F80730C5F80730B4F80B308B
:10B9B000D4F80720A5F80B30637B6B73C5F815200E
:10B9C00005F11503B4F80B20A5F81920627B9A71D4
:10B9D000E279022A0BD0032A15D002B070BDD4F848
:10B9E0000E20C5F80E20628A9A80227DD9E70022B7
:10B9F000EA71D4F81520C5F81520B4F819209A80FA
:10BA0000E27E9A71E9E70122F2E700BF38590200AD
:10BA100030B5054689B018B90024204609B030BDBC
:10BA2000124B1C68002CF7D02B78012B29460CD127
:10BA3000AB7903F0C003402B07D104F11500FFF7E9
:10BA400095FE0028E9D02468ECE7E01DFFF78EFEA4
:10BA50000028E2D0E379012BF5D901A92046FFF7B0
:10BA60007FFF29460DF10B00E9E700BF34D7002026
:10BA70002DE9F041F8F7B8FB0746FFF785FA184BB8
:10BA80001C686FF0004524B9FFF780FA2846BDE82E
:10BA9000F08194F8283013F0020209D1266B76B1B8
:10BAA000636BDB1B002B05DC13212046FDF7C0F880
:10BAB0002468E8E79D42D2BF1646984601263946DB
:10BAC00004F14400FBF780FD031EEDDD9D4203DC25
:10BAD000002E18BF4546EBE798461D46E8E700BF35
:10BAE00034D7002007B5084B00930848084B702254
:10BAF0000121FBF7CBF820B9064B186003B05DF8C5
:10BB000004FB0B20FAE700BF884F020018D7002083
:10BB1000A8D6002034D70020704770470020704717
:10BB200008B506481021FAF756FD18B9BDE80840D7
:10BB300000F022BD02680432026008BD58D7002020
:10BB400030B129B1034B1880034B00201980704796
:10BB5000032070479CD8002038D70020054A13885E
:10BB60001844B0F5803F02DB0C20FFF773BA108059
:10BB7000704700BF38D700202DE9FF410C469046A2
:10BB800007464FF0FF3146489DF828601D4606F0F5
:10BB900021FF42462146384600F06CF9DFF8088163
:10BBA000044600283AD13F484FF4006106F040FFB8
:10BBB00038B106280CBF13240B242046FFF74AFA9D
:10BBC0002CE010222146684607F04DFDD8F80020F1
:10BBD00013780E2B03D00F2B44D01124EDE75178AE
:10BBE00003292ADC01D00C24E7E7B2F80330002B4C
:10BBF000F9D1CDE90044029415B10199002944D14D
:10BC000000230293BDF80C300195BB42EBD1002C10
:10BC1000E9D1009C14B9029BB342CED1D8F8000000
:10BC200020B101F0B3FC0023C8F800301C4806F036
:10BC3000E3FE204604B0BDE8F081D378107943EAF2
:10BC40000023ADF80C30537943B103F50073043988
:10BC50000093029121B106320192CDE72346F6E727
:10BC60000191C9E75378042BBDD113795179CDE9FE
:10BC7000014443EA0123ADF80C3093781BB103F57E
:10BC800000730093B8E72346FBE7029AB242C8BFAD
:10BC900032462846C4BF02960C2407F02EFDB1E7B9
:10BCA000A8D80020A4D80020A0D8002038B5037858
:10BCB0000E2B044606D00F2B12D02046FFF7A0F91A
:10BCC000002038BDB0F80330002BF6D0084D2868AE
:10BCD000F9F792FB80B228B1204601F057FCEFE75C
:10BCE0008388F1E7034B28461C6006F0C5FEE7E7B2
:10BCF000A4D80020A0D800202DE9F7430B680093BA
:10BD000000230B6090F82890344FDFF8D880054668
:10BD10000E46C9F38009009C002C57D03B884BB1DC
:10BD20002F4AB8F8001000236846FAF761FB044672
:10BD300030B9009C34600124204603B0BDE8F08394
:10BD400000224946A88800F0DDFA014601A8FAF76A
:10BD5000EBF8218A0DF10600FAF7E6F804212046F7
:10BD6000FAF7ACFD50B9062495F82830009823F076
:10BD7000040385F82830FAF75AFCDDE70421FAF7C6
:10BD80006EFE04460028EED004220DEB020100688E
:10BD900007F0B3FC0DF10600FAF7E1F8204600F0D9
:10BDA000C5FB2046FFF7A2F995F828300446002885
:10BDB000DAD143F0040385F828302B8F01332B8729
:10BDC0003B88013B3B804FF00109A4E795F8283000
:10BDD00023F0040385F82830AEE700BF38D70020F1
:10BDE00021BB01009CD80020C36B0BB9FFF784BFB7
:10BDF00001207047014B1860704700BF98D80020A1
:10BE0000014B1870704700BF94D80020014B187880
:10BE1000704700BF94D80020014B1860704700BFE6
:10BE200090D80020014B1868704700BF90D80020C0
:10BE300007B50021094806F0F0FD094806F0BFFDEE
:10BE4000084B01934FF496730093074A074908483B
:10BE50000123FAF7B4FA03B05DF804FBA4D800207C
:10BE6000A8D80020994F020058D700203CD70020C6
:10BE700064D70020F8B5124B1B78012B07460E46FD
:10BE8000154604D0022B07D023B1112003E0FFF7A1
:10BE90005DF808B91620F8BD01F060FB0446078084
:10BEA000857025B12A463146033007F026FC20462E
:10BEB00001F0C2FE0028EED00728E6D11420EAE700
:10BEC00075D50020042A14BF0C2000207047032AD7
:10BED00014BF0C20002070473AB10878182806D803
:10BEE000044B53F8203013B118470C207047002042
:10BEF000704700BF40590200002070470D2A14BF50
:10BF00000C2000207047012A08B504D10878FFF7FB
:10BF1000AFF8002008BD0C20FCE7062A08B508464B
:10BF200003D1FCF7F7FC002008BD0C20FCE770B53E
:10BF300086B014460D4618220021684607F093FB90
:10BF4000012C2BD96B78B4EB031F27D12C1D0026B5
:10BF50006B78B34202DC002006B070BD14F8023CDE
:10BF60008DF80030214614F8013C8DF8023006228D
:10BF70000DF1030007F0C1FBA3798DF81030E11D2E
:10BF800006220DF1110007F0B8FB637B8DF8093034
:10BF90006846FCF7C6FB01361034D9E70C20DBE716
:10BFA000F0B587B014460E4618220021684607F007
:10BFB0005AFB012C41D9A21E7478631E182B06F17E
:10BFC000020538D828460021092A36D9037A0A3AC8
:10BFD0009A4232D30131D21AA14203F10503184427
:10BFE000F2DB52BB04921446CDF813207378A342BF
:10BFF00002DC002007B0F0BD2B788DF80030A91CC2
:10C000006B782F7A8DF8023006220DF1030007F0CD
:10C0100074FB2B7A8DF801302B44053705F10902AA
:10C020005B7A03922F4468468DF809300134FCF79F
:10C0300078FB3D46DAE70A20DCE70C20DAE70B2A3A
:10C0400008B5084603D1FCF77CFF002008BD0C2092
:10C05000FCE70C2A08B5084603D1FCF733FC0020A6
:10C0600008BD0C20FCE70A2A08B5084603D1FCF7F6
:10C07000E5FE002008BD0C20FCE7042A10B50C46A4
:10C0800012D1FEF781FFB4F80100FFF73BFC10B1BD
:10C09000008FFFF763FDFEF779FF2046FCF766FE91
:10C0A000FEF784FF002010BD0C20FCE7F8B50B78EC
:10C0B0009B00013393420C4623D1002523789D42F7
:10C0C00003DBFEF773FF0020F8BD04EB8507B7F82C
:10C0D00003608EB1FEF758FFB7F80100FFF712FCBE
:10C0E00040B1038F9E4209D90C20FEF7B3FF3046C2
:10C0F000FFF734FDFEF74AFF0135DFE79B1B03879F
:10C10000F5E70C20E0E710B51F2A88B00C4643D1B4
:10C1100020220021684607F0A6FA63788DF80030E7
:10C12000A3BBE278A37843EA0223ADF802300622EB
:10C1300023798DF80430A11863798DF805300DEB63
:10C14000020007F0DAFA062204F10C010DF11300E7
:10C1500007F0D3FA062204F112010DF1190007F0DD
:10C16000CCFA627E237E43EA0223ADF80C30E27EF5
:10C17000A37E43EA0223ADF80E30237F627F43EAB9
:10C180000223ADF81030A37F8DF8123000216846ED
:10C19000FCF7C8FA08B010BD0C20FBE710B5132A55
:10C1A00088B00C4635D120220021684607F05BFAA2
:10C1B00063788DF8003033BBE278A37843EA02233A
:10C1C000ADF80230062223798DF80430A118637986
:10C1D0008DF805300DEB020007F08FFA627B237BB0
:10C1E00043EA0223ADF80C30E27BA37B43EA02234F
:10C1F000ADF80E30237C627C43EA0223ADF81030A8
:10C20000A37C8DF8123000216846FCF78BFA08B049
:10C2100010BD0C20FBE70020704700207047002075
:10C2200070470020704700207047002070470020B2
:10C230007047000038B504460B4B0078002219788F
:10C2400081420AD00132062A03F10803F7D10825FA
:10C25000204601F09BF9284638BD5B686278A11C36
:10C2600098470546F4E700BFA45902002DE9F041C4
:10C2700086B003A9054600F06DF8044610BB2846B9
:10C2800000F054F9BDF80E202B8A9A4238D1BDF83F
:10C290000C80C8F30B08FEF777FE4046FFF732FB31
:10C2A000074698B94FF0FF330593FEF76FFE072658
:10C2B000059B5A1C05D000229BB21146404600F057
:10C2C00076FF34462846FAF7B2F915E005AB00933D
:10C2D0002A4604AB03A900F060FC0646FEF756FEB2
:10C2E0001EB1012E08D02546E2E7386B049B984723
:10C2F000396B384600F047FC204606B0BDE8F081B7
:10C300000A24DFE740EA823040EA013080B2704719
:10C310001FB50123002204460093114603AB42F2ED
:10C320000700FFF729FC10B99DF80C30237004B00A
:10C3300010BD1FB50146062202A807F0DEF9002352
:10C340000093062202A942F20500FFF715FC05B092
:10C350005DF804FB70B50B460C460422002106462E
:10C36000FAF700FA054678B904213046FAF726FABA
:10C370002046F9F7F4FD234623F8020B1846F9F797
:10C38000EEFD6080284670BD0C25FBE710B5044625
:10C39000FEF7FAFD21460448062207F0AEF9BDE893
:10C3A0001040FEF7F3BD00BFB2D80020F8B5044638
:10C3B000FEF7EAFD2078677906F030FE05466078E2
:10C3C00006F02CFE0544A07806F028FE0544E0782F
:10C3D00006F024FE0544207906F020FE054407F00F
:10C3E0003F0006F01BFE07F0C00628440EB1C02E29
:10C3F00010D178B12E280DD02046FFF79AFF0546C0
:10C4000020B905480622214607F077F9FEF7BEFD60
:10C410002846F8BD0325F9E7ACD80020F8B50F464B
:10C42000164690B1012815D10C4D6C793F2C8CBF6C
:10C43000002401240A490622284607F0EBF858B1E7
:10C4400007B13D6026B90020F8BD064D0446F1E76E
:10C450003460F8E70320F7E71520F5E7ACD80020B3
:10C46000D8590200B2D80020012807B504D9831E8C
:10C47000012B08D9032011E00022114603B05DF81A
:10C4800004EBFFF7CBBF00F0EAF801AA0021FFF7A9
:10C49000C5FF18B90198002818BF152003B05DF832
:10C4A00004FB10B50446FFF7DFFF30B9023C012C56
:10C4B00003D8BDE8104000F027B910BD70B505469F
:10C4C0000F4C0E46FEF760FD0E4B002D18BF1C46AC
:10C4D00025782846FFF7C8FF78B1152804D0032433
:10C4E000FEF754FD204670BD65782846FFF7BCFF77
:10C4F000044610B11528F3D0F1E735700024EFE7BA
:10C50000D4590200D659020008B506220021054878
:10C5100007F0A9F8BDE8084003480622002107F00B
:10C52000A2B800BFB2D80020ACD8002037B505466D
:10C5300000242B8AA34201DC03B030BD21460DF15B
:10C54000070301222846FAF70DF90134F1E710B587
:10C55000102104460020FAF754F8034628B18268F7
:10C560001288A24204D2FAF762F80023184610BDDE
:10C57000026822440260F9E70420FFF7E8BF0820C0
:10C58000FFF7E5BF0D20FFF7E2BF70B505460E4689
:10C59000FFF7F8FF044640B133462A460021FAF778
:10C5A000D8F918B12046FAF742F80024204670BDA9
:10C5B00038B5058A954228BF15461C462A460B46C3
:10C5C0000021FAF7CFF810B904B1258038BD112049
:10C5D000FCE710B504460068038A8B4208DB89B289
:10C5E000FAF73DFA002820600CBF0620002010BD9D
:10C5F0000A20FCE708B591F83930DB07084605D575
:10C6000001F1290210F8011B00F0B2F8002008BD6A
:10C61000F8B50F4616461D46FFF774F9044658B1A3
:10C620003946FFF7C7F8011E0CBF0720002006B1EE
:10C63000346005B12960F8BD01460720F7E737B53A
:10C6400015461C4601AA6B46FFF7E2FF28B90DB15B
:10C65000019B2B600CB1009B236003B030BD00F048
:10C66000FD00431E584258417047FFF7F8BF0000D5
:10C6700002490022022000F07FBE00BFF5C5010084
:10C68000F8B50025C0E9005004460F461646294675
:10C690000C22083006F0E7FFC4E903762846F8BD0F
:10C6A0000346EFF3108272B6006802F0010248B14F
:10C6B0004168196001B95B6002B962B61038704711
:10C6C00062B67047002AFBD0704738B5034608466B
:10C6D0005179072915D9EFF3108172B600245461FE
:10C6E0005C6802F11005143225605A60CA0700D454
:10C6F00062B608B9002038BD03F1080106F0D6F88B
:10C70000F8E70220F7E700001FB50A4C23787BB951
:10C710004FF49672ADF80C200093022203A942F266
:10C720002E00FFF729FA08B90123237004B010BDC9
:10C730000020FBE7C8D800201FB50378012B15D8CF
:10C740008DF80F100622411C0DF109008DF80830FC
:10C7500006F0D3FF0023082200930DEB020142F202
:10C760004E00FFF709FA05B05DF804FB1220FAE766
:10C7700070B50D468EB006461446FCF7C7FD012D78
:10C780002FD8062231460DF111008DF8105006F019
:10C79000B4FF154910220DF1270006F0AEFF214627
:10C7A00010220DF1170006F0A8FF002300932722A6
:10C7B00004A942F22700FFF7DFF9044660B9062218
:10C7C00031460DF109008DF8085006F096FF012161
:10C7D00002A8FFF7B1FF0446FCF7A8FD20460EB003
:10C7E00070BD1224F8E700BFB8D8002010B501468C
:10C7F00088B01022002848D00DEB020006F07DFF23
:10C80000102223480DEB020106F004FF0446002825
:10C8100038D010220DEB02011D4806F06EFF0023F8
:10C820000093012202A942F22D008DF80830FFF793
:10C83000A3F9044630BB009003460246014642F28B
:10C840002900FFF799F90446E0B901220090034658
:10C8500002A942F22D008DF80820FFF78DF9044659
:10C8600080B90146062202A806F0FDFE10222146EC
:10C870000DEB020006F0F7FE214604AA02A8FFF71E
:10C8800077FF0446204608B010BD0249B4E700BF58
:10C89000B8D80020DE590200F0B595B0002300930F
:10C8A0001A46194640F60340FFF766F90446002889
:10C8B00040F0B780082502460146009504AB41F2DE
:10C8C0000100FFF759F90446002840F0AA809DF8BE
:10C8D0001000FFF795FA402300932246214604AB4F
:10C8E00041F20200FFF748F90446002840F0998021
:10C8F0009DF82600C0F38000FFF78EFAFFF786FA56
:10C900000746FFF78FFA52A3D3E900230094CDE93D
:10C910000223064623462A460DEB050140F6014058
:10C92000FFF72AF9044600287BD1062F11D9F30717
:10C930000FD54FF400020023CDE9042300900346F5
:10C940002A4604A940F66340FFF716F9044600287A
:10C9500067D1FFF75BFA062866D81F220023CDE9CE
:10C96000042300230093082204A942F20100FFF7E8
:10C9700003F90446002854D10323009302460146DC
:10C9800004AB42F20200FFF7F7F80446002848D152
:10C99000BDF810209DF8121072B9072300931146BC
:10C9A00004AB41F20500FFF7E7F80446002838D150
:10C9B000BDF81020BDF813101046FFF7C1F804466B
:10C9C00078BB082300930246014604AB42F2030001
:10C9D000FFF7D2F8044620BB0498FFF70BFA0623B2
:10C9E00000932246214604AB41F20900FFF7C4F848
:10C9F0000446B0B9144D04A8FFF7C8FC6B69F3B145
:10CA00002022214604A806F02EFE6B694FF6FF7225
:10CA100004A90220984790B904A8FFF7E7FEFFF7A2
:10CA20007DF8204615B0F0BD072804D0082804D1B1
:10CA300040F27F6292E73F2290E7044A8EE70020AF
:10CA4000EBE700BFAFF30080A02B00207FFE0F00BC
:10CA5000908000020080002013B54FF0FF330F4894
:10CA6000009300231A4603210068F8F7DFFEFEF763
:10CA70008BFA0B48FCF7A8FC0A4A002314681360E1
:10CA8000094A1370FEF782FA0CB902B010BDD4E95E
:10CA9000003100209847A468F6E700BFCCD80020FA
:10CAA000E4D80020E0D8002074D50020FFF7D4BFE0
:10CAB00010B5F9F7EBFCBDE810400146024A034807
:10CAC000002305F0FBBF00BFADCA0100CCD8002099
:10CAD00038B505460548FAF708F9044620B11C2286
:10CAE000002106F0C0FDA580204638BD44D90020B5
:10CAF00010B50C4641B10869F9F799FD2146034884
:10CB0000BDE81040FAF718B910BD00BF44D90020A5
:10CB1000807B00F00100704738B5134614460422AC
:10CB2000F9F720FE054658B92046F9F718FA2346CA
:10CB300023F8020B1846F9F712FA6080284638BD30
:10CB40000425FBE737B504460D4601A81146F9F761
:10CB5000EBF929460DF10600F9F7E6F92046042124
:10CB6000F9F7E4FF044628B1042200680DEB020146
:10CB700006F0C3FD204603B030BD08B18088704781
:10CB80004FF6FF70704738B50C46002505630869FD
:10CB9000F9F74DFD2561A58238BD2DE9F341089DCA
:10CBA00098464FF0FF332B600B88C3F30133012B02
:10CBB0000746164651D0022B24D101AA0021304647
:10CBC000FFF7AAFF002865D104213046F9F7F6FDEA
:10CBD000BDF806103846FEF7EDFD044640B9BDF835
:10CBE00006304FF6FF72934200D02B6005252EE0F1
:10CBF000C288403A92B23F2A06D8BDF80420438941
:10CC00009A4201D90A2522E023691BB12146384600
:10CC1000FFF7B9FF2389BDF80450042B1BD1204630
:10CC2000FAF7E9F88542EDD8BDF804303C63A382F9
:10CC30002069C8B9266123691D8AA38AED1A002DCF
:10CC400016DD21463846FFF79EFF0A2500263046AE
:10CC5000F9F7EDFC10E06089E4E7046B002CD1D01B
:10CC60002369002BE4D1CDE73146F9F78EFFE2E7E7
:10CC700006D1A369C8F80030284602B0BDE8F081AB
:10CC8000F7F7B2FA00F5EA4030307863FEF7B4F90E
:10CC90000125DBE70425DAE713B5C98801920446CC
:10CCA0001046128AFFF74EFF019090B101A920466D
:10CCB000FFF79AF850B1012809D1019B00225A616F
:10CCC000226C03F11001143311602364002002B0C0
:10CCD00010BD0620FBE7000007B5094B009309488B
:10CCE000094B1C220321F9F7D1FF20B903B05DF8ED
:10CCF00004EB00F0EBB90B2003B05DF804FB00BFC0
:10CD0000A94F020044D90020F0D800200820704725
:10CD1000C36813B10269008918477047F8B50F4618
:10CD200015460646FEF730F9114A116800230C46F5
:10CD30001CB9FEF72BF92046F8BD2089B04214D16A
:10CD4000A07AB84211D115B1E07AA8420DD12BB921
:10CD50000B681360002BECD1054B04E019680968DF
:10CD600019600029E5D15360E3E723462468DFE733
:10CD700094D90020F0B5868885B000F110070546EB
:10CD80000069FFF7D3FB04213846FFF722FC044675
:10CD900028BB2B6903AAD988186800F0CBF9286949
:10CDA0000421F9F70BFD2B691A8ABDF80E309A425F
:10CDB0001AD19DF80C301A2B14D80C4A52F8233093
:10CDC00083B13A4603A930469847044638B1002358
:10CDD0009DF80D1000931A46304600F0CCF920461D
:10CDE00005B0F0BD1024F2E70A24F8E7F05902007C
:10CDF000014610B10148F9F79FBF704760D9002084
:10CE000008B54A780121FFF789FF08B1FFF7F0FF65
:10CE1000002008BD70B516464A780021FFF77EFF56
:10CE20000546B8B102213046FFF7D3FB044678B976
:10CE300033681B681B885BB1012B0CBF10210A21D2
:10CE40002846FFF765FF2846FFF7D2FF204670BD52
:10CE50002146F5E70446F9E7F0B5054687B00F46E9
:10CE6000104608211646FFF7B4FB044698BB0DF1A7
:10CE700007012846FEF758FC044660BB9DF80740B2
:10CE8000E44314F0010446D133681B681A88ADF8F6
:10CE90000C2090B25A88ADF80E2091B29A88ADF865
:10CEA00010201FFA82FCDA88ADF8122093B2821F9C
:10CEB00092B240F67A46B24205940FD901267978AB
:10CEC00002AB0222132000F03CF920B10680029947
:10CED000284600F013F9204607B0F0BD8A1F92B231
:10CEE000B242EBD88842E9D8BCF5FA7FE6D20A3BD9
:10CEF0009BB240F676429342E0D803A92846FBF75E
:10CF0000F4FC0028DAD103A92846FCF79BF8061E9A
:10CF100018BF0126D3E71024DDE700002DE9F04318
:10CF2000074685B00E4691469846FEF72DF802ABAF
:10CF300003AA05213846FFF782FB054630B1FEF70C
:10CF400025F800242046FFF753FF47E0039B93F8A2
:10CF5000285005F00105FEF719F8002D42D12348AD
:10CF6000F9F7C3FE044600283ED02946142206F0F5
:10CF70007AFB1F4AA572117827814D1C15F0FF011D
:10CF80000ABF01230B4619461370C4E90398E172E6
:10CF900001AB0822122000F0D4F828B333880380B4
:10CFA00073884380B3888380F388C38001993846AF
:10CFB00000F0A4F805460028C4D1F7F715F900F5EC
:10CFC000F0406060FEF718F8FDF7DEFF094B1A68C5
:10CFD000226002B95C601C60FDF7D8FF284605B0EE
:10CFE000BDE8F0830325ACE70625ABE760D9002058
:10CFF00090D9002094D9002008B5FFF769FD30B121
:10D000000523C38003F5C8038360014B836108BD1A
:10D0100075CD010070B50A4C0E46256805B970BD86
:10D02000AB7A1BB931462846FFF772FE23681B68AE
:10D03000236003B964602846FFF7DAFEEDE700BF1E
:10D0400094D90020F7B5F7F7CFF8002406460094EE
:10D05000CDF804D0FDF798FF1B490A686FF0004532
:10D060002346274632B9FDF791FF009CFCB92846BC
:10D0700003B0F0BDD2E900C4A41B002C13DC5BB9E3
:10D080000B681B680B6003B94960019B17601A604D
:10D09000019263466246E5E7186800681860002858
:10D0A000F3D14B60F1E7A542A8BF2546F1E7A37A8B
:10D0B0001BB90D212046FFF72BFE23680093204665
:10D0C000FFF796FED1E700BF94D9002007B5074BC4
:10D0D00007480022C3E90023064B00931422064BA5
:10D0E0000121F9F7D3FD03B05DF804FB94D90020CA
:10D0F00060D90020BD4F02007CD9002037B504461E
:10D100000D46FDF741FF20466B4601AA0521FFF7BA
:10D1100096FA044650B9DDE900102A46FFF7BCFD37
:10D120000446FDF733FF204603B030BD2846F9F72B
:10D130007EFAF6E703781370437853704388538080
:10D140007047F8B51D4607460E461446FFF717FA16
:10D15000286040B1211D89B2F9F755FC2B6820B930
:10D160001846F9F764FA0020F8BD18680770467091
:10D1700044800430F8E7F7B5089F1646BA1C044609
:10D180001D4692B201AB0120FFF7DBFF60B12946DB
:10D1900020F8026B3A4606F0B0FA0199204603B037
:10D1A000BDE8F040FFF7AABF062003B0F0BD1FB5F1
:10D1B000ADF80C300423ADF80E200093022203AB2F
:10D1C000FFF7D9FF05B05DF804FB13B5FFF7D5FCF9
:10D1D000044698B101AA0121052000F021F878B198
:10D1E00005230370FDF7D0FE2046019900F02FF8CB
:10D1F0000446FDF7CBFE204602B010BD0724FAE737
:10D200000624F8E708B5FFF763FC30B10623C380B6
:10D2100003F582038360014B836108BDCBD101001C
:10D2200070B5154606460C46FFF7A9F9286040B1CF
:10D23000611C89B2F9F7E7FB2B6820B91846F9F7AA
:10D24000F6F9002070BD186800F8016BFAE737B5F1
:10D250000D466B4601AA0621FFF7F1F9044640B9D5
:10D26000DDE900102A46FFF717FD0446204603B00B
:10D2700030BD2846F9F7DBF9F8E70000034A536AA6
:10D280000BB1916A18470820704700BFA02B0020FF
:10D2900070B504460D461646FDF776FE064B9B69B3
:10D2A00043B120463246294698470446FDF76EFEB4
:10D2B000204670BD0824F9E7A02B002038B50446AD
:10D2C0000D46FDF761FE064B1B6A3BB12046294621
:10D2D00098470446FDF75AFE204638BD0824F9E772
:10D2E000A02B00201FB50123CDE9013001A8039137
:10D2F000FFF7C4FF05B05DF804FB0000F8B50E4F62
:10D30000FB6905460E46A3B1FDF73EFEFB693146BB
:10D31000284698470446FDF739FE44B11B2C06D138
:10D3200031462846FFF7DEFF04460028ECD02046B1
:10D33000F8BD0824FBE700BFA02B00200A460146E9
:10D340000220FFF7A5BF0A4601460320FFF7A0BF52
:10D3500001460320FFF7D2BF01460320FFF7AEBF0F
:10D3600003468A790868186088889A710A891A8140
:10D37000002298809A7270472DE9F04198B00446D7
:10D380000D46164600210C2201A806F06CF9022C6D
:10D3900005DC002C0CDC032018B0BDE8F081032C68
:10D3A000F9D1002301930DF10E08CDF8073005E007
:10D3B000002301930DF10B08CDF80730002788F802
:10D3C000007004AA01A92046FFF762FF18B10528E2
:10D3D000E2D10020E0E70DB90137F0E7324604A9B9
:10D3E0002046A8470028F7D0F3E7042A10B50446E2
:10D3F00008460AD0102A0ED0022A13D11023237017
:10D40000F8F7ADFD6080002010BD20232370F8F7F1
:10D41000A8FD6060F7E72046802300F8013B06F096
:10D420006CF9F0E70320EFE703780A78934201D024
:10D43000981A7047202B07D0802B08D0102B0BD1C7
:10D4400040884B88C01A704740684B68FAE7102242
:10D450000131013006F0DEB84FF0FF30704703783D
:10D46000102B0CBF408800207047022A10B50446DC
:10D47000084606D110232370F8F771FD6080002064
:10D4800010BD102A06D12046802300F8013B06F08B
:10D4900034F9F4E70320F3E730B51C4685B00546C0
:10D4A0006B46084611462246F9F75CF920B9224638
:10D4B00069462846FFF7D9FF05B030BD38B5037877
:10D4C000202B05460C4609D0802B12D0102B16D1EC
:10D4D00041882046F8F728FD002038BD0949102270
:10D4E000204606F00AF9696804F10C00F8F720FDFF
:10D4F000F2E7411C1022204606F0FFF8ECE703207B
:10D50000EBE700BFCC2B002010B50446084621787D
:10D51000C908F9F778FA014620B12046FFF7CEFF97
:10D52000002010BD0620FCE70078C008704700000E
:10D5300030B44D8A05F00305022D04460B4605D193
:10D54000054D2D6815B12B4630BC184720461946AD
:10D5500030BCF9F7E3BB00BF9CD900200148F9F7C4
:10D56000C4BB00BF00E4002008B520B1BDE80840FE
:10D570000448F9F7BABB0448F9F7B7FB0028F5D01F
:10D5800008BD00BF70DE00200CE30020014610B58E
:10D5900004460C48F9F790FB214620B10948BDE844
:10D5A0001040F9F7C9BB0848F9F786FB214608B1D6
:10D5B0000548F4E70548F9F77FFB10B10348214619
:10D5C000EDE710BD00E400200CE3002070DE002039
:10D5D00007B5174B00934FF48172164B1648012183
:10D5E000F9F754FB154B00934622154B15480321C0
:10D5F000F9F74CFB144B00934622144B14481021AE
:10D60000F9F744FB134B00934FF49472124B1348F9
:10D610000421F9F744FB1149114804234FF4947293
:10D62000F8F7B4FF0F4B0D4AD36103B05DF804FB6C
:10D63000D54F02001CE4002000E40020E84F020067
:10D6400028E300200CE30020FB4F02008CDE0020CA
:10D6500070DE002011500200D0D90020ACD900208B
:10D66000A0D9002031D5010010B50446236803B9C4
:10D6700010BDA3F110005B68236003B96460F8F784
:10D68000D6FFF3E7002002F0B9B903F029BE00008D
:10D690002DE9F8431B4D05F13809AC6B0CB9BDE819
:10D6A000F883A4F11007EFF3108372B6AA6B5268E7
:10D6B000AA6303F001030AB9C5F83C9003B962B646
:10D6C00054F8100CF8F74BFC064654F8100C0230D6
:10D6D000F8F745FC042180463846F9F76FF82288B0
:10D6E000424505D106F44053B3F5805F00D81AB91E
:10D6F0003846F8F79CFFD0E73146384601F0F1FE96
:10D70000CBE700BF30E5002008B5012003F0D2FDD3
:10D7100028B1BDE808400248332105F0F1B908BD41
:10D7200088E5002070B5164C04F12406636A03B93D
:10D7300070BDA3F11005EFF3108272B6616A4968FB
:10D74000616202F0010201B9A66202B962B61889EB
:10D7500000F00700012803F1080206D004280BD1CD
:10D760001146284601F05AFCE0E753F8101C0878EF
:10D7700000F00F0000F034FF2846F8F758FFD5E717
:10D7800030E50020F8B510210546F8F73AFF0446C9
:10D7900010B900242046F8BD836805821E880368FE
:10D7A000043326F0030603604379B6B2F31A043B50
:10D7B000ED1A0746002DEDDD0021A8B2F8F700FFB5
:10D7C00018B92046F8F733FFE3E7F860AD1B0746CA
:10D7D000F0E70346084631B1587900F0C000A0F1E7
:10D7E0004003584258417047034618B1012809D0F8
:10D7F00000207047084A12F8010B58B90133062B74
:10D80000F9D170474B1E053113F8010F10B98B4247
:10D81000FAD170470120704726E50020052910B590
:10D8200004460DD932B107480622214605F065FFAE
:10D83000002010BD00F08EFF0028F4D00C20F8E787
:10D840001220F6E720E5002038B504F07BFF094BF5
:10D8500004461D7A04F07CFF1CB9012D02D0042D72
:10D8600004D038BDBDE8384000F056BFBDE83840B0
:10D8700001F0C8B930E5002010B50C4B1B7A012B24
:10D88000144609D0042B0ED104F056FF0146204661
:10D89000BDE8104001F094BB0078BDE8104000F0F6
:10D8A0000F0000F0E9BE4FF0FF3010BD30E5002062
:10D8B00038B50C460346154620468A8B498BF8F747
:10D8C00051FF637E2B70207F38BD000008B504F047
:10D8D00089FC002004F0F2FC064B1870064B7F22F6
:10D8E0001A704FF0FF31054804F0BCFF43689847B9
:10D8F000F7E700BFA3E50020A2E5002044E50020F3
:10D90000014B1872704700BF30E50020014B187AB8
:10D91000704700BF30E500200146014804F0C6BF53
:10D9200044E5002000234361054B9A6A00F1100191
:10D9300014301160986203F11800FFF7EDBF00BFCB
:10D9400030E50020F8B50B880578447803F08002B4
:10D95000C3F3C01603F00703042B074605F00F05B9
:10D9600003D1BDE8F84001F0AFBB9AB3082D2DD824
:10D97000DFE805F0231E231E2329230505000022CE
:10D98000012B29D122BBA01CFFF7FCFE044618B1D5
:10D990000146384604F0B0FB28463246214600F0E6
:10D9A000B3FD054614B12046FFF7BCFF2846F8BD7D
:10D9B000B4F10C0218BF0122E2E7A21F1F2A94BF94
:10D9C00000220122DCE7B4F12202F3E70122D7E7CB
:10D9D0000024E1E7012BD6D04FF0FF35E6E7000049
:10D9E00010B4EFF3108272B600234361074BD96B7A
:10D9F00000F1100414300C60D863D30700D462B671
:10DA000003485DF8044BFFF787BF00BF30E50020F7
:10DA10005CE500200146014804F07FBF44E500209A
:10DA200001A1D1E9000170478F003020C001000042
:10DA3000014BD3E90001704730E5002038B5EFF322
:10DA4000108472B604F08EFC04F030F803F0B4FDDC
:10DA5000E30700D462B600F06BFE194B194D0024A9
:10DA60001C70194B20461C7004F028FC174B1870D2
:10DA7000174B18487F221A70FFF7F6FD1648FFF77C
:10DA8000F3FD40F201130422FF216B8205F109002E
:10DA90002523AB7305F0E7FD1F236B7301F086FEB2
:10DAA00003F028FB04F008F8214606220B482C72EC
:10DAB00005F0D9FD04F044F9BDE8384004F092BB0C
:10DAC000A1E5002030E50020A0E50020A3E500202E
:10DAD000A2E5002068E5002054E5002020E50020B4
:10DAE00038B504460D460020C9B203F035FCA0420B
:10DAF00017D8201A032D12D8DFE805F00E02080B04
:10DB0000C0F3CF001B2838BF1B2038BDC0F38F00E7
:10DB1000F8E7C0F38F10F5E7C0F30F10F2E700202D
:10DB2000F0E71B20F1E7000037B500233A480093E7
:10DB300006226946CDF8033005F06CFD0446B8B9FD
:10DB400036493548062205F0D8FD334800940622B0
:10DB50006946CDF8034005F05DFD48B9684604F01C
:10DB60006DF928B92C4806220DF1010105F0C5FD1B
:10DB70002B4C03F005FD0421FB2300222020E17340
:10DB80002382F7F7CDF82346002543F8385FE36397
:10DB90002346606143F8245F29460C2204F11800F3
:10DBA000A36205F060FD1F4B29460C2204F12C00F6
:10DBB000C4E9073505F057FD1B4B29460C2204F13B
:10DBC0004000C4E90C3505F04EFD184B29460C22E7
:10DBD00004F14C00C4E9113505F045FD144B154A1C
:10DBE00004F1140104F15800C4E914352B4604F083
:10DBF00065FF03F07FFA03F05FFF00F0B3FD01F073
:10DC00001DFE44F22E020023C4E9002303F02EFC83
:10DC100003F020FC03B030BD26E50020A45B020029
:10DC200030E5002025D7010091D601008BD60100F8
:10DC300085D6010009D7010003F048BA03F054BAB1
:10DC400002F054BF04F03ABB044A92F9001081423A
:10DC500002D0107004F024BB704700BFA2E5002082
:10DC6000EFF3108072B600F00100704700B962B6A1
:10DC7000704708B50346FFF7F3FF9A8922F0300298
:10DC80009A81BDE80840FFF7F1BF08B50346FFF7EA
:10DC9000E7FF9A8922EA01019981BDE80840FFF770
:10DCA000E5BF000010B504464C30FFF735FE0020FC
:10DCB000FFF726FE2046FFF7DCFF024B00221A602A
:10DCC00010BD00BFA4E5002038B5074B1C78C38900
:10DCD0000C441B07C0E90544054604D50348F8F782
:10DCE000EDFB0444EC6138BD14E80020008813000B
:10DCF00038B501210446154B8366406680F85810FC
:10DD0000007A03F029FBE389A5695A07104A5CBF32
:10DD100043F3000303F4557312784CBF00F5FB7313
:10DD20001B18AA1A03F11E0047F61123E265984258
:10DD30004FF0000284F85A2005D8064B5843800D56
:10DD40000544256638BDF8F7B9FBF9E759DD010050
:10DD500014E80020DF18020038B5C468234B0546DC
:10DD60001C60FFF77DFFA38923F0300343F010030D
:10DD7000A381FFF77BFFA38903F4C0638BBB1C4A1D
:10DD80001C49A07904F0A0FA94F90A00FFF75CFF9F
:10DD9000194BA97818786B68184404F02BFC0146DD
:10DDA000F8B9E389DA0613D59B0711D004F072FAAB
:10DDB00002221248214604F06FFC054688B9E37838
:10DDC00063B104F01DF80120FFF79AFD284638BD25
:10DDD0000B48214604F05EFA0022EAE704F011F84D
:10DDE000F1E72046FFF75EFF0125EFE7A4E50020FD
:10DDF00055555500D6BE898E14E8002005DE010079
:10DE0000A5DC0100F8B58C6B06460D4604B1247CF8
:10DE1000E989AB89A71D4807FFB225D513F0020495
:10DE20002AD121210C2703F0010341EA8311B81CF8
:10DE3000287211703046062205F1200105F05DFCC4
:10DE4000EB895B0706F1060605D5062205F13201CE
:10DE5000304605F052FC2CB1A86B33462246002117
:10DE6000F8F780FC3846F8BDC80709D411F0020F56
:10DE70000CBF02210621D6E7A1210C270024D2E7FE
:10DE80002021D0E7F8B50C6C06460D4604B1247C81
:10DE9000AB8913F0010F14BF44230423A71D137093
:10DEA00005F1200106223046FFB205F026FC2CB118
:10DEB000286CB31D22460021F8F754FC3846F8BD03
:10DEC00038B5838913F40075044602D15B0510D47C
:10DED00038BDC36B33B1806BF8F7A9FBE36BA36369
:10DEE0000023E3634FF400712046BDE83840FFF79C
:10DEF000CCBE006CF8F79BFB636C4FF48061C4E907
:10DF00001035F1E738B5037804465BB303F086FBC0
:10DF100004F1580003F096FDFFF7A2FE0546FFF757
:10DF2000F5FC012807D104F01DFA0020FFF7E8FCFA
:10DF30000D4B00221A602846FFF798FE04F14C00B2
:10DF4000FFF768FDA06C18B1FFF720FB0023A36466
:10DF50002046FFF78EFE002323702046BDE83840A0
:10DF6000FFF7AEBF38BD00BFA4E50020F8B50646F8
:10DF700000680F46154608B1F8F759FB00212846FE
:10DF8000F8F73FFB044628B1038A2B441F2B04DD1E
:10DF9000F8F74DFB00243460F8BD2A463946F8F7FF
:10DFA00059FB0028F7D02046F2E7000008B502F040
:10DFB00099FD074B48B198895A7810F0800003D03A
:10DFC000002A0CBF1846002008BD1846FCE700BF19
:10DFD000A8E5002010B50B4C78220021204605F062
:10DFE00042FB07230C22002104F14C00A37005F032
:10DFF0003AFB054BC4E91434E38943F01203E3818F
:10E0000010BD00BFA8E5002069E10100430705D469
:10E0100010F0020F0CBF25202620704727207047E4
:10E020002DE9F843044604F1580703F0F7FA2046B7
:10E03000FFF746FF04F14C08384603F003FD404665
:10E04000FFF7E8FCA178DFF81C910846FFF7DEFF38
:10E05000A279824244D1CA0731D411F0020F0CBF19
:10E06000272326232069A37147F61123984228D835
:10E070003B4B5843850DE3793BBB63692B44C4E9B3
:10E08000053399F80030A669F61AF8F713FA361A2C
:10E090001ED40025E3891B0736D5D4E906329B1A26
:10E0A000002B31DB2346A26C00203C2101F014FC44
:10E0B0000023A3642046BDE8F843FFF723BF2523D0
:10E0C000D0E7F8F7FBF90546D5E70023E371D8E779
:10E0D0006369F61A2B44DE42FCD4C4E90533D8E761
:10E0E000531CDBB2A3F125050120A840014204BF67
:10E0F0000232D3B2A371F8F7DDF999F80030013399
:10E100000344A3610125C5E72046FFF7F1FD0DBBE0
:10E1100094F85930E3B9E38913F0080F40F247113E
:10E12000384618BF002103F03DFC58B1384603F0D3
:10E1300089FCA078FFF76AFFA0714046BDE8F8436C
:10E14000FFF7EABB99F80030E26D1344C4E90533E8
:10E15000BDE8F883384603F055FC0028F8D0ECE71A
:10E16000DF18020014E800208068FFF759BF10B5DF
:10E170000446583003F066FCFFF772FDA38903F0F4
:10E180003003B3FA83F35B09E371FFF76FFDA07807
:10E19000FFF73CFFA07104F14C00BDE81040FFF711
:10E1A000BBBB000010B5074C206850B14C30FFF7E6
:10E1B000B3FB0020FFF7A4FB2068FFF75AFD002304
:10E1C000236010BDA4E500200F292DE9F843044683
:10E1D00020D1354D2B78002B61D10379B0F8008028
:10E1E000468890F80E90042B14D8DFE803F003164D
:10E1F00056544B001327B0450CD8A8F120081FFA3D
:10E2000088F843F6E072904504D8A6F120039BB24B
:10E2100093420BD91220BDE8F883C11D0622234882
:10E2200005F06BFA4FF000091D274E466379032B6A
:10E23000F0D8A379012BEDD81D4B93F900001D4BAD
:10E2400093F90030C01AFFF7FDFCA8726279012A29
:10E2500027D8637B591E0629DCD8B9F1030FD9D81A
:10E2600039075ABF40F2712116FB01F640F6A66647
:10E270002A71A2796A7185F80390AB702E61EF81E3
:10E280000020C8E7C11D0622084805F036FA4FF005
:10E2900000091527AFE71027ADE71227ABE70C20E1
:10E2A000B9E71120B7E700BFA8E50020D4E50020BA
:10E2B000A3E50020A1E50020034B93F90030037093
:10E2C00001230B7000207047A3E50020012970B5E1
:10E2D00001D0122070BD0578FFF768FE04460028C3
:10E2E0007DD0012D75D10378002B62D10B21FFF772
:10E2F000CCFC3C492079FFF777FA0028E9D0E38984
:10E30000DE0758D42379DD075FD5A389354943F06B
:10E310000103A381062204F1200005F0EEF9E38950
:10E3200058070DD504F12C01062204F1320005F046
:10E33000E4F96379D90742BFA38943F00203A381BB
:10E34000012323700023A4F8763003F081FCA37826
:10E3500080EA1040DA07A4F8740038D413F0020FF2
:10E360000CBF27232623A37103F06EF9064603F0A2
:10E370005DF80546F8F79EF842F21073B5FBF3F22C
:10E3800003FB1255184B5D4300EB9550A0612046EE
:10E39000FFF7AEFCE26D931B002B04DA236EE665FB
:10E3A0009B1A334423661149002204F1580003F0FC
:10E3B000DBFA00208EE7A06C0028A3D1FFF7D4F889
:10E3C000A06400289ED1072084E70949A2E72523FD
:10E3D000C9E7002D7FF47DAFFFF794FDE9E7422008
:10E3E00078E700BF20E50020DF180200C9DC01004B
:10E3F00026E50020202970B501D0122070BD0678D6
:10E400001F2EFAD8451CFFF7D1FD044670B3C3890F
:10E4100003F01203002BF0D00378F3B1436C43B147
:10E420004FF48061FFF731FC606CF8F700F90023CE
:10E4300063643246294604F14400FFF797FD636C9C
:10E440000BB90720DAE7FFF70BFCA38943F48063DD
:10E45000A381FFF70BFC0020D0E73246294640306D
:10E46000FFF784FD236C002BF5D1EAE74220C5E7D6
:10E47000202970B501D0122070BD06781F2EFAD861
:10E48000451CFFF793FD044600283BD0C389D906FD
:10E4900015D55A070ED440212046FFF7F6FB237806
:10E4A00083B93246294604F13800FFF75FFDA36BBC
:10E4B00033BB1BE002F016FB0028ECD0DBE79B0728
:10E4C000E9D5D8E7E36B4BB14FF400712046FFF775
:10E4D000DCFBE06BF8F7ABF80023E3633246294638
:10E4E00004F13C00FFF742FDE36B0BB90720C3E7E3
:10E4F000FFF7B6FBA38943F40073A381FFF7B6FBD4
:10E500000020B9E74220B7E72DE9F843DFF8CC80D7
:10E5100007460D4649B9D8F80000FFF7C3FB4FF096
:10E52000FF340020FFF7ECF950E012B9C8F80020E2
:10E53000F5E7032801D0052832D1D8F800602C680F
:10E54000062204F1080106F1200005F063F838BB4B
:10E55000F37814F8029B032F0CBF03F0010303F0C0
:10E560000203C9F38019A3B92B8B032F43F0400397
:10E570002B831BD04946204600F0A4F980B9F389CB
:10E580005B070DD50622214606F1320005F042F860
:10E5900006E000224946204603F0EAFB0028E3D1CA
:10E5A0004FF0FF340023C8F80030BAE7094831467D
:10E5B00003F070FE08480022314604F06DF804466E
:10E5C0000028EFD12B8B43F010032B832046BDE8AE
:10E5D000F88300BFA5DC010085DE0100A4E5002072
:10E5E000F8B5244C23780D461746002B41D01288ED
:10E5F000160607D41F48FFF73CFBBDE8F8401D484E
:10E60000FFF70EBD052830D1E189A38901F0100084
:10E6100003F008030343EDD05006EBD52E784907ED
:10E62000C6F3801615D4A37BC3F3001383F0010354
:10E6300003F001033A463146284600F06BFF0028FC
:10E64000D8D0A3891A0714D4BDE8F8400948FFF7C9
:10E6500059BC6379B342CDD10622A91C04F12C0028
:10E6600004F0D8FF0028C5D1DDE70328C2D1D306C6
:10E67000C0D5F8BDA8E5002008B50C4A0346032B19
:10E68000106807D1C38999070ED4FFF70BFB4FF031
:10E69000FF3008E0052BF8D1C389DA07F5D5C3F3BD
:10E6A000001080F0010008BD0120FCE7A4E5002077
:10E6B000044BD8781B781BB1B0FA80F04009704742
:10E6C00001207047A8E5002038B5074D00212B46F2
:10E6D000AA6C044601F000F90023AB642046BDE8B3
:10E6E000384002F010BE00BFA8E5002010B5037945
:10E6F000012B02D80024204610BD8389DB07F9D501
:10E7000000F1200401212046FFF763F80028F2D130
:10E71000F0E726307047000008B503F023FE034BF6
:10E720001868BDE80840FFF7BDBA00BFA4E50020A7
:10E7300010B5074C2046FFF7E5FBA06BF7F777FF16
:10E74000206CF7F774FFBDE81040FFF743BC00BF33
:10E75000A8E50020024B1878003818BF0120704748
:10E76000A8E50020FFF736BC47F611229042034689
:10E7700001D9F7F7A3BE02485843800D704700BF88
:10E78000DF180200F8B5054610460E461446FFF79E
:10E79000EBFF0746F7F798FE231ADBB22A681F2B18
:10E7A00008BF01373A442A60327808BF0023134477
:10E7B000DBB21E2B83BF1F3B33702B68337084BFCB
:10E7C00001332B60F8BD000008B503F0CBFD00203D
:10E7D000FFF796F8014B00221A6008BD48E70020B9
:10E7E00010B50446FFF7F0FF2CB104F19C00BDE822
:10E7F0001040FFF791B810BDFFF7F2BF38B5C468FD
:10E800001E4B1C60A37905462BB92046FFF7E8FF95
:10E810000125284638BD03F0F4FA0420FFF770F80C
:10E82000D4E9151294F82D0003F04EFD144B93F922
:10E830000000FFF709FAE379022B15D1114BA978F3
:10E8400018786B68184403F00BFF014688B92378E9
:10E85000D4F8842043F010032370D4F888303D327C
:10E8600002EB430203F086FC0025F7F723FE606607
:10E87000CFE72046FFF7B4FF0125F6E748E7002081
:10E88000A3E5002014E800208378D90610B50446DB
:10E890000ED5B0F84630DA070BD5002101F0AFFDF8
:10E8A0000021204602F09FFCA37823F01003A37000
:10E8B00010BD5B06F4D5062101F0A1FD94F83510DA
:10E8C000EFE700000B4B70B51C6805460E460CB90F
:10E8D000204670BD0622294604F1950004F09AFEF8
:10E8E00020B994F894307340DB07F1D5D4F8B440E4
:10E8F000EDE700BF28E60020F8B540F2E24303FB55
:10E9000000F420460E461746FFF72EFF0546F7F7A0
:10E91000DBFD231ADBB21F2B04BF002301353B7044
:10E920003560F8BD406E4B6EC01AC00F70470000D6
:10E93000034B1B680BB9F7F7BDBDD86D704700BF1F
:10E9400048E70020012805D103488379002B08BF40
:10E9500000207047002070472CE60020044B186808
:10E9600020B1D0F8B4201A6002B95B60704700BFD4
:10E9700020E6002003789B062DE9F04104460E4670
:10E980000AD590F82F20418D00F11E03BDE8F0411B
:10E99000B0F8480003F08EB990F82D00012704F17B
:10E9A0001E050EB9BDE8F08194F82E3094F82C20A5
:10E9B0001344D8B2252884BF2538C0B2C0F3C7029B
:10E9C000224484F82E00927F00F0070307FA03F335
:10E9D000134209D194F82F30B0FBF3F203FB12037A
:10E9E000D9B2284603F03EF9013EB6B2D9E700009D
:10E9F00070B50446FFF748FF94F83A3063B1637886
:10EA00009E0606D5E379022B09D10023A4F89030A5
:10EA100005E0204601F068FC63789D06F2D4226888
:10EA2000764BB4F848501340092B05BFB4F890302A
:10EA30005B196B1C01339BB25D1BADB2012DA4F8B9
:10EA4000483040F0AA80626FE36F94F878101A445F
:10EA500094F8793062670B44DBB21E2B85BF1F3BF5
:10EA6000013284F8783084F8783088BF6267A37800
:10EA7000980762D5B4F84820B4F800319A425CD1C6
:10EA8000E379B4F8FA00022B03D1B4F84630590602
:10EA90000FD4B4F8683083420BD1B4F89020B4F8A6
:10EAA000FC309A4205D1B4F86A20B4F8FE309A429C
:10EAB00003D0A37843F01003A370B4F8FE30A4F899
:10EAC0006A30B4F8FC30A4F8903094F8F63084F84A
:10EAD000383040F2E24213FB02F3C4F88430B4F859
:10EAE000F830A4F87030A4F8680004F1790204F159
:10EAF0007C01FFF701FFB4F8E8305BB1B4F8F40033
:10EB000040F2712358431E30FFF72EFE0023E066CB
:10EB1000A4F8E830B4F8F83043B140F2E2425A4386
:10EB200004F1780104F17400FFF72CFE636FC4F860
:10EB30008C30A37823F00203A370A3789A061BD528
:10EB4000238DB4F848209B1A1BB2002B14DC04F16F
:10EB50002306304603F0A3F8314684F82F0005223F
:10EB600004F11E0004F0C9FDA37823F02003A37074
:10EB70000121204601F043FC29462046FFF7FAFE1A
:10EB8000637884F82D009B06606F13D5236E1B1AE3
:10EB9000002B0FDC4FF0FF3070BDB4F8682040F25E
:10EBA000E2435A436A4304F1780104F17400FFF729
:10EBB000E9FD5CE7E379022B1ED194F83720D4F805
:10EBC000801003F087F8B4F8683040F271225343A4
:10EBD000963B9842DED2D4F884301030C4F88800D6
:10EBE0001844FFF7C1FDA330054B1A78636F9B1AD9
:10EBF0000344E3650020CFE7A320F5E709006200A6
:10EC000014E80020014B1868FFF7EABD48E7002030
:10EC100038B5058ABDF810409542457A16BF028284
:10EC2000002201228D421CBF4172012244B1418A5F
:10EC3000A14205D044824BB9002101F095FB09E0C7
:10EC400033B1817A994203D08372F5E70122F8E764
:10EC5000002AF1D1002038BD38B504220446002135
:10EC6000002504F000FD222384F83D3007222946C8
:10EC7000A4F84850A571658704F13E0004F0F3FC48
:10EC80007F232372FF2384F839300C2284F83C5010
:10EC9000E56484F8355084F89250A4F84650A4F8FE
:10ECA000E850294604F19C0004F0DDFC144BC4E953
:10ECB0002834234643F8AC5FC4F8B0304FF080737B
:10ECC0002363104BC4F8A8509A7862725A78A272E3
:10ECD000DA88DB8963820C4B2282C4E905334FF466
:10ECE000A473A3831B23E372A373084BA4F84A50B5
:10ECF00041F61B32A2811A68C4F8B4201C6038BDEA
:10ED000091EE01004CE700204801480128E6002070
:10ED100038B5828A438AC18A934228BF1346428B00
:10ED20009A42028A16BF4383002301238A4228BFE6
:10ED30000A46018B914218BF0283C17A827A14BFBE
:10ED400001251D468A4228BF0A46817B914218BF91
:10ED50008273017B427A1CBF01252B468A4228BF61
:10ED60000A46417B9142044606D0427393B920463D
:10ED7000BDE8384002F0EEB94BB1A07B012102F0B2
:10ED8000EBFA638B80B2834228BF0346A383002D36
:10ED9000EDD138BD1D46F0E7F7B50446CC300D4641
:10EDA00002F050FEEFF3108672B6364B1B68A3429A
:10EDB00006F0010601D1FFF707FD06B962B64FF074
:10EDC000FF33009300231A460321D4F8B800F6F766
:10EDD0002DFD2D49D4F8B4200B68A34218D10A6048
:10EDE000D4F8A80020B1F7F722FC0023C4F8A8301B
:10EDF00004F1AC07D4F8AC6096B17368C4F8AC30D9
:10EE00000BB9C4F8B070A6F11000F7F710FCF1E7E9
:10EE10001946D3F8B430A342FAD1C1F8B420DFE7E1
:10EE200004F19C00FEF7F6FD6378A67103F0180369
:10EE3000182B07D13146204602F0F7F9637866F3C4
:10EE4000041363706378DB0607D52946204602F079
:10EE5000ECF9637823F0100363704DB1022D03D1F8
:10EE600094F90130002B03DA2946204600F038FEE1
:10EE70000023C4F8B430054B5A681460B4345C60A5
:10EE800003B0F0BD48E7002028E6002020E600207F
:10EE900038B5044602F0C2FBA468637813F040055D
:10EEA0001CD1236803F4C033B3F5C03F09D194F8F3
:10EEB0003B10002908BF13212046BDE83840FFF76A
:10EEC0006BBF04F19C00FEF7A5FD2378DB0748BF6C
:10EED000C4F884502046FFF78BFD08B11621EBE7FC
:10EEE000237884F8320060F300032370204601F099
:10EEF00053FA1C4BC4F8DC30204602F0AFFCC8B912
:10EF0000A379012B0BBFB4F86800B4F86A0041F68E
:10EF10004C5342F210730BBF584358433E2508250B
:10EF2000FFF722FC636FD4F88C209B1A834207D32F
:10EF30002946C1E72046FFF75BFD0028DCD0CDE77E
:10EF4000204600F05BFD637803F01803182B07D10F
:10EF50000021204602F069F9637823F01003637002
:10EF600038BD00BFFDE7010010B5084C0020FEF7DA
:10EF7000C7FC206840B1037823F0010300F89C3BF4
:10EF8000FEF7CAFC0023236010BD00BF48E7002045
:10EF900070B504460D46EFF3108672B6074B1B683A
:10EFA000834206F0010601D1FFF70EFC06B962B6F6
:10EFB00029462046BDE87040FFF7EEBE48E7002036
:10EFC00038B5154D2C680CB9012038BD636D8B42E6
:10EFD0000BD00020FEF794FC04F19C00FEF79CFC93
:10EFE00000232B604FF0FF30EFE72278A388C37037
:10EFF00042F0010202232270A371D3B2D206E3D5FC
:10F0000023F0100323708368C4F880306367C368FB
:10F0100084F87830D8E700BF48E700202DE9F041B8
:10F020000546C878FFF78EFC0F46044640B3FFF74D
:10F030002BFC2A68137813F0030621D092F8018084
:10F04000B8F1000F01D1012E1AD11E493A79097881
:10F05000521A2272E279022A05D15A0742BF227857
:10F0600042F00802227094F8332003F008039A4219
:10F0700006D0012E84F8333007D1B8F1000F0CD13F
:10F080002846BDE8F041F7F7D2BA032E05D129464C
:10F090002046BDE8F04101F0D3B902212846F7F738
:10F0A0000DFC2F68A188384641EA0631F6F73CFF8F
:10F0B000B81C4146F6F738FF2846BDE8F041FCF79A
:10F0C00095B800BFA0E500202DE9F04FB1F8009001
:10F0D000864B05781C6890F801808FB019F0800984
:10F0E00000900E4604D008F10200FEF74BFB81466B
:10F0F000002C00F0D68101214046D6E9027A02F0C8
:10F100002BF933881B0660D494F832300133DBB21C
:10F11000012B84F8323000F2C481E379022B40F0F5
:10F12000C08194F90130002B80F2E68023784FF003
:10F13000000B43F0040323705E4601275D462378ED
:10F1400059070BD50EAB049300238DF82830ADF88A
:10F150002A30ADF82C300DF1280B04AE94F8303085
:10F160000BB147F0080794F8313047EA051013B1A6
:10F1700040F00400C0B294F901308BF80100002B7C
:10F18000C0F27381E379022B00F05B81002002273B
:10F19000214603F07FF8314655483A4603F07CFAA1
:10F1A0000646002800F06481B9F1000F06D00098EF
:10F1B000494602F0A1FF4846FEF7B4FB002E00F0DE
:10F1C0006B812046FFF70CFB67E10026504484F872
:10F1D0003260FFF7C9FA05F0030ABAF1030F3844A9
:10F1E00008BF009BC4F88C0084F834500CBF9F7893
:10F1F0003746B9F1000F04D02E0794F8313017D5F7
:10F20000C3B9237894F8301013F0040305F0040513
:10F2100002D1D4F8A820A2B18DB191B981F0010139
:10F2200084F830100BB3237823F00403237008E034
:10F23000002BE6D183F0010384F83130E1E70029A7
:10F24000ECD1BAF1030F7FF468AF022F7FF465AF02
:10F25000B8F1020F7FF461AF637843F0800363700D
:10F26000009BDB7884F83B3057E7D4F8A850002D9A
:10F27000E7D06A7E02F00302032A0CD1C4F8A8305A
:10F280002146284601F0FFFB06460028D9D0B9F1F7
:10F29000000F8CD195E76B8BAA8B288A13449BB205
:10F2A00083426B8312D352B1B4F84A3001339BB21C
:10F2B000022BA4F84A3002D90E48FEF72DFB28464F
:10F2C000F7F7B5F90023C4F8A830BAE7C01A86B238
:10F2D0000121208BFEF704FC637BB34228BF334639
:10F2E000834228BF0346AB83ABE700BF48E700205B
:10F2F000B1D801007CE50020D4E92A65002E40F059
:10F300008F802378580700F19680002D3FF40FAFCF
:10F31000D5F804A0C4F8ACA0A5F11006BAF1000F0E
:10F3200003D104F1AC03C4F8B0306B7AAB4603F000
:10F330000303032B3BF8088B65D15FFA88F3314652
:10F340002046019301F0EFFA019B6F7AAB81002117
:10F35000C4F8A8605546CA1815B990457FF7EFAEB6
:10F36000DFF848C1606FE56F9CF800C00544A5EB6D
:10F370000C0A94F8785094F879C06544EDB21E2DCB
:10F38000E56E88BF0AF1010A35B12844A0EB0A05F1
:10F390003AEA250A28BF824604A8CDE90212019361
:10F3A00002F074FBDDE90131039A30B10498A0EB5F
:10F3B0000A053AEA250A28BF8246904594F80DC00E
:10F3C000A58B0193C5BFA8EB0100C01A604680B2AF
:10F3D000604528BF60460121C0B201F0BDFF019B1E
:10F3E00001218046184601F0B7FF05F5E175454457
:10F3F0002844FFF7B9F90546F7F75CF80544A5EB93
:10F400000A05ED0F9BE6208B0121FEF769FB637B6C
:10F41000434528BF4346834228BF0346DBB294E7F7
:10F42000718BB6F81080337F06F1180B39B9777EEF
:10F4300007F003078FE7B346B0463146334601274E
:10F4400089E7002D7FF4A2AE94F83230002B7FF4D0
:10F450009DAE94F83430DA063FF598AE33681978EB
:10F4600000F038FF00287FF491AE0F4800278FE6A8
:10F47000237865F3410323705B077FF595AE94F91C
:10F480000130002BBFF690AEA37843F00103A370C8
:10F49000B9F1000F7FF48BAE002630460FB0BDE807
:10F4A000F08F4FF0FF36F2E6F9E7010014E8002094
:10F4B000032A10B504BFCB800B8200230B764B834D
:10F4C0004A76EFF3108272B64B61D0F8B03001F19A
:10F4D00010041C601431D307C0F8B01000D462B619
:10F4E00010BD10B50446C1F30B00FFF72BFA58B15D
:10F4F00011F4405F1346214618BF0122BDE81040B9
:10F5000008BF0222FFF7D4BF2046BDE81040F7F73E
:10F510008EB870472DE9F84FDFF88C82D8F800409C
:10F520000546894616461F4600F1020B002C40F0A6
:10F53000F680FFF713FA0446002800F0FF8005F17B
:10F540000E00F6F70EFD6065B5F81320AB7C43EABC
:10F550000223A3656B7D84F8383005F11600F6F7B9
:10F56000FEFCA4F8700005F11800F6F7F8FCA4F80A
:10F57000680005F11A00F6F7F2FCA4F8900005F116
:10F580001C00F6F7ECFC04F11E0AA4F86A00052240
:10F5900005F11E01504604F0B0F895F82300B4F8C8
:10F5A000702000F01F0084F82C0095F823305B09D0
:10F5B00084F83730B4F868309A4200F2E0809A1F3D
:10F5C00092B240F67A418A4200F2D98094F838101B
:10F5D000002900F0D480B4F89020B2F5FA7F80F0D2
:10F5E000CE8005380B2800F2CA80B4F86A0042F2D7
:10F5F000107C01320CFB00F012FB03F240F6C41C3D
:10F600000CFB02F2904240F2BA80013B082BA8BFEB
:10F610000823994200F2B3800622594604F195006E
:10F6200004F06BF884F89490504602F038FB0128FF
:10F6300084F82F0040F2A380B4F8680004F1790246
:10F6400004F17C01FFF758F90223E3712046FFF72C
:10F6500003FB17B92B789B0678D5237843F020035A
:10F660002370636D83EA1343638500212046FFF70F
:10F6700081F94B4BC4F8DC300123A371237884F863
:10F680002D0023F001032370F6F714FFE379606681
:10F69000022BC4F88C0040D1B368F068C4F8803005
:10F6A000B4F87030B17940F2E24202FB0305222047
:10F6B00001F052FEB3782844242B00F2E24205D830
:10F6C00096F90530022B45DC002B48DCB3686367F4
:10F6D0002146002301F8783F04F17400FFF752F847
:10F6E00094F83820656F40F2E24312FB03F141F2D7
:10F6F0008830C4F8841002FB0300FFF735F80135A9
:10F700000544E565204602F0FBF858BBE379022B7F
:10F7100003D131462046FEF7D7FF01200FE0062235
:10F72000594604F1950003F075FF60B92A7894F802
:10F730009430520603F0010303D523B10020BDE845
:10F74000F88F002BFAD0D4F8B440EFE684F82E708E
:10F7500001218BE7032BB9D100F6A662B6E700F6CC
:10F76000C412B3E72046FFF743F90028CAD0D8F8FF
:10F770000030D4F8B420A3420AD1C8F800200023F6
:10F78000C4F8B430074B5A681460B4345C60D5E7F1
:10F790001946D3F8B430A342FAD1C1F8B420EEE749
:10F7A000FDE7010020E6002028E60020F8B5204B08
:10F7B000186818B100211960FFF7EEFA1D4C206897
:10F7C00018B10021FFF7E8FAF9E702F0C9FFFB28BA
:10F7D000064628BFFB26F6B2371D174DFFB204467A
:10F7E000012138466E7001F0B7FD0121E8813846ED
:10F7F0002E7001F0B1FD1B2C28BF1B24E4B2AC70AD
:10F800000434E4B2A8810121204601F0A5FD0121C4
:10F81000E880204601F0A0FD03212881204601F068
:10F820009BFD1B23EB704FF4A4736881AB80F8BD84
:10F8300048E7002028E600204CE7002070B5114C76
:10F84000114D124B002631464FF48E7220461E6039
:10F85000C5E9006503F007FF0123A3806B68C4F8C6
:10F86000B4601C6004F1B4036B602046032384F889
:10F87000CC30C4F8D84001F02BF9BDE87040FFF758
:10F8800095BF00BF2CE6002020E6002028E60020DF
:10F89000002101F0A8BC884210B51BD8052819D951
:10F8A000B1F5486F16D8B2F5FA7F13D2A3F10A006A
:10F8B00080B240F67644A0420CD842F21070584311
:10F8C00002FB011140F6C4135943884294BF122031
:10F8D000002010BD1220FCE72DE9F04105460A206A
:10F8E0000E461446984601F099FB0746002850D072
:10F8F0003E231F22237062700021A01C03F0B3FE80
:10F900000A23A370E670002D3CD0AB88A380EB796E
:10F91000013BA37195F89430E371062205F195013E
:10F9200004F1080003F0E9FEEB79022B2FD14046E9
:10F93000FEF7DCFE064628B10146062204F10E0061
:10F9400003F0DBFEE379012B0CD9EB79022B03D119
:10F950004046FEF7DEFE06460622314604F114005C
:10F9600003F0CBFEB5F868306383B5F89030A3831D
:10F97000B5F86A30E383EB79022B04BF95F8373092
:10F9800084F820302046BDE8F04101F0ADB80026F3
:10F99000D8E7012001F042FB58B33E231322237025
:10F9A00062703946A01C03F05EFE0123A370E6706E
:10F9B000002DE7D0AB88A380EB79013BA37195F8CC
:10F9C0009430E371062205F1950104F1080003F07B
:10F9D00094FEB5F86830E381B5F890302382B5F82D
:10F9E0006A306382EB79022BCCD195F837302375DE
:10F9F000C8E72046BDE8F041FDF7C8BD2DE9F84352
:10FA0000044610B3F4F7F0FB334B1B68C01AB0F593
:10FA1000006F1AD2B4F84A30C3B30020FDF7A4FD3A
:10FA2000A0B31322027001228270A288A0F80320E2
:10FA3000B4F84A20A0F80520052242700023A4F85B
:10FA40004A30BDE8F84301F04FB8244B4FF00008AE
:10FA50001C684046C1464546012613273CB990B173
:10FA600001F042F8F4F7C0FB1B4B18600EE0A379DD
:10FA700073B3B4F84A3013B9D4F8AC3043B360B9B7
:10FA8000FDF772FD20B9B8F1000FEBD1BDE8F883A6
:10FA90000770467000F10209857099F80030A1885E
:10FAA00009EB83020133A2F80110B4F84A10A2F85E
:10FAB00003104278DBB20432112B427089F8003017
:10FAC000A4F84A5004D101F00FF84FF001080020CB
:10FAD000D4F8B440C2E700BF5CE7002028E600206D
:10FAE00038B5054605200C4601F0BAFA88B1002069
:10FAF000FDF73AFD68B1052202700422427000222F
:10FB00008270AA884471BDE83840A0F8032000F054
:10FB1000EBBF38BD022938B50C4622D10088FEF76C
:10FB200011FF0546F8B14378D80601D50C2038BD41
:10FB300019070BD4B5F846301A0707D4EB79022B16
:10FB40000AD000220321284600F0F2FB6B7843F034
:10FB500010036B700020EAE7FDF76AFF0307F0D49B
:10FB6000E4E71220E3E72046E1E70000F8B5078864
:10FB70000546B8B2FEF7E6FE0446002873D06A8850
:10FB8000B0F8683090B2834228D3A988994225D32F
:10FB9000B4F89010EB88994220D1B4F86A102B8900
:10FBA00099421BD1AB896A899A4201D91220F8BDCA
:10FBB00040F2712202FB03F01E3047F611239842F7
:10FBC00009D82D4B5843800DE06621462B4801F0A3
:10FBD00073FA0020EBE7F6F771FCF5E7B4F846306E
:10FBE00003F04103002B40D194F83D6016F002066B
:10FBF00004D1E379022B02D11A20D8E70626A37894
:10FC0000190702D5E179022931D09B0602D5E379A3
:10FC1000022B2ED0A4F8EA20AB88A4F8EC3099B2DD
:10FC2000EB88A4F8EE30B5F808C0A4F8F0C09AB29A
:10FC30001FFA8CF3B5F80AC0A4F8F2C0AD89A4F895
:10FC4000F4501FFA8CFE1FFA85FCE645AED8FFF78C
:10FC500022FE02460028A9D1A4F8E87031462046C9
:10FC600000F066FBB5E70220A1E70C209FE7232008
:10FC70009DE72A209BE700BFDF18020091F80100F2
:10FC80000E292DE9F047054690461F4667D1B0F88A
:10FC90000090FDF7CDFE82071FFA89F45BD5204660
:10FCA000FEF750FE0446002857D08388A0F8E830BD
:10FCB0006888A4F8EA00A988A4F8EC10EA88A4F8F7
:10FCC000EE202B89A4F8F030B5F80AC0A4F8F2C0F1
:10FCD000AD89A4F8F4509BB292B289B280B21FFAF7
:10FCE0008CF6FFF7D8FD1FFA85FA054650BB56453E
:10FCF00088BF1225A3781B071DD52DBB10211B2003
:10FD0000F6F77FFC064690B1D0F800A004F58272A9
:10FD10005146204600F026FA124B8AF800001B5C80
:10FD20000133DBB2032231462046FFF7C1FBA37843
:10FD300023F00803A3700223A8F800903B70284624
:10FD4000BDE8F0871225D5E794F836103B2220460F
:10FD500000F0C6FDEBE70125EDE70225EBE71225F4
:10FD6000EDE700BF5C5A020003292DE9F04105468A
:10FD700017461E4623D1B0F80080FDF759FE8207D2
:10FD80001FFA88F417D52046FEF7DCFD0446A0B123
:10FD900083781B0708D5AA7890F8361000F0A0FDEC
:10FDA000A37823F00803A37000200223A7F80080A3
:10FDB0003370BDE8F0810120F7E70220F5E712205B
:10FDC000F7E7000038B505460088B0F5706F09D236
:10FDD000AB781A2B08D8042B04D90E4A22FA03F365
:10FDE000DB0705D412200FE0292B01D03B2BF9D1E2
:10FDF000FEF7A8FD48B190F83A4044B9AA7880F8D7
:10FE00003A2000F071FA204638BD0220FCE70C20B1
:10FE1000FAE700BF20003804022910B50C4615D1BE
:10FE20000088FEF78FFD98B1B0F84610CA0611D4CD
:10FE3000427812F0020204D1042100F079FA002085
:10FE400010BD41F01001A0F84610F8E71220F7E7C6
:10FE50002046F5E70C20F3E70229F8B50C461546D5
:10FE60001E460FD10088108080B2FEF76BFD30B1C6
:10FE700090F908300020AB7003233370F8BD7F2366
:10FE80002046F8E71220F9E70229F8B50C46154696
:10FE90001E461AD10788B8B2FEF754FD0146A81CC9
:10FEA00039B9052203F0DFFB204607232F8033708A
:10FEB000F8BD8B789B064FF0050204D5233103F083
:10FEC0001CFC0020F1E71E31F9E71220F0E70629BB
:10FED0002DE9F743044617461E4603D0122003B00F
:10FEE000BDE8F083B0F800801FFA88F0FEF72AFD25
:10FEF0000546A0B1B4F80290A4884846214600F017
:10FF000008FE0028EAD000230093224649462846EE
:10FF1000FEF77EFE0223A7F800803370DFE70220A1
:10FF2000F8E72DE9F84305460C4601F1020901F115
:10FF300004088F1D1646002A3DD011882046F5F78B
:10FF4000F3FF71884846F5F7EFFFB1884046F5F7B3
:10FF5000EBFFF1883846F5F7E7FF00232372B5F889
:10FF6000481004F10900F5F7DFFF04F10B004FF62C
:10FF7000FF71F5F7D9FF04F10D004FF6FF71F5F7AA
:10FF8000D3FF04F10F004FF6FF71F5F7CDFF04F139
:10FF900011004FF6FF71F5F7C7FF04F113004FF69C
:10FFA000FF71F5F7C1FF04F115004FF6FF71BDE8D1
:10FFB000F843F5F7B9BFB0F8EA102046F5F7B4FFFB
:10FFC000B5F8EC104846F5F7AFFFB5F8EE1040462F
:10FFD000F5F7AAFFB5F8F010BCE738B50C460546B2
:10FFE000817A601CF5F7A0FF698AE01CF5F79CFF99
:10FFF000697A601DF5F798FF298AE01DBDE8384051
:020000022000DC
:10000000F5F792BF2DE9F843044689461B201021DD
:100010001546F6F7F6FA074678B3066806F10108C2
:10002000B9F1080F1ED8DFE809F0052B1D38455639
:100030005B686200A378002D14BF0122002223F028
:10004000060343EA8203A3700CD02A4602F1180C7F
:1000500004F58275106851682B4603C30832624567
:100060001D46F7D10025264B35705B5D0133DBB2B1
:10007000032239462046FFF71BFA3846BDE8F883CD
:1000800020490522404603F038FB0522414604F191
:10009000230003F032FB0125E5E7E379022B0CBFD7
:1000A0000E250025FDF7C4FC02460B464046F5F739
:1000B00047FFD8E7637843F0020363700923737046
:1000C00040F6FF71B01CF5F72FFF0021301DF5F74A
:1000D0002BFF0C25C7E794F83A3073700225C2E76E
:1000E000002241462046FFF71CFF0F25BBE73146A3
:1000F0002046FFF772FF1425B5E71225B3E700BFCE
:100100005C5A020039E5002080682221FEF740BFDA
:100110002DE9F041044608460D46F5F720FF074655
:10012000A81CF5F71CFF8046281DF5F718FF0646AA
:10013000A81DF5F714FF1A2F12D9B8F5A47F0FD315
:100140001A2E0DD9B0F5A47F0AD3A082A4F8168088
:1001500020462773E672FEF7DBFD0020BDE8F08144
:100160000120FBE708B5C379022B04D10131FFF769
:10017000D8FE102008BD0020FCE7F8B5044608466C
:100180000D4617461E46F5F7EAFEA4F80401A81C22
:10019000F5F7E5FEA4F80601281DF5F7E0FEA4F842
:1001A0000801A81DF5F7DBFEA4F80A012B7A84F8F4
:1001B0000C3105F10900F5F7D2FEA4F80E0105F1A6
:1001C0000B00F5F7CCFEA4F8100105F10D00F5F7D2
:1001D000C6FEA4F8120105F10F00F5F7C0FEA4F861
:1001E000140105F11100F5F7BAFEA4F8160105F1A6
:1001F0001300F5F7B4FEA4F8180105F11500F5F7A2
:10020000AEFEB4F80A31A4F81A01B4F80821B4F823
:100210000611B4F80401FFF73EFB002853D10F2E5E
:1002200004F5827515D1B4F86830B4F804219A4207
:100230000FD8B4F806219A420BD3B4F86A20B4F868
:100240000A319A4205D1B4F89020B4F808319A42A4
:1002500033D0E379022B01D0102E1ED1B4F8E83050
:10026000DBB1B4F80431B4F8EA108B4215D3B4F81A
:10027000EC20934211D8B4F8063199420DD89A4235
:100280000BD3B4F80821B4F8EE309A4205D1B4F893
:100290000A21B4F8F0309A420FD0062000F0BEFEDA
:1002A000B0B12046294600F079FFA37884F8366083
:1002B00043F00803A370FF20F8BD2A4639462046C4
:1002C000FFF750FFF8E71E237E70BB701120F3E7A5
:1002D0001A23F9E700F00300032803D18B1E5842CC
:1002E000584170470020704770B50022052105462F
:1002F000FFF788FEA0B16B78B5F86A4043F02003A1
:100300006B7042F210735C43F6F7D4F847F6112392
:100310009C42064605DC054B5C43A00D06442E6658
:1003200070BD2046F6F7CAF8F8E700BFDF180200F4
:1003300038B590F83930FF2B04460D460CD1FFF745
:1003400061FE48B1012D84F8395005D04FF42041A9
:1003500004F1B80002F0D4FBB4F846200123AB400E
:100360001343A4F8463038BD90F83D309B0612D5B3
:1003700069B1437A1B2B0AD8837A1B2B07D8038ACF
:10038000B3F5A47F03D8438AB3F5A47F03D9002231
:100390000821FFF7CDBF704710B590F83A1004461A
:1003A00031B14378990629D4BDE81040FFF79CBFCE
:1003B00090F83930FF2B21D1B0F84630F3B1B4F8C2
:1003C00046300B41DA0716D504290ED163785B0756
:1003D0000BD50021204600F04CFFB4F8463023F046
:1003E0001003A4F846300521E9E720460022BDE8C5
:1003F0001040FFF79DBF01310E29E0D110BD73B54C
:1004000090F839308B4204460D460BD14FF0FF3641
:1004100000960023D0F8B8001A460321F5F706FA33
:1004200084F83960B4F846300122AA4023EA020376
:100430002046A4F8463002B0BDE87040FFF7ACBFDC
:100440002DE9F0470D68DFF8948495F80290B9F132
:10045000290F04460F4600F236826B7818F80920FF
:10046000013BDBB29A4240F02E82A9F10303242B18
:1004700057D8DFE803F03C563C565656563C565685
:1004800056423F3F56395613563656563356563017
:100490005656565656565656564545004FF0200A63
:1004A0000026FDF7C5FA00EA0A003140084338D1BA
:1004B000B9F1030F40F0398194F83DA01AF0040A15
:1004C0004FF01A0320D085F80190AB7011262E70E2
:1004D0004FF0000A1BE04FF0007AE1E74FF4803A5A
:1004E000DEE74FF4106ADBE74FF0100AD8E74FF071
:1004F000010AD5E74FF0020AD2E74FF0080ACFE72A
:100500004FF0000A2026CCE76B700D262E7018F8ED
:1005100006300133DBB2032239462046FEF7C8FF1E
:100520004BE0EE1CB9F1150F42D8DFE819F01600C8
:10053000610041004100410041004100AD00FB006D
:100540002B01410041004B01B301FE008701A201D4
:10055000B301D401820179009300EB7884F8F6307E
:10056000281DF5F7FCFCA4F8F800A81DF5F7F7FC2A
:10057000A4F8FA0005F10800F5F7F1FCA4F8FC0076
:1005800005F10A00F5F7EBFCA4F8FE0005F10C00FC
:10059000F5F7E5FCB4F84830A4F80001C31A9BB2A3
:1005A00047F6FE72934215D928212046FEF7F0FC4B
:1005B0004FF0000A3846F6F73AF8E378DA0606D53F
:1005C00023F01003E37001212046FFF7CDFE5046D3
:1005D000BDE8F087A27842F00202A270002BE7D1BA
:1005E0000130A4F8F83084F8F630A4F80001DFE711
:1005F00005F10800F5F7B3FCB4F84830C31A9BB214
:1006000047F6FE729342CFD820850522314604F189
:10061000230003F072F8A37843F02003A370C7E728
:1006200031462046FFF774FD8246002840F04B819A
:1006300094F83930082B07D0B4F84630D90544BFB8
:1006400023F48073A4F8463029462046FFF7C5FC02
:1006500015265BE794F83930082BA9D1314620469E
:10066000FFF756FD824658B9FF2608212046FFF7BE
:10067000C6FEFF2E9ED0072E2E707FF448AF26E1D7
:1006800007264FF0FF3AF0E7ED7895B10E3DEBB25B
:10069000062B36D8062D34D8DFE805F01B23293386
:1006A0002B33040094F83D3023F0200384F83D30D0
:1006B000082594F83930AB427FF47AAF29462046BA
:1006C000FFF79DFE062D1ED11A21204600F08BFD5E
:1006D0006EE794F83D3023F0080384F83D3003259D
:1006E000E7E794F83D3023F0020384F83D30062517
:1006F000DFE794F83D3023F0100384F83D304D4699
:10070000D7E70E25D5E7032D7FF452AF6378DA06DD
:1007100003D51A21204600F088FD637823F01003EA
:10072000637045E7E379022B04D007232B704FF069
:10073000000ACCE0FDF77CF9EB7884F83D30814687
:100740008A460722291D04F13E0002F0D6FF637895
:100750001B0758BF266894F83D305CBF46F08056B2
:1007600046F4006603EA090358BF266084F83D306A
:100770004A465346681CF5F7E3FB94F83D306B702E
:100780000926A4E6EB7884F83D30291D072204F100
:100790003E0002F0B2FF63781E075FBF236843F09C
:1007A000805343F400632360B4F846301D0703D53B
:1007B00003212046FFF723FE6378D8067FF5F8AEC5
:1007C0000021A7E7EB7884F83C3005F1040A504695
:1007D000F5F7C5FBA4F84C00A81DF5F7C0FB617840
:1007E000A4F84E0041F0040111F002066170CBB292
:1007F0001DD143F00203637009236B7040F6FF7153
:10080000A81CF5F791FB31465046F5F78DFB4E4697
:10081000B4F84630D90607D50021204600F029FD5E
:1008200004212046FFF7EBFD4FF0000A21E7FF26E9
:10083000EEE707212046FFF7E2FDB9E6A3781A07A5
:100840003FF5B6AEB4F846305B060AD5E379022B25
:1008500007D106212046FFF7D2FD2321204600F0D4
:10086000C2FC0F2331462A462046FFF786FCC6B25B
:10087000DAE7E379022B3FF458AFA378180744BFB7
:1008800023F00803A370B4F8463059067FF590AE04
:100890001023E7E794F83910B9F10D0F0CBFED788C
:1008A0002D79062902D00829C4D081E6B9F1110FAB
:1008B0007FF47EAEE379022B7FF47AAE2046FFF719
:1008C0009EFD294601E707232B704FF0FF3A85F87C
:1008D000019007261BE61326F9E500BF5C5A0200CB
:1008E00070B504460E461B2010211546F5F789FE0B
:1008F0000146B0B1032E03680DD194F83D20520794
:1009000009D40D221A705D70022320460322FEF7DF
:10091000CFFD002070BD11221A705E709D70032300
:10092000F3E70120F6E7F0B50D68297887B00446B3
:1009300029B1012900F09880002007B0F0BD1822ED
:10094000684602F090FEB4F89010B4F84860A378BE
:10095000B4F802210E4413F0040306F1070618BF91
:1009600004F58273B6B2002A5FD0B4F86830ADF8EF
:100970000230B4F86A30ADF806300023A4F8023132
:10098000ADF80410ADF80C206B469F8959884FF6DE
:10099000FF72974266D0B4F868C0588940F2E24EC0
:1009A0000EFB01F20EFB0CFC0EFB07F7A0EB060E94
:1009B0001EF4004F4CD10CFB0E77B7FBF2F002FB9C
:1009C000107240F2E240B2FBF0F292B2A4F8F820CA
:1009D000DA889B88A4F8FC30A4F8FA10A4F8FE206A
:1009E000012384F8F630A4F800616B70B4F8F810B5
:1009F000A81CF5F799FAB4F8FA10281DF5F794FA3F
:100A0000B4F8FC10A81DF5F78FFAB4F8FE1005F144
:100A10000800F5F789FA314605F10A00F5F784FA7E
:100A2000A37843F00203A37086E7002BADD1B4F89E
:100A3000EC20A4F8FA20B4F8F020A4F8FE20B4F8D2
:100A4000EE20A4F8F830A4F8FC2094F83830C8E779
:100A5000301A0CFB00F0C01BB0FBF2F702FB1700D2
:100A6000121AAEE70022B1E7B0F89030B0F84810A3
:100A70001944073189B20185A81DF5F755FAA37805
:100A800043F02003CFE710B503681A78022A06D096
:100A9000112A0BD00024F5F7CAFD204610BD4B7873
:100AA00043F040034B704FF0FF34F4E791F83920E6
:100AB000062AEFD15A780F2AECD19B78232BE9D064
:100AC00081F835308B7843F010038B70E2E700003B
:100AD0000346024A0249B83001F0F0BF09010200A2
:100AE00044E5002000207047FAF77CBB08B50020E1
:100AF000FCF73AFD60B10E2202700322427001221F
:100B000082700022BDE80840C2700271FFF7ECBF9E
:100B100008BD1B38E02809D8A1F5A47080B244F2C2
:100B2000481398428CBF0020012070470020704776
:100B30002DE9F34184682746002237F8065B8DF8DB
:100B40000720C5F38522013AC5F30903072A0CD80B
:100B5000DFE802F0040B195CA80B0BB3062BA1789D
:100B600004F1030004D01D2B0AD040F201103FE035
:100B7000032940F04382FFF725F900F5807033E048
:100B8000FFF74AF9F9E7032BA27828D0632B38D076
:100B9000012BEAD1082A40F02F82B14BD4F8031080
:100BA000D4F80720C3E9001200200E2323709DF81B
:100BB0000730A4F80350043363700123A3706071FD
:100BC000A84D2046FFF790FF2B682BB1A64C20685C
:100BD000984700232B60236002B0BDE8F081002A13
:100BE00040F00A82FCF72AFF0128BED0FF28DCDD96
:100BF0000F232370042363700123A070E370A5808A
:100C0000DEE7082A40F0F881984BC7E7013BA2785D
:100C1000082BAAD801A151F823F000BF410C020013
:100C2000630C0200770C02006B0B02006B0B0200DE
:100C30006B0B02006B0B02006B0B0200910C0200AD
:100C4000002A40F0D9810923A37163724FF0FF336A
:100C5000A3720F23E2712272E3722273627308237C
:100C600006E0002A40F0C881384600F069FB4023C6
:100C70008DF8073098E7002A40F0BE816023A2710A
:100C80007A70BA70FA703B717A71BA71FA71E6E7EC
:100C9000002A40F0B18176490622384602F02DFD47
:100CA0000623E5E7052B7FF460AFA1780DF107037C
:100CB0003A46E01CFFF7D0F896E75A1EA67804F1F2
:100CC00003084C2A00F28181DFE812F04D00560043
:100CD00060007F0169006F0074007D008200870062
:100CE0007F017F017F017F018C0095009B00A000A8
:100CF000A500AA00DA00E2007F01E7007F017F0182
:100D00007F01EF007F017F017F01F500FD000501FC
:100D10000D0117017F017F017F017F017F017F01AD
:100D20007F017F017F017F0139017F017F017F0109
:100D30007F017F017F017F017F017F017F017F01B3
:100D40007F017F017F017F017F017F017F017F01A3
:100D50007F017F017F017F017F017F017F017F0193
:100D6000450152015B01082E40F04681414BD4F809
:100D70000310D8F8042015E7002E40F03D813E4BCB
:100D80001A8AE280DB7B2372032371E7002E40F096
:100D90003381FCF74DFEC4F8060079605FE700225E
:100DA00031464046FCF73AFD1EE731464046FDF726
:100DB0000BFA19E7002E40F01F810DF107013846AC
:100DC000FDF77AFA10E731464046FDF751FB0BE795
:100DD00031464046FDF70EFB06E731464046FDF73B
:100DE00075FA01E7002E40F007810DF10701384642
:100DF00000F0B8FFF8E6002E40F0FE8000F0A0FF03
:100E0000F2E63146404600F0B5FFEDE63146404699
:100E100000F0DAFFE8E631464046FEF7A7FEACE612
:100E2000052E40F0E980404600F039FF01280746D2
:100E300040F2E280E3791F2B00F2DE800F48324659
:100E4000414602F0E7FB00283FF4AEAE3246414691
:100E50000A4802F052FC084B9F73FEF75AFBA3E6C8
:100E600078E7002064E7002060E7002070E70020BA
:100E700026E5002080E7002030E5002039E500204D
:100E80000DF107033A4631464046FEF7FDFFABE65B
:100E900031464046FEF73EFE6FE6002E40F0AC8045
:100EA0000821384600F086FAD9E6002E40F0A480EA
:100EB000FCF7B6FD6FE70DF107033A4631464046B1
:100EC000FEF7DEFE90E60DF107033A463146404656
:100ED000FEF74AFF88E60DF107033A4631464046E1
:100EE000FEF7F5FF80E6002E40F08680454BDA786D
:100EF0009B88E28023810423BAE6042E7CD1B4F8D7
:100F00000360B4F80520304691B2FFF702FE0028D6
:100F100072D03C4B9A801A78F0B2964238BF0246A3
:100F20009A709A89D870914228BF114640F64802BB
:100F30008A4228BF0A46D9801A81598134E6002E98
:100F40005AD1304B1A78E2809A8922815A78DB890B
:100F50006281A38183E6002E4ED16FF07E00FCF704
:100F600071FEA0717E20FCF76DFE0223E0717FE62A
:100F7000002E41D1244B1B882381244B1B88E38006
:100F8000B9E7042E38D1B4F9033018461EB203F580
:100F9000A0639BB2B3F5206F2ED8B4F90530194683
:100FA0001AB203F5A0639BB2B3F5206F24D8174B98
:100FB0001880154B164819800A2196FBF1F303702F
:100FC00092FBF1F3134A1370EEE5262B0BD80C2B92
:100FD0007FF6CBAD0D3B9AB20F4BD340DB077FF5CD
:100FE000C4AD0120C9E5442B04D8422BF9D8322BDB
:100FF000F7D0BAE57E2BFBE71220D6E54FF48970D7
:10100000F6E500BF4CE700206AE7002068E7002013
:10101000A1E50020A0E50020411200030E4B5A6814
:1010200002F00053920015D5411E0123A0F12102C8
:10103000C0F1210023FA00F003FA02F28B400749C5
:101040000243D1E9000103400A40134314BF0120C9
:10105000002070471846704778E7002080E700209E
:101060003F284FF0010315D9A0F14001A0F1600223
:10107000C0F1600003FA02F223FA00F08B400C4941
:101080000243D1E9000103400A40134314BF012089
:1010900000207047411EA0F12102C0F1210003FA97
:1010A00002F223FA00F002438B400249E9E700BF55
:1010B00070E7002078E70020024B1860024B1960AF
:1010C000704700BF64E7002060E700200346054842
:1010D00010B5047824B98360FCF71EFC204610BDCF
:1010E0000720FCE788E7002008B5FCF779FC002022
:1010F00008BD000008B50C2200210F4802F0B3FA29
:101100000D4A0E4B5360002393600D4A1F200021AF
:10111000C2E900010B4A4FF0FF3041F6FF71C2E90E
:101120000001094A00200021C2E90001074A13809A
:10113000074A138008BD00BF88E70020310B02007A
:1011400080E7002078E7002070E700206AE70020B1
:1011500068E7002010B504460720FFF75FFFE0B105
:101160000020FCF701FAC0B13E2202700B2242704F
:1011700007228270A288A0F80320627BA0F80520D5
:10118000228BA0F80720A27BA0F80920628BA0F890
:101190000B20BDE81040FFF7A7BC10BD38B50546D1
:1011A00006200C46FFF73AFFE0B10020FCF7DCF91F
:1011B000C0B13E2202700B22427006228270AA88C1
:1011C000A0F803202288A0F805206288A0F8072054
:1011D000A288A0F80920E288A0F80B20BDE83840DA
:1011E000FFF782BC38BD38B5044603200D46FFF733
:1011F00015FFC8B10020FCF7B7F9A8B13E22027074
:101200000A22427003228270C570A2888280B4F8DC
:101210006820C280B4F890200281B4F86A2042812C
:10122000BDE83840FFF760BC38BD70B50546042006
:101230000E46FFF7F3FED8B10020FCF795F90446FF
:10124000B0B13E2303700C2343700423C670837037
:10125000AB88838095F83D308371072205F13E010C
:10126000104402F04AFA2046BDE87040FFF73CBC4B
:1012700070BD38B504460C200D46FFF7F1FEC0B135
:101280000020FCF771F9A0B10C2202700822427014
:101290008570A288A0F8032094F83C204271B4F82D
:1012A0004C20C280B4F84E200281BDE83840FFF7E0
:1012B0001BBC38BD10B504461020FFF7D1FE50B15D
:1012C0000020FCF751F940B1102202700122427057
:1012D0008470FFF709FC002010BD4FF0FF30FBE7E2
:1012E00008B51A20FFF7BCFE60B10020FCF73CF9FE
:1012F00040B11A220270012242708270BDE808409B
:10130000FFF7F2BB08BD10B504461420FFF786FEB8
:10131000A0B10020FCF728F980B13E22027004221F
:10132000427014228270A288A0F803202278C2F3AF
:1013300040124271BDE81040FFF7D6BB10BD00005F
:101340000149402202F0D9B9865A0200014B33F814
:1013500010007047D25A0200034B5A5C034B33F81B
:10136000113000FB02307047C65A0200CA5A020010
:1013700010B5EFF3108472B60C4B1A7A1F2A04F0E2
:1013800001040FD81A7A0A490132D2B21A721A68C5
:1013900010701A688A420CBF1F3A01321A6004B9F1
:1013A00062B610BD00F0A6FDF9E700BFBCE7002063
:1013B000B9E70020F8B506460C4600292FD0194D94
:1013C000194FEFF3108072B62B7A2A7AA34228BF06
:1013D0002346D21AD2B2E41A2A7200F00100E4B213
:1013E00006F1FF3C1A4662B91E4400B962B600F02D
:1013F00069FDA4B12B7AA342E3D22B7A1F2BF9D932
:10140000DFE7696809780CF8011F6968B94214BF01
:101410000131A7F11F01013A6960D2B2E3E7002070
:10142000F8BD00BFBCE70020B9E7002008B5074BB6
:101430001A782AB1002206481A700621FFF7BAFF6F
:10144000BDE80840024802F09BB800BFDC2B00203A
:1014500094E7002008B5044B1B7A1F2B01D800F03D
:1014600031FD002008BD00BFBCE7002008B5054ADB
:10147000054B06480121C3E9002200F001FD0020D0
:1014800008BD00BF9AE70020BCE7002071130200EE
:10149000F8B5EFF3108772B6F5F70CF80E4C054669
:1014A000FCF734FA94F8243007F0010706461BB124
:1014B000A36AEB1A002B0CDA94F825301BB1E36A0F
:1014C000ED1A002D05DA26B9237813B101F04FF992
:1014D000267007B962B6F8BDC8E7002010B5064C03
:1014E000237843B901232370F4F7E4FF2063BDE8B8
:1014F000104001F037B910BDC8E70020024B0022B0
:101500001A77FFF7EBBF00BFC8E7002038B51A4CC9
:1015100094F8242094F82530D2B1A56A2BB1E36A5F
:10152000EA1A15EA220538BF1D46237F3BB1236A1C
:10153000AB421FD0002311482377F4F7B9FFF4F72B
:10154000B9FF281A00280CDCBDE83840FFF7C6BFF9
:101550000BB1E56AE9E72377201DBDE83840F4F7D1
:10156000A7BF01232377256229460448BDE83840F8
:10157000F4F79CBF38BD00BFC8E70020CCE70020CF
:1015800038B50A4C0A49002532232A46201D6380BB
:1015900025702577F4F784FF0C22294604F13400E6
:1015A00002F061F8034BC4E90E3538BDC8E70020EE
:1015B000FD1402009114020038B50A4C0025201DCC
:1015C00025772562F4F774FF04F13400FCF722FA62
:1015D000237813B101F0CBF82570C4E90B55A5624F
:1015E000A58438BDC8E7002010B5EFF3108472B6AB
:1015F000094B002816BF01220022598883F82520B4
:1016000018BF426804F001041CBF521ADA62FFF7E7
:101610007DFF04B962B610BDC8E7002038B5EFF30E
:10162000108472B6074D2846FCF7F4F915F8343CDF
:1016300004F0010413B12846FCF76EF904B962B650
:1016400038BD00BFFCE7002010B5EFF3108472B680
:10165000FFF744FF074B1A78022A04F0010404D173
:10166000F4F728FF04B962B610BD186B5B8801302F
:101670001844F7E7C8E70020EFF3108072B600F0D7
:101680000100704700B962B6704701207047002022
:1016900070470000044B1A7822B9012203481A70DF
:1016A000F4F706BF704700BF08E8002018E80020E4
:1016B0000B78032B03D1C968C068FDF733B901204B
:1016C0007047000010B5094B1A786AB100221A70F1
:1016D000074B1C682046FFF787FF2CB1616805485F
:1016E000BDE81040F4F7E2BE10BD00BF08E80020DE
:1016F0000CE8002018E80020154A38B514682CB30F
:10170000D4E90531D3B19961A269136000236370F4
:10171000104B01221A70FCF7F9F80546F4F7CAFEDF
:101720002DB100F01FFE012D0AD0042D0BD023692E
:1017300020469847BDE83840FFF7C4BF5160E3E753
:10174000FCF730FDF3E7FDF70FFCF0E738BD00BF15
:101750000CE8002008E800202DE9F84F3E4E4368D1
:10176000D6F800A09146826804460F4603EB010BB1
:10177000A2EB0308BAF1000F0AD1034643F814AFF5
:10178000C6E90003012386614370FFF783FF52E03F
:101790000025A368DAF804209B1A002B22DCDAF873
:1017A0001830C4E905A31C6004F11403CAF818300A
:1017B00001236370002D3BD000272B466D699A6989
:1017C000002D43D0AA619A6915601A785F70012ACA
:1017D0003ED0032A03D1D8689C30FCF79DF8AC4278
:1017E000EBD125E0DAF8083062689B1A002B06DDA1
:1017F00051462046C84780B1002D08BF5546DAF84B
:1018000014A0BAF1000FC4D17368A361C4F814A086
:101810001C6004F114037360CAE7DAF8083001337E
:1018200063601FB1A3EB0B02002A0BDB0023637084
:101830003368A342A9D06078B0FA80F040094042F2
:10184000BDE8F88F4344A3600546D8E77260BAE765
:10185000D868FCF78CFCC2E70CE8002070B5254B7B
:10186000456F1B78ED1AC379C0F8D050022B04469F
:1018700000F1CC0611D1D0F8880047F61123984228
:1018800028D81D4B5843800DD4F8D050013D2D1A57
:101890000023C4F8D05084F8CE30E36DC4F8D430BF
:1018A000F4F708FE2D1A002D10DBFFF7E5FE0546C4
:1018B000FCF72CF8042810D1FDF73AF8D4F8D03012
:1018C000C01A002809DD2846FFF7DCFE4FF0FF3480
:1018D000204670BDF4F7F2FDD6E7084A00213046F5
:1018E000FFF73AFF04462846FFF7CCFEFFF7EAFE73
:1018F000EEE700BF14E80020DF180200B116020076
:10190000F8B5164B456F1F78044600F1CC06D0F8A9
:10191000880047F6112398421CD8114B5843800D7C
:10192000ED1B013DE36DC4F8D43000212D1A84F87D
:10193000CE10C4F8D050FFF79FFE0A4A0546304645
:10194000FFF70AFF04462846FFF79CFEFFF7BAFEA2
:101950002046F8BDF4F7B2FDE2E700BF14E800202E
:10196000DF1802008B1602002DE9F0410446FFF754
:1019700083FE0F4690460646094A6FF00041204616
:10198000FFF7EAFE616805464246E068B847304620
:10199000FFF778FEFFF796FE2846BDE8F08100BF0E
:1019A0008F1602002DE9F04105468768144AFFF7BB
:1019B00063FE804628460C46FFF7CEFE0646B8B9C1
:1019C0006A6942B13B195468E21A14EA220438BF2A
:1019D0001C46AB68E41A2CB1FFF728FDB0FBF4F30A
:1019E00003FB14046B6823446B60AB682344AB6057
:1019F0004046FFF747FEFFF765FE3046BDE8F08141
:101A00008F16020038B50446FFF736FE0546FBF791
:101A10007DFF012801D0042806D12846FFF732FEB9
:101A20004FF0FF34204638BD054A00212046FFF71D
:101A300093FE04462846FFF725FEFFF743FEF1E735
:101A40008F16020038B50346FFF716FE5A78044693
:101A5000C2B1D3E905200C490D688AB1906199693A
:101A60009D420A604FF000025A7001D1FFF712FE4A
:101A700000252046FFF706FEFFF724FE284638BD66
:101A80004860ECE70125F4E70CE8002008B5064BB8
:101A90000246FFF7F1FD1B6813B15B681360012379
:101AA000FFF7F0FD184608BD0CE800200148F4F7E8
:101AB000FFBC00BF18E8002008B5064B06490748E0
:101AC00007221A700022F4F7EBFC054B0020187077
:101AD00008BD00BF14E80020F916020018E8002035
:101AE00008E8002000231A4613F0070F04BFDA08A5
:101AF0008A5C12F0010F04D008B998B2704701381F
:101B000080B20133252B4FEA5202EDD100207047FD
:101B100070B40D4611462522B0FBF2F402FB14040A
:101B2000C4F3CC0206468A5CA0B204F0070422414A
:101B3000D40715D50026344635466A0704BFEA089F
:101B40008E5CF20703D5854207D00134A4B201357B
:101B5000252D4FEA5606F0D100241C8070BC70473A
:101B600006FB05F0000C70BC1880FFF7BBBF4840B7
:101B700090FAA0F000BA00EB0010084480B290FA8E
:101B8000A0F000BA00EB0010084480B290FAA0F078
:101B900000BA00EB0010084480B2704782B2B2EB8A
:101BA000104F70B54FEA1043044626D043F385200A
:101BB00043F3C423584001F031FA01281DDD2348C6
:101BC0002023604000220121084218D00132D2B205
:101BD000012A14D91F20002301221946154604EAC0
:101BE00005066D002C4217D08EB90131C9B2012211
:101BF000B5F5807F18D1022B1BD8002024E0013BD3
:101C00004FEA4101E0D1012AF7D91F20E4E7013270
:101C1000D2B20133DBB2EBE716B90132D2B2E7E759
:101C20000131C9B20122F4E7B5F5803F01D10B299A
:101C3000E3D8072AE1D00138D1D1B5F1004F03D163
:101C400018298CBF0020012070BD00BFD6BE898E30
:101C500010B5FFF7EBFB0446FFF7A0FF0028F8D014
:101C6000204610BD70B5002301381A4610F8016FE8
:101C70007EB100250124264206D0914202D1581996
:101C8000C0B270BD0132D2B201356400082DE4B299
:101C9000F1D10833DBB2282BE8D10020F1E710B5F1
:101CA000047904F01F04F4F75CF9214601F0CAF945
:101CB000C0B210BD37B5FFF75AFF154648401A4667
:101CC00029460DF1060380B2FFF722FFC0B203B030
:101CD00030BD0000401A002810B514460DDDF4F7A1
:101CE000F3FB074B33F814303C334FF47A72B0FBFC
:101CF000F2F05843B0FBF2F010BD0020FCE700BF4B
:101D0000DA5A0200F8B50D4D06460F46002315F8C5
:101D1000022C5C1C5AB115F8013CBB4207D10622CB
:101D20003146284601F076FC08B92046F8BD082C5B
:101D3000234605F10805EAD10020F7E732E8002044
:101D400008B5FCF7B5FC48B10023054A194602F86E
:101D500033100133082BFAD1002008BD0C20FCE71A
:101D600030E800200823037001230B700020704727
:101D7000FFF7C8BF072970B506461FD1FCF798FCCE
:101D8000F0B1354615F8011B2846FFF7BBFF08B137
:101D9000002070BD0B4C082322784AB90622294640
:101DA000A01C01F0AAFC3378637001232370EFE7D5
:101DB000013B04F10804EFD10720EAE71220E8E72D
:101DC0000C20E6E730E80020072910B5044610D1C2
:101DD000FCF76EFC78B1204610F8011BFFF792FF6C
:101DE00008B9002010BD054B0138002203F830204F
:101DF000F7E71220F6E70C20F4E700BF30E80020F8
:101E0000704770470B4B1A680B4B3AB90121C3F866
:101E10000813C3F80021D3F800327047D3F800113B
:101E200031B10021C3F80011D3F80805C0B2104742
:101E3000704700BF70E8002000D000404FF0805392
:101E400037B5D3F8A04014F00104054614D1D3F8F7
:101E5000A42001920422D3F8A83000930DEB0201D4
:101E6000013001F04AFC02226946681D01F045FC80
:101E70002C70204603B030BD4FF0FF30FAE7000071
:101E800038B50C4B044691B10122C3F8042564B166
:101E9000094D0A49E02385F80D330D2000F0D6FFE7
:101EA0004FF400532B60064B1C60002038BDC3F874
:101EB0000415ECE700D0004000E100E0051E020040
:101EC00070E80020EFF3108372B6084A0021C2F8D0
:101ED00000110749086803F00103012108B1C2F8A5
:101EE0000413116003B962B60020704700D00040AF
:101EF00070E80020EFF3108172B6064B0122C3F8A0
:101F000008235A600022C3F80021CB0700D462B630
:101F10000020704700D000404FF08053D3F83001CC
:101F2000421C09BF4FF07043D3F8343193F8E00FEF
:101F3000D3F8E83F08BFC3F30313052B08BF0628F7
:101F40000CBF012000207047064AD2F850353BB143
:101F500023F00801042903D1D2F850159942FAE779
:101F6000704700BF00100040F0B5283922B1204B67
:101F7000204A9B7AD35CC91A1F4C11F11D0FB4BFC4
:101F8000831E00F1FF33D4F84025D4F80405A2EBFA
:101F9000000222F07F4202F1FF32B4BF3D261E262E
:101FA000022A23F07F451FD9281A20F07F4210F41F
:101FB000000019D1022A17D9104A31440127D760ED
:101FC000C2F84015C2F840014FF48032C4F8400115
:101FD000C4F84055C4F84423094A4FF00041C2F800
:101FE0000415034A1363F0BD4FF0FF30FBE700BF59
:101FF0007CEA0020F65A020000B000400080004059
:1020000000F00140134B144AC3F80425134A4FF45F
:102010008011C2F808154FF40001C2F808151049E4
:10202000002201208A714A73C8700821C3F8601524
:10203000C3F80421C3F81421C3F82821C3F81C21D4
:10204000C3F8302140F25312C3F800221222C3F821
:10205000042370470010004077E8002000F00140A2
:102060007CEA00200A4B43F2FF42C3F80823012117
:102070000022C3F80022196103F5F0330549C3F8C3
:102080000815054B0221C3F88011044BDA70704724
:1020900000100040F000B08200E100E07CEA002087
:1020A00038B5EFF3108572B6104B01220024DA60C8
:1020B000C3F84025C3F84041F4F7FCF90C4B03305A
:1020C00020F07F42C3F84041C3F840254FF48032EE
:1020D000C3F8442303F5A0334FF00042C3F80425AE
:1020E000044B1863EB0700D462B638BD0080004093
:1020F00000B000407CEA00202DE9F0418B684D796A
:10210000B3F800E00A8AAEEB05050E46043D0F4623
:10211000AA42944628BFAC462CF0030C3968A7F8B5
:1021200006C0A2EB0C02E046444603E050F808303B
:1021300041F80830B8F10408F8D500190919032A44
:1021400003D8A5EB0C05AA4202D9FF687546DFE764
:10215000FB881344FB8001E0835C8B54013AFBD580
:10216000034906F118001022BDE8F04101F0C5BA9C
:1021700094EA002010B5154B01289C7A144B05BF3A
:10218000144AD3F84835D3F84035525C12490CBF95
:102190009B3328331A44114B1B5D28331A440C4BD4
:1021A000C3F84C250022C3F84C2130200122C1F88D
:1021B00004055A64D3F84445D3F84C359C4282BF99
:1021C000074BC1F808051A6110BD00BF7CEA00206A
:1021D00000800040F25A020000F00140EE5A020076
:1021E0000010004070B5254D254E40F201136B8163
:1021F0002823AB70234B0124002243F2FF412C73B0
:102200000320C3F8FC2FC3F8FC4FC3F808131E4982
:10221000C3F81005C3F814151C49C3F81815D3F8F2
:1022200050162143C3F8501640F20311C3F82C2571
:10223000C3F83045C3F8341540F25B61C3F8381574
:102240009621C3F8441503F5E0435C601C61C3F8B4
:102250000805C3F804250422C3F8102500F08CFA01
:10226000A0230B4986F80133204600F0EFFD02233E
:1022700033602B7803B92C70002070BD7CEA0020FD
:1022800000E100E00010004008011000FF00030220
:1022900091230200014BC3E90A1070477CEA002039
:1022A00010B540B200F08EFA044600F085FA024BF9
:1022B0005C70002010BD00BF7CEA002008B540B271
:1022C00000F080FA08BD0000272870B504461546C6
:1022D00040D8214A214E0B02C2F81C35D2F82435D1
:1022E00023F0FF0343EA1163C2F824354FF0805313
:1022F0007161D3F83021511C09BF4FF07043D3F8FE
:10230000343193F8E02FD3F8E83F08BFC3F3031349
:10231000062A02D1043B012B05D9FFF7FDFD10B9B8
:10232000FFF7FAFD50B10C4AD2F8743723F08073EE
:1023300023F0010343F08073C2F87437084A064B58
:10234000125DC3F83C550020B470C3F80825C3F8EB
:10235000544570BD0320FCE7001000407CEA0020DB
:10236000FA5A020008B5084B01225A601A6103F5B7
:1023700040534FF48032C3F84823FFF773FE034BFA
:1023800000225A7108BD00BF008000407CEA002096
:10239000F8B58D4B8D4CD3F8047317F0020F48D06D
:1023A000D3F80421002A44D000250222C3F80451A6
:1023B000C3F8082303F5F0333022C3F80825FBF7F0
:1023C000A5FAA378A27A2083A3768148216B2162A3
:1023D000012363777F4BA277825CE576D3F844557F
:1023E0002832954238BF1E35A5EB020538BF01F1F2
:1023F000FF31284638BF2163F4F760F80646F4F74A
:1024000063F8281A226A704B1F2804BF0136002087
:102410003244C4E90820D3F85025D3F82811002904
:102420003CD1002AF7D143F2FF41C3F80813C3F8A7
:102430000022FB063BD5644BD3F81021002A36D08E
:102440000022C3F80C21C3F810211022C3F808237E
:10245000E278012A2ED0022A29D1E36AA67A2779C6
:102460000BB1A06A9847022F5A4D6AD1FFF7CAFDF7
:10247000002231460120FFF77DFE574AD5F8483546
:10248000925D6C331344C5F840350023C5F84031E4
:10249000524B4FF40012C3F8042508E0504AA178CB
:1024A0005048FBF7E9F9002845DB0123A37100231D
:1024B0006371F8BDA079002840D0484A4FF400115C
:1024C000C2F80815D3F84825D3F830315242DBB2B0
:1024D00022771BB1238B43F0800323833D4AA17FE6
:1024E0004148D2F84835415C40486E335B1AA17AC6
:1024F000415C3A485B1A0021C2F840354FF4801520
:10250000C2F840110121C0F80455D164D2F84C65DD
:10251000B34205D2D2F8403113B9C0F80855617101
:1025200033482F4903794371C37800F8043FFBF720
:1025300009FA0028BBDAFFF715FFB8E7FBF784F9C3
:10254000B5E7032F2FD194F83630234F03B3D5F8D6
:102550004835A08E1844A27A2449BB5D8A5C283B8A
:102560009B1A1C4A0344C2F840350023C2F840318C
:102570001A4B01204FF48011C3F80415D064D2F82F
:102580004C05D2F84025904291D9C3F808158EE742
:102590003046D5F84455FEF7D9FEA38EBA5D2B44DC
:1025A0001344181AD7E701236B602B610B4B3022C1
:1025B000C3F808254FF48012C3F808254FF00042F5
:1025C000C3F8082573E700BF001000407CEA002034
:1025D000EE5A020000800040F25A020000F0014072
:1025E00094EA002077E80020EA5A0200F65A020036
:1025F00074E8002010B5094C4FF40013C4F80835F6
:102600000122FFF7B1FC18B1FFF7ACFE052010BDA9
:102610004FF48013C4F80435F9E700BF00F001401F
:1026200010B5FFF791FC0D4BD3F850254AB1D3F804
:10263000502502F00702022A03D0FFF793FE012083
:1026400010BD002443F2FF42C3F80823C3F80C4135
:10265000C3F81041FFF7D6FC2046F1E70010004018
:1026600038B50C4D4FF48013C5F808350022FFF73C
:102670007BFC044610B1FFF713FD01244FF4001357
:10268000C5F80435FFF7CCFF10B9002C18BF0620A1
:1026900038BD00BF00F001402DE9F341224D6C79B7
:1026A0008046164608462CB1FFF75CFE052002B0B6
:1026B000BDE8F081FFF748FC1C4B1D4F3022C3F8EA
:1026C00008254FF40002C3F808254FF00072C3F844
:1026D000082501460DF107023846C0479DF807302E
:1026E00007F8033C134B07F8020CFA1E07F8014CDD
:1026F000C3F804250322C3F80041C3F80C41C3F812
:102700001041C3F800221022C3F804232E7168720E
:10271000D3F850350B2B03D00223EB702046C6E7CD
:10272000FFF720FE0120C2E77CEA002000F0014014
:102730007BE9002000100040014B5869704700BF42
:102740007CEA0020014B9879704700BF7CEA0020AA
:10275000024BD3F85005C0B2704700BF00100040D4
:10276000FB2070474FF0804301221A6070474FF002
:10277000804301225A6070470D4B4FF08062C3F8CE
:1027800004254FF00062C3F804250A4AC3F8302537
:1027900002F5DE424832C3F8342502F58072C3F8F0
:1027A0003825A2F5E2423C3AC3F83C25704700BF09
:1027B00000F0014004110040014BC3F80C057047C4
:1027C00000100040032812DC1DD0002811DA031D80
:1027D00011DA10F1080F11DA10F10C0F11DA10F103
:1027E000150FCCBF6FF013006FF027007047042067
:1027F0007047002070476FF0030070476FF00700CC
:1028000070476FF00B00704713B50C4B0193042316
:10281000044600930A490B4800234FF40472F1F771
:10282000A7FB094B019301230093084900234FF4B0
:1028300004722046F1F79CFB02B010BDB8EA0020FC
:102840002450020095640100B4EA002022490200ED
:10285000034B5868C0F30800003818BF01207047C8
:1028600000ED00E013B5002304460093FFF7F0FFEE
:1028700003460A462068ABB101AA6946F2F768FD33
:10288000019B4BB14FF0E0234FF08052C3F8042D71
:10289000BFF34F8FBFF36F8F009808B10023037011
:1028A00002B010BD6946F2F7FDFBF5E730B50D78D3
:1028B00085B004460191BDB901230B70FFF7C8FF35
:1028C0000346206893B12B4603AA01A9F2F738FB0F
:1028D000039B4BB14FF0E0234FF08052C3F8042D1F
:1028E000BFF34F8FBFF36F8F05B030BD4FF0FF3296
:1028F00001A9F2F753FAF7E710B5F3F70BF803461F
:10290000406803F1080118B1BDE81040FFF7CEBFE1
:10291000BDE81040DB68084618470B782DE9F34105
:1029200005460E46C3B1FFF793FF044660B328681F
:10293000F2F774FD00240746A046B8450FDB4CB102
:102940004FF0E0234FF08052C3F8042DBFF34F8FB8
:10295000BFF36F8F0023337002B0BDE8F0812868A9
:1029600001AA6946F2F7F4FC019B1C43009BB342A9
:1029700007D00023286801AA6946F2F7E1FA019B13
:102980001C4308F10108D8E7F3F7B2F92868F2F719
:1029900033FD0746BC4202DBF3F7C8F9DAE72868E3
:1029A00000226946F2F77EFB009BB34205D000236C
:1029B00028681A466946F2F7F1F90134EAE710B5DA
:1029C000044628B10420F2F78BFA2060002010BDE5
:1029D0000320FCE710B5024660B1FFF739FF04465B
:1029E00008B1062010BD1068F2F796FC0128F8D156
:1029F0002046F7E70320F5E708B5024648B1FFF7A0
:102A000027FF20B91068F2F77DFA012803D10020D2
:102A100008BD0320FCE70520FAE710B5044628B1FD
:102A20008020F2F7A5F92060002010BD0320FCE70C
:102A300007B50246F0B1FFF70BFF03461068B3B1CC
:102A400001AA0021F2F784FC019B4BB14FF0E02377
:102A50004FF08052C3F8042DBFF34F8FBFF36F8F39
:102A6000012814BF0620002003B05DF804FBF2F734
:102A7000ABFBF5E70320F7E707B50246E0B1FFF748
:102A8000E7FE0346106893B101A9F2F7B9FA019B7A
:102A90004BB14FF0E0234FF08052C3F8042DBFF349
:102AA0004F8FBFF36F8F002003B05DF804FB1A4611
:102AB0001946F2F773F9F6E70320F5E7F7B50F4685
:102AC00016460021142204461D4600F0CCFD0A4B98
:102AD00000930022234601210848F2F77BFE0C22D6
:102AE000C4E90007002104F1080000F0BCFDC4E9BE
:102AF000036503B0F0BD00BFF928020027500200B3
:102B0000F0B5012987B0054638BF0121FFF7A0FEC7
:102B100004460E46286854B3002403AB224608211D
:102B20000094F2F7B1FE009404AB32460921286804
:102B3000F2F7AAFE2D68F1F757FB05AB02460094A9
:102B400007212846F2F7A0FEDDE903321343059A78
:102B5000134309D04FF0E0234FF08052C3F8042D07
:102B6000BFF34F8FBFF36F8F002007B0F0BD4FF062
:102B7000FF372346224600970321F2F757FE0097BE
:102B80002346324604212868F2F750FE2D68F1F7FB
:102B900025FB00970246234602212846F2F746FE0F
:102BA000E2E738B5850D0C464FF47A7200232946CA
:102BB000800200F01BFAB5F57A7F36BF2060022054
:102BC000002038BD936813B518681446FAF747FC1F
:102BD000B0F5285F05D042F60123984210D00E20B0
:102BE0000CE02378E3B91148646800F094FD0F49C4
:102BF00082B22046F3F72EFDA8B9002002B010BD26
:102C000023786BB90A4B60681B88ADF80630022246
:102C10000DF10601F3F71EFD002818BF1120EDE7A6
:102C2000012BDCD1E9E71120E8E700BF342C0020BC
:102C3000BCEA002038B5054600F06DFD1F280446AB
:102C400008DC02462946044800F057FD024B0020EC
:102C5000185538BD0320FCE7342C002008B5044883
:102C6000F8F73CF8BDE808400148F8F713B800BF92
:102C7000245B020013B51378144683B901220DF1C9
:102C80000701F7F761FF10B10E2002B010BD6068B8
:102C900001220DF10701F3F7DDFC0020F5E7012B20
:102CA000FBD15168F7F76DFF0028F6D0ECE7000084
:102CB00010B550680421F3F7A6FE044650B1064B48
:102CC0001988F3F731F9054BA01C1988F3F72CF993
:102CD000002010BD0620FCE7C2EA0020C0EA002068
:102CE00010B51478134634B9044958680122F3F733
:102CF000B1FC204610BD0320FCE700BFBEEA002067
:102D000008B50448F7F7EAFFBDE808400148F7F7BF
:102D1000C1BF00BF445B0200936810B51868144639
:102D2000FAF79DFB42F61923984208D105496068DD
:102D30000122F3F78FFC002818BF112010BD0E20D0
:102D4000FCE700BFC6EA002008B5074B64281A78E4
:102D500028BF6420824204D01870044B1888F7F70B
:102D6000A1FE002008BD00BFC6EA0020C8EA00207E
:102D700008B50448F7F7B2FFBDE808400148F7F787
:102D800089BF00BF645B020038B5936818681446B9
:102D9000FAF765FB42F62423984211D1094B1D68CE
:102DA0000DB9002038BD2846646800F0B4FC2946FF
:102DB00082B22046F3F74EFC0028F2D01120F1E752
:102DC0000E20EFE7342D0020014B186000207047E3
:102DD000342D0020014B586100207047342D002015
:102DE00008B50448F7F77AFFBDE808400148F7F74F
:102DF00051BF00BF845B02004FF0804310B5D3F891
:102E000000216AB10022C3F80021D3F80021012279
:102E1000C3F808230C4B587910B95A711B689847AE
:102E20004FF08043D3F804216AB10022C3F8042193
:102E3000D3F804210222C3F80823034BBDE8104055
:102E40001B680120184710BDCCEA0020034B40B29C
:102E50009B68103043F82010704700BF00ED00E081
:102E6000014B1868704700BFD4EA00200E4B0122C6
:102E70001F215A609A60C3F808150321C3F8441350
:102E8000C3F804130021C3F80011C3F80411C3F8F8
:102E900040110649E02081F811034FF40030C1F8D9
:102EA000800108601A6070470010014000E100E0F6
:102EB00038B5224CD4F8043123B10023C4F80431CE
:102EC000E9F76EFDD4F80031002B34D00023C4F8AC
:102ED00000314FF0600383F31188BFF36F8FBFF3AE
:102EE0004F8FD4F80445F1F77FF9201A144B20F0E6
:102EF0007F44621E9A421FD8802C09D824F001001A
:102F0000D0B1104A1368013B23441360002507E049
:102F10008024F6E7F1F776F9002818BF45F001059F
:102F2000013CF7D225B1084B4FF080525A6040BFA8
:102F3000002383F3118838BD0124E7E70010014026
:102F4000FEFF7F00D4EA002000ED00E07BB972B9FB
:102F50000029BEBF00204FF0004106E008BF002856
:102F60001CBF6FF000414FF0FF3000F00BBAADF125
:102F7000080C6DE904CE002909DB002B1ADB00F0F8
:102F800085F8DDF804E0DDE9022304B07047404233
:102F900061EB4101002B1BDB00F078F8DDF804E069
:102FA000DDE9022304B0404261EB4101524263EB90
:102FB00043037047524263EB430300F067F8DDF8C8
:102FC00004E0DDE9022304B0404261EB41017047B7
:102FD000524263EB430300F059F8DDF804E0DDE909
:102FE000022304B0524263EB4303704753B94AB91A
:102FF000002908BF00281CBF4FF0FF314FF0FF3001
:1030000000F0C0B9ADF1080C6DE904CE00F03EF857
:10301000DDF804E0DDE9022304B07047430803F063
:103020005533C01A830803F0333300F033301844AB
:1030300000EB101000F00F3000EB002000EB004020
:10304000000E704742084B0802F0553203F055332A
:10305000801AC91A4FEA900C8A0800F033330CF03A
:10306000333C01F0333002F033326344104403EB5D
:10307000131300EB101003F00F3300F00F3018445F
:1030800000EB002000EB0040000E70472DE9F047F8
:10309000089D0F4604468C46002B48D18A421646AE
:1030A00061D9B2FA82F34BB1C3F1200201FA03FCF9
:1030B00020FA02F29E4042EA0C0C9C404FEA164E67
:1030C000B7B2BCFBFEF1220C0EFB11CC42EA0C4263
:1030D00001FB07F0904209D9B21801F1FF3C80F0E2
:1030E000EE80904240F2EB8002393244121AA4B2D0
:1030F000B2FBFEF00EFB102244EA024400FB07F78D
:10310000A74209D9341900F1FF3280F0DA80A742D2
:1031100040F2D7803444023840EA0140E41B0021E9
:103120001DB1DC400023C5E90043BDE8F0878B42B8
:1031300006D90DB1C5E9000100210846BDE8F087B8
:10314000B3FA83F1002948D1BB4202D3824200F294
:103150000781841A67EB030201209446002DE4D016
:10316000C5E9004CE1E7002A00F09280B2FA82F350
:10317000002B40F0A8808A1A4FEA164E1FFA86FCF0
:103180000121200CB2FBFEF70EFB172240EA02429F
:103190000CFB07F0904207D9B21807F1FF3802D2B2
:1031A000904200F2E2804746121AA4B2B2FBFEF04F
:1031B0000EFB102244EA02440CFB00FCA44507D994
:1031C000341900F1FF3202D2A44500F2CB80104640
:1031D000A4EB0C0440EA0740A2E7C1F120068B40B3
:1031E00022FA06FC4CEA030C07FA01F420FA06F373
:1031F000F7404FEA1C49234300FA01F81FFA8CFEFE
:10320000B7FBF9F01C0C09FB107744EA074400FBFC
:103210000EF7A74202FA01F20AD91CEB040400F1EE
:10322000FF3A80F09B80A74240F2988002386444C5
:10323000E41B9FB2B4FBF9F309FB134447EA0444CF
:1032400003FB0EFEA64509D91CEB040403F1FF376E
:1032500080F08280A6457FD9023B644443EA004067
:10326000A4EB0E04A0FB02E7BC427346B94663D34D
:1032700060D05DB1B8EB030264EB090404FA06F612
:1032800022FA01F31E43CC40C5E9006400214CE75B
:103290006208480842EAC1710B0C43EA00438AB253
:1032A00042EA0342B3FBF6F1E407B4463746B646BA
:1032B0001F23B0FBF6F0D21B41EA004161E76146F3
:1032C00014E7104628E7C3F1200120FA01F29E40DE
:1032D00027FA01F19F403A434FEA164E1FFA86FC47
:1032E000B1FBFEF70EFB1710110C41EA004107FB82
:1032F0000CF8884504FA03F43AD9711807F1FF3045
:1033000001D288451FD8A1EB0801B1FBFEF808FBEC
:103310000CF70EFB181192B242EA0142BA422FD2C8
:10332000B21808F1FF31C6D2BA42C4D2A8F10201E4
:103330003244C0E7F0459CD2BEEB020367EB0C07BA
:103340000138B94695E7A6EB08084144B81EB1FB21
:10335000FEF808FB0CF7DCE73B467FE7504667E7E3
:103360000846FBE63444023832E7023F32441BE7AA
:10337000A1EB08013846B1FBFEF808FB0CF7C8E7E3
:10338000414698E7704700BF024B0146186800F0BD
:103390002DB800BF502D0020024B0146186800F0E8
:1033A000E1B900BF502D002070B50F4E0C463168BA
:1033B000054611B900F08EF930602146284600F02C
:1033C00089F9431C03D14FF0FF34204670BDC41C63
:1033D00024F00304A042F8D0211A284600F07AF91C
:1033E0000130F2D1EFE700BFD8EA00202DE9F84321
:1033F000CD1C25F0030508350C2D38BF0C25002DFC
:10340000064601DBA94204D90C2333600020BDE845
:10341000F883DFF8D48000F069F8D8F800301C4653
:1034200044BB29463046FFF7BFFF431C044658D132
:10343000D8F800402746002F43D1002C4BD02368FA
:103440003946304604EB030900F044F9814542D186
:1034500021686D1A29463046FFF7A6FF01303AD0A1
:1034600023682B442360D8F800305A6862BBC8F840
:1034700000700FE02268521B20D40B2A17D9611963
:10348000A342256018BF5960636808BFC8F80010E0
:1034900062514B60304600F02FF804F10B00231D01
:1034A00020F00700C21A1CBF1B1AA350AFE76268C6
:1034B000A3420CBFC8F800205A60EBE723466468BB
:1034C000AEE73C467F68B6E71A465B68A342FBD18D
:1034D00000235360DEE70C233360304600F00CF825
:1034E00094E70560D6E700BFDCEA0020014800F061
:1034F00002B900BFE0EA0020014800F0FDB800BFBB
:10350000E0EA0020024B0A460146186800F002B8C3
:10351000502D00202DE9F041074614460D4621B9F3
:10352000BDE8F0411146FFF761BF2AB900F01AF972
:1035300025462846BDE8F08100F05EF98442064643
:1035400002D8B4EB500FF4D821463846FFF74EFFAF
:10355000804608B94546ECE7B4422246294628BFD2
:10356000324600F0CAF82946384600F0FBF8F1E789
:1035700010B50C4600F00CF8D4F8020010BD0000A5
:10358000024B01461868FFF7F3BF00BF502D002023
:10359000026BF8B505460C46B2B91820FFF7F4FEE9
:1035A0000246286320B9164B16488B2100F0BCF860
:1035B0001549164BC0E90013154B83600B2383811B
:1035C00000210120C2E90401138925886788D68873
:1035D0009089B4F804C0528905FB03F17B4305FBD5
:1035E000060006FB071106FB0C3301EB104105FB3F
:1035F000023303EB114320806180A380F8BD00BF3C
:103600003F500200565002000E33CDAB34126DE62F
:10361000ECDE050010B501390244904201D10020D2
:1036200005E0037811F8014FA34201D0181B10BD2B
:103630000130F2E7884210B501EB020402D984425E
:10364000234607D8431EA14207D011F8012B03F8E7
:10365000012FF8E70244824200D110BD13F8011D8A
:1036600002F8011DF7E702440346934200D1704778
:1036700003F8011BF9E7C9B20346184613F8012BFA
:1036800012B18A42F9D17047002918BF0020704753
:1036900070B503461E4613F8014B44B14A1E01E0C3
:1036A000A54204D012F8015F002DF9D1F2E7301ADB
:1036B00070BD70B503461E4613F8014B3CB14A1E5F
:1036C00001E0A542F7D012F8015F002DF9D1301AC0
:1036D00070BD000038B5064D0023044608462B6037
:1036E00000F054FF431C02D12B6803B1236038BDA6
:1036F000E4EA00207047704770470A44914200F1A5
:10370000FF3300D1704710B511F8014B03F8014F9A
:103710009142F9D110BD034613F8012B002AFBD1C9
:10372000181A0138704700001FB514461A46094B95
:103730001B680546D8684CB1074B0091CDE90134B0
:1037400006492B4600F0EEF900F052FA044B1C46F5
:10375000F3E700BF502D0020B1500200BE50020020
:10376000BE45020038B50546002941D051F8043C59
:103770000C1F002BB8BFE418FFF7B8FE1D4A1368F2
:1037800033B9636014602846BDE83840FFF7B4BE23
:10379000A34208D9206821188B4201BF19685B68D1
:1037A00009182160EDE71A465B680BB1A342FAD90C
:1037B00011685018A0420BD1206801445018834270
:1037C0001160E0D118685B68536008441060DAE764
:1037D00002D90C232B60D6E7206821188B4204BF46
:1037E00019685B68636004BF091821605460CAE708
:1037F00038BD00BFDCEA002051F8043C181F002B44
:10380000BCBF0B58C01870472DE9F04716469846C4
:103810008A680B69DDF820909342B8BF1346336085
:1038200091F8432007460C460AB101333360236800
:10383000990642BF336802333360256815F00605E8
:1038400006D104F1190AE36832689B1AAB4226DC00
:1038500094F843302268003B18BF012392062BD412
:1038600004F1430241463846C84701301ED0236860
:10387000226903F00603042B02BFE5683368ED1AE2
:10388000A3680CBF25EAE57500259342C4BF9B1AC7
:10389000ED1800261A34B5421AD1002008E00123A1
:1038A000524641463846C847013003D14FF0FF30F9
:1038B000BDE8F0870135C6E7E1185A1C302081F8D1
:1038C0004300224494F8451082F843100233C7E7BE
:1038D0000123224641463846C8470130E6D001362A
:1038E000D9E700002DE9FF470F7E0C9E782F914607
:1038F00080460C469A4601F1430207D8622F0AD847
:10390000002F00F0D280582F00F0B78004F142065B
:1039100084F842703AE0A7F16303152BF6D801A1B1
:1039200051F823F07D390200913902000D3902006F
:103930000D3902000D3902000D39020091390200E3
:103940000D3902000D3902000D3902000D39020057
:10395000913A0200BB390200473A02000D390200D9
:103960000D390200B33A02000D390200BB390200E2
:103970000D3902000D3902004F3A020033681A1D5A
:103980001B68326004F1420684F8423001239DE056
:1039900033682068191D3160060601D51D6803E0F3
:1039A0004506FBD5B3F90050002D03DA2D236D42F7
:1039B00084F8433059480A2310E021683368080628
:1039C00053F8045B02D4490648BFADB26F2F534889
:1039D000336059D10823002184F843106668A6603B
:1039E000002E05DB21682E4321F0040121604DD01B
:1039F0001646B5FBF3F103FB1157C75D06F8017DD1
:103A00002F46BB420D46F4D9082B0BD12368DF07A4
:103A100008D5236961689942DEBF302306F8013C6E
:103A200006F1FF36921B2261CDF800A04B4603AA97
:103A300021464046FFF7E8FE01304CD14FF0FF3001
:103A400004B0BDE8F087236843F0200323603448C6
:103A5000782784F84570236831681F0651F8045BA5
:103A600002D45F0648BFADB23160D90744BF43F00E
:103A7000200323601DB11023ADE72848E9E7236840
:103A800023F020032360F6E70A23A4E71646BBE7EA
:103A9000336825686169181D30602E061B6801D5E2
:103AA000196002E06806FBD51980002323611646E1
:103AB000BAE733681A1D32601E686268002130461A
:103AC00000F046F808B1801B606063682361002342
:103AD00084F84330A8E72369324649464046D04738
:103AE0000130ABD023689B0713D4E068039B984256
:103AF000B8BF1846A4E70123324649464046D0479E
:103B000001309BD00135E36803995B1AAB42F2DCCC
:103B1000EBE7002504F11906F5E700BFED500200C0
:103B2000FE5002000EB403B5014603AB054853F83E
:103B3000042B0068019300F08BF802B05DF804EBF1
:103B400003B07047502D002000000000000000006E
:103B500001F0FF01102A2BDB10F0070F08D010F83E
:103B6000013B013A8B422DD010F0070F42B3F6D142
:103B7000F0B441EA012141EA014122F007047FF05B
:103B800000070023F0E80256083C85EA010586EAB2
:103B9000010685FA47F5A3FA87F586FA47F6A5FAEE
:103BA00087F68EB9EED1F0BC01F0FF0102F00702FA
:103BB00032B110F8013B013A83EA010313B1F8D1A5
:103BC0000020704701387047002D06BF3546033886
:103BD000073815F0010F07D1013015F4807F02BFBF
:103BE000013015F4C03F0130F0BC0138704700BF10
:103BF00008B5062000F006FB012000F0DDFC93680C
:103C0000013B002B10B4936008DA9469A34201DBF6
:103C10000A2903D15DF8044B00F03ABA1368581C26
:103C20001060197008465DF8044B7047F8B50646F9
:103C30000F461446D518AC4201D1002007E014F815
:103C4000011B3A463046FFF7DAFF431CF3D1F8BDBB
:103C50002DE9F04F0D469DB014469846064618B122
:103C6000036A0BB900F09AF96B6ED90705D4AB89DA
:103C70009A0502D4A86DFFF73EFDAB891B0701D55D
:103C80002B699BB92946304600F040FA70B16B6E43
:103C9000DC0704D54FF0FF301DB0BDE8F08FAB89D5
:103CA0009805F7D4A86DFFF727FDF3E700230993E4
:103CB00020238DF82930CDF80C803023DFF8AC813B
:103CC0008DF82A304FF0010923469A4613F8012B4C
:103CD0000AB1252AF9D1BAEB040B0BD05B46224678
:103CE00029463046FFF7A2FF013000F0A780099A6D
:103CF0005A4409929AF80030002B00F09F8000236C
:103D00004FF0FF32CDE905230AF1010A049307932E
:103D10008DF853301A935446052214F8011B53486A
:103D2000FFF716FF049AD8B9D10644BF20238DF8B7
:103D30005330130744BF2B238DF853309AF80030CB
:103D40002A2B15D0079A544600204FF00A0C214622
:103D500011F8013B303B092B4BD9B0B1079214E06D
:103D6000A0EB080309FA03F313430493A246D2E736
:103D7000039B191D1B680391002BBBBF5B4242F0E4
:103D8000020207930793B8BF049223782E2B0AD11F
:103D900063782A2B32D1039B1A1D1B68039243EAD6
:103DA000E37302340593DFF8D4A021780322504650
:103DB000FFF7CEFE38B1049BA0EB0A004022824000
:103DC00013430134049314F8011B29488DF828107B
:103DD0000622FFF7BDFE00283FD0264B1BBB039BEE
:103DE000073323F0070308330393099B3B440993EC
:103DF0006AE70CFB02320C460120A8E700230134DD
:103E0000059319464FF00A0C204610F8012B303A62
:103E1000092A03D9002BC6D00591C4E70CFB012168
:103E200004460123F0E703AB00932A46124B04A992
:103E30003046AFF300800746781CD6D16B6ED907A9
:103E400005D4AB899A0502D4A86DFFF755FCAB8960
:103E50005B063FF51FAF09981EE703AB00932A46A8
:103E6000054B04A93046FFF73DFDE4E70F51020082
:103E700019510200000000002D3C02001551020003
:103E8000002310B50446C0E90033C0E90433836061
:103E900081814366C2818361194608225C30FFF745
:103EA000E2FB0D4B63620D4BA3620D4BE3620D4BC6
:103EB00023630D4B24629C4206D003F168029442B6
:103EC00002D0D0339C4205D104F15800BDE8104027
:103ED000FFF710BC10BD00BF094002002B400200DC
:103EE0006340020089400200E8EA0020024A0349D8
:103EF000034800F06BB800BFA02D0020CD430200A6
:103F0000542D002041680C4B994210B5044601D055
:103F100000F05CFAA168094B994202D0204600F0FB
:103F200055FAE168064B994204D02046BDE810409E
:103F300000F04CBA10BD00BFE8EA002050EB0020B2
:103F4000B8EB00200C4B0D4A0D4810B504211A6047
:103F50000022FFF795FF0A4B01221C46092103F1BD
:103F60006800FFF78DFF04F1D0000222BDE8104089
:103F70001221FFF785BF00BF20EC0020ED3E0200BC
:103F8000E8EA00200148FFF7B6BB00BFE1EA0020E5
:103F90000148FFF7B1BB00BFE1EA002010B50446BD
:103FA000FFF7F0FF236A1BB1BDE81040FFF7F0BF39
:103FB000044B2362044B1B68002BF5D1FFF7C2FFB3
:103FC000F2E700BF053F020020EC00202DE9F84396
:103FD0000746884614460026D4E90195B9F101093F
:103FE00005D52468002CF7D13046BDE8F883AB89AD
:103FF000012B07D9B5F90E30013303D029463846D5
:10400000C04706436835E9E710B50C46B1F90E1014
:1040100000F022F90028ABBF636DA3891B1823F4BD
:104020008053ACBF6365A38110BD2DE9F0411F46ED
:104030008B89DB0505460C46164605D5B1F90E10F1
:104040000223002200F0F6F8A389B4F90E1023F43D
:104050008053A38132463B462846BDE8F04100F03C
:1040600021B910B50C46B1F90E1000F0E3F8B4F91F
:104070000C30421C0BBF23F4805343F48053A381C4
:10408000A38118BF606510BDB1F90E1000F0C2B871
:10409000F8B50E461446054618B1036A0BB9FFF78A
:1040A0007DFFA369A360A3891A0701D5236943B9DA
:1040B0002146284600F02AF818B14FF0FF3738465D
:1040C000F8BD23682269981A6369F6B283423746BD
:1040D00005DC2146284600F079F90028EDD1A368D7
:1040E000013BA36023685A1C22601E706269431C56
:1040F0009A4204D0A389DB07E1D50A2EDFD12146FD
:10410000284600F063F90028D9D0D6E738B5284B07
:10411000054618680C4618B1036A0BB9FFF73EFF55
:10412000B4F90C301A0721D4D80607D409222A6022
:1041300043F04003A3814FF0FF3030E0590712D520
:10414000616B41B104F14403994202D02846FFF764
:1041500009FB002363630022B4F90C30626022691A
:10416000226023F0240343F00803A38122693AB9B3
:104170009A0501D5180603D52146284600F072F9A4
:10418000B4F90C3013F001020AD00022A260626977
:104190005242A261226942B913F08000C8D138BDF1
:1041A000990758BF6269A260F4E70020F7E700BFF3
:1041B000502D00201F2938B505460C4604D916237A
:1041C00003604FF0FF3038BDC26B12B152F821309E
:1041D0004BB9284600F064F8224601462846BDE85F
:1041E000384000F04BB8012B0AD0591C03D11623DC
:1041F00003600120E7E7002142F824102046984799
:104200000020E0E7024B01461868FFF7D3BF00BF6C
:10421000502D002038B5064D0023044608462B607B
:1042200000F07CF9431C02D12B6803B1236038BD38
:10423000E4EA002038B5074D04460846114600223E
:104240002A601A4600F092F9431C02D12B6803B190
:10425000236038BDE4EA002038B5074D044608461F
:10426000114600222A601A4600F088F9431C02D148
:104270002B6803B1236038BDE4EA002038B5074D50
:1042800000230446084611462B6000F067F9431CE2
:1042900002D12B6803B1236038BD00BFE4EA0020DF
:1042A00000F04CB938B5074D0446084611460022C7
:1042B0002A601A4600F078F9431C02D12B6803B13A
:1042C000236038BDE4EA0020B1F90C202DE9F0416B
:1042D000160705460C4651D44B68002B02DC0B6CCC
:1042E000002B49DDE66A002E46D0002312F48052EE
:1042F0002F682B6031D0626DA389590705D563689B
:10430000D21A636B0BB1236CD21A0023E66A216ABE
:104310002846B047421CB4F90C3006D129681D2943
:1043200046D8294ACA40D60742D500226260D9043D
:104330002269226004D5421C01D12B6803B9606553
:10434000616B2F60C1B104F14403994202D0284649
:10435000FFF708FA002363630EE0216A0123284671
:10436000B0470246501CC7D12B68002BC4D01D2B70
:1043700001D0162B1AD12F6000201EE00F69002FEC
:10438000FAD093070E6808BF4B690F6018BF00236F
:10439000A6EB07088B60B8F1000FEDDD216AA66A75
:1043A00043463A462846B047002808DCB4F90C30AA
:1043B00043F04003A3814FF0FF30BDE8F081074494
:1043C000A8EB0008E7E700BF0100402038B50B6903
:1043D00005460C4613B90025284638BD18B1036AB6
:1043E0000BB9FFF7DBFDB4F90C30002BF3D0626E94
:1043F000D00704D4990502D4A06DFFF77CF92846B4
:104400002146FFF761FF636EDA070546E4D4A3890E
:104410009B05E1D4A06DFFF76FF9DDE770B50C46A1
:10442000B1F90E10002996B015461E460ADAA18988
:1044300011F0800113D14FF48062002031602A60B6
:1044400016B070BD6A4600F047F80028EFDB01990E
:1044500001F47041A1F5005359425941EBE70021A5
:104460004022EAE78B8973B59E0705460C4607D5BF
:1044700004F14703236023610123636102B070BD2F
:1044800001AB6A46FFF7CAFF009E28463146FEF799
:10449000ADFFB4F90C3038B99A05EFD423F003031B
:1044A00043F00203A381E3E743F08003A381019B70
:1044B0002060C4E90406002BE0D0B4F90E102846B1
:1044C00000F01CF80028D9D0A38923F0030343F09F
:1044D0000103A381D2E7000038B5074D002304464D
:1044E000084611462B6000F021F8431C02D12B68CE
:1044F00003B1236038BD00BFE4EA002038B5064DA3
:104500000023044608462B6000F020F8431C02D12B
:104510002B6803B1236038BDE4EA0020024B582227
:104520001A604FF0FF307047E4EA0020024B582237
:104530001A604FF0FF307047E4EA0020024B582227
:104540001A604FF0FF307047E4EA0020024B582217
:104550001A600020704700BFE4EA0020024B582296
:104560001A604FF0FF307047E4EA0020024B5822F7
:104570001A604FF0FF307047E4EA0020024B5822E7
:104580001A604FF0FF307047E4EA0020044A054902
:104590001368002B08BF0B4618441060184670477C
:1045A00024EC002028EC0020024B58221A604FF027
:1045B000FF307047E4EA0020FEE700BF0D0A005B11
:1045C000005D20005465726D696E616C00737069E6
:1045D0003A204556454E54535F454E442074696D0C
:1045E000656F757420E28094205350494D207265A8
:1045F000636F7665726564007370693A206E6573E7
:104600007465642061637175697265007370693ADD
:104610002072656C6561736520776974686F757465
:104620002061637175697265007370693A207472F4
:10463000616E736D697420776974686F7574206139
:10464000637175697265007370693A207472616E86
:104650007366657220776974686F75742061637121
:1046600075697265007370693A2063735F61737373
:1046700065727420756E6B6E6F776E2070696E0058
:104680007370693A206475616C20435320617373C1
:10469000657274206F6E2073686172656420627544
:1046A0007300D0040D11132B3F544C180D0B1F2316
:1046B00000D0040C11132C3F44512F1F1F20230046
:1046C00073657373696F6E3A206C696E6B207570D9
:1046D00020E2869220436F6E6E65637465642C20C1
:1046E00048454C4C4F5F4F464645520073657373C7
:1046F000696F6E3A206C696E6B20646F776E20E292
:10470000869220446973636F6E6E6563746564009E
:1047100073657373696F6E3A206865617274626560
:104720006174207374616C65206F7665726C617959
:104730000073657373696F6E3A2052656164792006
:104740002873616D652070686F6E652900736573ED
:1047500073696F6E3A20526561647920286E6577BF
:104760002F6F746865722070686F6E6529007365BD
:104770007373696F6E3A2048454C4C4F5F41434319
:104780004550542072656A6563746564007365738F
:1047900073696F6E3A2048454C4C4F5F52454A450D
:1047A000435420E280942072656D61696E20436FEE
:1047B0006E6E65637465640073657373696F6E3ADA
:1047C0002035206D69737365642068656172746259
:1047D0006561747320E2809420706F702072656D43
:1047E0006F746500616D6269656E74006163746900
:1047F00076650073747265616D696E6700303000B4
:104800003031002F617373657473005057523A2032
:10481000736F66742064656275672D617373697365
:1048200074206F666620E2809420706F7765722D29
:104830006379636C65206166746572205357442008
:10484000646973636F6E6E65637420666F72204770
:1048500061746520430050575220696E73747275FD
:104860006D206F6E20E2809420636F7272656C61C0
:1048700074652052545420505752206C696E6573F1
:1048800020776974682063757272656E7420747223
:10489000616365003F0050575220743D3078002D11
:1048A0003E00676C616E636500626F6F743A204909
:1048B0004D4147455F4F4B20636F6E6669726D6572
:1048C00064002E2E006C6974746C65667300424C33
:1048D000453A206964656E74697479206164647214
:1048E00065737320636F6E666967206661696C65C6
:1048F0006400536C6174650050696E6554696D6540
:1049000000424C453A20536C6174652073657276A1
:10491000696365204E4F5420696E204741545420EE
:104920007461626C6500424C453A20536C61746559
:104930002073657276696365207265676973746553
:104940007265642C2068616E646C653D307800424D
:104950004C453A206164765F7365745F6669656C87
:104960006473206661696C656400424C453A20615D
:1049700064765F7374617274206661696C6564004B
:10498000424C453A206164766572746973696E675A
:1049900020536C61746520736572766963650042AB
:1049A0004C453A20636F6E6E656374656420E280E7
:1049B00094206177616974696E672063656E7472B3
:1049C000616C00424C453A20636F6E6E65637420E3
:1049D0006661696C656420E2809420726573756D10
:1049E00065206164766572746973696E6700424C14
:1049F000453A20646973636F6E6E65637465640025
:104A0000424C453A20545820737562736372696250
:104A1000656420E280942073657373696F6E2075FE
:104A20007000424C453A20545820756E737562737D
:104A300063726962656420E28094207365737369B0
:104A40006F6E20646F776E00424C453A204D54558E
:104A5000206576656E74206D74753D307800424C2B
:104A6000453A20504859207570646174656420741B
:104A7000783D3078002072783D307800424C453ADD
:104A800020686F737420726573657400424C453AF8
:104A90002064656661756C74206576656E7471203E
:104AA000616C6C6F63206661696C65642028686561
:104AB00061702900424C453A206C6C206576656E29
:104AC000747120616C6C6F63206661696C65642031
:104AD00028686561702900424C453A20676174740A
:104AE000735F636F756E745F636667206661696C80
:104AF000656400424C453A2067617474735F616479
:104B0000645F73766373206661696C656400424C10
:104B1000453A204E696D424C4520686F737420738E
:104B20007461727465642028536C617465202B2055
:104B30004241532F444953202B206C6567616379B0
:104B400020444655290070726F66696C6520002FFD
:104B50006173736574732F004F5441204E414B2095
:104B6000726561736F6E3D3078002061743D3078FE
:104B7000004F54412070726F6772657373207063C9
:104B8000743D307800206F66663D307800206F6697
:104B90003D3078004D31352072656164792028619F
:104BA0007761697420424C4520666F7220494D41FF
:104BB00047455F4F4B20636F6E6669726D29004DEC
:104BC000356120736D6F6B6520504153532028531E
:104BD00054415455535B31315D3D3129004D3561B0
:104BE00020736D6F6B65204641494C20285354411A
:104BF0005455535B31315D3D322900626F6F743A19
:104C000020696D61676520636F6E6669726D6564AA
:104C100020286C696E6B2068656C6429004672659B
:104C20006552544F53206D616C6C6F6320666169EF
:104C30006C6564004672656552544F53207374610D
:104C4000636B206F766572666C6F7700536C61746E
:104C500065204D313520E28094204F5441202F2093
:104C60004D4355426F6F7400653937396163666231
:104C70002D633333382D343466612D613936322D4E
:104C8000653936653463663037386633004C69748D
:104C9000746C654653206D6F756E746564004C6965
:104CA00074746C654653206D6F756E74206661690F
:104CB0006C656400424D4134323100424D41343222
:104CC0003500424D4120756E6B6E6F776E202F2040
:104CD0006D697373696E6700627564676574206CD3
:104CE0006F63616C20006C6F63616C2D7363726520
:104CF000656E2D7374617465202F206E6F74696604
:104D00002D73746F72652073697A656420287365EA
:104D10006520646F6373290061707000617070209A
:104D20007461736B20637265617465206661696C80
:104D30006564007363686564756C65722072657480
:104D400075726E656400433A2F55736572732F68F0
:104D50006967686A2F446F63756D656E74732F5051
:104D6000726F6A656374732F45766F54696D652F32
:104D700074686972645F70617274792F46726565D8
:104D800052544F532D4B65726E656C2F7461736B6B
:104D9000732E630049444C4500433A2F55736572A6
:104DA000732F686967686A2F446F63756D656E74E9
:104DB000732F50726F6A656374732F45766F5469F1
:104DC0006D652F74686972645F70617274792F46C3
:104DD00072656552544F532D4B65726E656C2F7121
:104DE000756575652E6300433A2F55736572732F91
:104DF000686967686A2F446F63756D656E74732F99
:104E000050726F6A656374732F45766F54696D6570
:104E10002F74686972645F70617274792F4672656D
:104E20006552544F532D4B65726E656C2F74696DCE
:104E30006572732E6300546D722053766300433A9B
:104E40002F55736572732F686967686A2F446F63A3
:104E5000756D656E74732F50726F6A656374732F0E
:104E600045766F54696D652F74686972645F70610F
:104E70007274792F4672656552544F532D4B65728B
:104E80006E656C2F706F727461626C652F4D656D0D
:104E90004D616E672F686561705F342E6300433A21
:104EA0002F55736572732F686967686A2F446F6343
:104EB000756D656E74732F50726F6A656374732FAE
:104EC00045766F54696D652F74686972645F7061AF
:104ED0007274792F4672656552544F532D4B65722B
:104EE0006E656C2F706F727461626C652F474343FF
:104EF0002F41524D5F434D34462F706F72742E63B5
:104F0000006D7379735F3100626C655F6174745F0B
:104F10007376725F656E7472795F706F6F6C00622A
:104F20006C655F6174745F7376725F707265705FD9
:104F3000656E7472795F706F6F6C00626C655F672D
:104F400061705F75706461746500626C655F676154
:104F50007474635F70726F635F706F6F6C00626C0C
:104F6000655F67617474735F636C745F6366675FCA
:104F7000706F6F6C00626C655F68735F6863695F18
:104F800065765F706F6F6C00626C655F68735F63FE
:104F90006F6E6E5F706F6F6C00626C655F68735FE1
:104FA0006863695F6672616700626C655F6C32633B
:104FB00061705F6368616E5F706F6F6C00626C65DB
:104FC0005F6C326361705F7369675F70726F635F9C
:104FD000706F6F6C007472616E73706F72745F705B
:104FE0006F6F6C5F636D64007472616E73706F726B
:104FF000745F706F6F6C5F657674007472616E734E
:10500000706F72745F706F6F6C5F6576745F6C6FDA
:10501000007472616E73706F72745F706F6F6C5F2B
:1050200061636C006C6C00636F0041706163686564
:10503000204D796E657774204E696D424C45005263
:1050400045454E54206D616C6C6F632073756363CE
:105050006565646564002F646174612F6A656E6BB9
:10506000696E732F776F726B73706163652F474E34
:10507000552D746F6F6C636861696E2F61726D2D51
:1050800031342F7372632F6E65776C69622D63798B
:105090006777696E2F6E65776C69622F6C696263E2
:1050A0002F7374646C69622F72616E6434382E637E
:1050B000002C2066756E6374696F6E3A2000617310
:1050C00073657274696F6E20222573222066616990
:1050D0006C65643A2066696C6520222573222C2059
:1050E0006C696E65202564257325730A00303132A2
:1050F0003334353637383941424344454600303140
:10510000323334353637383961626364656600237B
:105110002D302B2000686C4C0065666745464700C3
:1051200045574944303132333435363738394142C6
:1051300043444546000C0C003333000004000900D2
:105140000D00120016001B001F00240028002C0078
:105150003100350039003E00420046004A004F0051
:10516000530057005B005F00630067006B006F0037
:10517000730077007A007E008200850089008D0030
:105180009000930097009A009E00A100A400A70041
:10519000AB00AE00B100B400B600B900BC00BF0067
:1051A000C100C400C600C900CB00CD00D000D200B1
:1051B000D400D600D800DA00DB00DD00DF00E0001C
:1051C000E200E300E400E600E700E800E900EA00AE
:1051D000EB00EC00ED00ED00EE00EF00EF00F00062
:1051E000F000F100F100F100F200F200F200F20034
:1051F000000203000000000000000100FFFF0000AB
:105200001428287850000000000000000000000072
:1052100059AD00005BAD00005DAD00005FAD00006A
:1052200061AD000063AD000065AD000067AD00003A
:1052300069AD00006BAD00006DAD00006FAD00000A
:1052400095AD000097AD000099AD00009BAD00004A
:105250009DAD0000B1AD0000DFAD00004BAE000021
:10526000A5AD0000A7AD0000A9AD0000ABAD0000EA
:10527000ADAD0000AFAD0000000000000000000078
:10528000B5AE00005BAD0000D9AF00006FB000000C
:1052900043B10000D7B00000EFB100008FB10000B3
:1052A000A7B20000A5AE0000C3B30000FFB300002A
:1052B0003DB4000077B40000A3B40000CFB40000F8
:1052C0002FB200009FAD0000A1AD0000A1AF000013
:1052D000D3B2000069AE00006BAE00006BAE000000
:1052E000ADAD0000AFAD0000000000000000000008
:1052F00059AD00005BAD00005DAD00005FAD00008A
:1053000061AD000063AD000065AD000067AD000059
:1053100069AD00006BAD00006DAD00006FAD000029
:1053200095AD000097AD000099AD00009BAD000069
:105330009DAD00009FAD0000A1AD0000A3AD000039
:10534000A5AD0000A7AD000075AE00006DAE000079
:10535000ADAD0000AFAD0000000007000000000090
:10536000000201010204040705050507020202020A
:1053700002070107040707010701070505070101E7
:1053800007040701070704070507070101010107D3
:1053900005070507070507010700020002000000D6
:1053A00000020000001000000000000000000000EB
:1053B000E44702000000900101000000EC470200F9
:1053C0003700180002000000F347020046000C00FE
:1053D0001F1C1F1E1F1E1F1F1E1F1E1F0103050156
:1053E0000000000010000000E4470200A248020094
:1053F000EC470200F347020077C295F360D2EF7FDB
:105400003552500F2CB6798010000000982F8A4238
:1054100091443771CFFBC0B5A5DBB5E95BC2563906
:10542000F111F159A4823F92D55E1CAB98AA07D81E
:10543000015B8312BE853124C37D0C55745DBE7241
:10544000FEB1DE80A706DC9B74F19BC1C1699BE4C1
:105450008647BEEFC69DC10FCCA10C246F2CE92D51
:10546000AA84744ADCA9B05CDA88F97652513E9875
:105470006DC631A8C82703B0C77F59BFF30BE0C67C
:105480004791A7D55163CA0667292914850AB7270A
:1054900038211B2EFC6D2C4D130D385354730A65A7
:1054A000BB0A6A762EC9C281852C7292A1E8BFA27E
:1054B0004B661AA8708B4BC2A3516CC719E892D1E6
:1054C000240699D685350EF470A06A1016C1A41969
:1054D000086C371E4C774827B5BCB034B30C1C3968
:1054E0004AAAD84E4FCA9C5BF36F2E68EE828F7427
:1054F0006F63A5781478C8840802C78CFAFFBE9041
:10550000EB6C50A4F7A3F9BEF27871C677C295F39D
:1055100060D2EF7F3552500F2CB67980FFFFFFFF2E
:10552000FFFFFFFF000000006410B71DC8206E3BA6
:10553000AC30D9269041DC76F4516B6B5861B24D9A
:105540003C7105502083B8ED44930FF0E8A3D6D604
:105550008CB361CBB0C2649BD4D2D38678E20AA06C
:105560001CF2BDBD17001B001B0001010000000064
:1055700017001B001B0001010000000001000000DB
:10558000E756020000000000105602000100000073
:10559000A356020000000000AC550200000000000D
:1055A0000000000000000000000000009256020011
:1055B0009D2801000000000000000000180000000D
:1055C000C2450020815602005D2801000000000055
:1055D00000000000040000000000000070560200FF
:1055E000352D010000000000000000000200000056
:1055F00000000000000000000000000000000000AB
:105600000000000000000000000000000800000092
:10561000D6560200DD280100000000000000000056
:105620000400000000000000C55602001D28010013
:10563000000000000000000010000000C64500202F
:10564000B4560200352801000000000000000000F0
:1056500012000000C445002000000000000000000F
:10566000000000000000000000000000000000003A
:105670008023D1BCEA5F782315DEEF1212341500C7
:10568000008023D1BCEA5F782315DEEF12123215B9
:1056900000008023D1BCEA5F782315DEEF121231BF
:1056A0001500008023D1BCEA5F782315DEEF1212CB
:1056B0003015000080F378F04C6EE962A9030038E1
:1056C000C3FBAC79E980F378F04C6EE962A9020083
:1056D00038C3FBAC79E980F378F04C6EE962A9013C
:1056E0000038C3FBAC79E980F378F04C6EE962A92D
:1056F000000038C3FBAC79E9070505050702020283
:105700000202070407010707040704070505070449
:105710000407010704070701070507070404040439
:10572000070507050707050704070705070505011E
:105730000107050707010101070404070507070121
:1057400007010707010701012F6173736574732F48
:105750002E73746167696E6700000000040000002A
:105760000000000000000000000000000000000039
:1057700000000000F8C8002001000000E96F0100EF
:1057800002000000B1760100030000001370010068
:10579000040000009D770100050000007B700100FF
:1057A00006000000B57801000700000083700100CA
:1057B00008000000817A0100090000008B700100E0
:1057C0000A000000077C01000B000000937001003C
:1057D0000C000000857C01000D0000009B700100A2
:1057E0000E000000077D01000F0000009F70010007
:1057F00010000000B97D010011000000AB70010035
:1058000012000000A97F010013000000AF7001002A
:10581000160000009980010017000000B770010019
:10582000180000000182010019000000BF70010093
:105830001B0000004B8301001D0000009783010046
:105840001E0000004571010020000000B57D010030
:1058500021000000A37001002300000093830100D9
:1058600052000000478001003D9D01007D9601002F
:10587000FD960100959701001D9801009598010083
:105880000D99010073990100A3990100D3990100BA
:10589000D39A0100000000000B9D0100C39C010091
:1058A000E79B01004595010000000000959601006E
:1058B00011970100AD97010031980100A9980100EE
:1058C000219901000000000000000000DF990100A4
:1058D000000000000000000000000000159C010016
:1058E0002F9B010000000000379D010085960100FC
:1058F000059701009D970100259801009D980100E2
:10590000159901007B990100AB990100DB99010019
:10591000DB9A0100999A0100079D0100979C010004
:10592000C39B01006D9501001000002810000228A3
:1059300010000328100003280000000000000000F1
:10594000000000009DC10100A1BF010067C001006F
:1059500053C00100FDBE01003FC001000000000077
:10596000000000000000000007C101002FBF01007F
:105970001BBF0100F9BE010023C2010027C20100C4
:105980002BC201001BC201001FC201002FC2010077
:105990000000000000000000000000000000000007
:1059A00017C201003E000000D9BE01001300000034
:1059B000ADC00100050000007BC001000800000030
:1059C000C5BE010030000000CFBE01001000000085
:1059D00007BF010001000302000000000000EF8D7E
:1059E000E2164FEC430DBF5BDD34C0531EB8000020
:1059F0000000000001CE0100000000000DCD0100FC
:105A0000000000000DCD01000DCD01000DCD010005
:105A1000000000000DCD0100000000000DCD0100D0
:105A2000000000000DCD0100000000000DCD0100C0
:105A3000000000000DCD010059CE010015CE01007F
:105A40000DCD01000DCD01000DCD01000DCD0100EA
:105A50000DCD01000DCD01000DCD01000B0701168C
:105A60000C000001080800000501081717020000DB
:105A700008080202040201002201012A080F0303A0
:105A800004040A0A030A2000800000C0000000008D
:105A9000000000002822000000000000040000F7C1
:105AA000C3BF0800000000F00108000080030000F0
:105AB00000000000000000000000000000000000E6
:105AC00000000000000010080440CE0150002C002F
:105AD000D0027801280018007801F401FA0096003D
:105AE00064004B0032001E0014001606021B110653
:105AF000021103040309050403050406080A0C0E39
:105B000010121416181C1E20222426282A2C2E308F
:105B1000323436383A3C3E40424446484A4C4E02C3
:105B20001A50000001000000302C0020000000008E
:105B3000E02B00200000000000000000000000003A
:105B40000000000001000000C02C00200000000048
:105B5000542C0020000000000000000000000000A5
:105B60000000000001000000F82C002000000000F0
:105B7000C42C002000000000000000000000000015
:105B80000000000001000000302D00200000000097
:105B9000FC2C0020000000000000000000000000BD
:0C5BA000000000000000000000000000F9
:085BAC00E0D4FF7F01000000BE
:045BB400213E01008D
:105BB8005345474745522052545400000000000006
:105BC8000100000001000000C4450200FC2E002076
:105BD80000010000000000000000000000000000BC
:105BE800C4450200EC2E0020100000000000000058
:105BF8000000000000000000FF000000FFFFFFFFA2
:105C0800020006000600000017001B001B0001012F
:105C180018000000900100000000010100000000D1
:105C2800000000000000000000000000000000006C
:105C3800000000000000000000000000000000005C
:105C480000000000000000000000FFFF000000004E
:105C5800000000000000000000000000000000003C
:105C6800000000000000000000000000000000002C
:105C7800FFFF01010000000000000000000000001C
:105C8800000000000000000000000000000000000C
:105C980000000000000000000000000000000000FC
:105CA80000000000000200000000000000000000EA
:105CB80000000000000000000000000000000000DC
:105CC80000000000000000000000000000000000CC
:105CD80000000000000000000000000000000000BC
:105CE80000000000000000000000000000000000AC
:105CF800000000000000000000000000000000009C
:105D0800000000000000000000000000000000008B
:105D1800000000000000000000000000000000007B
:105D2800000000000000000000000000000000006B
:105D3800000000000000000000000000000000005B
:105D4800000000000000000000000000000000004B
:105D5800000000000000000000000000000000003B
:105D68000000000000000000000000000004000027
:105D7800000000000000000000000000000000001B
:105D8800000000000000000000000000000000000B
:105D980000000000000000000000000000000000FB
:105DA8000000000000000000000000000000FF00EC
:105DB80000000000000000000000000000000000DB
:105DC80000000000000000000000000000000000CB
:105DD80000000000000000000000000000000000BB
:105DE80000000000000000000000000000000000AB
:105DF8000000000001030501000000000000000091
:105E0800000000000000000000000000000000008A
:105E1800000000000000000000000000000000007A
:105E2800000000000000000000000000000000006A
:105E3800000000000000000000000000000000005A
:105E4800000000000000000000000000000000004A
:105E5800000000000000000000000000000000003A
:105E6800000000000000000000000000000000002A
:105E7800000000000000000000000000000000001A
:105E8800000000000000000000000000000000000A
:105E980000000000000000000000000000000000FA
:105EA80000000000000000000000000000000000EA
:105EB80000000000000000000000000000000000DA
:105EC80000000000000000000000000000000000CA
:105ED80000000000000000000000000000000000BA
:105EE80000000000000000000000000000000000AA
:105EF800000000000000000000000000000000009A
:105F08000000000000000000000000000000000089
:105F18000000000000000000000000000000000079
:105F28000000000000000000000000000000000069
:105F38000000000000000000000000000000000059
:105F48000000000000000000000000000000000049
:105F58000000000000000000000000000000000039
:105F68000000000000000000000000000000000029
:105F78000000000000000000000000000000000019
:105F88000000000000000000000000000000000009
:105F980000000000000000000000000000000000F9
:105FA80000000000000000000000000000000000E9
:105FB80000000000000000000000000000000000D9
:105FC80000000000000000000000000000000000C9
:105FD80000000000000000000000000000000000B9
:105FE80000000000000000000000000000000000A9
:105FF8000000000000000000000000000000000099
:106008000000000000000000000000000000000088
:106018000000000000000000000000000000000078
:106028000000000000000000000000000000000068
:106038000000000000000000000000000000000058
:106048000000000000000000000000000000000048
:106058000000000000000000000000000000000038
:106068000000000000000000000000000000000028
:106078000000000000000000000000000000000018
:106088000000000000000000000000000000000008
:1060980000000000000000000000000000000000F8
:1060A80000000000000000000000000000000000E8
:1060B80000000000000000000000000000000000D8
:1060C80000000000000000000000000000000000C8
:1060D80000000000000000000000000000000000B8
:1060E80000000000000000000000000000000000A8
:1060F8000000000000000000000000000000000098
:106108000000000000000000000000000000000087
:106118000000000000000000000000000000000077
:106128000000000000000000000000000000000067
:106138000000000000000000000000000000000057
:106148000000000000000000000000000000000047
:106158000000000000000000000000000000000037
:106168000000000000000000000000000000000027
:106178000000000000000000000000000000000017
:106188000000000000000000000000000000000007
:1061980000000000000000000000000000000000F7
:1061A80000000000000000000000000000000000E7
:1061B80000000000000000000000000000000000D7
:1061C80000000000000000000000000000000000C7
:1061D80000000000000000000000000000000000B7
:1061E80000000000000000000000000000000000A7
:1061F8000000000000000000000000000000000097
:106208000000000000000000000000000000000086
:106218000000000000000000000000000000000076
:106228000000000000000000000000000000000066
:106238000000000000000000000000000000000056
:106248000000000000000000000000000000000046
:106258000000000000000000000000000000000036
:106268000000000000000000000000000000000026
:106278000000000000000000000000000000000016
:106288000000000000000000000000000000000006
:1062980000000000000000000000000000000000F6
:1062A80000000000000000000000000000000000E6
:1062B80000000000000000000000000000000000D6
:1062C80000000000000000000000000000000000C6
:1062D80000000000000000000000000000000000B6
:1062E80000000000000000000000000000000000A6
:1062F8000000000000000000000000000000000096
:106308000000000000000000000000000000000085
:106318000000000000000000000000000000000075
:106328000000000000000000000000000000000065
:106338000000000000000000000000000000000055
:106348000000000000000000000000000000000045
:106358000000000000000000000000000000000035
:106368000000000000000000000000000000000025
:106378000000000000000000000000000000000015
:106388000000000000000000000000000000000005
:1063980000000000000000000000000000000000F5
:1063A80000000000000000000000000000000000E5
:1063B80000000000000000000000000000000000D5
:1063C80000000000000000000000000000000000C5
:1063D80000000000000000000000000000000000B5
:1063E80000000000000000000000000000000000A5
:1063F8000000000000000000000000000000000095
:106408000000000000000000000000000000000084
:106418000000000000000000000000000000000074
:106428000000000000000000000000000000000064
:106438000000000000000000000000000000000054
:106448000000000000000000000000000000000044
:106458000000000000000000000000000000000034
:106468000000000000000000000000000000000024
:106478000000000000000000000000000000000014
:106488000000000000000000000000000000000004
:1064980000000000000000000000000000000000F4
:1064A80000000000000000000000000000000000E4
:1064B80000000000000000000000000000000000D4
:1064C80000000000000000000000000000000000C4
:1064D80000000000000000000000000000000000B4
:1064E80000000000000000000000000000000000A4
:1064F8000000000000000000000000000000000094
:106508000000000000000000000000000000000083
:106518000000000000000000000000000000000073
:106528000000000000000000000000000000000063
:106538000000000000000000000000000000000053
:106548000000000000000000000000000000000043
:106558000000000000000000000000000000000033
:106568000000000000000000000000000000000023
:106578000000000000000000000000000000000013
:106588000000000000000000000000000000000003
:1065980000000000000000000000000000000000F3
:1065A80000000000000000000000000000000000E3
:1065B80000000000000000000000000000000000D3
:1065C80000000000000000000000000000000000C3
:1065D80000000000000000000000000000000000B3
:1065E80000000000000000000000000000000000A3
:1065F8000000000000000000000000000000000093
:106608000000000000000000000000000000000082
:106618000000000000000000000000000000000072
:106628000000000000000000000000000000000062
:106638000000000000000000000000000000000052
:106648000000000000000000000000000000000042
:106658000000000000000000000000000000000032
:106668000000000000000000000000000000000022
:106678000000000000000000000000000000000012
:106688000000000000000000000000000000000002
:1066980000000000000000000000000000000000F2
:1066A80000000000000000000000000000000000E2
:1066B80000000000000000000000000000000000D2
:1066C80000000000000000000000000000000000C2
:1066D80000000000000000000000000000000000B2
:1066E80000000000000000000000000000000000A2
:1066F8000000000000000000000000000000000092
:106708000000000000000000000000000000000081
:106718000000000000000000000000000000000071
:106728000000000000000000000000000000000061
:106738000000000000000000000000000000000051
:106748000000000000000000000000000000000041
:106758000000000000000000000000000000000031
:106768000000000000000000000000000000000021
:106778000000000000000000000000000000000011
:106788000000000000000000000000000000000001
:1067980000000000000000000000000000000000F1
:1067A80000000000000000000000000000000000E1
:1067B80000000000000000000000000000000000D1
:1067C80000000000000000000000000000000000C1
:1067D80000000000000000000000000000000000B1
:1067E80000000000000000000000000000000000A1
:1067F8000000000000000000000000000000000091
:106808000000000000000000000000000000000080
:106818000000000000000000000000000000000070
:106828000000000000000000000000000000000060
:106838000000000000000000000000000000000050
:106848000000000000000000000000000000000040
:106858000000000000000000000000000000000030
:106868000000000000000000000000000000000020
:106878000000000000000000000000000000000010
:106888000000000000000000000000000000000000
:1068980000000000000000000000000000000000F0
:1068A80000000000000000000000000000000000E0
:1068B80000000000000000000000000000000000D0
:1068C80000000000000000000000000000000000C0
:1068D80000000000000000000000000000000000B0
:1068E80000000000000000000000000000000000A0
:1068F8000000000000000000000000000000000090
:10690800000000000000000000000000000000007F
:10691800000000000000000000000000000000006F
:10692800000000000000000000000000000000005F
:10693800000000000000000000000000000000004F
:10694800000000000000000000000000000000003F
:10695800000000000000000000000000000000002F
:10696800000000000000000000000000000000001F
:10697800000000000000000000000000000000000F
:1069880000000000000000000000000000000000FF
:1069980000000000000000000000000000000000EF
:1069A80000000000000000000000000000000000DF
:1069B80000000000000000000000000000000000CF
:1069C80000000000000000000000000000000000BF
:1069D800000000000000003F000000000000000070
:1069E800000000000000000000000000000000009F
:1069F800000000000000000000000000000000008F
:106A0800000000000000000000000000000000007E
:106A1800000000000000000000000000000000006E
:106A2800000000000000000000000000000000005E
:106A3800000000000000000000000000000000004E
:106A4800000000000000000000000000000000003E
:106A5800000000000000000000000000000000002E
:106A6800000000000000000000000000000000001E
:106A7800000000000000003F0000000000000000CF
:106A880000000000000000000000000000000000FE
:106A980000000000000000000000000000000000EE
:106AA80000000000000000000000000000000000DE
:106AB80000000000000000000000000000000000CE
:106AC80000000000000000000000000000000000BE
:106AD80000000000000000000000000000000000AE
:106AE800000000000000000000000000000000009E
:106AF800000000000000000000000000000000008E
:106B0800000000000000000000000000000000007D
:106B1800000000000000003F00000000000000002E
:106B2800000000000000000000000000000000005D
:106B3800000000000000000000000000000000004D
:106B4800000000000000000000000000000000003D
:106B5800000000000000000000000000000000002D
:106B6800000000000000000000000000000000001D
:106B7800000000000000000000000000000000000D
:106B880000000000000000000000000000000000FD
:106B980000000000000000000000000000000000ED
:106BA80000000000000000000000000000000000DD
:106BB800000000000000003F00000000000000008E
:106BC80000000000000000000000000000000000BD
:106BD80000000000000000000000000000000000AD
:106BE800000000000000000000000000000000009D
:106BF800000000000000000000000000000000008D
:106C0800000000000000000000000000000000007C
:106C1800000000000000000000000000000000006C
:106C2800000000000000000000000000000000005C
:106C3800000000000000000000000000000000004C
:106C4800000000000000000000000000000000003C
:106C5800000000000000003F0000000000000000ED
:106C6800000000000000000000000000000000001C
:106C7800000000000000000000000000000000000C
:106C880000000000000000000000000000000000FC
:106C980000000000000000000000000000000000EC
:106CA80000000000000000000000000000000000DC
:106CB80000000000000000000000000000000000CC
:106CC80000000000000000000000000000000000BC
:106CD80000000000000000000000000000000000AC
:106CE800000000000000000000000000000000009C
:106CF800000000000000003F00000000000000004D
:106D0800000000000000000000000000000000007B
:106D1800000000000000000000000000000000006B
:106D2800000000000000000000000000000000005B
:106D3800000000000000000000000000000000004B
:106D4800000000000000000000000000000000003B
:106D5800000000000000000000000000000000002B
:106D6800000000000000000000000000000000001B
:106D7800000000000000000000000000000000000B
:106D880000000000000000000000000000000000FB
:106D9800000000000000003F0000000000000000AC
:106DA80000000000000000000000000000000000DB
:106DB80000000000000000000000000000000000CB
:106DC80000000000000000000000000000000000BB
:106DD80000000000000000000000000000000000AB
:106DE800000000000000000000000000000000009B
:106DF800000000000000000000000000000000008B
:106E0800000000000000000000000000000000007A
:106E1800000000000000000000000000000000006A
:106E2800000000000000000000000000000000005A
:106E3800000000000000003F00000000000000000B
:106E4800000000000000000000000000000000003A
:106E5800000000000000000000000000000000002A
:106E6800000000000000000000000000000000001A
:106E7800000000000000000000000000000000000A
:106E880000000000000000000000000000000000FA
:106E980000000000000000000000000000000000EA
:106EA80000000000000000000000000000000000DA
:106EB80000000000000000000000000000000000CA
:106EC80000000000000000000000000000000000BA
:106ED800000000000000003F00000000000000006B
:106EE800000000000000000000000000000000009A
:106EF800000000000000000000000000000000008A
:106F08000000000000000000000000000000000079
:106F18000000000000000000000000000000000069
:106F28000000000000000000000000000000000059
:106F38000000000000000000000000000000000049
:106F48000000000000000000000000000000000039
:106F58000000000000000000000000000000000029
:106F68000000000000000000000000000000000019
:106F7800000000000000003F0000000000000000CA
:106F880000000000000000000000000000000000F9
:106F980000000000000000000000000000000000E9
:106FA80000000000000000000000000000000000D9
:106FB80000000000000000000000000000000000C9
:106FC80000000000000000000000000000000000B9
:106FD80000000000000000000000000000000000A9
:106FE8000000000000000000000000000000000099
:106FF8000000000000000000000000000000000089
:107008000000000000000000000000000000000078
:10701800000000000000003F000000000000000029
:107028000000000000000000000000000000000058
:107038000000000000000000000000000000000048
:107048000000000000000000000000000000000038
:107058000000000000000000000000000000000028
:107068000000000000000000000000000000000018
:107078000000000000000000000000000000000008
:1070880000000000000000000000000000000000F8
:1070980000000000000000000000000000000000E8
:1070A80000000000000000000000000000000000D8
:1070B800000000000000003F000000000000000089
:1070C80000000000000000000000000000000000B8
:1070D80000000000000000000000000000000000A8
:1070E8000000000000000000000000000000000098
:1070F8000000000000000000000000000000000088
:107108000000000000000000000000000000000077
:107118000000000000000000000000000000000067
:107128000000000000000000000000000000000057
:107138000000000000000000000000000000000047
:107148000000000000000000000000000000000037
:10715800000000000000003F0000000000000000E8
:107168000000000000000000000000000000000017
:107178000000000000000000000000000000000007
:1071880000000000000000000000000000000000F7
:1071980000000000000000000000000000000000E7
:1071A80000000000000000000000000000000000D7
:1071B80000000000000000000000000000000000C7
:1071C80000000000000000000000000000000000B7
:1071D80000000000000000000000000000000000A7
:1071E8000000000000000000000000000000000097
:1071F800000000000000003F000000000000000048
:107208000000000000000000000000000000000076
:107218000000000000000000000000000000000066
:107228000000000000000000000000000000000056
:107238000000000000000000000000000000000046
:107248000000000000000000000000000000000036
:107258000000000000000000000000000000000026
:107268000000000000000000000000000000000016
:107278000000000000000000000000000000000006
:1072880000000000000000000000000000000000F6
:10729800000000000000003F0000000000000000A7
:1072A80000000000000000000000000000000000D6
:1072B80000000000000000000000000000000000C6
:1072C80000000000000000000000000000000000B6
:1072D80000000000000000000000000000000000A6
:1072E8000000000000000000000000000000000096
:1072F8000000000000000000000000000000000086
:107308000000000000000000000000000000000075
:107318000000000000000000000000000000000065
:107328000000000000000000000000000000000055
:10733800000000000000003F000000000000000006
:107348000000000000000000000000000000000035
:107358000000000000000000000000000000000025
:107368000000000000000000000000000000000015
:107378000000000000000000000000000000000005
:1073880000000000000000000000000000000000F5
:1073980000000000000000000000000000000000E5
:1073A80000000000000000000000000000000000D5
:1073B8007F000000000000007F00000000000000C7
:1073C8007F000000000000007F00000000000000B7
:1073D8007F000000000000007F00000000000000A7
:1073E8007F000000000000007F0000000000000097
:1073F8000000000000000000000000000000000085
:107408000000000000000000000000000000000074
:107418000000000000000000000000000000000064
:107428000000000000000000000000000000000054
:107438000000000000000000000000000000000044
:107448000000000000000000000000000000000034
:107458000000000000000000000000000000000024
:107468000000000000000000000000000000000014
:107478000000000000000000000000000000000004
:1074880000000000000000000000000000000000F4
:1074980000000000000000000000000000000000E4
:1074A80000000000000000000000000000000000D4
:1074B80000000000000000000000000000000000C4
:1074C80000000000000000000000000000000000B4
:1074D80000000000000000000000000000000000A4
:1074E8000000000000000000000000000000000094
:1074F8000000000000000000000000000000000084
:107508000000000000000000000000000000000073
:107518000000000000000000000000000000000063
:107528000000000000000000000000000000000053
:107538000000000000000000000000000000000043
:107548000000000000000000000000000000000033
:107558000000000000000000000000000000000023
:107568000000000000000000000000000000000013
:107578000000000000000000000000000000000003
:1075880000000000000000000000000000000000F3
:1075980000000000000000000000000000000000E3
:1075A80000000000000000000000000000000000D3
:1075B80000000000000000000000000000000000C3
:1075C80000000000000000000000000000000000B3
:1075D80000000000000000000000000000000000A3
:1075E8000000000000000000000000000000000093
:1075F8000000000000000000000000000000000083
:107608000000000000000000000000000000000072
:10761800000000000000000000000000FF00000063
:107628000000000001000000000000000000000051
:107638000000000000000000000000000000000042
:1076480000000000FFFF0000000000000000000034
:107658000000000000000000000000000000000022
:107668000000000100000000000000000000000011
:107678000000000000000000000000000000000002
:1076880000000000000000000100010100000000EF
:1076980000000000000000000000000000000000E2
:1076A80000000000000000000000000000000000D2
:1076B80000000000000000000000000000000000C2
:1076C80000000000000000000000000000000000B2
:1076D80000000000000000000000000000000000A2
:1076E8000000000000000000000000000000000092
:1076F8000000000000000000000000000000000082
:107708000000000000000000000000000000000071
:107718000000000000000000000000000000000061
:107728000000000000000000000000000000000051
:107738000000000000000000000000000000000041
:107748000000000000000000000000000000000031
:107758000000000000000000000000000000000021
:107768000000000000000000000000000000000011
:107778000000000000000000000000000000000001
:1077880000000000000000000000000000000000F1
:1077980000000000000000000000000000000000E1
:1077A80000000000000000000000000000000000D1
:1077B80000000000000000000000000000000000C1
:1077C80000000000000000000000000000000000B1
:1077D80000000000000000000000000000000000A1
:1077E8000000000000000000000000000000000091
:1077F8000000000000000000000000000000000081
:107808000000000000000000000000000000000070
:107818000000000000000000000000000000000060
:107828000000000000000000000000000000000050
:107838000000000000000000000000000000000040
:107848000000000000000000000000000000000030
:107858000000000000000000000000000000000020
:107868000000000000000000000000000000000010
:107878000000000000000000000000000000000000
:1078880000000000000000000000000000000000F0
:1078980000000000000000000000000000000000E0
:1078A80000000000000000000000000000000000D0
:1078B80000000000000000000000000000000000C0
:1078C80000000000000000000000000000000000B0
:1078D80000000000000000000000000000000000A0
:1078E8000000000000000000000000000000000090
:1078F8000000000000000000000000000000000080
:10790800000000000000000000000000000000006F
:10791800000000000000000000000000000000005F
:10792800000000000000000000000000000000004F
:10793800000000000000000000000000000000003F
:10794800000000000000000000000000000000002F
:10795800000000000000000000000000000000001F
:10796800000000000000000000000000000000000F
:1079780000000000000000000000000000000000FF
:1079880000000000000000000000000000000000EF
:1079980000000000000000000000000000000000DF
:1079A80000000000000000000000000000000000CF
:1079B80000000000000000000000000000000000BF
:1079C80000000000000000000000000000000000AF
:1079D800000000000000000000000000000000009F
:1079E800000000000000000000000000000000008F
:1079F800000000000000000000000000000000007F
:107A0800000000000000000000000000000000006E
:107A1800000000000000000000000000000000005E
:107A2800000000000000000000000000000000004E
:107A3800000000000000000000000000000000003E
:107A4800000000000000000000000000000000002E
:107A5800000000000000000000000000000000001E
:107A6800000000000000000000000000000000000E
:107A780000000000000000000000000000000000FE
:107A880000000000000000000000000000000000EE
:107A980000000000000000000000000000000000DE
:107AA80000000000000000000000000000000000CE
:107AB80000000000000000000000000000000000BE
:107AC80000000000000000000000000000000000AE
:107AD800000000000000000000000000000000009E
:107AE800000000000000000000000000000000008E
:107AF800000000000000000000000000000000007E
:107B0800000000000000000000000000000000006D
:107B1800000000000000000000000000000000005D
:107B2800000000000000000000000000000000004D
:107B3800000000000000000000000000000000003D
:107B4800000000000000000000000000000000002D
:107B5800000000000000000000000000000000001D
:107B6800000000000000000000000000000000000D
:107B780000000000000000000000000000000000FD
:107B880000000000000000000000000000000000ED
:107B980000000000000000000000000000000000DD
:107BA80000000000000000000000000000000000CD
:107BB80000000000000000000000000000000000BD
:107BC80000000000000000000000000000000000AD
:107BD800000000000000000000000000000000009D
:107BE800000000000000000000000000000000008D
:107BF800000000000000000000000000000000007D
:107C0800000000000000000000000000000000006C
:107C1800000000000000000000000000000000005C
:107C2800000000000000000000000000000000004C
:107C3800000000000000000000000000000000003C
:107C4800000000000000000000000000000000002C
:107C5800000000000000000000000000000000001C
:107C6800000000000000000000000000000000000C
:107C780000000000000000000000000000000000FC
:107C880000000000000000000000000000000000EC
:107C980000000000000000000000000000000000DC
:107CA80000000000000000000000000000000000CC
:107CB80000000000000000000000000000000000BC
:107CC80000000000000000000000000000000000AC
:107CD800000000000000000000000000000000009C
:107CE800000000000000000000000000000000008C
:107CF800000000000000000000000000000000007C
:107D0800000000000000000000000000000000006B
:107D1800000000000000000000000000000000005B
:107D2800000000000000000000000000000000004B
:107D3800000000000000000000000000000000003B
:107D4800000000000000000000000000000000002B
:107D5800000000000000000000000000000000001B
:107D6800000000000000000000000000000000000B
:107D780000000000000000000000000000000000FB
:107D880000000000000000000000000000000000EB
:107D980000000000000000000000000000000000DB
:107DA80000000000000000000000000000000000CB
:107DB80000000000000000000000000000000000BB
:107DC80000000000000000000000000000000000AB
:107DD800000000000000000000000000000000009B
:107DE800000000000000000000000000000000008B
:107DF800000000000000000000000000000000007B
:107E0800000000000000000000000000000000006A
:107E1800000000000000000000000000000000005A
:107E2800000000000000000000000000000000004A
:107E3800000000000000000000000000000000003A
:107E4800000000000000000000000000000000002A
:107E5800000000000000000000000000000000001A
:107E6800000000000000000000000000000000000A
:107E780000000000000000000000000000000000FA
:107E880000000000000000000000000000000000EA
:107E980000000000000000000000000000000000DA
:107EA80000000000000000000000000000000000CA
:107EB80000000000000000000000000000000000BA
:107EC80000000000000000000000000000000000AA
:107ED800000000000000000000000000000000009A
:107EE800000000000000000000000000000000008A
:107EF800000000000000000000000000000000007A
:107F08000000000000000000000000000000000069
:107F18000000000000000000000000000000000059
:107F28000000000000000000000000000000000049
:107F38000000000000000000000000000000000039
:107F48000000000000000000000000000000000029
:107F58000000000000000000000000000000000019
:107F68000000000000000000000000000000000009
:107F780000000000000000000000000000000000F9
:107F880000000000000000000000000000000000E9
:107F980000000000000000000000000000000000D9
:107FA80000000000000000000000000000000000C9
:107FB80000000000000000000000000000000000B9
:107FC80000000000000000000000000000000000A9
:107FD8000000000000000000000000000000000099
:107FE8000000000000000000000000000000000089
:107FF8000000000000000000000000000000000079
:108008000000000000000000000000000000000068
:108018000000000000000000000000000000000058
:108028000000000000000000000000000000000048
:108038000000000000000000000000000000000038
:108048000000000000000000000000000000000028
:108058000000000000000000000000000000000018
:108068000000000000000000000000000000000008
:1080780000000000000000000000000000000000F8
:1080880000000000000000000000000000000000E8
:1080980000000000000000000000000000000000D8
:1080A80000000000000000000000000000000000C8
:1080B80000000000000000000000000000000000B8
:1080C80000000000000000000000000000000000A8
:1080D8000000000000000000000000000000000098
:1080E8000000000000000000000000000000000088
:1080F8000000000000000000000000000000000078
:108108000000000000000000000000000000000067
:108118000000000000000000000000000000000057
:108128000000000000000000000000000000000047
:108138000000000000000000000000000000000037
:108148000000000000000000000000000000000027
:108158000000000000000000000000000000000017
:108168000000000000000000000000000000000007
:1081780000000000000000000000000000000000F7
:1081880000000000000000000000000000000000E7
:1081980000000000000000000000000000000000D7
:1081A80000000000000000000000000000000000C7
:1081B80000000000000000000000000000000000B7
:1081C80000000000000000000000000000000000A7
:1081D8000000000000000000000000000000000097
:1081E8000000000000000000000000000000000087
:1081F8000000000000000000000000000000000077
:108208000000000000000000000000000000000066
:108218000000000000000000000000000000000056
:108228000000000000000000000000000000000046
:108238000000000000000000000000000000000036
:108248000000000000000000000000000000000026
:108258000000000000000000000000000000000016
:108268000000000000000000000000000000000006
:1082780000000000000000000000000000000000F6
:1082880000000000000000000000000000000000E6
:1082980000000000000000000000000000000000D6
:1082A80000000000000000000000000000000000C6
:1082B80000000000000000000000000000000000B6
:1082C80000000000000000000000000000000000A6
:1082D8000000000000000000000000000000000096
:1082E8000000000000000000000000000000000086
:1082F8000000000000000000000000000000000076
:108308000000000000000000000000000000000065
:108318000000000000000000000000000000000055
:108328000000000000000000000000000000000045
:108338000000000000000000000000000000000035
:108348000000000000000000000000000000000025
:108358000000000000000000000000000000000015
:108368000000000000000000000000000000000005
:1083780000000000000000000000000000000000F5
:1083880000000000000000000000000000000000E5
:1083980000000000000000000000000000000000D5
:1083A80000000000000000000000000000000000C5
:1083B80000000000000000000000000000000000B5
:1083C80000000000000000000000000000000000A5
:1083D8000000000000000000000000000000000095
:1083E8000000000000000000000000000000000085
:1083F8000000000000000000000000000000000075
:108408000000000000000000000000000000000064
:108418000000000000000000000000000000000054
:108428000000000000000000000000000000000044
:108438000000000000000000000000000000000034
:108448000000000000000000000000000000000024
:108458000000000000000000000000000000000014
:108468000000000000000000000000000000000004
:1084780000000000000000000000000000000000F4
:1084880000000000000000000000000000000000E4
:1084980000000000000000000000000000000000D4
:1084A80000000000000000000000000000000000C4
:1084B80000000000000000000000000000000000B4
:1084C80000000000000000000000000000000000A4
:1084D8000000000000000000000000000000000094
:1084E8000000000000000000000000000000000084
:1084F8000000000000000000000000000000000074
:108508000000000000000000000000000000000063
:108518000000000000000000000000000000000053
:108528000000000000000000000000000000000043
:108538000000000000000000000000000000000033
:108548000000000000000000000000000000000023
:108558000000000000000000000000000000000013
:108568000000000000000000000000000000000003
:1085780000000000000000000000000000000000F3
:1085880000000000000000000000000000000000E3
:1085980000000000000000000000000000000000D3
:1085A80000000000000000000000000000000000C3
:1085B80000000000000000000000000000000000B3
:1085C80000000000000000000000000000000000A3
:1085D8000000000000000000000000000000000093
:1085E8000000000000000000000000000000000083
:1085F8000000000000000000000000000000000073
:108608000000000000000000000000000000000062
:108618000000000000000000000000000000000052
:108628000000000000000000000000000000000042
:108638000000000000000000000000000000000032
:108648000000000000000000000000000000000022
:108658000000000000000000000000000000000012
:108668000000000000000000000000000000000002
:1086780000000000000000000000000000000000F2
:1086880000000000000000000000000000000000E2
:1086980000000000000000000000000000000000D2
:1086A80000000000000000000000000000000000C2
:1086B80000000000000000000000000000000000B2
:1086C80000000000000000000000000000000000A2
:1086D8000000000000000000000000000000000092
:1086E8000000000001000000000000000000000081
:1086F8000000000000000000000000000000000072
:108708000000000000000000000000000000000061
:108718000000000017001B001B0001010000000002
:108728000000000000000000000000000000000041
:10873800AAAAAAAA00000000842B0020100002297F
:10874800100003281000022810000128100000283B
:10875800000000000000000003000000000000000E
:108768000000000000000000000000000000000001
:10877800000000000000000000000000FB349B5FC8
:1087880080000080001000000000000001000000D0
:108798002C2C0020C52B0200000000000000000067
:1087A8000200000000000000282C0020C52B020059
:1087B80000000000000000000200000000000000AF
:1087C80000000000000000000000000000000000A1
:1087D80000000000000000001000012A1000002A1C
:1087E800100000186E696D626C65000000000000E2
:1087F8000000000000000000000000000000000071
:1088080000000000BC2C0020B12C02000000000079
:108818000000000020000000C4EA0020B82C00205E
:10882800E12C02000000000000000000020000002F
:1088380000000000B42C0020752C0200000000008D
:10884800000000000A000000000000000000000016
:108858000000000000000000000000000000000010
:10886800000000001000292B10003A2B1000052AE8
:1088780010000118F42C0020192D0200000000003F
:108888000000000012000000C8EA002000000000FC
:1088980000000000000000000000000000000000D0
:1088A800000000001000192A10000F182C2D0020BD
:1088B800892D0200000000000000000002000000F6
:1088C80000000000000000000000000000000000A0
:1088D8000000000000000000000000001000242A32
:1088E80010000A182A5002000000000000000000D2
:1088F8000000000000000000000000000000000070
:10890800542D002000000000E8EA002050EB002071
:10891800B8EB00200000000000000000000000008C
:10892800000000000000000000000000000000003F
:10893800000000000000000000000000000000002F
:10894800000000000000000000000000000000001F
:0C8958000000000003000000E8EA00201E
:040000030000810177
:00000001FF
