:1080000008B5134A134B14498B4211D3134B144A2E
:108010000021934211D300F035F8124C124DAC42BE
:108020000ED3124C124DAC420ED309F049F9FEE7C3
:1080300052F8040B43F8040BE6E743F8041BE8E7A7
:1080400054F8043B9847EAE754F8043B9847EAE7BA
:10805000B422010000000020D82A0020D82A0020E5
:108060003C840020B0220100B0220100B0220100B7
:10807000B4220100024AD2F80034002BFBD0704732
:1080800000E0014008B54FF0804301220021C3F811
:108090007825C3F81825C3F804119A60D3F8042191
:1080A000002AFBD04FF01020D0F80C32023312D04F
:1080B0001549FFF7DFFF0123C1F80435FFF7DAFFA9
:1080C0006FF00103C0F80C32FFF7D4FF0023C1F8B2
:1080D0000435FFF7CFFF0D4B012200215A60042029
:1080E000DA60C3F804150321C3F80815C3F81005B6
:1080F0001A604FF0A0434FF48032C3F84017C3F822
:108100000C25C3F8182508BD00E0014000800040A0
:10811000024B01221A64D3F84005704700800040EA
:10812000064B01211964D3F8402510441964D3F893
:108130004025121A002AF9DB704700BF008000407A
:108140004FF47A735843FFF7EBBF38B54FF0A044B4
:108150004FF48035C4F80855FFF7F2FFC4F80C550A
:1081600038BD0000084A536A116A013310B5B3FBE9
:10817000F1F401FB1433916A99421FBF516AD4692B
:108180005362605410BD00BF00000020704710B55E
:10819000441E14F8010F00B910BDFFF7E3FFF8E724
:1081A00008B5FFF7F4FFBDE808400148FFF7EFBF4F
:1081B000AC1A010070B505460748084EFFF7E7FF07
:1081C0001C2425FA04F303F00F03043CF05CFFF7D2
:1081D000C9FF231DF5D170BD961C01007A1E010058
:1081E000022838B504460D4612D80A48013CFFF76C
:1081F000CEFF032C96BF084B3F20185DFFF7B2FF60
:108200000648FFF7C4FF2846BDE83840FFF7C8BF5F
:1082100038BD00BFAF1A0100761E0100B11A01007F
:108220004FF0A0431C4A30B5032100200424082548
:10823000C2F80005C3F80817C3F80C45C3F80C17BB
:10824000C3F80C554FF48025C3F81007C3F848173E
:10825000C3F808554FF00075C3F86417C3F8085504
:108260002025C3F81417C3F808550223C2F80835AF
:108270004FF00043C2F80C15C2F81045C2F824357F
:108280000623C2F85435FF23C2F8C0350723C2F8CD
:108290000035024B187030BD00300040E82F002040
:1082A000034B0722C3F80025024B01221A707047C6
:1082B00000300040E82F0020014B00221A70704768
:1082C000E82F0020014B1878704700BFE82F0020EE
:1082D0000D4BF0B54FF6FF750024012601B9F0BD36
:1082E000A9420A4628BF2A46C3F81841C3F84405E4
:1082F000C3F84825C3F838451E61D3F81871002F1C
:10830000FBD01044891AE9E700300040F8B5154663
:108310001C4610B109B1FFF7DBFFE5B1DCB10E4B34
:108320000E4900200126B4F5807F224628BF4FF475
:108330008072C3F81801C3F84415C3F84825C3F880
:108340003455C3F838251E61D3F81871002FFBD0BF
:10835000A41A1544E7D1F8BD00300040E82E0020F3
:1083600001234FF0A0428340C2F80C35704701232F
:108370004FF0A0428340C2F8083570474FF0A04349
:108380004FF48022C3F80C2570474FF0A0434FF400
:108390008022C3F80825704737B515460C468DF87E
:1083A0000700FFF77DFF1920FFF7DAFFFFF7E6FF71
:1083B0000DF107000121FFF78BFFFFF7E6FF2946CC
:1083C0002046FFF785FF1920FFF7D1FFFFF774FF65
:1083D00003B030BD07B58DF80700FFF761FF192026
:1083E000FFF7BEFFFFF7CAFF01210DF10700FFF7FE
:1083F0006FFF1920FFF7BBFFFFF75EFF03B05DF8CB
:1084000004FB00007FB54FF0A04403234FF000723F
:108410004FF08065C4F864370A20C4F80825C4F812
:108420006837C4F80855C4F80C55FFF789FEC4F83E
:1084300008557820FFF784FE0120FFF7CBFF962038
:10844000FFF77EFE1120FFF7C5FF0A20FFF778FE39
:108450005523012269463A208DF80030FFF79CFF32
:1084600000230122694636208DF80030FFF794FF83
:10847000454B186800901B798DF804300522694639
:10848000B220FFF789FF352301226946B7208DF816
:108490000030FFF781FF192301226946BB20012527
:1084A0008DF80030FFF778FF2C2301226946C020A9
:1084B0008DF80030FFF770FF2A466946C2208DF81C
:1084C0000050FFF769FF12232A466946C3208DF842
:1084D0000030FFF761FF20232A466946C4208DF84B
:1084E0000030FFF759FF0F232A466946C6208DF852
:1084F0000030FFF751FF4AF2A41302226946D02050
:10850000ADF80030FFF748FF204B6C466A4603F198
:10851000080618685968154603C50833B3422A4649
:10852000F7D118689B882860AB800E222146E02096
:10853000FFF732FF164B224603F108061868596808
:10854000154603C50833B3422A46F7D118689B88FD
:10855000AB800E2221462860E120FFF71DFF21207D
:10856000FFF738FF0120FFF7EBFD1320FFF732FF85
:108570000120FFF7E5FD2920FFF72CFF142004B0B0
:10858000BDE87040FFF7DCBD8B1E0100BD1A010085
:10859000CC1A010008B51020FFF71CFFBDE8084009
:1085A0000520FFF7CDBD08B51120FFF713FFBDE88B
:1085B00008407820FFF7C4BD37B552BAADF80620A1
:1085C00040BA0422ADF804000D462A200DEB02014A
:1085D0001C46FFF7E1FE04226DBA64BA0DEB0201FE
:1085E0002B20ADF80450ADF80640FFF7D5FE2C2047
:1085F00003B0BDE83040FFF7EDBE38B50D46044688
:10860000FFF74EFE1920FFF7ABFEFFF7BEFE29462F
:108610002046FFF75DFE1920FFF7A9FEBDE83840B0
:10862000FFF74ABE4FF4B47390FBF3F202FB130062
:108630001844B0FBF3F203FB12005A28094B02DC8A
:1086400033F910007047B42802DCC0F1B400F7E73A
:10865000B0F5877FD4BFB438C0F5B47033F91000DB
:1086600040427047901E010070B500F5805400250F
:108670004FF0FF330646C4F8005EC4F8043EC4F869
:10868000085EC4F80C5E4FF4F052294609F0C2F9B6
:10869000C4F8005E304670BD00F5805010B5B0F8EB
:1086A0000C3EA3B1B0F8084E8C4212D823449BB2C2
:1086B0008B420ED9B0F80A3E93420AD8B0F80E1E8B
:1086C000581880B2904294BF0020012010BD0120B4
:1086D000FCE70020FAE7EF29F8B504460D461646F8
:1086E0001F461FD8EF2A1DD8FFF7D6FFD0B104F5DB
:1086F0008053D208D3F8041E002901DB914211D126
:10870000F02106F0070601FB0655390A04F815109A
:1087100004EB4504012167709140D3F8002E0A4311
:10872000C3F8002EF8BD2DE9F0471446BDF820200F
:10873000BDF82480CD18F02D2244A8BFF025F02AE2
:10874000A8BFF022EF2907460E4613D8EF2C11D808
:10875000013A1FFA82F9E108C2F3CC0200F5805019
:108760004FF0010C8A4201D31E2905D1013DADB263
:108770004C451AD9BDE8F087D0F8003E0CFA01FE4E
:1087800043EA0E03C0F8003E0131EBE75146434691
:1087900022463846FFF79FFF0AF1010A1FFA8AFABC
:1087A000AA45F3D90134A4B2E2E7B246F8E72DE9CD
:1087B000F04F994687B00E461FFA89FC89B2BDF882
:1087C0004050BDF940300093ACEB01071FFA87FA27
:1087D00014463FB292B2A5EB0208002F1FFA88FBA5
:1087E000B8BFA1EB0C010FFA88F8BCBF1FFA81FAE1
:1087F0000FB2B8F1000FA2BF521B1FFA82FB0FFA93
:1088000082F8B145D4BF4FF0FF3201220192009AA5
:10881000BDF84430A242D4BF4FF0FF3201220AEB30
:108820000B0502922DB2B1B2EF290AD8A2B2EF2AFB
:1088300007D8CDE904130390FFF74DFFDDE90413DA
:1088400003984E4502D1009A944214D01FFA85FC39
:108850004FEA4C0212B2904505DC019EDC443144E3
:108860000FFA8CF50EB29742DDDB029A55441444A0
:108870002DB224B2D7E707B0BDE8F08F89B2EF2957
:1088800007D892B2EF2A04D8036840681B88FFF724
:1088900022BF70472DE9F04F85B04FF0000B0090DC
:1088A00099465C468EB297B2A14502DA05B0BDE8A2
:1088B000F08F0EAB0293009B03931FFA89FAA5B2C7
:1088C00016FA89F317FA84F41BB20FFA84F8A6EBB0
:1088D0000A041946424624B202A80193FFF7CEFFCC
:1088E0004246214602A8FFF7C9FF019B7A1B0FFAF7
:1088F00082F81946424602A8FFF7C0FF42462146C9
:1089000002A8FFF7BBFFAB190FFA83F80AEB0702C7
:10891000741B12B224B2414602A80192FFF7AEFFC7
:108920002146019A02A8FFF7A9FFA7EB0A0212B29B
:10893000414602A80192FFF7A1FF2146019A02A831
:10894000FFF79CFFBBF1000F05F10105C8BF0AF15D
:10895000FF3AABB22CB2C8BF0FFA8AF90BF101058E
:10896000ADB2C8BFA4EB090305EB43050FFA85FBC5
:108970009AE710B44468036824781B8889B20CB95C
:10898000494289B21944C3681B7889B292B20BB9C3
:10899000524292B2EF290BD883681B881A4492B2D4
:1089A000EF2A05D8036910BC1B884069FFF793BE06
:1089B00010BC70472DE9F04788B04FF0000A8DF8E1
:1089C00003300368ADF80610ADF80420B3F9005089
:1089D000064654460DF106070DF103080DF1040992
:1089E000A54202DA08B0BDE8F08710AB05937368C2
:1089F00006932946B3680793224602A8CDE9027878
:108A0000CDF81090FFF7B5FF2A46214602A8FFF7E0
:108A1000B0FFBAF1000F04F10104C8BF05F1FF3542
:108A2000A2B20AF1010324B2C8BF2DB29BB2C8BFE3
:108A3000621B03EB42030FFA83FAD1E72DE9F04FF3
:108A40008BB08146BDF85470BDF85050BDF858B099
:108A50000293884616462FBB0124CDF804B000943B
:108A6000FFF761FE6A1E3244029B92B241464846BD
:108A7000CDE9004BFFF757FE2346324641464846B4
:108A8000CDE9005BFFF74FFE029B591E4144CDE943
:108A9000005B2346324689B24846FFF744FE0BB0DE
:108AA000BDE8F08F029CCDF804B0AC4228BF2C4644
:108AB0006408BC4228BF3C460B199BB20393630079
:108AC0009BB204930499029BADF81A404FF0010A3F
:108AD00077195B1ABFB20399CDF800A09BB205933A
:108AE000FFF721FE7A1E059B03994846CDE900ABAE
:108AF00092B2FFF718FE049BED1A3444ADB2A2B255
:108B0000CDE9005B5346414648460492FFF70BFE11
:108B1000029B049A029208EB0304A4B2611ECDE901
:108B2000005B5346484689B2FFF7FDFD029ABDF946
:108B30000C100DF11A030025079316ABCDE9083987
:108B400007A82B46009512B2FFF734FFBDF81A10A4
:108B500000958A19611A0139534607A812B209B261
:108B6000FFF728FFBDF81A10CDF800A07A1A013AD5
:108B700041442B4607A812B209B2FFF71BFFBDF80C
:108B80001A30CDF800A0FA1AE11A013A0139534619
:108B900012B209B207A8FFF70DFF80E72DE9F84FE1
:108BA000BDF92840BDF92CA0BDF830B006460F46EF
:108BB00090461D464FF4B479544501D1BDE8F88F75
:108BC00004F15A00FFF72EFD684348BFFF3007EB62
:108BD0002021EF290FD82046FFF724FD684348BF26
:108BE000FF30A8EB2020EF2805D882B25B4689B27F
:108BF0003046FFF770FD013494FBF9F309FB134491
:108C000024B2D9E72DE9F74F03EB0109BDF830B0E5
:108C10000D4690461E4600241FFA89F95C452DD268
:108C20000D9B04FB063A04EB080329469FB220E0A3
:108C30001AF8012B02F003034FEA521E4FEA921C6E
:108C4000C2F3820202EBC2024CEA8E0C520142EAEB
:108C5000CC2203EB830C5B0843EA4C0313439BB227
:108C60003A46CDE90001FFF736FD01990098013140
:108C700089B28945DCD10134A4B2CFE703B0BDE8A5
:108C8000F08F2DE9F04F85B0984608EB0109BDF84B
:108C90003830BDF840A0BDF844B000930D461746EB
:108CA00000241FFA89F9009B9C4225D2E21908FB97
:108CB00004F6294692B21AE0DDF83CC00190F308B0
:108CC000CDE902121CF803306FEA060C0CF0070C19
:108CD00043FA0CF313F0010F0CBF5B465346FFF74A
:108CE000FAFC0299039A0198013189B2013649458B
:108CF000E2D10134A4B2D6E705B0BDE8F08F00F5AB
:108D00008050C0F8041E704700F58050A0F80C3E5B
:108D1000BDF80030A0F8081EA0F80A2EA0F80E3EFC
:108D2000704700F580500023C0F80C3E704710B526
:108D300000230C0A421CC9B200F8134002F81310B9
:108D40000133B3F5F06FF7D110BD38B500F580559C
:108D50000446D5F8041E1D290FD8C90089B2CB1DC1
:108D60009BB2EF220020FFF727FC4FF470612046F2
:108D7000FFF743FC0023C5F8003E38BD0D4A4FF015
:108D80008023C2E900330C4BC3F820250422C3F82A
:108D9000242501210022C3F82825C3F82C25996039
:108DA0005960C3F800254FF0A043044AC3F80825D2
:108DB000704700BFEC2F002000C001400040C00001
:108DC0004FF0A04303224FF48041C3F83827C3F883
:108DD00008154FF48001C3F85827C3F80815C3F8E5
:108DE0005C274FF40002C3F80825114B00220E2126
:108DF000C3F80025C3F860151621C3F864151721C0
:108E0000C3F868154FF00041C3F86C15FF21C3F893
:108E10000425C3F80C25C3F808150221C3F8101562
:108E2000C3F814250122C3F80025FFF7A7BF00BF30
:108E300000C0014010B410B910BCFFF79FBF104C28
:108E40001049642828BF6420C0EB00236422B3FBD0
:108E5000F2F30D4A23439BB20120C2F800050B80B8
:108E60004B808B800423CC80C2F82015C2F82435B7
:108E70000023C2F8283510BCC2F82C35906070472A
:108E80000080FFFFEC2F002000C00140FFF776BFFD
:108E90001920FFF7CFBF3C20FFF7CCBF6420FFF7BE
:108EA000C9BF4FF040230022C3F80421C3F8242196
:108EB000C3F86021C3F85C21C3F848217047F8B5B6
:108EC00006460D46FFF724F94FF040240746D4F834
:108ED000043123B10023C4F804310120F8BDD4F8D3
:108EE000242122B3C4F82431D4F8C434C4F8C434DF
:108EF0009A071AD413F0040F14BF032304234FF06E
:108F000040242B700023C4F8043101236361FFF770
:108F1000FFF80546D4F804312BB9FFF7F9F8401BE8
:108F2000B0F57A7FF6DD0020D8E70223E7E7FFF708
:108F3000EFF8C31BB342CADD01232B706361F2E774
:108F40004FF0402370B500224FF0A044C3F8002535
:108F500040F20D63C4F81C378026C4F8183740234C
:108F6000C4F808650520C4F80835FFF7D9F80925C5
:108F7000D4F810355B060BD40520C4F80C65FFF758
:108F8000CFF8C4F808650520FFF7CAF8013DEFD116
:108F90004FF0A04440250520C4F80C55FFF7C0F859
:108FA0008023C4F808350520FFF7BAF8C4F808553F
:108FB0000520FFF7B5F80C23C4F81C37C4F81837A0
:108FC0004FF040230722C3F808250622C3F80C25DA
:108FD000C3F8002570BD08B54FF040214FF0A04206
:108FE00000230C20C1F80035C2F81C07C2F818078E
:108FF0000722C1F8082506204FF0C862C1F80C0509
:10900000C1F82425C1F80032FFF74BFFC1F8000575
:1090100008BD73B506461546184612B34FF04024F6
:109020000623C4F80035FFF73CFF4FF48073C4F803
:109030008865C4F84415C4F84855C4F800320123C3
:10904000A36000250DF107018DF80750FFF737FFEA
:1090500028B9FFF775FF9DF8070002B070BDC4F88E
:1090600000520020F9E773B506461546184612B3BC
:109070004FF040240623C4F80035FFF712FF4FF4E9
:109080008053C4F88865C4F83415C4F83855C4F85A
:1090900000320123236000250DF107018DF80750F0
:1090A000FFF70DFF28B9FFF74BFF9DF8070002B04F
:1090B00070BDC4F800520020F9E72DE9F3471D46C2
:1090C000DDE90A8716463AB93B464246294602B0D0
:1090D000BDE8F047FFF7C7BFB8F1000F05D13B4629
:1090E00002B0BDE8F047FFF794BF4FF040240623DD
:1090F000C4F80035FFF7D5FE4FF4A053C4F8880537
:10910000C4F84415C4F84865C4F83455C4F8388523
:10911000C4F800320123A36000250DF10701384691
:109120008DF80750FFF7CBFE30B9FFF709FF9DF828
:10913000070002B0BDE8F087C4F800522846F8E7FF
:109140007FB51D4B4FF0A04500241C704FF4806686
:109150000323C5F828370A20C5F80C65FEF7F0FF91
:10916000C5F808653220FEF7EBFF144BC5F87037E1
:10917000134B4FF00042C3F81045C3F87C41C3F8CD
:1091800004234FF0E0234022C3F88022C3F80021DB
:1091900062B601224FF4FA63CDE900230DF10F010D
:1091A0000DF10E0315208DF80E408DF80F40FFF7DE
:1091B00084FF04B070BD00BFF52F00200C00030039
:1091C00000600040014B1878704700BFF52F002069
:1091D00030B5214A1178002393B004460360436000
:1091E00001B113703F252A46002102A808F012FCA5
:1091F00040F6B833CDE90053184902AB01221520DF
:10920000FFF75BFF20BB9DF8093023709DF80A3003
:109210009DF80D209DF80B1003F00F0363701202F0
:109220009DF80E3002F47062134309029DF80C2081
:1092300001F470610A43EF2AA8BFEF22EF2BA8BF09
:10924000EF23A38023886280003B18BF0123A37112
:10925000204613B030BD00BFF52F0020F42F0020B2
:1092600070B54FF0A0464FF40043C6F808350A2009
:10927000FEF756FF04250024D6F8103505209B0480
:1092800058BF0134FEF74CFF013DF5D14FF0A0432C
:10929000022C4FF40042C3F80C2594BF002001209B
:1092A00070BD00004FF0A0430322C3F83C274FF4E9
:1092B0000042C3F80C250C22C3F83427034A0023CC
:1092C0001370034A1370034A137070470030002074
:1092D000F62F0020F72F002037B5FFF7C1FF044617
:1092E000FEF716FF3D4B1A78042A19D8DFE802F082
:1092F00003162949670024B101221A70384B1860FF
:109300000EE0384A13785BB1354B37491B68C31AF6
:109310008B4205DD147040F2011325E014B91C7076
:10932000002321E02E4A126844F62061801A884208
:10933000F6DD022119702D4B1A602D4B00221A7098
:10934000EEE70CB90322D8E729490A78002AE7D1C9
:10935000264B1B68C31A27488342E1DD01230B70AB
:10936000204B1A704FF48173ADF804309DF804302F
:10937000002063F307009DF8053063F30F2003B06E
:1093800030BD0CB10222DAE715490A6844F62065BF
:10939000821AAA42C4DD164A1578124A15B11C7009
:1093A0001470BDE7157825B11C70147040F20313DA
:1093B000DAE70124147004221A700860B0E7084A42
:1093C0001CB1012119701060AAE71268801A064AC0
:1093D0009042A5DD1C70034B1C709CE70030002000
:1093E000FC2F0020F62F002030570500F82F00201A
:1093F000F72F002020A10700F0B51AB315461C4630
:109400004FF0000C634505D1A3421BD90C235C43EC
:10941000105BF0BDEF888FB12E897EB1B5F802E008
:1094200070450BD37744BFB2B84207D2AF88B94278
:1094300004D33E44B6B2B14238BF64460CF1010CCD
:109440000C35DFE74FF6FF70E3E70000024A002328
:109450001360024A13607047083000200430002077
:10946000024B1860024B1960704700BF08300020A3
:109470000430002037B5324A1368036053684360F4
:10948000936883600446FFF727FF10F47F4FADF821
:10949000000008D09DF800302BB104222270E37147
:1094A000204603B030BDFFF78DFE0028F8D0684697
:1094B000FFF78EFE9DF80630002BF1D09DF80030AE
:1094C000BDF80200BDF8041060805A1EA1800B2A6E
:1094D000E6D801A555F822F02B9500002B95000049
:1094E0002B9500002B95000009950000A194000029
:1094F000A1940000A1940000A1940000A194000098
:109500000F950000279500000123237003E0052339
:1095100023700223A3720B4B0B4A1B681268FFF7E0
:109520006BFF2081BCE70223EFE7023BDBB20322A3
:10953000022B227096BF054A0123D35CA371AFE7CB
:109540004A1F01000430002008300020461F01009F
:109550001FB5044601A880E80E0007C884E80B0088
:10956000069BE360079B23610023C4E905334FF6A4
:10957000FF73A38304B010BDC0E905127047034612
:1095800010B41C68084611465CB150B14AB11A6962
:109590001AB1127E023A022A03D89A68234610BCF6
:1095A000184710BC704703464069F0B560B1D3F866
:1095B00018C0002703466646BC4506D1B44586BFA1
:1095C0000C2303FB06000020F0BDDD888DB11C8953
:1095D0007CB1B3F802E071450BD37544ADB2A9423A
:1095E00007D29D88AA4204D32C44A4B2A24238BF19
:1095F0003E4601370C33DFE7022804D0C31E584231
:10960000584140007047012070477FB50B78013BFF
:1096100004460D46042B15D8DFE803F064642003EC
:1096200097000369CA797BB19B7E6BB1012A0BD18C
:10963000062369468DF80030FFF7A1FF206900215D
:1096400002F0A4F804B070BD1046FFF7D5FF042364
:109650008DF800308DF80100022231E08B794A88C4
:10966000042B28BF01230F2A12D8032B10D140F25C
:109670000921ADF800108DF80320694604228DF809
:109680000230FFF77CFF20690028DBD00021D7E7FC
:10969000E06808B300F500525168E9B1B2F89411DE
:1096A0009BB9183189B201F083FCE36803F50053DC
:1096B0000522B3F89431ADF80020ADF80230042251
:1096C00069462046FFF75BFFBCE7012B04D1182950
:1096D00038BF18211839E5E703228DF800208DF8EE
:1096E0000130B9E78A884988FFF75DFFD8B1837AEE
:1096F000DE06A7D41907068848BFA6835A0704D5F3
:10970000636813B1A168002098472A78022AF3B24F
:109710004FEA16260AD18DF800208DF801308DF819
:1097200002600322CCE74FF6FF76EEE72A79A978AC
:109730008DF8042001208DF800008DF801308DF89F
:1097400002608DF803100522BAE78A884988FFF77E
:109750002AFF0346D0B1827A12F0100016D11E887B
:10976000530703D563680BB1A1689847AA78A97A13
:109770002B798DF8042008208DF800008DF8011059
:10978000ADF802608DF80530062299E74FF6FF76B6
:10979000ECE7037B10B54BB9D0E90142A24298BF78
:1097A000A31A99424FF0010302D90373002010BDA0
:1097B0001846FCE710B501210446FFF7EAFF20B187
:1097C000A3682268591CA160D05C10BD037B70B5F2
:1097D00004460E46154623BB1AB3FFF7EBFF0346BC
:1097E000207BF8B99BB902212046FFF7D2FF034640
:1097F00048B1A2682068511CA160835C0232A2605B
:10980000425C43EA0223207B60B92B800AE0013BE3
:10981000DBB20F2B03D8F21892F820201AB90223DA
:109820002373022070BD36F81330EEE738B5037BA2
:1098300005460C464BB941B1FFF7BCFF0346287BF8
:1098400020B93F2B03D902232B73022038BD03F02C
:109850000302032AF7D0C3F38703012B38BF012388
:1098600022706370F2E700290CBF002000F00100B5
:10987000704710B502210446FFF78BFF48B1A3687B
:1098800021685A1CA260C85C0233A3608B5C40EA6A
:10989000032010BD38B504460D46FFF77AFF20B10E
:1098A000A368206818442B44A36038BD10B5044653
:1098B000EF2C18460CD8EF290AD84AB13BB1144412
:1098C000F02C05DC1944F029CCBF0020012010BD8C
:1098D0000020FCE72DE9F04FA1B088461746002193
:1098E00014222A9C05461E4608F094F8B8F1000F91
:1098F00006D147B102232B70284621B0BDE8F08F76
:109900007368BB42F6D3CDE9108700273022394671
:1099100014A812978DF84C7008F07CF80A970997F4
:109920009DF84C20129B6ABB119A9A422AD90A9A36
:109930001AB96F683268974203D302222A70AB606B
:10994000DAE710A8FFF736FF9DF84C30D3B900F1E5
:109950002003DBB201370F2B6F601AD810A8FFF776
:1099600088FF9DF84C30DDF84880074653B9014622
:1099700010A8FFF70EFF08B1474412979DF84C302E
:10998000002BCDD02B78002B7FD19DF84C302B7045
:109990007BE0312837D8002842D0013830283FD822
:1099A000DFE810F05A0075009F00EB0041018E01C6
:1099B000D6012A027B02AE023E003E003E003E007F
:1099C0003E00BA0214038403C7033E003E003E007B
:1099D0003E003E003E003E003E003E003E003E0097
:1099E0003E00FB0351043E003E003E003E003E00B0
:1099F0003E003E003E003E003E003E003E003E0077
:109A00003E00AA04F704602800F091850DD8502884
:109A100000F00585512800F05F85402800F0CF84D4
:109A200002238DF84C302B702BE0F02800F0AC8531
:109A3000F12800F0D2856128F2D110A8FFF7BAFE14
:109A40009DF84C200346E2B9642840F28F8502233A
:109A50008DF84C302B7014E000230DF13E0214A958
:109A600010A8ADF83E30FFF7B1FE50B9307A21466C
:109A7000FFF7F9FE28B12368BDF83E101B682046A9
:109A800098472B78022B7FF479AF129B57E710A8E9
:109A9000FFF790FE074610A8FFF7EBFE9DF84C304D
:109AA0000246002BEDD10F2F04D902238DF84C3044
:109AB0002B70E6E720AB03EB4703012123F8300CC2
:109AC00007F180036B44307A03F8101C2146FFF73E
:109AD000CAFE0028D5D0236839465B6820469847DF
:109AE000CFE710A8FFF766FE074610A8FFF762FE53
:109AF000804610A8FFF75EFE814610A8FFF75AFEC9
:109B00009DF84CB08246BBF1000FBAD103464A46DD
:109B100041463846FFF7CAFE20B902238DF84C3083
:109B20002B70AEE74FF480730DF13E0214A910A81C
:109B3000ADF83EB0ADF83C30FFF748FE0028A0D1AC
:109B40000FA910A8FFF772FE00289AD1307A21469B
:109B5000FFF789FE002894D0BDF83C202368ADF8BB
:109B60000820BDF83E20CDE900A23946D3F808A070
:109B700042464B462046D04783E710A8FFF71AFE1F
:109B8000074610A8FFF716FE804610A8FFF712FE42
:109B9000814610A8FFF70EFE824610A8FFF70AFEC6
:109BA0009DF84CB00B90BBF1000F7FF46AAF5346A9
:109BB0004A4641463846FFF779FE20B902238DF820
:109BC0004C302B705DE74FF480730DF13E0214A909
:109BD00010A8ADF83EB0ADF83C30FFF7F7FD002817
:109BE0007FF44FAF0FA910A8FFF720FE00287FF4E5
:109BF00048AF307A2146FFF736FE00283FF441AFE8
:109C0000BDF83C202368ADF80C20BDF83E20029240
:109C10000B9ACDE900A23946D3F80CA042464B4638
:109C20002046D0472DE710A8FFF7C4FD074610A82F
:109C3000FFF7C0FD804610A8FFF7BCFD814610A8C5
:109C4000FFF7B8FD9DF84C308246002B7FF419AF2A
:109C5000EF2F30D8B8F1EF0F2DD8B9F1EF0F2AD888
:109C6000EF2828D80DF13E0214A910A8ADF83E3017
:109C7000FFF7ACFD00287FF404AF10A8FFF79AFDB2
:109C80009DF84C200346002A7FF4FBAE307A214633
:109C9000FFF7E9FD00283FF4F4AE22680293BDF817
:109CA0003E30CDE900A33946D2F810A04B464246DB
:109CB0002046D047E5E602238DF84C302B70E0E6D5
:109CC00010A8FFF777FD074610A8FFF773FD804641
:109CD00010A8FFF76FFD9DF84C308146002B7FF4F4
:109CE000D0AEEF2F2FD8B8F1EF0F2CD8ADF83E3013
:109CF0000DF13E024FF4807314A910A8ADF83C306A
:109D0000FFF764FD00287FF4BCAE0FA910A8FFF791
:109D10008DFD00287FF4B5AE307A2146FFF7A3FD14
:109D200000283FF4AEAEBDF83C202368ADF8042017
:109D3000BDF83E200092D3F814A042464B46394667
:109D40002046D0479DE602238DF84C302B7098E6D4
:109D500010A8FFF72FFD074610A8FFF72BFD804640
:109D600010A8FFF727FD834610A8FFF782FD814664
:109D700010A8FFF77EFD9DF84C308246002B7FF443
:109D800080AEEF2F33D8B8F1EF0F30D8B9F5B47FEC
:109D90002DD2B0F5B47F2AD20DF13E0214A910A83D
:109DA000ADF83E30FFF712FD00287FF46AAE10A830
:109DB000FFF700FD9DF84C200346002A7FF461AEBA
:109DC000307A2146FFF74FFD00283FF45AAE226853
:109DD0000393BDF83E30CDF80090CDE901A339469C
:109DE000D2F818905B4642462046C84749E602230F
:109DF0008DF84C302B7044E610A8FFF7DBFC9DF883
:109E00004C300746002B7FF43CAE012804D80223D7
:109E10008DF84C302B7034E60DF13E0214A910A8D9
:109E2000ADF83E30FFF7D2FC00287FF42AAE10A830
:109E3000FFF7C0FC9DF84C308046002B7FF421AE2C
:109E4000790010A8FFF726FD9DF84C200346002A54
:109E50007FF417AE013013F81210EF29D7D810F89D
:109E60001210EF29D3D80132D1B28F42F3D82A7819
:109E7000022A3FF406AE307A2146FFF7F4FC0028B0
:109E80003FF4FFAD22680093D2F81C90BDF83E204D
:109E9000434639462046C847F3E510A8FFF78AFC39
:109EA000074610A8FFF786FC804610A8FFF782FC43
:109EB000814610A8FFF77EFC9DF84C308246002BAF
:109EC0007FF4DFAD03464A4641463846FFF7EEFCD5
:109ED00020B902238DF84C302B70D2E5307A214620
:109EE000FFF7C1FC00283FF4CCAD2368CDF800A0FB
:109EF000D3F820A042464B4639462046D047C0E51D
:109F0000307A2146FFF7AFFC00283FF4BAAD236852
:109F100020465B6A9847B4E510A8FFF74BFC8146E2
:109F200010A8FFF747FC074610A8FFF743FC9DF871
:109F30004C308046002B7FF4A4ADB9F1000F40D126
:109F4000EF2F3ED8EF283CD80DF13E0214A910A8FF
:109F5000ADF83E90FFF73AFC00287FF492AD10A8D0
:109F6000FFF728FC814610A8FFF724FC9DF84C3031
:109F70008246002B7FF485ADB9F1020F21D801464E
:109F800010A8FFF787FC9DF84CB00346BBF1000F0B
:109F90007FF477AD307A2146FFF765FC00283FF467
:109FA00070AD2268CDF80490CDE902A3BDF83E3033
:109FB0000093D2F8289043463A4659462046C8476F
:109FC0005FE502238DF84C302B705AE510A8FFF79F
:109FD000F1FB804610A8FFF7EDFB0B9010A8FFF7F0
:109FE000E9FB0C9010A8FFF7E5FB074610A8FFF768
:109FF000E1FB9DF84C300D90002B7FF442ADB8F1A1
:10A00000000F4ED103463A46DDE90B01FFF74EFC47
:10A01000002846D00DF13E0214A910A8ADF83E80EC
:10A02000FFF7D4FB00287FF42CAD10A8FFF7C2FB8C
:10A03000804610A8FFF7BEFB814610A8FFF7BAFBC9
:10A040009DF84C308246002B7FF41BADB8F1020F17
:10A0500027D8B9F1070F24D8014610A8FFF71AFC3A
:10A060009DF84CB00346BBF1000F7FF40AAD307A87
:10A070002146FFF7F8FB00283FF403AD2268CDE945
:10A0800005A3BDF83E3002930D9BCDE90389CDE9D0
:10A0900000735946D2F82C802046DDE90B23C047D7
:10A0A000EFE402238DF84C302B70EAE410A8FFF7A0
:10A0B00081FB074610A8FFF7DCFB804610A8FFF7DE
:10A0C00079FB814610A8FFF775FB9DF84C3082465E
:10A0D000002B7FF4D6AC3FBBB8F1020F24D8B9F106
:10A0E000EF0F21D8EF281FD80DF13E0214A910A8B8
:10A0F000ADF83E70FFF76AFB074600287FF4C1AC5D
:10A10000307A2146FFF7AFFB00283FF4BAACBDF828
:10A110003E202368CDE900A23946D3F830A042465C
:10A120004B462046D047ACE402238DF84C302B70D0
:10A13000A7E410A8FFF73EFB814610A8FFF799FBA4
:10A14000074610A8FFF736FB804610A8FFF732FB42
:10A150009DF84C200346002A7FF493ACB9F1000F20
:10A1600016D1AFB9B8F1EF0F12D8EF2810D8307A66
:10A170002146FFF778FB00283FF483AC2268009368
:10A18000D2F8349043463A4639462046C84778E4E8
:10A1900002238DF84C302B7073E410A8FFF70AFBF4
:10A1A0000B9010A8FFF706FB804610A8FFF702FBF4
:10A1B000814610A8FFF7FEFA074610A8FFF7FAFA43
:10A1C0009DF84CB08246BBF1000F7FF45AAC0B985F
:10A1D0003B464A464146FFF769FB78B3BAF1640F44
:10A1E0002CD80FAA14A910A8ADF83CB0ADF83EB019
:10A1F000FFF7ECFA00287FF444AC0DF13E0214A9FD
:10A2000010A8FFF7E3FA00287FF43BAC307A214630
:10A21000FFF729FB00283FF434ACBDF83E2023684B
:10A220000392BDF83C200097CDE901A20B99D3F829
:10A2300038A042464B462046D04722E402238DF800
:10A240004C302B701DE410A8FFF7B4FA074610A895
:10A25000FFF7B0FA804610A8FFF7ACFA824610A8C4
:10A26000FFF7A8FA9DF84C308146002B7FF409AC2B
:10A27000EF2F3BD8B8F1EF0F38D8642836D80FAAA3
:10A2800014A910A8ADF83C30ADF83E30FFF79EFAA7
:10A2900000287FF4F6AB0DF13E0214A910A8FFF7D9
:10A2A00095FA00287FF4EDAB10A8FFF783FA9DF82C
:10A2B0004C200346002A7FF4E4AB307A2146FFF7B6
:10A2C000D2FA00283FF4DDAB22680393BDF83E309C
:10A2D0000293BDF83C30CDE900933946D2F83C906A
:10A2E000534642462046C847FFF7CBBB02238DF8B2
:10A2F0004C302B70FFF7C5BB10A8FFF7BAFA0B90D4
:10A3000010A8FFF757FA074610A8FFF753FA804640
:10A3100010A8FFF74FFA814610A8FFF74BFA8246C4
:10A3200010A8FFF747FA9DF84C308346002B7FF4C6
:10A33000A8AB53464A4641463846FFF7B7FA58B1EC
:10A34000BBF11F0F08D8099B072B0BD902238DF8EF
:10A350004C302B70FFF795BB02238DF84C302B70DF
:10A36000FFF78FBB307A2146FFF77DFA20B9099BB2
:10A3700001330993FFF785BB2368CDF80090CDE941
:10A3800001AB0B99D3F840903A4643462046C84764
:10A39000EDE7099B2BB902238DF84C302B70FFF7AA
:10A3A00070BB307A2146FFF75EFA18B12368204669
:10A3B0005B6C9847099B013B0993FFF762BB10A8B0
:10A3C000FFF7F8F9074610A8FFF7F4F9804610A840
:10A3D000FFF74FFA9DF84C200346002A7FF451AB5B
:10A3E000EF2F16D8B8F1000F13D007EB0802F02AB0
:10A3F0000FDC307A2146FFF736FA00283FF441ABF4
:10A4000022683946D2F8489020464246C847FFF7AE
:10A4100038BB02238DF84C302B70FFF732BB10A8ED
:10A42000FFF7C8F90D9010A8FFF7C4F9834610A8EC
:10A43000FFF7C0F9804610A8FFF7BCF90B9010A8F1
:10A44000FFF7B8F90C9010A8FFF7B4F9814610A8EF
:10A45000FFF7B0F9824610A8FFF70BFA9DF84C30D1
:10A460000746002B7FF40DABDDE90B234146584630
:10A47000FFF71CFA50B3B9F1030F27D8BAF1010F57
:10A4800024D8B7F5805F21D8394610A8FFF702FA23
:10A490009DF84C200346002A7FF4F3AA307A214627
:10A4A000FFF7E1F900283FF4ECAA22680D99CDE905
:10A4B0000473CDE9029A0C9B01930B9B0093D76C1C
:10A4C00043465A462046B847FFF7DBBA02238DF8C9
:10A4D0004C302B70FFF7D5BA10A8FFF76BF9804608
:10A4E00010A8FFF767F9074610A8FFF763F99DF872
:10A4F0004C200346002A7FF4C4AAEF2F11D8EF287E
:10A500000FD8307A2146FFF7AEF900283FF4B9AAF8
:10A5100022684146D2F8509020463A46C847FFF795
:10A52000B0BA02238DF84C302B70FFF7AABA10A8EE
:10A53000FFF740F99DF84C200346002A7FF4A1AABA
:10A54000042805D902238DF84C302B70FFF799BAF7
:10A55000307A2146FFF787F900283FF492AA226853
:10A560001946526D20469047FFF78BBA307A214644
:10A57000FFF779F900283FF484AA22681946926D02
:10A5800020469047FFF77DBA10A8FFF713F99DF812
:10A590004C200346002A7FF474AA032805D902231D
:10A5A0008DF84C302B70FFF76CBA099A2AB1022350
:10A5B0008DF84C302B70FFF764BA68730122307A43
:10A5C0002A732146FFF74FF90A9000B32268194613
:10A5D000D26D20469047FFF754BA10A8FFF749F90B
:10A5E0009DF84C200346002A7FF44BAA0122E88103
:10A5F0002146307A2A74FFF736F900283FF441AA41
:10A6000022681946126E20469047FFF73ABA0A921E
:10A61000FFF737BA70477047704770477047704709
:10A620007047704770477047704770477047704772
:10A630007047704770477047704770477047704762
:10A6400070477047704730B5046D072C11D8651CF2
:10A650000234056500EBC40520F83410EB709DF85A
:10A660000C302B719DF810306B719DF81430AA706E
:10A67000AB7130BD026D2DE9F34103466AB3511E43
:10A68000013200EBC202016592E8030002AA02E96E
:10A6900003009DF80650AA071FD45C68ECB19868C7
:10A6A000D8B10268DB689A4217D20C215143631873
:10A6B0009DF802E09DF803C09DF804709DF80560C8
:10A6C000BDF8008024F801800132A3F802E0A3F86D
:10A6D00004C0DF801E819D72026002B0BDE8F0817F
:10A6E00010B5446D04B12170816D01B10A70C26D65
:10A6F00002B11380036E0BB101221A7010BD7047B6
:10A7000070470846FEF796BB042938B59ABF094B37
:10A710005D5C1E250C462846FDF717FD022C07D16F
:10A720002820FDF70DFD2846BDE83840FDF70DBD9A
:10A7300038BD00BF561F010010B504464068FEF743
:10A74000F0FA0023237410BD012301818372406855
:10A75000FEF7EDBA2DE9F04F85B092469DF838200E
:10A7600081469DF83C00012A9B460C464FEA800337
:10A7700011D1B1EB530F4FEA530212D98B1A9CB28D
:10A78000DDF8408008EB00030393039B98450AD152
:10A7900005B0BDE8F08F022AF2D18B4201D2CB1A6C
:10A7A000EDE70024ECE718F8015B303D092D0CD9EA
:10A7B00005230093CDF804B00323524621464846B2
:10A7C000FDF7B1FF0434A4B2DFE7104BEDB205EBA7
:10A7D00085051D4400270026EB5DC6F10202D3402B
:10A7E000DB070BD50AEB0702A1190123CDF804B052
:10A7F000009392B289B24846FDF795FF0136032EC9
:10A80000EAD10137052FE6D1DCE700BFA020010027
:10A8100007B50123C17202730374009240680A46AF
:10A82000F0230021FEF770FA03B05DF804FB28B1B5
:10A8300019448B1A04D4EF2B04DCDBB218467047A2
:10A840000023FBE7EF23F9E72DE9F04F85B0D0F8BF
:10A8500004909DF83880BDF83CA00F461D46C17A93
:10A860001346C289007CFFF7E2FF9DF840409DF847
:10A8700041B014F0FD0F064607D10246CDE9008A2B
:10A880002B4639464846FDF74EFF013C012C23D8A4
:10A8900000241EE0B5EB440F4FEA44031CD9984551
:10A8A0001AD9A1B2C1EBC130400080B22B1840448C
:10A8B00072184FF0000C80B239440090CDF808A017
:10A8C000CDF804C09BB292B289B24846FEF7B6F802
:10A8D0000134E3B25B45DDD305B0BDE8F08F2DE96F
:10A8E000F74F04460D461F46C17A9DF83C809DF8FF
:10A8F00030909DF834B0BDF838A01346C289007C72
:10A90000FFF795FF18F0FD0F064607D1CDE9009A35
:10A9100002463B4660682946FDF705FF08F1FF380F
:10A92000B8F1010F0CD8CDE90DBACDF830906068C0
:10A930003B463246294603B0BDE8F04FFEF77EB8ED
:10A9400003B0BDE8F08F2DE9F04F85B004460F4607
:10A950009946C17A9DF83C60BDF838A01346C2897B
:10A96000007CFFF764FF16F0FD0580460FD102B2B0
:10A970000FFA87FBCDF800A0EBB26068039259464E
:10A980000135FDF787FFEBB24B45039AF2D9013E43
:10A99000012E0BD8CDF838A060684B460FFA88F22C
:10A9A000394605B0BDE8F04FFDF774BF05B0BDE80E
:10A9B000F08F2DE9F14F077C90F80BB0D0F80480B0
:10A9C0009DF828A0BDF82C900C461E46594613460B
:10A9D000C2893846FFF72BFF53460546594638468D
:10A9E000FFF725FF00B20A9033462AB221464046BF
:10A9F000CDF82C9001B0BDE8F04FFDF7D8BE2DE9A1
:10AA0000F04F85B005460E9C0E4690460027013754
:10AA1000FBB29E4204F1020402D805B0BDE8F08FFB
:10AA200095F810B0E97AEA8914F8013C0391584688
:10AA3000FFF7FDFE63780399D5F804A081465846D8
:10AA4000FFF7F5FE00B20090CDF80480237814F8EB
:10AA5000021C0FFA89F25046FDF7A9FED7E72DE94F
:10AA6000F047D0F80480BDF82060BDF82470BDF830
:10AA700028900C461D46C17A1346C289007CFFF718
:10AA8000D6FE3FB236B2CDF82890099708962B46ED
:10AA900002B221464046BDE8F047FEF77FB82DE9F7
:10AAA000FF470546BDF838909DF83040BDF834A00A
:10AAB0000E461F46C17A1346C289007CFFF7B7FED7
:10AAC000CDF8089040F267134FF00009CDE90093EC
:10AAD0000FFA80F836B23FB23B46686842463146CC
:10AAE000FEF75CF84FF4B47314FB03F46423B4FB77
:10AAF000F3F46CB124B2CDE90C94CDF838A06868B9
:10AB00003B464246314604B0BDE8F047FEF746B842
:10AB100004B0BDE8F0872DE9F04146689DF8187053
:10AB20000C461D46C17A1346C289007CFFF77FFEA2
:10AB3000069702462B4621463046BDE8F041FEF717
:10AB4000E3B82DE9F04F87B005469DF84CB003926D
:10AB5000159A9DF840609DF844709DF84840BDF8F6
:10AB600050A00492BBF1000F60D1C289C17A007C71
:10AB7000FFF75DFE814674BB06FB07F3BAEB430F9C
:10AB800054D3A3461FFA8BF297424FD9049B4A44F1
:10AB900003EB440A4FF0000892B212E0039B1AF84C
:10ABA000010C059219441AF8023C43EA0023019370
:10ABB00001230093686889B2FDF7B5FD059A08F195
:10ABC00001081FFA88F18E420AF1020AE6D80BF159
:10ABD000010B3444D6E7012C0FD107FB06F39A454D
:10ABE00024D3049B0399CDE9107302466868334669
:10ABF00007B0BDE8F04FFEF705B8032C16D107FBF0
:10AC000006F30733BAEBD30F10D34FF6FF7312934B
:10AC1000049BCDF84CB0CDE91073024603996868E7
:10AC2000334607B0BDE8F04FFEF72BB807B0BDE8DC
:10AC3000F08F2DE9F0414568C17ABDF818609DF8A4
:10AC400020809DF81C701446C289007CFFF7EFFD40
:10AC5000099B0697CDE907830246334621462846DD
:10AC6000BDE8F041FFF776BD2DE9F0414568C17AB6
:10AC7000BDF820609DF82C809DF824701446C28990
:10AC8000007CFFF7D4FD0C9B0697CDE907830246B5
:10AC9000334621462846BDE8F041FFF75BBD70B55D
:10ACA000C2894568C17A007CBDF814601C469DF8D5
:10ACB0001030FFF7BCFD0823024605960493214699
:10ACC0002846BDE87040FDF72EBD37B54568C289FE
:10ACD000C17A007C1C469DF81830FFF7A8FD1023B0
:10ACE00047F6EF31CDE90031024621462846FDF70F
:10ACF0001AFD03B030BD2DE9F74F9DF83080BDF847
:10AD00003CB09DF834A0BDF838901D46044613466B
:10AD10000E46C289C17A007CFFF789FDCDE9008B20
:10AD20002B4602460746314660680AFB05F5FDF7EB
:10AD3000FAFC632D0CD9CDE90C8960683A4631469E
:10AD40006423B5FBF3F303B0BDE8F04FFDF7EBBCB4
:10AD500003B0BDE8F08F016000F5005000234360B0
:10AD6000C0F88C3180F89631A0F89431704700001B
:10AD700070B500F50055A4B00026044644223146C3
:10AD8000C5E9636685F896610FA806F043FE1F4B80
:10AD90000B932B460A330C9304F506530C330D9397
:10ADA00020230E9304F506531033209304F5065325
:10ADB0001133174A219304F5065307CA123322931D
:10ADC00004F506531633239308AB83E807000122EA
:10ADD0008DF828200BAA009204F580516A6804318E
:10ADE00002A8FEF777FD95F896316BB1B5F8923170
:10ADF00095F89121934284BF9B1A9EB2B5F8943185
:10AE0000B34288BFA5F8946124B070BD641F0100EF
:10AE1000D42001002DE9F043036891B00446002BD3
:10AE20003FD000F500577A68002A3AD01E4ADFF872
:10AE30007C800025CDE90B2300F58056B7F89431CE
:10AE40000F95CDE90D55A946ADF83A30043629469F
:10AE50002068FDF754FF2068FDF763FF206800219C
:10AE6000FDF765FF98E8070008AB83E807000122BB
:10AE70008DF828200BAA00927A688DF83C90314614
:10AE800002A8FEF727FD01352068FDF75EFF1E2DA5
:10AE9000DDD120684FF0FF31FDF731FF2068FDF76D
:10AEA00040FF11B0BDE8F083D01F0100D4200100A5
:10AEB0002DE9F0430D4695B09046002114221F461F
:10AEC000044606F0A7FD2B6813B1B8F1000F05D1B9
:10AED00002232370204615B0BDE8F083B7F5805FEC
:10AEE000F6D8FDF715F9304E814696E8070009AB14
:10AEF00083E807000022009241463A460FA8FEF779
:10AF0000E9FC109BE360119B2361FDF701F99DF8BB
:10AF10003C30A0EB09006060002BDAD19DF848308E
:10AF2000002BD5D005F10409414605F580583A4675
:10AF3000484608F1040806F0A3FD49463A46404653
:10AF400006F09EFD05F500599DF84C30C9F80470D7
:10AF50001BB1BDF84A30A9F808302846FFF708FFB2
:10AF600005F50050D9F88C110A30FEF779FA96E809
:10AF700007000E4B08930CAB83E8070001228DF805
:10AF8000382008AA0092D9F80420414602A8FEF70A
:10AF9000A1FCFDF7BDF806462846FFF73BFFFDF78D
:10AFA000B7F8801BA06095E7D42001003C20010089
:10AFB00010B400F5005494F896311BB9A4F89431FC
:10AFC00010BC704794F89131B4F892219A4286BF30
:10AFD000D31A9BB200238B4228BF0B46A4F89431AE
:10AFE00010BCFFF717BF2DE9F041089E0C469646AE
:10AFF000DDE906126EB307282BD814F0100528D10E
:10B0000014F0010702D0A7071FD52F464FF0020CFE
:10B01000DDF8248002EB0C05A8451AD3F42D18D8CE
:10B0200002B1C1B104F01F0444EA4014347086F840
:10B0300001E017B1B3701B0AF3701AB106EB0C00F4
:10B0400006F01EFD2846BDE8F08101274FF0040CF4
:10B05000DEE70025F6E70D46F4E72DE9F04FC5B031
:10B0600081464E9C9846164642B14F9B33B1B4F58B
:10B07000805F03D824B1B8F1000F16D1002011E091
:10B0800007AFCDE90147F423039301F01C01CDF88C
:10B0900000803278A3B241F003014846FFF7A3FFD6
:10B0A000002836D145B0BDE8F08FF22CE8D901F088
:10B0B0001C05A3B245F001010027F02205934FF0D3
:10B0C000F40B0DF11C0AE31B934228BF1346CDE994
:10B0D00002AB3A4642441F440193A742009228BF64
:10B0E00041F00201059B32784846FFF77CFF01469C
:10B0F0000028C3D03378509A0133337050464F9BA9
:10B1000098470028BAD0A7424FF0F202CAD2294687
:10B11000D9E73378509A0133337001464F9B384654
:10B120009847BFE707299FBF00EBC102002340F803
:10B130003130C2F80330704710B50024E1B2013459
:10B14000FFF7F0FF082CF9D100F58050002380F8BC
:10B150004430036410BD0268136810B59F2B9FBF75
:10B1600040685C1C1460C15410BDCA08006801F03E
:10B17000070101238B40815C0B438354704700001F
:10B1800018B1012801D0022804D1034B0C2202FB84
:10B190000030704700207047E020010007B52022F2
:10B1A0000021019006F036FC01A80121FFF7DDFF28
:10B1B00001A80221FFF7D9FF01A80321FFF7D5FF5E
:10B1C00004210DEB0100FFF7D0FF01A80521FFF7D7
:10B1D000CCFF01A80621FFF7C8FF01A80721FFF750
:10B1E000C4FF01A80821FFF7C0FF01A80921FFF74C
:10B1F000BCFF01A80A21FFF7B8FF01A81021FFF743
:10B20000B4FF01A81121FFF7B0FF01A81221FFF739
:10B21000ACFF01A81321FFF7A8FF01A82021FFF729
:10B22000A4FF01A82121FFF7A0FF01A83021FFF70B
:10B230009CFF01A83121FFF798FF01A84021FFF7EB
:10B2400094FF01A85021FFF790FF01A85121FFF7BB
:10B250008CFF01A86021FFF788FF01A86121FFF79B
:10B2600084FF01A8F021FFF780FFF12101A8FFF77B
:10B270007CFF03B05DF804FB2DE9F04F8846ADB0CC
:10B280009146074618B900202DB0BDE8F08F04ACF8
:10B29000002501AB012102A8029301950394FFF759
:10B2A0005AFF294602A8FFF756FF0B2102A8FFF715
:10B2B00052FF294602A8FFF74EFF01982F4E231890
:10B2C000012222545D70831CF022E118E254031D18
:10B2D0004D70E1180630E25401904D702044FFF7A4
:10B2E0005DFF019B03F12002A118A55410224A70B2
:10B2F0002233032102A80193FFF72DFFAA463178DC
:10B3000002A8FFF728FFD6F804B000251BF8053087
:10B310000BB1102D2AD1E9B202A8FFF71CFF5D4442
:10B32000AB4525D1317A02A8FFF715FF019B728941
:10B33000E254E1180AF1010A120A0233BAF1030FCA
:10B340004A70019306F10C06D9D1002102A8FFF73B
:10B3500002FF494602A8FFF7FEFE019A424592D835
:10B360002146384606F08CFB01988DE70135CDE784
:10B370001BF8011B02A8FFF7EEFED1E7E020010059
:10B3800010B50822044600211C3006F043FB0023C0
:10B3900084F82C3010BD70B50D46044606460FCD1E
:10B3A0000FC695E803004FF0807386E80300A361A1
:10B3B0002046FFF7E5FF0023C4E90D3384F82D3064
:10B3C000E38584F8303070BD30B4056835B129B1FB
:10B3D00022B14369AC46022030BC604730BC7047A4
:10B3E00007B507238DF80510022201A98DF8043056
:10B3F000FFF7EAFF03B05DF804FB13B5046874B10E
:10B40000837EB3FA83F35B090A221B01ADF80420A3
:10B410008DF806300322436901A90020A04702B03D
:10B4200010BD13B504685CB106238DF804308DF8A7
:10B43000051043698DF8062001A903220020A047CA
:10B4400002B010BD30B50368A9B0044663B190F8EE
:10B450003020A0216846FFF70FFF024620B1256883
:10B46000636969460020A84729B030BD70B504461D
:10B4700008460D46FFF784FE30B1E368E5761BB160
:10B480006169BDE87040184770BD000070B50025C7
:10B490000446C0E90D1180F82F5085764576FFF7F8
:10B4A0006FFF01232376A36884F82E5013B16169DE
:10B4B000284698472046FFF7C5FF236923B16169F5
:10B4C0000248BDE87040184770BD00BFDB1A01009C
:10B4D0000A2AF8B504460D46164629D90B78022BE0
:10B4E00026D14F783846FFF74BFE00B3AB7A0B33CB
:10B4F0009E421DD304F11C060822A91C304606F00A
:10B50000BFFA94F82D00012384F82C3040B10822B2
:10B5100004F12401304606F06DFAB0FA80F04009DB
:10B5200084F82E0039462046FFF7A0FF0120F8BD21
:10B530000020FCE7002310B50446837680F82F3006
:10B5400043760AB1FFF74CFFA36813B1616900208D
:10B550009847237E033B012B9CBF02232376204682
:10B56000BDE81040FFF749BF90F82F3010B50446F2
:10B570008BB9A37E012084F82F002BB104232376FE
:10B58000A3680BB161699847236923B161690248D7
:10B59000BDE81040184710BD071B010070B50446F8
:10B5A0001D46002971D0002A6FD00B78023B092B71
:10B5B0006BD8DFE803F0052B344C6A64716B6A8B3F
:10B5C000237E012B61D12046FFF782FF38B9236922
:10B5D000002B5AD061694148BDE8704018470023EC
:10B5E00084F82F30A3760223237665632046FFF785
:10B5F00004FF2369002B48D094F82E006169384A73
:10B60000384C002818BF14462046E5E7237E012B5E
:10B610003BD12369002B38D061693348DCE7237EB6
:10B62000023B022B31D894F82F3065636BB3A07EB8
:10B630000023984284F82F300CBF02230323237683
:10B64000A36813B308BB6169BDE870401847012ABD
:10B650001BD0237E023B022B17D84D782846FFF7DC
:10B660008FFD30B9012229462046BDE87040FFF722
:10B67000D8BE29462046FFF7F9FE0022F3E7237ED5
:10B68000023B022B01D80123637670BD237E023B6F
:10B69000022BFAD80023F7E7A07E0028F5D0013866
:10B6A000C0B20023A076637660B902232376A36834
:10B6B00084F82F000BB1616998472046BDE87040BF
:10B6C000FFF79BBE2046FFF74FFFF6E7204601221B
:10B6D000BDE870400321FFF72DBF00BF651B0100CF
:10B6E000281B0100441B0100841B010070B50446A7
:10B6F0001D46237E023B022B0846114622D8636872
:10B7000003B3F8B1F2B1A27EAAB1667E626998472E
:10B71000C0B9012EA27E10D1062A01D80132A2762C
:10B72000002384F82F300323238365632046BDE87C
:10B730007040FFF762BE0126E8E7002AF0D101233E
:10B74000A376EDE770BD0000037E023B022B10B52F
:10B75000044618D8436BC91A42F20F7399420BD9A9
:10B76000036913B1416908489847012220461146F0
:10B77000BDE81040FFF7DEBEB1F57A6F03D3BDE838
:10B780001040FFF7F1BE10BDAF1B0100807E0038F6
:10B7900018BF01207047000007C8024B83E807006C
:10B7A000704700BF0C30002070B4064E35682DB1D4
:10B7B00021B11AB1B368AC4670BC6047002070BCC0
:10B7C000704700BF0C30002070B4064E75682DB174
:10B7D00021B11AB1B368AC4670BC6047002070BCA0
:10B7E000704700BF0C300020024AD2F80034002B12
:10B7F000FBD0704700E0014010B5064C237843B9F8
:10B8000005484FF480524FF4FE2106F039F9012328
:10B81000237010BD183000201C300020024B002285
:10B820001A70FFF7E9BF00BF1830002070B504465A
:10B8300016460D4611B90024204670BD002AFAD0E4
:10B840000228F8D8FFF7D8FF0B490C4AA30201EBF6
:10B850008424C8589042EED16468621EB2F57E7F9F
:10B86000E9D2B44228BF3446083322461944284658
:10B8700006F006F9E0E700BF1C300020544C50539E
:10B880002DE9F041074616460C4600294BD0531EC1
:10B89000B3F57E7F47D2022845D8244D4FEA87284A
:10B8A00005EB8727FFF7A8FF214B45F8083008F183
:10B8B0000800324621467E60284406F0E1F806F191
:10B8C00008004044C6F57E72FF21284406F0A2F825
:10B8D0001848FFF789FF0223C0F804354FF4FE2112
:10B8E000FFF782FFC0F80815FFF77EFF0023C0F8BE
:10B8F0000435FFF779FFFFF777FF0123C0F8043520
:10B90000FFF772FF55F8043B41F8043BFFF76CFF6B
:10B91000B1F5002FF6D10023C0F80435FFF764FF1E
:10B920000120BDE8F0810020FBE700BF1C300020B3
:10B93000544C505300E00140034A13680BB1506867
:10B9400018470020002170473840002030B50A4DCC
:10B95000421E00F117034FF0FF3012F8011F48405C
:10B96000082140F300042C40013984EA5000F8D14A
:10B970009342F2D1C04330BD2083B8ED03C808B56F
:10B98000054B182283E803000448002106F042F822
:10B99000034B00221A7008BD3840002020400020D0
:10B9A0001C40002070B586B018220021684606F0C1
:10B9B00031F8182269460020FFF7F6FE17281AD939
:10B9C0000E4B009A9A4216D100236846059C0593B7
:10B9D000FFF7BCFFA0420ED16C460FCC084E354697
:10B9E0000FC594E803007368064A5B1A85E80300F4
:10B9F00018BF0123137006B070BD00BF43544C53F1
:10BA0000204000201C40002038B5084D084B2B601A
:10BA1000002428466C61FFF799FF294668611822C7
:10BA20002046BDE83840FFF7CFBE00BF20400020D1
:10BA300043544C532DE9F047DFF8D880364C074685
:10BA4000FFF77AFF98F8003005460E46002B57D0D6
:10BA5000D4E90232834272EB060151D2B5EB030AFC
:10BA600066EB0202D4F810904FEADA3A4AEA424A08
:10BA70004FEAE97CA9FB0A01284A00230AFB0C11C2
:10BA800005F0D6FD10EB0A0241F100031F2A73F105
:10BA9000000135DB6168B7EB010C6EEB0E0EBCF1FB
:10BAA0001F0F7EF100012BDB1C49BCEB020C6EEB7F
:10BAB000030EACFB010C01FB0EC105F0B9FDDFF874
:10BAC00060E04FF0FF3C70450A4671EB0C01034605
:10BAD00041F28931BCBF734662468B4272F100016C
:10BAE000A4BF41F2883300220321C9FB0132002A9E
:10BAF00002DA5B1842F100029B0843EA8273236179
:10BB00000123C4E90175E66088F80030BDE8F0471C
:10BB1000FFF77ABF1C4000202040002040420F0069
:10BB200078ECFFFFF8B5164B1E783EB3FFF704FF25
:10BB3000144BD3E90225904271EB05045E681DD3D6
:10BB4000841A61EB050518690F4AE40B44EA454481
:10BB5000ED0BC31700FB05F104FB0311A0FB040769
:10BB60000023394405F064FD341945F1000500193E
:10BB700045EB0105002DACBF064600263046F8BD5A
:10BB80001C4000202040002040420F0070B50446B9
:10BB9000FFF7C8FF2C4BB0FBF3F307220433B3FBD2
:10BBA000F2F2C2EBC2023C219B1AE371B0FBF1F34B
:10BBB00001FB1300B3FBF1F201FB12331821637197
:10BBC000B2FBF1F301FB1322A07122714FF4C87094
:10BBD00040F2B2726426910705D1B2FBF6F106FB82
:10BBE000112189B271B9B2FBF0F100FB112189B2C8
:10BBF00041B1002540F26D118B4207D301325B1A2F
:10BC000092B2E8E701254FF4B771F5E70F482280BB
:10BC10000122022A014600F1010000D145B909784C
:10BC2000994207D90133DBB2A270E370204670BDA0
:10BC30001D21F5E70132D2B20D2AA3EB0103E8D1B1
:10BC40000C221F23F0E700BF8051010004210100F6
:10BC5000014B1878704700BF1C4000200B4B01229D
:10BC600000215A609A60C3F80815C3F80C1102212C
:10BC7000C3F84413C3F804134FF0E0214FF400302D
:10BC8000C1F88002C1F800011A607047001001403D
:10BC900010B5074B074C1A68D4F80405196891428F
:10BCA000F9D120F07F4040EA0160090A10BD00BFD1
:10BCB0004040002000100140F8B50D46AB421C4644
:10BCC00028BF2C46074611461E4614B1224605F0F1
:10BCD000D7FEAE423CBF00233B55069B1C70F8BD0F
:10BCE00020B140F60422002105F094BE704730B523
:10BCF00030B110F8A04B0023A025DAB2944200D84E
:10BD000030BD05FB03F201338154F6E740B10378FF
:10BD10008B4204D9A02303FB0100043070470020AC
:10BD2000704770B50446F0B103788B421BD90131DE
:10BD3000CDB2A026207885420BD30138C0B2207046
:10BD400006FB0040A0220021043005F063FE012024
:10BD500070BD06FB0540011D9D229C38013505F094
:10BD60008FFEEDB2E6E70020F2E72DE9F04F134633
:10BD70008BB00D46044618B900200BB0BDE8F08F1B
:10BD80000029F9D0002AF7D00E78032E03D1FFF74F
:10BD9000A7FF0120F1E7022E25D1012AECD091F86E
:10BDA000018008F102029A42E6D8023500274FF0DE
:10BDB000A0092378FEB2B342DED909FB06F02318AE
:10BDC0001B7943450DD1053042462946204405F0F4
:10BDD00011FE30B9314620460BB0BDE8F04FFFF7F9
:10BDE000A0BF0137E5E7012EC6D1012AC4D04F78A4
:10BDF0007A1D9A42C0D8BFD011F802B007F1060AE6
:10BE00000BEB0A029A42B7D2501C8A5C04921118BA
:10BE10000A1D9A42B0D8AB1C0393EB194FF00009EE
:10BE20009A780592DA7806921B7907936A182B188C
:10BE3000089393785078695CD2781B0443EA002316
:10BE40000B4343EA02630993A02322785FFA89F83F
:10BE500042450CD80F2A06D94FF0A0082278B242EA
:10BE600054D8013AD2B2531C237016B210E003FB2F
:10BE700008F022181279BA4245D1053003993A46A2
:10BE8000204405F0B7FDA02300283CD10FFA88F626
:10BE9000A022564306F10408A0440021404605F0C4
:10BEA000B9FD701D3B46039ACDF80080A7192821E3
:10BEB0002044FFF701FF059B87F82D30069B87F88C
:10BEC0002E30079B87F82F3006F1300306F1310042
:10BED0002344009305EB0A025B4620212044FFF730
:10BEE000EBFE06F1520051362644049B089A009658
:10BEF00048212044FFF7E0FE099BC7F89C3000234F
:10BF000087F8A03045E709F101099EE708FB0640E4
:10BF1000011D9D229C38013605F0B2FDF6B29DE769
:10BF200018B16422002105F075BD704710B50446B4
:10BF30009AB008B36422002101A805F06BFD7F23AD
:10BF4000642201A901208DF808308DF810308DF899
:10BF500018308DF820308DF828308DF830308DF87D
:10BF600038308DF84030FFF71FFC632804D9642275
:10BF700001A9204605F084FD1AB010BD014618B194
:10BF800064220120FFF720BC7047F7B504469DF8F6
:10BF9000207028B90025284645EA002003B0F0BDEE
:10BFA00090F860C053EA070024D0012000FA02F2A2
:10BFB0002546204600265FFA86FEF4451DD800235C
:10BFC00095F84120002A3CD06A6C8A4239D804EBAB
:10BFD000C305002385F841302046FFF7CFFF95F8D1
:10BFE00040000225D8E706F830E00130C5B2AC4584
:10BFF000F9D8DAE7661D8646F8E790F801E0BEF169
:10C00000000F1BD090F805E0BEF1000F16D190F89C
:10C0100004E01EEA020F11D090F802E09E450DD117
:10C0200090F803E0BE4509D104EBC6030125204684
:10C030005D71FFF7A3FF14F83600ADE70136083055
:10C04000B9E70133042B05F10805B9D1A2E713B50F
:10C0500003468DF807201C68084634B1DB680122CE
:10C060000DF10701A04702B010BD2046FBE70346D3
:10C0700010B45C68084611462CB122B1A446DB68B6
:10C0800010BC01226047002010BC704737B5044641
:10C090000FC9002584E80F002582B6227E212046A4
:10C0A000FFF7D5FFA36813B1E168322098470DF17F
:10C0B0000702002120468DF80750FFF7D8FF28B16E
:10C0C0009DF80730112B03D10123237403B030BD39
:10C0D000132BFBD10223F8E72DE9F3410446164662
:10C0E0000F4621B90025284602B0BDE8F081002A9C
:10C0F000F8D00368002BF5D000225921FFF7A7FFE5
:10C100000028EFD00025A6EB0508B8F1080F28BFDE
:10C110004FF00808E368D4F800C0424679195E2061
:10C12000E0470028DED04544AE42ECD80122592138
:10C130002046FFF78CFF05460028D3D0A36813B133
:10C14000E1689620984700230DF107025F21204601
:10C150008DF80730FFF78BFFC5E738B5A8224021DF
:10C160000446FFF774FF10B90025284638BD0022A9
:10C1700041212046FFF76BFF0028F5D004227D21E6
:10C180002046FFF764FF05460028EDD00A22532120
:10C190002046FFF75CFF042258212046FFF757FF97
:10C1A000E3E7F8B51D46037C044673B100234374EE
:10C1B00029B122B1FFF790FF08B10123637429462A
:10C1C0002046BDE8F840FFF7C8BF1846F8BD437CDD
:10C1D00013B513B9002002B010BD44680023ADF8B8
:10C1E00004308DF80630002CF4D0C368032201A976
:10C1F0001E20A0470028EDD09DF806009DF80530D0
:10C20000000440EA03209DF804301843E3E707B533
:10C2100000230DF107021C218DF80730FFF727FFDF
:10C2200020B19DF80700003818BF012003B05DF869
:10C2300004FB000007C8024B83E80700704700BFFB
:10C2400044400020094A08B5136813B94FF47A60D6
:10C2500008BD906898470028F8DB4FF4FA6358430C
:10C2600040F2D943B0FBF3F080B2F1E74440002044
:10C2700008B5FFF7E7FF40F6E443984210D941F2D2
:10C28000670398424FF064030CD85843A0F5A120EF
:10C29000A0F588704FF46173B0FBF3F0C0B208BD35
:10C2A0000020FCE71846FAE7034A53680BB1906890
:10C2B00018471846704700BF44400020014B1868DB
:10C2C000704700BF480000204FF0A043D3F810058E
:10C2D00080F48050C0F30030704700001FB54FF06D
:10C2E000A0430C22C3F8302700230393044B01938F
:10C2F00001A8044B0293FFF79DFF05B05DF804FB16
:10C30000BDC20000C9C20000014B1860704700BFE9
:10C3100048000020D0E9013210B593423FBF0268C7
:10C320005C1C4460D15424BF0023037310BD10B5BE
:10C330000C46C9B2FFF7EEFF210ABDE81040FFF737
:10C34000E9BFF0B585B072B930238DF80430012310
:10C35000591AC9B21BB1013BDBB28B4218D1002381
:10C36000037005B0F0BD01AD01230A26B2FBF6F75C
:10C3700006FB1724303405F8014B1446092C3A46C5
:10C3800001D8DBB2E4E701330B2BEFD10A23DFE75F
:10C3900003F110026A4412F80C2C00F8012BD9E7C3
:10C3A0002DE9F041054606981E461746884605F0D9
:10C3B00075FB102104462846FFF7ACFF0021FFF76C
:10C3C000A9FF4146FFF7A6FF3946FFF7A3FF01216A
:10C3D000FFF7A0FF3146FFF79DFFE1B2FFF79AFF9D
:10C3E000069C6618B44201D1BDE8F08114F8011B27
:10C3F0002846FFF78FFFF5E708B50021FFF78AFF12
:10C40000BDE80840FFF793BF2DE9F04F046893B0F3
:10C410000546002C00F01A82002900F01782072A36
:10C4200040F2148200230F9301238DF844302378C7
:10C430000E911092052B00F20982DFE813F006003E
:10C44000B8006701A401BE01E40102A8FFF79EFB4A
:10C450000EA80121FFF75EFFFFF7CEFF0221FFF7D5
:10C4600059FF0021FFF756FF4FF6FF71FFF75FFFFF
:10C470000221FFF74FFF0121FFF74CFF4FF4FC6152
:10C48000FFF755FF9DF80C300A25B3FBF5F205FBCD
:10C49000123330338DF811303A238DF812309DF875
:10C4A0000D3002F13001B3FBF5F205FB12333033EE
:10C4B0008DF810108DF8143002F1300104AB8DF8B6
:10C4C0001310002600934622012378218DF8156071
:10C4D000FFF766FF9DF80B30B3FBF5F205FB123357
:10C4E00030338DF821309DF80A308DF8286002F144
:10C4F00030018DF82010B3FBF5F105FB113330331B
:10C500002D228DF82430BDF808308DF822208DF8CA
:10C510002520642201F13000B3FBF2F102FB11335C
:10C52000DBB2B3FBF5F105FB113330338DF823009B
:10C530008DF8273001F1300008AB8DF8260000930C
:10C54000782101230EA8FFF72BFFE37D63B10BAD2C
:10C55000A2680C212846FFF7F4FE009501238222F1
:10C5600078210EA8FFF71CFF06ADA2790821284606
:10C57000FFF7E7FE0023C82228210EA80095FFF749
:10C580000FFF2179B34AB44B002918BF1346C822C4
:10C590000093114602230EA8FFF702FF6379002BD8
:10C5A0004BD0AE4B0093A02201237821E7E00EA8E8
:10C5B0000121FFF7AFFEFFF71FFF0221FFF7AAFEE1
:10C5C0000021FFF7A7FE4FF6FF71FFF7B0FEA44B67
:10C5D0000093082201237821FFF7E2FE6F68002F05
:10C5E00039D03C7808AD224604212846FFF7A9FE41
:10C5F00000950123182278210EA8FFF7D1FE062C02
:10C60000A04628BF4FF006083CB3C8EBC804A400FE
:10C61000A4B20EA84021FFF77DFE2821FFF77AFE85
:10C62000B421FFF777FE2146FFF781FEDFF824A251
:10C6300030240026F1B2414511D30EA8F021FFF7B6
:10C6400069FE0021FFF766FE9DF84400002800F017
:10C65000FE800F98FBE03C46C4E70124D9E738464A
:10C66000FFF754FB054600284CD00EA83021FFF7F9
:10C6700051FE06F1640189B2FFF759FE0421FFF76C
:10C6800049FEA4F10801C9B2FFF744FEE821FFF713
:10C6900041FE1A21FFF73EFE0121FFF73BFE95F810
:10C6A0002B30A3F13002092A88BF30234FF0000954
:10C6B0000DF12C0B8DF82C3022464B460C21CDF879
:10C6C00000B08DF82D90FFF76BFE95F82C20082117
:10C6D0005846FFF736FE4B46CDF800B022462821DB
:10C6E0000EA8FFF75DFE95F89C303BB1CDF800A099
:10C6F0004B462246C8210EA8FFF752FE31210EA854
:10C70000FFF708FE1C340136E4B293E70EA80121BE
:10C71000FFF700FEFFF770FE0221FFF7FBFD00218F
:10C72000FFF7F8FD4FF6FF71FFF701FE4D4B009349
:10C730000BAD012314227821FFF732FE227D042164
:10C740002846FFF7FEFD0023502228210EA8009561
:10C75000FFF726FE627D04212846FFF7F2FD002345
:10C760006E2228210EA80095FFF71AFEA27D042153
:10C770002846FFF7E6FD009500238C2228210EA80D
:10C78000FFF70EFE59E70EA80121FFF7C3FDFFF7E3
:10C7900033FE0221FFF7BEFD0021FFF7BBFD0BAD0D
:10C7A0004FF4FC61FFF7C3FDA27908212846FFF78B
:10C7B000C8FD009501236422F7E60EA80121FFF7CA
:10C7C000A9FDFFF719FE0221FFF7A4FD0021FFF7E5
:10C7D000A1FD0BAD4FF47841FFF7A9FD227F0421A5
:10C7E0002846FFF7AEFD0123502278210EA80095C0
:10C7F000FFF7D6FD627F04212846FFF7A2FD0095D2
:10C8000001237822D1E60EA80121FFF783FDFFF76F
:10C81000F3FD0221FFF77EFD0021FFF77BFD4FF6C0
:10C82000FF71FFF784FD0C4B00936E2201237821EA
:10C83000FFF7B6FDF0210EA8FFF76CFD0021FFF712
:10C8400069FD9DF84430002B7FF403AF002013B046
:10C85000BDE8F08FFB1B0100F81B0100F41B010079
:10C86000F71B0100FA1B01004FF440623C21C0E9B4
:10C870000012826040F6042C4FF48052C0E903C2DB
:10C880007047000073B50F4C064694E80300082279
:10C89000CDE9000169460220FEF786FF07280A4A13
:10C8A00006F1280308D90199914205D1DDE900017B
:10C8B00083E8030002B070BD94E8030083E803003E
:10C8C000F262F7E71021010053544C5330B503686E
:10C8D00085B00446C3B100F11403019300F5B355CC
:10C8E00000F6144302931C3500F5B0531833294663
:10C8F0004FF4007201A80393FFF786FD014618B1BB
:10C900002368E2682846984705B030BD70B50446F4
:10C9100015460FC9256184E80F004FF440620021DD
:10C9200004F1140005F076F80026642304F5B055F0
:10C93000A37604F6144018352675FFF7D1F928467A
:10C94000FFF7EEFA2846FFF7F1FA2046FFF79AFFC5
:10C95000FFF728F8206938B1037C2BB194F829300F
:10C9600032463146FFF71DFC2046BDE87040FFF718
:10C97000ADBF10B5012304460383002100F6144027
:10C98000FFF7B5F9237D052B04BF0023237520464F
:10C99000BDE81040FFF79ABF037D41760BB9FFF762
:10C9A00095BF704710B5044600F61440FFF7DDF957
:10C9B00038B1237D012B04D12046BDE81040FFF79C
:10C9C00085BF10BD10B504460846FFF733F8204672
:10C9D000BDE81040FFF77ABF00F58053012283F8CD
:10C9E0008828836813B1C16837201847704704232B
:10C9F00010B50375436880F83010044680F8312084
:10CA000013B1C168022098472046FFF7E5FF204692
:10CA1000BDE81040FFF75ABF73B50446006918B36C
:10CA2000037C0BB3FFF7D3FB0546FFF77BF8064605
:10CA30006846FFF7ABF89DF805309DF804203C21CF
:10CA40004B434FF4616101FB02339DF80620134410
:10CA5000F61A636A0BB1B34201D0C4E90856236ADF
:10CA6000AB4298BFED1AE56102B070BD10B5044647
:10CA7000FFF7FEFBA076FFF717FCE37D60B1012214
:10CA80008BB90323E27523752046FFF7A5FF2046E7
:10CA9000BDE81040FFF71ABF33B1237DE075032BCB
:10CAA00003D12075F3E71346E37510BD10B586B0CA
:10CAB0000446FFF7CDF800B304A8FFF767F8FFF7C7
:10CAC00031F89DF815300093014604F5B0509DF8FB
:10CAD00014309DF817201830FFF757FAC1B201291A
:10CAE000ADF80C0007D19DF80D20204606B0BDE83A
:10CAF0001040FFF77CBF0229F5D006B010BD10B57D
:10CB000090F82830044683B1006970B1FFF77FFBCD
:10CB100058B12046FFF760FF237D0BB1052B04D1F0
:10CB20002046BDE81040FFF7D1BE10BD70B500F53E
:10CB300080560446D6F88038CB1AB3F5FA6F0D4606
:10CB400008D3FFF769FF237DC6F8805813B9204644
:10CB5000FFF7BCFED6F8843841F28732EB1A9342D5
:10CB600004D92046FFF782FFC6F884582046FFF715
:10CB70009DFF2046BDE87040FFF7C1BF10B50446D9
:10CB8000FFF72AFF237D042B06D1002323752046BF
:10CB9000BDE81040FFF79ABE23B15A1E53425341DD
:10CBA0005B00F3E70123F1E713B5FF2305248DF8BC
:10CBB00007308DF80640FBF773FB2046FBF7D0FBF0
:10CBC00001230DF1070219460DF10600FBF79EFB4C
:10CBD0002046FBF7CCFBFBF76FFB9DF8070002B08C
:10CBE00010BD000010B5054CFFF7DEFFC30704D5EC
:10CBF0003220FBF795FA013CF6D110BDA08601006A
:10CC000007B58DF80700FBF74BFB0520FBF7A8FBEA
:10CC100001210DF10700FBF75BFB0520FBF7A7FBEC
:10CC2000FBF74AFB03B05DF804FB000010B5064CAF
:10CC300023783BB1AB20FFF7E3FF3220FBF770FA1C
:10CC40000023237010BD00BF50400020014B002284
:10CC50001A7070475040002007B5FFF7E7FF9F2389
:10CC60008DF803300023ADF804308DF80630FBF763
:10CC700017FB0520FBF774FB03230DEB030001AA50
:10CC80000121FBF743FB0520FBF771FBFBF714FBCE
:10CC90009DF804000138C0B2FD288CBF002001209F
:10CCA00003B05DF804FB73B5054614460E4619B390
:10CCB00012B31318B3F5800F1ED8FFF7B7FF032385
:10CCC0008DF804302B0C6DBA8DF80530ADF8065098
:10CCD000FBF7E6FA0520FBF743FB04210DEB01000F
:10CCE00023463246FBF712FB0520FBF740FBFBF720
:10CCF000E3FA012002B070BD0020FBE7F0B5054665
:10CD0000C3B016460C46A1B3531EFF2B31D852FABE
:10CD100080F3B3F5807F2CD81318B3F5800F28D893
:10CD2000FFF784FF01AF0620FFF76AFF02233B7085
:10CD30002B0C6DBA7B707D8020460DF10703A21984
:10CD400010F8011B03F8011F9042F9D1FBF7A8FA74
:10CD50000520FBF705FB311D3846FBF7B9FA052026
:10CD6000FBF705FBFBF7A8FAFFF73CFF012043B0F8
:10CD7000F0BD0020FBE713B50446C0F30B0020BB59
:10CD8000B4F5800F1FD2FFF751FF0620FFF738FFE1
:10CD900020238DF80430230C64BA8DF80530ADF8EB
:10CDA0000640FBF77DFA0520FBF7DAFA04210DEBCC
:10CDB0000100FBF78DFA0520FBF7D9FAFBF77CFAA7
:10CDC000FFF710FF012002B010BD0020FBE70000BC
:10CDD00010B5064C23783BB90520FBF7C8FAB920FB
:10CDE000FFF70EFF0123237010BD00BF504000204D
:10CDF000FFF71CBF0020704701F1800008B5000359
:10CE0000FFF7B9FF00280CBF6FF00400002008BD39
:10CE1000F8B58031069C1E4602EB01350CB9204660
:10CE2000F8BDB4F5807F274628BF4FF480773A4697
:10CE300031462846FFF762FF18B13E443D44E41BEB
:10CE4000ECE76FF00400EBE710B501F18000144649
:10CE50001946029A04EB0030FFF725FF00280CBFAB
:10CE60006FF00400002010BD10B586B01346074ACD
:10CE7000039203AA009200240A4601460448CDE921
:10CE8000044403F0BFFD06B010BD00BF54400020B5
:10CE9000EC43002038B5244D2C78002C35D1FFF719
:10CEA000D5FEFFF7A5FFFFF7D7FE542221461F4806
:10CEB00004F0B0FD1D4A1E4B53601E4B93601E4B89
:10CEC000D3601E4B136110234FF48051C2E9053328
:10CED0004FF46073C2E907134FF480704023C2E936
:10CEE0000A034FF4FA735362154B5363154B936364
:10CEF0001548164BD363114603F05CFC38B914494E
:10CF0000114803F0B9FE01232B7001240AE0074900
:10CF10000D4803F0F1FB28B904490B4803F04AFC23
:10CF20000028ECD0204638BD9443002098430020D0
:10CF300049CE000011CE0000F9CD0000F5CD000073
:10CF40009442002094410020EC43002054410020F2
:10CF5000FD1B0100FFF73CBFF0B51D46194B1B78C8
:10CF600097B006460F46144613B9002017B0F0BD1F
:10CF70000028FAD0002AF8D0002DF6D0FFF738FFAD
:10CF80000122314601A8FFF76FFF03460028ECD1CC
:10CF90000D483A4601A903F06CFE002804DA01A905
:10CFA000094803F041FEE0E722462B4601A9064866
:10CFB00003F046FE01A90446034803F035FE24EAC7
:10CFC000E470D3E794430020EC430020F0B51C4606
:10CFD0001A4B1B7897B006460F46154613B900202A
:10CFE00017B0F0BD0028FAD0002AF8D0002CF6D0F7
:10CFF000FFF7FEFE4FF48172314601A8FFF734FFC0
:10D0000003460028EBD10E483A4601A903F031FE51
:10D01000002804DA01A90A4803F006FEDFE72346E8
:10D020002A4601A9064803F022FE01A90546044844
:10D0300003F0FAFD631B58425841D1E794430020A6
:10D04000EC430020084B10B50446187848B14CB1A9
:10D05000FFF7CEFE0548214603F06AFCB0FA80F0E7
:10D06000400910BD2046FCE794430020EC4300201B
:10D070000068704700234FF48062C0E906334375AF
:10D08000C3820362828480F82630704713B5C46877
:10D090006CB1084B02691B88ADF80430838C8DF8A5
:10D0A00005301B0A8DF80630032101A8A04702B005
:10D0B00010BD00BF1821010070B50C46064605469C
:10D0C0000FCC0FC523682B603046FFF7D3FFBDE8B8
:10D0D0007040FFF7DBBF13B5C468BCB111230093E8
:10D0E000C38A8DF801301B0A8DF80230036A8DF86F
:10D0F00003301A0A8DF804201A0C1B0E8DF8052037
:10D100008DF80630026907216846A04702B010BDBD
:10D11000C36807B543B112228DF804208DF80510BD
:10D120000269022101A8984703B05DF804FB2DE9CC
:10D13000F041044615460E46002900F0C680002A3C
:10D1400000F0C3800B78013B032B05D8DFE803F028
:10D1500002428E990B2D01D8022105E090F815802E
:10D16000B8F1000F05D001212046BDE8F041FFF7DE
:10D17000CFBFB1F80130C382C81CFFF779FFA061AF
:10D180000346C81DFFF774FFE061CF7A202FE3D874
:10D1900007F10C02AA42DFD8013BB3F5003F01D3EF
:10D1A0000421E1E73A460C3104F12600274404F05B
:10D1B00067FC4FF4806387F82680A384012363759E
:10D1C000A368C4F820800BB1206998472046FFF778
:10D1D0005DFF1CE0437D002BBED0062DBCD9C28A6A
:10D1E000B1F801309A42B7D1C81CFFF741FF237D47
:10D1F0000746073D43B1B5F5807F05D90621204696
:10D20000FFF786FF4FF48075236ABB4204D02046A7
:10D21000BDE8F041FFF75FBFA269EB1993429BD8CD
:10D22000A38CAB429FD3D4F80080B8F1000F08D193
:10D2300005212046FFF76CFF2046BDE8F041FFF7CF
:10D2400019BF23692A46F11D3846C0470028EFD090
:10D25000236A2B442362A38C5B1B9BB2FF2B01D957
:10D26000A384D4E74FF48063A384AFE783680BB152
:10D27000006998472046FFF7FDFEBDE8F041FFF743
:10D2800005BF437D002B3FF467AF022D7FF664AFEF
:10D29000C28AB1F801309A427FF45EAF8369016AB5
:10D2A00099427FF459AF45682DB10369C2692630B0
:10D2B000A8470028DED103212046FFF729FFA368F5
:10D2C000002BB9D020699847B6E7BDE8F08100008F
:10D2D000024A13680BB15168184770477044002028
:10D2E00008B5FAF7EFFF50B9054BC3F800054FF04A
:10D2F0004023C3F80005BDE80840FFF72BBE08BD7A
:10D3000000300040044B0722C3F800254FF04023B3
:10D310000622C3F800257047003000404FF08043DC
:10D3200001220249DA670220FAF75ABF051C010000
:10D3300007B50C23ADF8043001A9FFF7E3FF442043
:10D3400040F6B8330222FBF764FEFFF7C9FF03B0D3
:10D350005DF804FB03C808B5184B83E80300184BBD
:10D3600002221A70174A00231370174A1370174BC2
:10D3700001221F215A609A60C3F808154FF48031CA
:10D38000C3F84413C3F804134FF0E0211020C1F890
:10D390008002C1F88402C1F80001C1F804011A60DA
:10D3A0004FF08043DA67FFF7C3FFFFF799FFBDE84F
:10D3B000084007490320FAF713BF00BF704400205C
:10D3C0004C0000206F4400206E44002000400240CA
:10D3D000501C0100F8B52C4C2C4DFFF793FF082191
:10D3E00000230122C4F80035C4F8F025C4F8F43550
:10D3F000C4F8F835C4F810152549C4F81435C4F834
:10D400001815C4F82C56C4F83026C4F80025C4F802
:10D410000031C4F80431C4F810312260FAF778FE04
:10D4200041F288370646D4F8003123B9FAF770FE86
:10D43000801BB842F7D901236360FAF769FE124EE8
:10D44000044641F28837D6F8043123B9FAF760FE72
:10D45000001BB842F7D90123B360FAF759FE0A4E10
:10D46000044641F28837D6F8103123B9FAF750FE56
:10D47000001BB842F7D90023C6F80035FFF730FF8C
:10D48000B5F90000F8BD00BF007000406C440020FA
:10D4900000050200014B1878704700BF4C000020C7
:10D4A00038B5354B1D788542044664D01870334832
:10D4B000FAF76DFEFAF72CFEFAF77CFE3048FAF721
:10D4C00066FE032D96BF2F4B2F4853F82500FAF721
:10D4D0005EFE2E48FAF75BFE032C96BF294B2A48C6
:10D4E00053F82400FAF753FE2948FAF759FE032CA3
:10D4F00041D8DFE804F002172633264CFBF7C6FCC0
:10D5000023783BB9FFF7FEFEFBF744F801232370B5
:10D51000FFF7E6FEFFF7E4FE4FF4C870BDE83840C1
:10D52000FFF7D6BE1B4C23782BB1FFF7EBFEFBF7C2
:10D530003AF800232370FBF7ABFCBDE83840FFF757
:10D54000CFBE144C23782BB1FFF7DCFEFBF72BF892
:10D5500000232370FBF79FFC1820DFE70D4C237896
:10D560002BB1FFF7CFFEFBF71EF800232370FBF76C
:10D5700095FC0C20D2E738BD4C000020901C010027
:10D58000B21A01001C2101008E1C0100991C01002F
:10D59000AE1A01006F44002038B5057804461DB16D
:10D5A000022D14BF022503252846FFF779FF15B188
:10D5B000207AFBF73FFC6089BDE83840FFF788BE62
:10D5C00010B588B3194C1A4A00232370D2F80415F9
:10D5D000C2F84031B0F57A7F034628BF4FF47A7322
:10D5E0004FF47A709B02B3FBF0F30B4423F07F43BC
:10D5F000C2F84035FFF774FE4FF080430122DA672E
:10D600004FF0E022D2F8103D43F01003C2F8103D75
:10D6100040BF20BF23781BB9FBF7D4FD0028F8D00A
:10D62000034B0022C3F8402110BD00BF6E44002010
:10D6300000400240FFF7DCBB10B5FFF7D9FB002428
:10D640002046FFF798FB20B104F58054B4F5B02FC5
:10D65000F6D110BDF8B5064615460F46D1B1CAB190
:10D66000B0F5B02F16D8C0F5B023934212D3FFF710
:10D67000BFFBF4B2C4F58074AC4228BF2C462246EE
:10D6800039463046FFF73AFB20B12D1B264427448C
:10D69000EFD1F8BD0020FCE74FF0E023014AC3F8CA
:10D6A0000C2DFEE70400FA0538B5002504464FF4BA
:10D6B0000063C0E908550577C58303852022294604
:10D6C0002A3004F0A7F984F8C05038BD836810B53B
:10D6D00004460BB9012010BDC3683BB9A368A0691B
:10D6E00098471D2894BF00200120F4E780699847DF
:10D6F0000028F3D0EEE7000013B544696CB1084B85
:10D7000082691B88ADF80430038D8DF805301B0A43
:10D710008DF80630032101A8A04702B010BD00BF5C
:10D720002C21010070B50C46064605460FCC0FC5EE
:10D7300094E8070085E807003046FFF7B5FF30465C
:10D74000BDE87040FFF7D8BF13B54469BCB11123E1
:10D750000093C38B8DF801301B0A8DF80230436AA9
:10D760008DF803301A0A8DF804201A0C1B0E8DF860
:10D7700005208DF80630826907216846A04702B06F
:10D7800010BD436907B543B112228DF804208DF80E
:10D7900005108269022101A8984703B05DF804FBD7
:10D7A0002DE9F041044688B00E46002900F0E280E1
:10D7B000002A00F0DF800B78013B032B05D8DFE85F
:10D7C00003F0024B9EA12A2A01D8022103E0FFF7B1
:10D7D0007DFF30B90621204608B0BDE8F041FFF7D3
:10D7E000D0BFD6F803707B1EB3F5B02F01D3042150
:10D7F000F1E7257FB6F801806DB1E38B434508D191
:10D800002046FFF7A1FF204608B0BDE8F041FFF732
:10D8100073BF0121DFE723680BB90521DBE7A069AE
:10D8200098470028F9D04FF4006323852022F11D8A
:10D83000C4E90875A4F81E8004F12A0004F020F958
:10D8400004F1500000F03CF9012384F8C030237744
:10D850002046FFF751FF17E0037F002BB5D0062AC3
:10D86000B3D9C18BB6F801309942AED1D51FB5F509
:10D87000007FD6F8037004D90721FFF782FF4FF429
:10D880000075636ABB4205D0204608B0BDE8F04190
:10D89000FFF75ABF226A7B19934296D8238DAB4279
:10D8A000B7D3D4F80480B8F1000F1AD00736A369B3
:10D8B0002A4631463846C04798B194F8C0302BB15B
:10D8C0002A46314604F1500000F026F9636A2B44E1
:10D8D0006362238D5B1B9BB2B3F5007F0BD3238563
:10D8E000D2E720460521FFF74CFF204608B0BDE8EF
:10D8F000F041FFF7D9BE4FF400632385A8E7FFF797
:10D90000D3FE80E7037F002B3FF45FAF022A7FF650
:10D910005CAFC28BB6F801309A427FF456AFD0E9C3
:10D9200008329A427FF451AF90F8C030002B3FF498
:10D930004CAF6946503004F12A0500F00FF920225F
:10D940002946684604F056F838B103212046FFF70F
:10D9500018FF2046FFF7A8FE0CE023696BB1A2690F
:10D96000206A2946984740B12046FFF79DFE204691
:10D97000FFF7C2FE08B0BDE8F0810521E6E7000030
:10D980002DE9F04FCBB00AAA01F1400514464B78BF
:10D990000E781B0443EA0663CE7833438E78043155
:10D9A00043EA06238D4244F8043BF0D11024516829
:10D9B000956B16464FEAB143043283EAF11383EACA
:10D9C000D1033168166A31440B444FEAF54181EACC
:10D9D000754181EA952101340B44402CD363E6D193
:10D9E000036801934368029383680393C3680493B5
:10D9F000036905934369069383690793C369089391
:10DA0000DDE9077ADDE9051CDDE90358DDE90146BA
:10DA10002A4B09934FF0000E0DF12809099A59F885
:10DA20002EB052F8043B09924FEAF12282EAB11279
:10DA30009B4482EA71625A4427EA010301EA0C0B13
:10DA400083EA0B031A44524486EA05034FEAB40AF8
:10DA500006EA050B8AEA743A23408AEAB45A83EA52
:10DA60000B030EF1010E5344BEF1400F02EB080B05
:10DA70001344A846BA461AD1019A1A44029B02607E
:10DA800023444360039B33448360049B2B44C36063
:10DA9000059B5B440361069B0B444361079B634406
:10DAA0008361089B3B44C3614BB0BDE8F08F674680
:10DAB00035468C46264659461C46AFE730210100C4
:10DAC0000E4A0F4B0F49DFF840C0C0E900230F4B4F
:10DAD000C0E902130E4BC0E904C30E4B836103F18E
:10DAE0007453A3F52303A3F69243C36100220023DA
:10DAF000C0E9082300238366704700BF67E6096A10
:10DB000085AE67BB72F36E3C7F520E513AF54FA55E
:10DB10008C68059BABD9831FF8B50C4601B92AB9AF
:10DB2000A51800F128060027AC4200D1F8BD836E8D
:10DB300014F8011B5A1C0344402A826683F82810FB
:10DB4000F2D13146FFF71CFFD0E9083213F500731C
:10DB500042F10002C0E908328766E5E7F8B5866E53
:10DB6000731C82190C46382B4FF0800182F8281064
:10DB700009D900F1270200213F2B3ED900F12801ED
:10DB8000FFF7FEFE00232733034400F15F0200216C
:10DB9000934235D1D0E908310822E6FB0231C0E9D1
:10DBA00008311D4600F1680C0023C3F12007A3F1E2
:10DBB000200625FA03F201FA07F73A4321FA06F69E
:10DBC00008333243402B0CF8012DEED100F128012F
:10DBD000FFF7D6FE031F21461C3053F8042F120E08
:10DBE0000A705A884A701A68120A8A701A68CA70CB
:10DBF000834201F10401F0D1F8BD0133D154BBE7F8
:10DC000003F8011FC4E70000024AD2F80034002BD9
:10DC1000FBD0704700E001400A4A0B4B12F8011B91
:10DC2000187888420BD10133B3F5B02FF6D1074BEA
:10DC300093F8E800A0F1FF035842584170470020D4
:10DC4000704700BF30220100F07F0500007F050013
:10DC500008B5FFF7E1FFA8B10B490120FFF7D4FF9A
:10DC6000C1F80405FFF7D0FF084B83F8E800FFF781
:10DC7000CBFF0023C1F8043503200549FFF7C4FF9B
:10DC8000FAF7AEFA012008BD00E00140007F050070
:10DC9000A31C010008B5FFF7BFFF18B1BDE808409D
:10DCA000FFF7D6BF08BD0368013304D04068431CAA
:10DCB0005842584170470120704710B50B680468FE
:10DCC0009C4209D040684968884205D08C4203D004
:10DCD000181A18BF012010BD0020FCE7D1E900325E
:10DCE00010B504689C4202D14168914206D094422A
:10DCF00006D14068C31A5842584110BD0120FCE7C4
:10DD00000020FAE740F30903B3F1FF3F08BF0130F9
:10DD1000C0F309000430704710B5031F0439083000
:10DD200053F8042F51F8044F834282EA04021A6028
:10DD3000F6D110BD0346006830B95A682AB9986810
:10DD4000B0FA80F0400970470020704708B50368BA
:10DD50001B0D13F4E06304D00430FFF7AEFF80F036
:10DD6000010303F0010008BD826A00F1280302B933
:10DD700070471A688A4202D10A681A6070471346CF
:10DD80001268F4E7C36E426D1944891AB1FBF3F2CD
:10DD900003FB1211836D8B4208D9CA08406E01F053
:10DDA000070101238B40815C0B43835400207047A3
:10DDB000194B1A4A11F0805F30B508BF1C46036842
:10DDC00018BF144683EA010525420DD043F3090428
:10DDD000013409D001EA0204114A1A4042F09F427C
:10DDE00042F4E002944203D100230360012030BDDD
:10DDF0000A0D02F4E064B4F5806F05D1C3F3892401
:10DE0000C1F389218C4201D20020F0E752B203EB2A
:10DE100082230360F8E700BF00FC0F7000FCFF7F67
:10DE200000FC0F0008B502460846FFF76BFF1368B9
:10DE300003441360002008BD036801330360002021
:10DE400070472DE9F04F87B0DDE911480393836EE9
:10DE5000139EDB691746A2199A428346894607D862
:10DE6000C36E002B00F09380109A934200F28F80D3
:10DE70006FF0530088E0B9F1000F3FD0D9F80030BF
:10DE8000109A93423AD1D9E9015305EB030AA2450E
:10DE900034D9A54214D8AAEB040AB245D9F80C101B
:10DEA00028BFB246651B40465246294403F0E8FDB0
:10DEB000D0445444A6EB0A06002EDCD1304663E081
:10DEC0002D1BB54228BF35463B68109A93421BD1A3
:10DED000D7E901130B44A34216D9A14210D81B1B4A
:10DEE0009D4228BF1D46FB68611A40462A461944D8
:10DEF00003F0C6FDA8442C44761BDDE73546E3E776
:10DF0000091B8D4228BF0D46DBF868004268416955
:10DF1000B4FBF1F39446039A964201FB134316D3E4
:10DF2000ABB98E4213D3B5FBF1FA01FB0AFAA5EBAC
:10DF30000A0304931099CDF800A043462246E04717
:10DF400010BB049B5B1BD04454441E44B4E7059DA6
:10DF5000109A3A600D442544B5FBF1F54D43C16973
:10DF6000E21A1B1B8D4294BF5B195B18816A7A60B1
:10DF70008B4228BF0B46BB600093FB681099654637
:10DF8000A84700283FF477AF07B0BDE8F08F039BA8
:10DF9000013B059390E700002DE9F04FD1E903958F
:10DFA00087B006463C300F469A460595FFF7CEFEF1
:10DFB0009046044680B1C2F389246CB1F36BCAF376
:10DFC0008922C3F38923934204D16FF0010007B083
:10DFD000BDE8F08F6CD30024C8F3892B2846FFF7E7
:10DFE00091FE031D4B45F0D8A9EB000905AACDE928
:10DFF0000192042303933A6800920021324630468E
:10E00000FFF71FFF0028E2D1059B1BBA6B4023F0EE
:10E0100000430593BBF1000F1ED0290D01F4E0620F
:10E02000B2F5806F18D1AAEB0402C2F3892CC5F3B4
:10E030008920844510D322F07F4222F4700222F41A
:10E040007F7222F0030242F0804242F48012AA4220
:10E05000BBD049B204EB8124AAEB0401694011EA68
:10E06000080127D145F309030133AED0129BC5F354
:10E070000908984528BF9846119B0293109BCDF83C
:10E080000C8004334B4401933B6800933246434673
:10E090003046FFF7D6FE002899D1129BA3EB080269
:10E0A000119B014603EB080003F0B4FC60198EE7F6
:10E0B000014C91E71D4691E700FCFFFF1FB5C3F33C
:10E0C00009040294069C019400240094FFF764FF65
:10E0D00004B010BD30B587B003AD094B00951446B0
:10E0E000084AFFF7EBFF002804DA831C00D1002068
:10E0F00007B030BD29462046FFF70EFEF7E700BF08
:10E100000C00F07F0000F07F30B5134687B0026846
:10E11000044604AD0820916E039002955868019062
:10E120001B680093CB69104602F11001FFF789FECE
:10E1300018B9211D2846FFF7C0FD07B030BD00000B
:10E140002DE9F04FABB000251F46CDE90A55BDF8CB
:10E15000E0300593BDF8DCB0BDF9E43006908A46A6
:10E160000493A9463846FFF7CDFDDAF80C3000EBF2
:10E170000208984565D20423039309ABCDE90183D6
:10E18000069ADAF800300093002104231046FFF7C6
:10E1900058FE002840F01981099B1BBA7B4043F0D0
:10E1A0000047DAF800300A9308F104030B9309974B
:10E1B0003C460AAB369A89EA04061640844A164061
:10E1C0003DD1369AC2F38922002A00F0A4804FF094
:10E1D0003C0C0CFB05FC0CF1A8026A44349942F893
:10E1E0006C1C359942F8681C369942F8483C42E963
:10E1F0001919059922F85A1C049922F8581C3A99C1
:10E2000042F8541C3B9922F85CBC42E91414DDE945
:10E210000A010CF1A80342F8707C42E91EA80DEB3C
:10E22000030C443AACF14C0382E80300CDE90466E8
:10E230003B93684B36960135B1463A93B346424616
:10E2400090E7359B002B40F3BE803499349B083116
:10E25000349135991C68099401395B683591904671
:10E26000A8E7B2F5817F1ED11C460026099BC3F3A7
:10E2700009029642E3D2049AA168C3F389231344A6
:10E2800041EA83212378626803F5407341EA035130
:10E29000DDE93A3098470028C0F2978004F10C0479
:10E2A000CDD10136E2E71A46049B04EB8321DDE978
:10E2B0003A3098470028C0F28880C0D0002D00F086
:10E2C00084802AAB013D3C2202FB053252E91C73DB
:10E2D000349352F8683C359352F8643C369352E9D3
:10E2E000110132F85A3C059332F9583C04930AAEB6
:10E2F00052F8543C3A9352E91EA852F8503C52F856
:10E300004C4C3B9386E8030052F8609C32F85CBCAE
:10E3100052F8483C0994369AC2F3892232B1C4F3C8
:10E3200089225A458BD305998A4288D2C4F30A526E
:10E33000002A84D040F201118A4292D1254A0793E3
:10E340003A9B93423FF47BAF3C222AAB02FB05365B
:10E350000021A6F1780003F05DFB349B46F86C3C8D
:10E36000359B46F8683C369B26F85CBC46E9193973
:10E37000059B26F85A3C049B26F8583C3A9B46F8E5
:10E38000543CC4F3090B3B9B46F8503C0BF1010392
:10E390000593C4F38924049B0F4A46F8707CA4EBD0
:10E3A0000B041C4423B20493079B46E91EA89A461B
:10E3B0000023CDE9353201354FF0005934934FF049
:10E3C000FF3798463BE7002078E72BB0BDE8F08F99
:10E3D0000000F07FB1DD000000FC0F602DE9F04F80
:10E3E00085B09846836E0F9D119EDB691446AA196D
:10E3F0009A42074689461ED96FF0530042E02368CF
:10E40000E06802331DD1D4E901130B449D4218D2B8
:10E410008D4216D3A3EB050AB24528BFB246691A4E
:10E4200001445246109803F02BFB109B5344109369
:10E430005544A6EB0A0646B36FF0010B08F1FF3A0C
:10E44000DDE7B96EC4F800B0D1F814C0896AB5FB35
:10E45000FCF20AEB0C032B44B3FBFCF30CFB03F3C1
:10E460008B4228BF0B460CFB02F26260A360494658
:10E47000CDE9010300920E9B054A3846FFF78CFD5B
:10E480000028BCDA05B0BDE8F08F3046FAE700BFDF
:10E4900000FCF7FF2DE9F04F87B00646119F884634
:10E4A00091469A4600240DF1100BA74203D8002094
:10E4B00007B0BDE8F08F3D1B109B082D28BF082535
:10E4C000E318CDE900A3CDE902B5A9EB0403424668
:10E4D00000213046FFF7B5FC0028E9D1129B2A46FF
:10E4E0001868594602F06CFC129B2C441860DCE75B
:10E4F0002DE9F04F97B016460A93C36E126807468F
:10E500000D4653B1934205D86FF05304204617B01F
:10E51000BDE8F08F71688B42F6D900214FF00408F6
:10E520000EABCDE901130092CDF80C8043463A467C
:10E530003846CDE90E11FFF784FC044610B110F106
:10E54000540FE3D1CDF80C800FAB4FF000080293CD
:10E55000CDF80480736800933A4604234146384658
:10E56000FFF76FFC0446002848D010F1540FCDD1BE
:10E57000414656F821302B6081F00103099356F88B
:10E5800023306B6016AB03EB81014FF0FF3451F881
:10E59000203CAB600023EB6002230893A34A92E87F
:10E5A000030010AB83E80300042205F108014FF0DB
:10E5B000FF3002F005FC0023CDE906330C90A146A4
:10E5C00005934FF0FF389B464046FFF79BFB042224
:10E5D000BB6E039283440DAACDE901B22A68009272
:10E5E000DB693A4600213846FFF72BFC064668B146
:10E5F00016F1540F00F01881344687E7DDE90E313B
:10E60000C91A0029D4BF00210121B2E70C980422C5
:10E610000DA902F0D5FB0D9B0C901BBA88EA030AEA
:10E62000BAF1000FCDF834A01DDA4FEA185303F405
:10E63000F063A3F5A06673427341EA68002A40F0D4
:10E64000FB80D5E90032C5E90023099A16AB03EB3C
:10E65000820353F8203CAB60089B012B3FF454AF7E
:10E66000012308939AE75046FFF74CFBBB6EDA692B
:10E6700000EB0B03934200F2D7804FEA1A5101F4EA
:10E68000F061B1F5A06F2B680BF1040833D10421C0
:10E69000039114A9CDE90181009331461346384610
:10E6A0003A46FFF7CEFB06460028A1D1149A0C9BF0
:10E6B0009A4240F0B9800D9BF86A1B0D04220CA908
:10E6C0008AEAC37A02F07CFBF8620D98FFF71AFB26
:10E6D000059BAB82109BAB615844119BEB61C5E974
:10E6E000030A069BEB754FF0FF330C934B464C46E9
:10E6F000D046994668E70CA90438CDE9008002911C
:10E7000038463946FFF7C6FE064600287FF470AF4C
:10E710000D9B190D11F4E0601CD1059AC3F38923F8
:10E720009A4201D8013305930D99209B0A9A4B40D8
:10E7300013400B9362D12A68DDE92230CDE9142819
:10E7400014AA9847061E0B9B55DA16F1540F3FF496
:10E7500074AF51E7B0F5806F1DD1059A48B242FA07
:10E7600081F18AB20592324A09EA020242F09F42DE
:10E7700042F4E002934202D149F00049D4E7B9F1F2
:10E78000FF3FD1D0C3F38923C9F389229342CBD869
:10E7900009EB8029C8E7B0F5C06F2B6813D101F0F1
:10E7A000010208210692BA6E039110A9CDE90181F8
:10E7B0000093D36931463A463846FFF742FB064696
:10E7C0000028B1D014E7C1F30A0240F2FF518A4297
:10E7D000AAD10821BA6E039112A9CDE90181009353
:10E7E000D36931463A463846FFF72BFB54301BD0ED
:10E7F0000123079398E70D9B03D199464B46A14609
:10E8000075E70C4A89EA03010A4052B1022EF5D19C
:10E81000C9F38922C3F389218A42EFD343F0004927
:10E82000ECE74FF0FF39E9E7002306E7402201005B
:10E8300000FC0F0000FCFF7F0021A97513B3B96E27
:10E840008869B2FBF0F300FB1323DBB9079BCBB164
:10E850004FF0FF33149314AB0293129BCDE90023C6
:10E860003846CA692B683946FFF714FE20B110F10B
:10E87000540F01D0044649E6DDE91332981A4342A9
:10E880004341AB75294607F13C00FFF75FFA88B1B9
:10E89000FB6BC4F38922C3F389239A4204D144F069
:10E8A0000044219B43B912E0611CFAD09A4288BF10
:10E8B000A4F58064219B3BB1AA8AC4F389239342C7
:10E8C00028BF1346219A1380002CBFF61FAEAB8AD7
:10E8D000C4F38924A34294BF00246FF0010415E619
:10E8E0002DE9F04F002301258BB0C2E906354FF02A
:10E8F000FF33CDE90533DFF87890DFF878A00746DD
:10E90000884614462E4604F1180B5846FFF7CBF9FB
:10E9100010B16FF0010024E005A95846FFF7DEF9B9
:10E9200010BBAE4205D1A3690593E3690693750058
:10E930000646D8F800300893D8F80430099307AB9E
:10E94000CDE902930023CDE900A35A460A4B07976D
:10E95000214638460136FFF7CBFD0028D3D0831C73
:10E96000D1D00BB0BDE8F08F6FF05300F9E700BFD6
:10E9700009E1000008000020FF03F07F1FB500231D
:10E98000CDE9023301934FF0FF330093FFF7B0FD61
:10E9900005B05DF804FB2DE9F74300230124C2E92B
:10E9A00006344FF0FF33CDE90033074688469146E1
:10E9B000254602F118063046FFF775F910B16FF0E1
:10E9C00001001BE069463046FFF788F9C8B9A54247
:10E9D00007D1D9F818300093D9F81C3001936C0096
:10E9E0000546414630460135FFF767F930B13246FA
:10E9F00049463846FFF7C2FF0028DCD003B0BDE827
:10EA0000F0836FF05300F9E72DE9F04F8DB01668F1
:10EA100006928146884605931BB1059A40F2FF3362
:10EA20001380D9F82030C8F81830444CD9F8243075
:10EA3000C8F81C304249304603F012F835184049F6
:10EA4000284602F0FCFF0128074605EB000623D10B
:10EA50003C490246284602F0CDFF0028EAD0B246E3
:10EA60004FF0010B3649504602F0FAFF8244344918
:10EA7000504602F0E4FF0246B8B1022811D10790D7
:10EA80003149504602F0B6FF079A50B9BBF1010B6D
:10EA900009D10AF10206CDE70228E0D12A4902464F
:10EAA000D8E70BF1010B9244DCE72B78002B3DD02B
:10EAB000069B1D60C4F30A53022B3BD1C4F3892487
:10EAC00040F2FF339C4208F1180A23D10DF1240BC8
:10EAD0002F21284602F0A6FF059B1C4ACDF80CB05A
:10EAE000002818BF0023CDE9013200974FF0F04312
:10EAF000524641464846CDE909950B97FFF7F8FC89
:10EB0000041E13DB96D198F81730002BE0D16FF07C
:10EB100001040BE00E4B0F4ACDF800A043EA84231A
:10EB200041464846FFF7CAFA041ECFDA20460DB028
:10EB3000BDE8F08F6FF01304F8E700BF00FC2F0072
:10EB4000A21D0100CF1C0100CE1C0100BDEB000086
:10EB50000800002000FC0F702DE9F04F87B0074639
:10EB6000129E884691469A4600240DF1100BA6424B
:10EB700001D800201BE0351B109B082D28BF08255D
:10EB8000E318CDE900A3CDE902B5A9EB04034246A1
:10EB900000213846FFF755F948B9119B2A46191943
:10EBA000584602F027FF002804D005DA012007B0FC
:10EBB000BDE8F08F2C44DAE70220F8E730B51346C1
:10EBC0008268C1F3090585B0AA4228BF2A4602928D
:10EBD000416801915968009101681B680446084624
:10EBE000FFF7BAFF28B9A368AB4202D034BF0120B7
:10EBF000022005B030BD036B1944C1F30903003B8B
:10EC000018BF012321F0004141EAC371016370473D
:10EC1000F8B5C6690D68083EB5420F4613D3B5FB7B
:10EC2000F6F0013802F054FD841CA5EB8404B4FB1B
:10EC3000F6F4204602F04CFDA5EB800504FB1655CA
:10EC40003D602046F8BD0020FCE72DE9F04F89B07B
:10EC50000646DDF84C8005920F464BB94FF0FF3267
:10EC6000C8F80020149A0020136009B0BDE8F08FA6
:10EC7000846E013B07A920460793FFF7C9FF12A93D
:10EC800005462046FFF7C4FF4FF0040A81460DF108
:10EC9000140BA945059A03D3129BC8F80020E1E79D
:10ECA000A5EB0904B4FA84F495FAA5F3B3FA83F357
:10ECB000C4F11F049C4228BF1C46A300CDE90023D9
:10ECC000CDE902BA04233A4600213046FFF7B9F8ED
:10ECD0000028CAD10123A340ED1ADAE72DE9F04F4D
:10ECE000CE6A90464A6BB24285B007460C465BD26C
:10ECF000B61A9E4228BF1E46DFF8B0B0B14601F1F9
:10ED0000400AB9F1000F01D1304618E0216B4803E9
:10ED100004D5BB6EE26BDB699A421BD1CA02636BFE
:10ED200010D404F13C02029204F13802CDE9003221
:10ED30005146D4E90A233846FFF787FF30B105B0C2
:10ED4000BDE8F08F6FF00102C4E90E23216B41F49E
:10ED500080212163BB6EE26BDB6901929D1A4D45F8
:10ED600028BF4D4611F48011CDE9028515D0A28847
:10ED70004BEA8222009204F1080152463846FFF71E
:10ED80002DFB0028DBD1636B2B446363E36B2B44C7
:10ED9000E363A844A9EB0509B3E7A26B00923846E8
:10EDA0005246FFF74EF8ECE70020C8E700001020BD
:10EDB0002DE9F04F89B00646DDE9120A0F4690466C
:10EDC0001D4688B30138059005A9B06EFFF720FFF6
:10EDD0000DF1180B044614982946D04720BB1CB3EC
:10EDE00004F00109C9F102039B00CDE90050CDE90F
:10EDF00002B3424639463046FFF723F8A0B9E5434F
:10EE000005F00105A84207DB08AB03EB8505023CD2
:10EE100055F8085C4C44DEE706991498D047034641
:10EE20000120002BEED0184609B0BDE8F08F00009D
:10EE30002DE9F04F93B004460D46164600211C22E2
:10EE40000AA8059302F0E6FD4FF0FF32CDE9062255
:10EE5000012311939846994610A8FEF724FF20B18C
:10EE6000A76A002F62D138464EE006A910A8FEF727
:10EE700035FF002840F08780C145109905D1119BCE
:10EE800006914FEA490807938146304609F1010986
:10EE9000A847002838D111993046A847002833D117
:10EEA00010AA0AA92046FFF769FD68BBDFF8DCB0AD
:10EEB000374F8246BDF83C201FFA8AF39A42CBD9DD
:10EEC00008AA0BEA8A2300923B43324A0AA9204649
:10EED000FFF7F4F8002804DA831C15D10AF1010ABF
:10EEE000E8E740F20222B2EB105F4FEA10530ED176
:10EEF000099B0093CDE90156089B2246002120463C
:10EF0000FFF756FF0028E9D013B0BDE8F08F059A4F
:10EF1000002AE3D0B3F5007FE0D108993046A84736
:10EF20000028F1D109993046A847EBE7BB79012BBE
:10EF300001D03F6895E73B6B03F48813B3F5803F3E
:10EF400013D03B6B03F49013B3F5003FF1D1CDE93F
:10EF500001567B6B0093BB6B224607F140012046B4
:10EF6000FFF726FF0028E4D0CEE7CDE90156FB6A83
:10EF70000093BB6A224607F140012046FFF718FFC5
:10EF80000028DED0C0E76FF05300BDE700FCFF03B0
:10EF90000800002000FC0F7038B5C26D436D1344AB
:10EFA000C26EB3FBF2F102FB11334365836EDA6A82
:10EFB000036ED1000025994294BF816583650446A4
:10EFC000C5652946406E02F025FD0649012322460B
:10EFD0002046FFF72DFF18B1C4E91655E36E2366EE
:10EFE00038BD00BF85DD000070B504460D46A06D3C
:10EFF000E36D834208D3236E002B2FD02046FFF70A
:10F00000CBFF0028F3D020E0616EDA0803F007069A
:10F010008A5CF240D20719D4626D1344E26EB3FBEE
:10F02000F2F002FB10332B60A56DE36D226E01330D
:10F03000013AAB42E36522660ED2DA0803F0070319
:10F04000885CD84010F00100EFD170BD0133E3655A
:10F05000236E013B2366CBE70020F6E76FF01B0031
:10F06000F3E77FB50C4604310646FFF7BDFF0546C2
:10F0700070BB21463046FFF7B7FF054640BB22462E
:10F08000042342F8080FCDE9022301902268009280
:10F09000014632463046FEF7D4FE10B110F1540F4F
:10F0A00019D1B36E5A6A002A09DDA368013242F011
:10F0B0000102013B1344B3FBF2F35343A3604FF04F
:10F0C000FF330422C4E903230022C4E90523E361DA
:10F0D000284604B070BD0546FAE7000007B50023D6
:10F0E0000449019301AAFFF7A3FE00B9019803B0F8
:10F0F0005DF804FB39DE0000C368184710B50C4604
:10F10000826AE068FF2102F085FC4FF0FF33236044
:10F1100010BD2DE9F0430D4609689846CB1C85B01B
:10F120000646174603D9002005B0BDE8F083806E7F
:10F13000AC6883691C44013CB4FBF3F45C43009469
:10F14000D0F80890EB686A68C8470028ECD1B8F19D
:10F15000000F04D1B06E2946FFF7D0FFE3E74FF070
:10F16000FF333B600294EB6801936B6800932B685C
:10F17000224639463046FFF7EFFC0028D4DBE9D0C1
:10F180006FF05300D0E72DE9F84FDDE90B5A0D9EE3
:10F1900007460C4690469946002E3AD0002107E0DB
:10F1A0000A9A22609A69B5FBF2F35343C4E901312C
:10F1B00022680A98BB6E8242F2D16068A842EFD8FA
:10F1C0009A6A0244AA42EBD9521BE368B242A5EB09
:10F1D000000028BF324651461844934602F050FCC6
:10F1E0006368A2685D44EB1A934238BF1346BA6E57
:10F1F000A360926A9A42DA44A6EB0B06CCD14B4646
:10F20000424621463846FFF784FF0028C4D0BDE8B7
:10F21000F88F3046FBE700002DE9F04F044687B039
:10F220000D4605A92046FFF7DFFE064658B9DDF872
:10F230001480A06E4146FFF75FFF0646002853D0BA
:10F2400010F1540F56D0304607B0BDE8F08F2A6B4E
:10F25000CDF80C900DF1130A12F4801FCDE9017A5C
:10F26000A3EB07031CD0AA88244941EA822200921A
:10F2700005F108015A462046FFF7B0F870B9CDE90C
:10F2800002A9CDE900870123224604F1100120469E
:10F29000FFF779FF60B110F1540F2BD00646D2E78B
:10F2A000AA6B0092594622462046FEF7CAFDE5E7C2
:10F2B0000137EB6BBB42CAD8A36EE1699A6AE86C6E
:10F2C00002F0DEFB23692B6463696B64A369AB64A2
:10F2D000A06E04F11001FFF711FF2B6BC5F8388009
:10F2E00043F400332B63AEE7074605F1400B4FF0C4
:10F2F0000109DEE74FF0FF33236192E700001020A1
:10F300002DE9F04F93B0CDE907230B6BDA020646E7
:10F310000D461BD54C6B089BCA6AE318934238BF55
:10F320001346C26F9A4211D2C36ECC630366FFF7D5
:10F3300073FF2B6B044630B143F400232B6320464C
:10F3400013B0BDE8F08F23F480132B63089B069362
:10F3500005F140030C93069B0BB9089CEFE72B6B60
:10F3600013F4003204D0B16EEF6BC9698F4249D1FA
:10F37000DB026F6B00F1DF8005F140030A93C2B935
:10F38000BFB111AB0293013F05F138030193009720
:10F39000119205F14001D5E90A233046FFF755FCEB
:10F3A000044608B12B6BC7E7B06E05F14001FFF7CB
:10F3B000A5FEF36E3366AB6B09936B6B0593013B54
:10F3C0000B930FA93046FFF70FFE04460028E9D142
:10F3D000DDF83C80B06E4146FFF78EFE044630B14A
:10F3E00014F1540FDED14FF0FF332B64E9E7059B96
:10F3F000D6F868904BBBC5E90E831F462B6B43F4D0
:10F4000000332B63B36EDB69DF1B069B9F4228BF73
:10F410001F46079B03970293EB6B0193AB6B009323
:10F420000C99012332463046FFF7ADFE0446002812
:10F4300000F0858010F1540FB4D129463046FFF713
:10F44000EBFE04460028E4D0ACE70B9B109310A918
:10F450004846FFF7DDFB109FD9F81C3001379F426B
:10F46000109750D1471C97FAA7F7099B1193B7FA49
:10F4700087F707F1010AA1460DF1440B4FEA890312
:10F480000D930423CDE902B34FEA8903CDE900834C
:10F490000A99012332463046FFF775FE04460028DC
:10F4A0009ED14F4535D109F10109CA45E6D8C5F8C5
:10F4B00038804FEA8A0724E0099B0093CDE902BA1D
:10F4C000CDF80490A7EB0903324600213046FEF741
:10F4D000B8FC044600287FF465AFCDE902BACDE957
:10F4E00000890A99012332463046FFF74CFE044654
:10F4F00000287FF475AF09F101094F45DCD8C5F844
:10F500003880EF637AE7A1464FF0010A0DF1440B12
:10F51000F3E70423CDE902B34FEA89030193119B7A
:10F5200000930146042332463046FEF78AFC044627
:10F530000028B8D036E76FF00103AB63E1E76B6BEF
:10F540003B446B63EB6B3B44EB63079B3B44079390
:10F55000069BDB1B0693F36E3366FCE6F0B585B0C5
:10F56000CDE902231D464B6801930B6800930C46BE
:10F5700017460023024600F11001FFF704FE06467D
:10F5800040B9E0682A46394601F01AFC6368E06039
:10F590002B446360304605B0F0BD2DE9F04F0646C0
:10F5A00087B010469946FEF7ADFB4B6893464A6913
:10F5B000034493420C46804641D88B682BF0004AA6
:10F5C0008AEA03031BBA059305AA04233046FFF712
:10F5D000C5FF054678BBBBF1000FA8F1040720DA90
:10F5E0000DF1130B2FB30123CDE902B3D9F8043089
:10F5F000043B4344DB1B0193D9F8003000933246AF
:10F600003B4600213046FEF71CFC40B901235A4618
:10F6100021463046FFF7A2FF013F0028E2D0054611
:10F6200009E03B464A4621463046FFF797FF00284F
:10F63000F5D1C4F808A0284607B0BDE8F08F6FF0F8
:10F640001B05F8E713460A46D0E90001FFF7A5BFFE
:10F65000F0B50C46096B0546480397B008D5CA02B9
:10F6600058BF4FF0FF3321F4802158BF236421633A
:10F670008B0302D4002017B0F0BD11F48011666B2B
:10F68000E76A3FD1542201A802F0C4F9A36ACDE988
:10F690000B370123CDE90D3695E80F0011AF87E850
:10F6A0000F004FF0FF372F60626BE36A9A4212D36C
:10F6B00004F1400701232A4639462846FFF729FD71
:10F6C00020B310F1540FD6D121462846FFF7A4FDF0
:10F6D0000028EFD0CFE701230DF1030201A928464E
:10F6E000FFF7FCFA0028C6DB01230DF103022146D7
:10F6F0002846FFF705FE0028BDDB2B680133D3D079
:10F700001197D0E7BE422CBF66636763A36BA36209
:10F71000636BE362236B23F4003343F48033C4E967
:10F720000C36A7E72DE9F7431E460B6B17465A0325
:10F7300005460C4619D4216B0B051DD4D4F8348032
:10F740006B6F08EB06029A422FD811F4003919D0DA
:10F7500033463A4621462846FFF7D2FD002808DB0B
:10F76000236B23F40023236303E0FFF771FF0028DA
:10F77000E1D003B0BDE8F083E36A626B934288BFD7
:10F780006363DBE7E36A9845E2D96363636B98459B
:10F79000DED901230DF10702214628468DF8079096
:10F7A000FFF7AEFD0028F1DAE3E76FF01A00E0E7BB
:10F7B00010B504460B6AE3664B6BA1660846E3602E
:10F7C00013B18B6B1BB9E3616FF00B0010BDE361EC
:10F7D0002146FFF793FCA06E04F11001FFF78EFCA9
:10F7E000A36EDA6B0AB96266EEE762661A6C002AEB
:10F7F00008BFFF2222675A6C002A08BF6FF0004240
:10F800006267996C40F2FE32002908BF1146A16779
:10F810001A6DE267501C12D10023E36700204FF0FD
:10F82000FF33C4E90833C4E90A00C4E90F00C4E99E
:10F830000C00C4E912006064A0632065C6E7002ADA
:10F84000ECD1DA6C986A4AB1D3088842024628BFE4
:10F850000A469A4294BFE267E367DFE7DB69DB08A9
:10F86000F3E72DE9F3410D460646496B4BB91446C3
:10F87000736FA34209D38C4218D1204602B0BDE871
:10F88000F081012B04D18A18F1D56FF01500F5E74E
:10F89000022B09D1D5E90B43980302D58C4238BF1E
:10F8A0000C46A418E4D5F0E70C46E1E72B6B9B036C
:10F8B00019D4D6F86880009140466946FFF7A8F948
:10F8C00001A9074640460194FFF7A2F987420AD1F1
:10F8D0006B6C019A934206D8A96C0B449A4202D2EF
:10F8E0006C63EA63C9E729463046FFF7B1FE00289A
:10F8F000C4D16C63C1E700002DE9F04F0D46816E65
:10F900006A688B69C96914325F1E4FF0000A8A4227
:10F9100094BFBF187F188BB0B7FBF3F704465F4363
:10F92000D1466FF0030B6E68BE4219D32B694FF0BE
:10F93000FF320892A9EB0302CDE9003208AE02962D
:10F940002B6809F1040221462046FEF7A3FD00289A
:10F9500047D1089B534500F0B0806FF0530040E062
:10F96000ABEB06033B44043640F2FE32934294BFB5
:10F97000F618B618BE424FF0FF0335D38DF81F308E
:10F98000A26ED2E90632D21AB24236D301220392D3
:10F990000DF11F02CDE901622A6800920021224682
:10F9A0002046FEF74EFA10B110F1540F19D1A36E94
:10F9B0009A6900964FF0FF33099309ABCDE9012313
:10F9C00021462B6808922046FEF764FD10B110F125
:10F9D000540F06D1404A08AB29462046FFF7DDFD0B
:10F9E00058B10BB0BDE8F08FA7F11402964228BFC2
:10F9F0001646BE428DF81F30C2D29DF81F206B689C
:10FA0000E868D243ABEB0308C2F3C01202F5A06270
:10FA1000B04448EA0258AB6848F47F2848F440688C
:10FA200088EA03031BBA089308AB1946042201F0C5
:10FA3000C7F9082208ABE860039202936B68019350
:10FA40002B68099004F11001009322460023204600
:10FA50000591FFF798FB0028C3D10599B9F1000F74
:10FA600004D16B68D5F80CA003F104099DF81F3090
:10FA70006E60DB431B0603F0004383EA0803AB60C0
:10FA8000B7424FF0FF33EB6006D9A36E62699B6A01
:10FA90001344B3423FF647AF4FF0FF332360224693
:10FAA00000232046FFF735FB00289AD1A06E03699A
:10FAB000984700283FF437AF93E70422CDE900923E
:10FAC00002962B6821462046FEF7E4FC002888D1E8
:10FAD000089B002B85D040E708FCFF5F2DE9F04F25
:10FAE00097B0CDE90823836EBDF884805A6A8B688D
:10FAF000BDF888B00133002A04460D468B601ADC3D
:10FB000000270026A06E6968109100234FF0FF3295
:10FB1000CDE91132CDE91323C36C002B3CD0083B57
:10FB20001593FFF7E9FA002838D010F1540F40F090
:10FB3000BA803E4610E0013242F00102B3FBF2F11E
:10FB400002FB1133002BDBD1012610A928461093AC
:10FB50001196FEF7B2F8D0B14FF0FF3300274FF007
:10FB60000109236110A92846CDE91079FEF7A5F80F
:10FB700050B1291D2046FFF737FA50B110F11C0F84
:10FB800040F09180002EBDD16FF01B008BE0374616
:10FB9000B7E707464E46B5E7C369C0E70DF1400930
:10FBA000042305F1080249462046FFF7D7FC002848
:10FBB000BBD10BAB07933D4B0693C8F100031BB2BF
:10FBC000CDE904B33A4B0293099B0193089B009340
:10FBD00002462099CDF80C804FF0FF332046CDE946
:10FBE0000B49FEF7ADFA00289FD105F11801084630
:10FBF000FEF759F860B9EA7D0B462E4902F5C0625E
:10FC000041EA025220464946FFF7C7FC00288CD142
:10FC10000023CDE90D330F934EB904F13C010DA83B
:10FC2000FEF77AF804F130010DA8FEF775F804F13B
:10FC3000480A51460DA8FEF76FF80D9B0DAA6FF309
:10FC40000903294620460D93FEF744FA58BB0DA838
:10FC5000FEF770F840B9184A0DAB49462046FFF749
:10FC60009CFC00287FF461AF49462046FFF744FE24
:10FC700000287FF45AAFD5E90032C5E90023119B73
:10FC8000EB60ABEB0808129BA5F814802B61A06415
:10FC9000CAE9010036B904F13C03303494E80700A6
:10FCA00083E80700304617B0BDE8F08F45F6000046
:10FCB00000FC0F4008FC0F000CFCFF7F2DE9F04317
:10FCC0008DB00C4604A9BDF85490054617469846D9
:10FCD000FFF7C7F9064628BBE37D8DF82730A369F7
:10FCE0000A93E3690B93BDF85830CDE90193149B57
:10FCF00000933A46434604A92846FFF7EFFE002842
:10FD000014DB049F059AA7610123E261E37505F105
:10FD100020012046FDF7D1FF20B9B9F1000F01D134
:10FD2000C5E9087230460DB0BDE8F0830646F9E734
:10FD30002DE9F04F97B09A46219F089200230D4677
:10FD40000646194640F2014440F2FF4C0AF1040E07
:10FD5000209A934226D1002948D1AB7D002B5AD15D
:10FD60004FF0FF33B5F8148033610027BB46A8EB92
:10FD70000709B9F1010F00F2DD80002F40F010817A
:10FD8000B36E5A6A002A00F31F810023CDE90053A5
:10FD9000CDF80880209B524629463046FFF79EFE4C
:10FDA00004460EE15AF83300020DC0F30A50A04297
:10FDB00004D1AA8A0132AA820133C9E7604504D17D
:10FDC000AA8A013AAA820121F6E702F4E068B8F5AE
:10FDD000C06FF1D15EF83300D0F80080C5F818800C
:10FDE0004068E86102F00102EA75E5E7AB8A002BA2
:10FDF000B3D13A4629463046FEF7CDFD044628B138
:10FE0000831CAAD0204617B0BDE8F08FFB7D002BE5
:10FE1000A3D0022473E0EA68B06E2B6810934FF011
:10FE2000FF31CDE91312C16C2B691192129301B30A
:10FE3000083915910BA90791AB4906910021CDE92D
:10FE40000411CDE9021120990B96CDE900A10DF125
:10FE5000400B29463046CDF830B0FEF771F9044624
:10FE600048B114F11C0F3FF47BAF14F1540FC9D10A
:10FE700076E7C169DCE70DAF06F13009CDE90D0089
:10FE80000F9049463846FDF747FF06F13C031946F7
:10FE9000384606F148080993FDF73EFF38464146CB
:10FEA000FDF73AFF0D9B38466FF309030D93FDF7FD
:10FEB00041FF80B93A4629463046FEF70BF9044621
:10FEC00000289FD1894A3B4659463046FFF765FBDB
:10FED00004460028C5D159463046FFF70DFD0446BB
:10FEE0000028BED199E80700119BEB60129B2B61A3
:10FEF00006F13C0383E80700B464C8E90144089BA9
:10FF0000B76A1B681093089B5B68119306F1200386
:10FF10000993002F3FF476AF07F1080810A9404677
:10FF2000FDF7CBFE8146002800F082803F68F0E7B5
:10FF3000B8461AE710ABBAB207936D4B069353421B
:10FF40001BB2CDE904836B4B0293209B0392CDE956
:10FF500000A300224FF0FF3329463046CDF840B0D1
:10FF6000FEF7EEF8044660BBB9F1FE0F13D8B36E8E
:10FF7000DA69D86CA2F1280180B142089869431E61
:10FF80001344B3FBF0F343438B42109A28BF0B4654
:10FF90009342BFF4F2AE07EB5907E8E65208EDE7EB
:10FFA000BFB2CDE90178209B0095524629463046E4
:10FFB000FFF784FE04460028BAD010F11C0F3FF46E
:10FFC000DFAE002C9BDA1DE7AB680132013342F053
:10FFD0000102B3FBF2F102FB1133002B7FF4D5AE2B
:10FFE000012710A9284610931197FDF766FE814658
:10FFF00000287FF4CAAE3046FFF770F8041EFFF603
:020000021000EC
:1000000001AFF36E1C1BB4EBD30F7FF6BEAECDE990
:100010000198209B0095524629463046FFF74EFE38
:10002000044618B110F11C0FCBD1AEE6B846ACE6D1
:10003000AE46BEE80F00C446ACE80F009EE80F00D5
:100040008CE80F00089B984507D040F2FF4140F232
:100050000140209ABB8891451CD107F12009BA883C
:10006000B7F81CB05A45FFF461AFFB7F002B3FF49B
:100070005DAF09994846FDF720FE10B1A2EB0B02D7
:10008000BA804A4641463046FEF778FC0028E6D062
:100090000446B7E65AF83920C2F30A5C8C4514D1FD
:1000A000C2F389229A4206D14FF0FF33C7E90233E7
:1000B00009F10109CDE7FBD2013BBB80BB79022BE3
:1000C000F6D1BB6A013BBB62F2E78445F0D1C2F3D3
:1000D00089229A42ECD80133BB80BB79022BE7D14D
:1000E000BB6A0133EFE700BF45F600000CFCFF7F61
:1000F00025DE000000FC0F402DE9F04F866A9DB020
:1001000005460F4691469A46002E5FD13B68049300
:100110003E467B6805930FCE0CAC0FC496E80F00EB
:100120000DF1300814AE84E80F00CDE900A64B466F
:100130003A4641462846FFF7FBFD041E71DB04A941
:100140003846FDF7BAFD48B9C646BEE80F00BC46C2
:10015000ACE80F009EE80F008CE80F00022C29D1BC
:1001600005F1480239462846FDF7B4FF0446002849
:1001700057D1149BFA7D0493159B0593954B0190E1
:1001800002F5C06243EA0253089301230093183733
:1001900008AB04AA314628460997FFF7C9FD041E9B
:1001A0003FDBB446BCE80F0047460FC79CE80F0092
:1001B00087E80F00DFF82092884F4FF0000B012CEA
:1001C00040F0B38005F1200303938DE006F10800B1
:1001D000B84201D1366897E73946FDF76EFD002831
:1001E000F8D1B379012BF5D1336BD902F2D5AB6ECF
:1001F000F26A9B6A9A42EDD9736BF363EB6E2B66DE
:1002000031462846FFF708F8044650B9336B23F40B
:100210008013336331462846FFF71AFA0446002854
:10022000D8D020461DB0BDE8F08F0AF1080104A81F
:10023000FDF743FD08B9CAE902249AF80630022BFB
:1002400007D10AF12C0104A8FDF737FD08B9CAE966
:100250000B24DAF800A052E001212846FEF7CBFC7F
:10026000314605F13000FDF771FD002863D02A6B9F
:10027000C5F838A0C2F389233A40C5E90C2AC4F373
:100280008922934201D2A4F58064149A02920692C4
:1002900040F2FF32934214BF49EA832300230893BC
:1002A0000023CDE9093401930223DDF854A0009323
:1002B00006AA08AB31462846CDF81CA0CDF82C8004
:1002C000FFF736FD041EACDB012C37D1029BB6468E
:1002D000CDE9043ABEE80F00C446ACE80F009EE842
:1002E0000F008CE80F00A346039904A8FDF7E5FC76
:1002F000DDE90C2408B9C5E90824D5F828A0BAF12D
:10030000000F92D1324604A92846FEF7E9FA041EEE
:10031000A2DAA21C85D1324604A92846FEF73BFB8F
:10032000044670B1831C7FF47CAFBBF1000F0CBF9F
:100330000024032475E740F2FF33A6E74FF0010ADB
:10034000E9E72B6BC3F3090323B1CAF10001284687
:10035000FEF751FC314605F13000FDF7F7FC0028AF
:1003600035D02A6BC2F389233A402A630022C5E9BB
:100370000D22149A0492159A059240F2FF3293428C
:1003800014BF49EA8323002308939DF8673011497D
:1003900003F5C06341EA03530022CDE90A38022382
:1003A00009920192009304AA08AB31462846FFF750
:1003B000BFFC041EFFF635AFB646BEE80F00C446CC
:1003C000ACE80F009EE80F008CE80F00F7E640F263
:1003D000FF33CEE708FC0F000000F04FFF03008062
:1003E0002DE9F041036BC3F30903A0B004460F46A7
:1003F000002B4BD000251C22002108A801F00AFB8D
:1004000001238DF837300F9300260EA8FDF74BFC23
:1004100020B1002EEED19DBB0125ECE70EAA10A95C
:100420002046FEF7ABFA58B99DF83730DBB918AA69
:100430000EA92046FEF754FA002841DA811C27D085
:1004400020B0BDE8F081236BA563C3F389226FF36D
:100450009E23C4E90C3540F2FF339A424BD0304B17
:1004600043EA822348E00DF1400EBEE80F000DF193
:10047000200CACE80F009EE80F008CE80F00C4E7EA
:10048000216B494249B22046FEF7B5FB0020D7E771
:10049000002DE8D0002FE6D004F1480210A9204634
:1004A000FDF718FE0028CBD19DF857201D4B02F513
:1004B000C06243EA0253049316AB0593012323E081
:1004C000002DD0D10DF108080346174ACDF8008061
:1004D00018A92046FDF7F2FD0028B1DB0EA9404621
:1004E000FDF7FCFB0028BED108A904F13000FDF7A0
:1004F0002DFC0028A7D1002304930C4BCDF81C80C1
:100500000022CDE90523022304AA08A92046FFF70B
:10051000F3FD002894DB032808BF46F0010674E7CA
:100520000000F04F08FC0F0000FCFF7F08FC0F608C
:1005300010B50446FFF7E0FD002806DB05D0204695
:100540000021BDE81040FFF74BBF10BD10B5036B95
:100550009B0590B0044622D500F1200208A9FEF7C1
:100560000DFA002844D1234B0293A36EDB69039359
:10057000E36E0493236F0593636F0693A36F079352
:100580001D4B009302AB01936A46012308A9204644
:10059000FFF7CEFF60BB236B23F400732363E36B91
:1005A0001B0D13F4E06F06D10121204610B0BDE809
:1005B0001040FFF715BF04F1400208A92046FEF7DE
:1005C000DDF9A8B9E36BA063C3F38922236B6FF352
:1005D0009E23C4E90C30094B43EA8223CDE9023063
:1005E00002AA012308A92046FFF7A2FF0028DBD0BA
:1005F00010B010BD01000200180010200000F04FE4
:1006000073B514460E4600F1480221460546FDF733
:1006100061FD70B9E27D084B02F5C06243EA025306
:100620000093183401236A46314628460194FFF7A7
:100630007FFF02B070BD00BF08FC0F0070B50B6BF0
:100640001E0386B005460C4653D4FFF701F8216B14
:1006500020B141F40021216306B070BDCA0348D522
:1006600004F108063046FDF71EFB002841D111F4C5
:1006700080131FD0E36CE26A40F20120A18842EAB5
:10068000812242EA0052CDE90223226D936843EAB7
:10069000812343F0815304935368059302AA0223F4
:1006A00031462846FFF744FF236BF8B143F400239B
:1006B0002363D1E729464FF0FF3241F8102B28463B
:1006C0002A46FEF726FD0028C6D1A86E0369984782
:1006D0000028C1D1236BDB02CCD4D4E90A016B46DC
:1006E000CDE90001082240F20220C7E723F480335D
:1006F00023630020B0E7000030B597B00446FFF751
:1007000057F80546002848D1A36E0146DA6A606EA4
:1007100001F080F9D4E91A32DB6A6565DB00C4E9CF
:100720001752934294BFA365A2650EA92046FEF717
:1007300098FC00282FD11A4B0293A36EDB69039318
:10074000E36E0493236F0593636F0693A36F079380
:10075000144BCDE90830144B0A93144B0B93144BF4
:100760000C9302AB0D9308AA03230EA92046FFF7B2
:10077000DFFE80B98DF84E00034602460EA92046E2
:10078000FFF7D6FE38B9009001236A460EA920462D
:100790000193FEF7F3F817B030BD6FF00B00FAE7E6
:1007A00001000200000010400800F00FD11C010001
:1007B000180010202DE9F04399B00446FEF7F8FF29
:1007C0000546002840F0A68001461C2210A801F032
:1007D00021F94FF0FF33CDE905330126DFF83C81E5
:1007E000DFF83C911796374616A8FDF75CFAB0B1D2
:1007F000236B03EBD373236304F1300207CA04F1C4
:100800003C0383E80700E26EE36AB3FBF2F102FB0C
:10081000113363650023C4E9163322663DE005A960
:1008200016A8FDF75BFA002871D1B74205D1169BD7
:100830000593179B06937E0007460823099307AB91
:10084000CDE90293374B0022CDE9003210A9364B97
:1008500016AA2046CDE90748FDF74AFE002807F111
:10086000010719DB49D040F30900013045D0109B46
:100870002362119B63620AAB00932B4A2B4B10A996
:100880002046FDF71BFC002806DB0A9B9AB21B0CD6
:10089000022B06D06FF015000546284619B0BDE8BA
:1008A000F083012AF6D8236B82F0010223F400734F
:1008B00043EA422323630D9B1BB1226F9342E9D885
:1008C00023670E9B1BB1626F9342E3D863670F9B54
:1008D00043B1A26F9342DDD8E26FA3679A4294BFFF
:1008E000E267E367A36E0C9A196A09B18A42D1D113
:1008F000DB69E2660B9A9A42CCD104F1300210A96E
:100900002046FDF7E7FB00283FF46EAFC4E76FF029
:100910005300C1E76FF00B05BFE700BFD11C01001A
:10092000BDEB00000800F00F00FCFF7F1800102056
:10093000F0B599B004460391FFF708FE002859D19D
:10094000034603AA06A92046FEF75EF8002851DBFD
:10095000C0F3892340F2FF3293424DD0060DA26AC4
:100960000E92022E4FEA832504AF1FD145F00053AB
:10097000234A009743F0080306A92046FDF79EFB93
:10098000002837DB3A4610A92046FDF7F7FF88BB61
:10099000159B33F47F022BD101212046FEF72BF962
:1009A0000EAB8DF83E20ADF83C20A362002345F04D
:1009B0009F45059345F4E00501233A4606A92046E4
:1009C0000495FFF7B5FD0E9BA36298B9022E11D1D5
:1009D0004FF0FF312046FEF70EF906AA10A9FDF7E9
:1009E000DAFF38B910AA06A92046FFF709FE01E090
:1009F0006FF0260019B0F0BD6FF01500FAE700BFE8
:100A000000FC0F702DE9F0438BB013F0020F064687
:100A10000D469846039238D1129B2B6505F10807C5
:100A200000236B63EB63EB64C5F830802B1D03AAD6
:100A300039463046FDF7E8FF041E06DAA31C17D13D
:100A4000AA8840F2FF339A4212D00123AB71B36AF5
:100A50002B60A01CB56259D118F4807F08D0039C8C
:100A6000204601F01BF8336F984217D96FF023042A
:100A70002B6B43F4002329462B633046FFF7DEFD42
:100A800029463046FDF770F904E0FFF75FFD0446A4
:100A90000028C1D020460BB0BDE8F083AB885E4A89
:100AA000DFF8788142EA832240EA8320049240F40E
:100AB0008010002248EA8323CDE90604CDE90832FC
:100AC0000592032304AA39463046FFF731FD10F1A1
:100AD0001C0F0446CAD00028CAD144464FF0000873
:100AE0004FF00C092B6D9A68904533D31B68EB646B
:100AF000002B5FD0B06E05F14001FEF7FFFA40F227
:100B00000123B3EB145F58D00024C3E718F4007F2F
:100B100079D1240D012C79D1AB8818F4806F4FEA7C
:100B2000832308D043F000542B6B43F4803344F408
:100B300080142B63D2E705F1280243F000530092A2
:100B400043F00803364A39463046FDF7B7FA041E2B
:100B5000C4DA8DE72A6BD10705D42B6B9A071DD415
:100B600008F10108BEE75868B5F804C009FB08F2AF
:100B70008118825C8B684968009143EA8C2302F5F6
:100B8000407243EA02533946264A3046FDF796FA48
:100B90000028E2DA831CE0D0044669E72A6D526837
:100BA00009FB08229168B26F914232D843F4803336
:100BB0002B63D5E76FF00B045AE72B6B43F48013DC
:100BC0002B6300236B64B36E6FF00102AA62C4F35F
:100BD00009042A649A6AEC62AA64002C94D040F258
:100BE000FE339342A98828BF134643EA8123EA6C67
:100BF000009243F000530A4A39463046FDF75EFA48
:100C0000041E81DA34E76FF0100431E76FF014044A
:100C10002EE76FF01B042BE70000104000001020AF
:100C200000FC0F7000FCFF7F70B505460E46FFF715
:100C300005FD314604462846FDF796F8204670BD6E
:100C40002DE9F0411F460B6B9B0305460C461646EB
:100C500007D43B46324621462846BDE8F041FEF720
:100C60003DB8FEF7F5FC0028F3D0BDE8F081FEF7B3
:100C700059BDFEF7F6BD00002DE9F04FA7B00546BF
:100C80000191FFF763FC044688B9AB6A1C9301AA83
:100C90000DF102031EA92846FDF7B6FE831C04468B
:100CA00009D1BDF8029040F2FF33994508D12046A2
:100CB00027B0BDE8F08F0028A8BF6FF01004F6E75A
:100CC000DDF804A0504600F0E9FE2B6F984207467D
:100CD0006CD8EB6E2B660DF1100841462846FEF7E6
:100CE000C0F904460028E2D11EAE0FCE0CAC0FC4F2
:100CF00096E80F0084E80F0012AE9DF84730002BF5
:100D00004BD1DFF8B0B0012302AA41462846CDE915
:100D100002B6FFF70DFC04460028C8D19DF88F30BD
:100D2000D3B101212846FDF766FF1CABAB6214AAC4
:100D300001230CA98DF87640ADF87440CDE914B8C4
:100D4000FFF7F6FB1C9BAB6204460028AFD14FF0C7
:100D5000FF312846FDF74FFF174B43EA89231493D1
:100D600000231593154B43EA8923CDE918389DF8E4
:100D70008F30002B0F4B47EA892718BF0023CDE99E
:100D80001A3847F40017042314AA1EA92846CDE9EF
:100D9000167AFFF7CDFB044689E732460CA92846B0
:100DA000FDF7ECFD04460028A7D080E76FF0230490
:100DB0007DE700BF08FC0F60000010400800002025
:100DC00030B50C4D0A44914200D130BD11F8013BC1
:100DD00083EA000404F00F0455F8244084EA10105C
:100DE00080EA131303F00F0355F8233083EA101041
:100DF000E9E700BF482201002AB102F58052936C56
:100E00000BB1D26C18470020704700007FB500F589
:100E10008054064684F86C100D46FAF78DF90022CE
:100E2000C4E91C22C4E9142206F5825384F8455013
:100E3000A267183306F58356B34213D10B4E3068C0
:100E4000716801AA03C2B068106001AE03CE596098
:100E50001188927818606D0019819A7284F86A502E
:100E600004B070BD03F8012BE6E700BF8822010043
:100E700000F58050C0E914127047000030B5072912
:100E8000054685B0084615D804D105F5805191F87E
:100E90006C4064B1084C029500F582511831CDE9DF
:100EA000003413466A180021FAF7D7F804462046A2
:100EB00005B030BD0024FAE7F90D0100024B1860BF
:100EC000024B1960704700BF7C440020784400202A
:100ED00082B0C0E900120C220021083002B000F0FC
:100EE00099BD000008B568B107490220F7F778F905
:100EF00006490320F7F774F9BDE8084004490320C8
:100F0000F7F76EB908BD00BFDA1C0100261D01000D
:100F1000601D01000020704701460320F7F760B90B
:100F2000F7F788BF10B404460B461046022122464C
:100F300010BCFFF7A3BF10B40446184613460A4678
:100F4000214610BCFFF79ABF10B404460B4610466A
:100F50000521224610BCFFF791BF10B404460B4692
:100F600010460321224610BCFFF788BF10B5044687
:100F7000FCF712FB0548F7F70AF96068F7F707F97D
:100F8000BDE810400248F7F70BB900BF921D010001
:100F9000AE1A010008B501460648FBF7FDFC064BFA
:100FA00001221A70034A002313751046BDE8084059
:100FB000FBF78CBC600100204D0000207FB502468D
:100FC0000B4668460749F9F773FF064B064803F5D9
:100FD000005303F10A01D3F88C2107B05DF804EB4C
:100FE000F8F7CABA94440020EC19002008B5FCF7C1
:100FF00053FB012008BDFBF757B9FBF739B9FCF7E4
:1010000029BBFCF719BB00000148FCF71BB800BF67
:10101000942201002DE9F0470D46CCB091460446DC
:1010200020B9002630464CB0BDE8F0871329F8D926
:10103000DFF8C080DFF8C0A00C27EE1BB6F5807F7C
:1010400028BF4FF480762D4833460CAA3946FBF76B
:1010500083FFB042E5D10CA9002311F8012B013325
:1010600082EA08029E420AFB02F8F6D13744BD42EA
:10107000E3D8C145D5D1224A10685168127A6B462F
:1010800003C300211A700DF10900272200F0C2FCF1
:10109000E846013C082314F8012F0AB12F2B24D174
:1010A0000024404608F80340FBF7CCFF2E1BB6F5A2
:1010B000807F28BF4FF48076104833460CAA214623
:1010C000FBF74AFFB0420746ABD103460CAA2146C4
:1010D0004046FBF77BFF06460028A2D03C44A542D1
:1010E000E4D80648FBF7AEFF9CE708F8032001337D
:1010F000D1E700BFC59D1C8193010001942201002E
:101100009B1D010013460A4601460148FBF75EBFDE
:1011100094220100F7F714B81FB50B4641F288314D
:10112000CDE900218DF80F0001220DF10F011820EB
:10113000F7F7C3FFB0FA80F0400905B05DF804FB93
:101140001FB513460132102A15D88DF800000B4444
:10115000684699420AD141F2883369461820F7F768
:1011600058FFB0FA80F0400904B010BD11F8014BEF
:1011700000F8014FEDE70020F6E7FAF789BDFFF729
:10118000C9BE000008B5FCF785FDF6F7C1FF4FF4B6
:101190007A71B0FBF1F10448FAF778F9BDE808403C
:1011A0000248FBF7E6BB00BF0C1A002060010020DC
:1011B000032808B50CD002280CD11920F6F7C5FF7A
:1011C0002820F6F7BDFF1920BDE80840F6F7BDBF9F
:1011D0005020F9E71E20F7E710B586B002460B460F
:1011E00001A80A49F9F764FE9DF804405CB9084972
:1011F000084BD1F88C2108481C700A31F8F7BCF96B
:10120000204606B010BD0124FAE700BF9444002038
:10121000946400204D000020EC19002070B50646B3
:101220000C461546F6F774FF4FF47A73B0FBF3F3F0
:10123000052E39D8DFE806F0031438221B311B488D
:101240002A462146FAF7AAF9042D2DD92378202B16
:101250002AD1D4F801101648BDE87040FBF7B2BBA4
:101260002A4621461148BDE87040FAF73FBA2A469F
:1012700021460F48BDE87040FBF794BB0B4B9B7EAB
:101280001BB10C4B1B7883F001030B482A46214607
:10129000BDE870400375FBF74ABF2A462146074860
:1012A000BDE87040FCF77CBA70BD00BF0C1A00208E
:1012B000600100204D000020180100205000002097
:1012C0002DE9F041B0B0F6F761FFA4490320F6F72D
:1012D00087FF0320A249F6F783FFA24B01220421D6
:1012E000002503245A60DA60C3F80455C3F80845A2
:1012F000C3F810151A60FCF711F8F6F791FFF7F72D
:1013000081F8F7F75DFD3720F7F794FDF7F763FEF7
:10131000F7F716FFF7F7C6FFF8F798F8924B09931F
:1013200009A80A95FCF716F8FBF790FCFBF7B2FD4D
:10133000002800F0FD808D492046F6F751FFFBF7AD
:1013400009FEFAF78BFCFAF769FA894B0D93002432
:10135000884B0F940DA80E93FAF71EFA864B0B9349
:101360000BA80C94FAF70AFBFAF7B8FF834B199411
:10137000834C1693834B179316A9834B18932046DF
:10138000FAF784FE237C012B40F0D7807F490320AD
:101390007F4EDFF80082804C804DF6F721FF30460B
:1013A0007F49F9F7D8FC7F4B754A7F481A9300278D
:1013B0007E4B1D971AA9CDF86C801C93FBF7A6FAFB
:1013C0007B4B1E937B4B1F937B4B7C4820931EA92A
:1013D0007B4B21932294FBF76FFEFCF72BF9794BA3
:1013E0002993794B2A93794B2B93794B2C93794BF7
:1013F0002D93794B794829A9CDE92E34FCF792F940
:1014000039467748FFF75AFD674902A8FBF72CFADF
:101410007448F6F7BCFE74490320F6F7E1FE39463E
:101420002046FFF7F3FC3A4670492046FFF720FDBF
:101430006F4B23936F4B24936F4B25936F4B2693E6
:101440006F4B23A92846CDE92734F9F7A4FF6D4B4C
:1014500085F83070CDE91038CDE90065129406F5B5
:10146000005610AB0ECB6848DFF8A081F8F770F893
:10147000D6F88C21644806F10A01F8F77DF84FF0A0
:10148000013263482146FFF723FD61480121FFF740
:1014900029FD60490320F6F7A3FEF6F739FE4FF465
:1014A0007A77B0FBF7F6F6F733FEB0FBF7F713A841
:1014B000F7F7E0FF9DF84C3053B198F800200AB9D7
:1014C000AA7E0AB9042B3FD04F4813A9F8F79DF81C
:1014D000F6F71EFE4FF47A73B0FBF3F4A31BC72B91
:1014E0000DD92E482146FAF72FF995F82F102E48DE
:1014F000FBF752FA2C482146FBF718FB2646E21B65
:101500004EF65F239A4204D9FBF764FFFAF7FCFE1C
:10151000274698F80030FBB1EB7EAA7E53EA02041E
:101520001AD1FBF7B7FF98B9C820FCF749F8BEE716
:1015300039490220F6F754FE03E7022B01D137495F
:1015400025E73749022023E71748FBF717FBBFE7DA
:101550002046FBF7A5FFE7E71420E6E7A41D0100FE
:101560003B1D0100009000407F110100C01D0100E3
:101570002DB8000081B800007B110100411101006D
:10158000804400201911010015110100E71D010020
:1015900094440020B11101005C1A00200C1A0020B4
:1015A0002C660020BD0F010060010020210F01000A
:1015B000051101001510010009100100180100209B
:1015C0005B0F010003100100FF0F0100FB0F010082
:1015D000F70F0100ED0F0100490F0100500000203E
:1015E000851101000B1E0100191E01001D120100D2
:1015F000370F0100D9110100950F01006D0F010097
:10160000190F0100250F0100EC1900204D000020EA
:10161000481A00204B1E0100D11D0100EE1D0100E3
:10162000F51D01000148F7F71FB800BF2C66002028
:101630007BB972B90029BEBF00204FF0004106E01F
:1016400008BF00281CBF6FF000414FF0FF3000F0D2
:10165000CFB9ADF1080C6DE904CE002909DB002BF0
:101660001ADB00F049F8DDF804E0DDE9022304B0FC
:101670007047404261EB4101002B1BDB00F03CF85E
:10168000DDF804E0DDE9022304B0404261EB4101F2
:10169000524263EB43037047524263EB430300F053
:1016A0002BF8DDF804E0DDE9022304B0404261EBF1
:1016B00041017047524263EB430300F01DF8DDF82F
:1016C00004E0DDE9022304B0524263EB43037047B8
:1016D000430803F05533C01A830803F0333300F096
:1016E0003330184400EB101000F00F3000EB0020F6
:1016F00000EB0040000E70472DE9F047089D0F46B3
:1017000004468C46002B48D18A42164661D9B2FA6B
:1017100082F34BB1C3F1200201FA03FC20FA02F27A
:101720009E4042EA0C0C9C404FEA164EB7B2BCFBFE
:10173000FEF1220C0EFB11CC42EA0C4201FB07F039
:10174000904209D9B21801F1FF3C80F0EE8090423E
:1017500040F2EB8002393244121AA4B2B2FBFEF01E
:101760000EFB102244EA024400FB07F7A74209D906
:10177000341900F1FF3280F0DA80A74240F2D780BE
:101780003444023840EA0140E41B00211DB1DC4032
:101790000023C5E90043BDE8F0878B4206D90DB1AF
:1017A000C5E9000100210846BDE8F087B3FA83F1DE
:1017B000002948D1BB4202D3824200F20781841A39
:1017C00067EB030201209446002DE4D0C5E9004CEC
:1017D000E1E7002A00F09280B2FA82F3002B40F099
:1017E000A8808A1A4FEA164E1FFA86FC0121200CA7
:1017F000B2FBFEF70EFB172240EA02420CFB07F099
:10180000904207D9B21807F1FF3802D2904200F295
:10181000E2804746121AA4B2B2FBFEF00EFB102281
:1018200044EA02440CFB00FCA44507D9341900F13A
:10183000FF3202D2A44500F2CB801046A4EB0C0488
:1018400040EA0740A2E7C1F120068B4022FA06FCDD
:101850004CEA030C07FA01F420FA06F3F7404FEACA
:101860001C49234300FA01F81FFA8CFEB7FBF9F07C
:101870001C0C09FB107744EA074400FB0EF7A74253
:1018800002FA01F20AD91CEB040400F1FF3A80F0DD
:101890009B80A74240F2988002386444E41B9FB2C8
:1018A000B4FBF9F309FB134447EA044403FB0EFEBF
:1018B000A64509D91CEB040403F1FF3780F08280B0
:1018C000A6457FD9023B644443EA0040A4EB0E04E2
:1018D000A0FB02E7BC427346B94663D360D05DB15A
:1018E000B8EB030264EB090404FA06F622FA01F3EA
:1018F0001E43CC40C5E9006400214CE7620848085B
:1019000042EAC1710B0C43EA00438AB242EA034245
:10191000B3FBF6F1E407B4463746B6461F23B0FBE7
:10192000F6F0D21B41EA004161E7614614E7104638
:1019300028E7C3F1200120FA01F29E4027FA01F1C5
:101940009F403A434FEA164E1FFA86FCB1FBFEF762
:101950000EFB1710110C41EA004107FB0CF88845FB
:1019600004FA03F43AD9711807F1FF3001D288451F
:101970001FD8A1EB0801B1FBFEF808FB0CF70EFB2A
:10198000181192B242EA0142BA422FD2B21808F1BB
:10199000FF31C6D2BA42C4D2A8F102013244C0E734
:1019A000F0459CD2BEEB020367EB0C070138B94649
:1019B00095E7A6EB08084144B81EB1FBFEF808FB0A
:1019C0000CF7DCE73B467FE7504667E70846FBE657
:1019D0003444023832E7023F32441BE7A1EB0801EE
:1019E0003846B1FBFEF808FB0CF7C8E7414698E71C
:1019F000704700BF10B501390244904201D1002068
:101A000005E0037811F8014FA34201D0181B10BD67
:101A10000130F2E702440346934200D1704703F8D5
:101A2000011BF9E7C9B20346184613F8012B12B19E
:101A30008A42F9D17047002918BF0020704770B55D
:101A400003461E4613F8014B44B14A1E01E0A5426D
:101A500004D012F8015F002DF9D1F2E7301A70BD01
:101A600070B503461E4613F8014B3CB14A1E01E017
:101A7000A542F7D012F8015F002DF9D1301A70BDE0
:101A80000A44914200F1FF3300D1704710B511F8BC
:101A9000014B03F8014F9142F9D110BD034613F8F1
:101AA000012B002AFBD1181A013870470D0A005B80
:101AB000005D20005465726D696E616C00D0040D8C
:101AC00011132B3F544C180D0B1F2300D0040C1185
:101AD000132C3F44512F1F1F20230073657373691C
:101AE0006F6E3A206C696E6B20757020E2869220D2
:101AF000436F6E6E65637465642C2048454C4C4F93
:101B00005F4F464645520073657373696F6E3A20A6
:101B1000686561727462656174207374616C6520BC
:101B20006F7665726C61790073657373696F6E3A75
:101B3000205265616479202873616D652070686F3B
:101B40006E65290073657373696F6E3A2052656123
:101B5000647920286E65772F6F74686572207068CD
:101B60006F6E65290073657373696F6E3A2048451F
:101B70004C4C4F5F4143434550542072656A656346
:101B80007465640073657373696F6E3A2048454CE1
:101B90004C4F5F52454A45435420E2809420726581
:101BA0006D61696E20436F6E6E656374656400736A
:101BB000657373696F6E3A2035206D697373656460
:101BC000206865617274626561747320E28094209C
:101BD000706F702072656D6F746500616D6269650C
:101BE0006E74006163746976650073747265616D0B
:101BF000696E67003838003030003031002F617373
:101C000073657473005057523A20736F6674206482
:101C1000656275672D617373697374206F666620E2
:101C2000E2809420706F7765722D6379636C652014
:101C300061667465722053574420646973636F6EE4
:101C40006E65637420666F7220476174652043007F
:101C500050575220696E737472756D206F6E20E25A
:101C6000809420636F7272656C6174652052545465
:101C700020505752206C696E657320776974682014
:101C800063757272656E74207472616365003F00E3
:101C900050575220743D3078002D3E00676C616EC5
:101CA000636500626F6F743A20494D4147455F4F4D
:101CB0004B20636F6E6669726D6564206166746542
:101CC0007220424C452073657373696F6E002E2E2F
:101CD000006C6974746C65667300424C453A204E22
:101CE000696D424C45206E6F74206C696E6B656443
:101CF0002028534C4154455F4841535F4E494D4263
:101D00004C453D302920E28094207472616E7370DE
:101D10006F72742072656164792C20726164696FDE
:101D20002069646C6500424C453A20536C617465CF
:101D30002055554944206261736520653937396102
:101D40006366622D633333382D343466612D613917
:101D500036322D6539366534636630373866330080
:101D6000424C453A20536572766963652065393780
:101D700039616366622D633333382D303030302D56
:101D8000613936322D6539366534636630373866E9
:101D9000330070726F66696C6520002F6173736524
:101DA00074732F00536C617465204D313520E280CF
:101DB00094204F5441202F204D4355426F6F7400A3
:101DC0004C6974746C654653206D6F756E746564F0
:101DD000004C6974746C654653206D6F756E742089
:101DE0006661696C656400424D4134323100424D98
:101DF0004134323500424D4120756E6B6E6F776E07
:101E0000202F206D697373696E6700627564676562
:101E100074206C6F63616C20006C6F63616C2D7358
:101E2000637265656E2D7374617465202F206E6F0B
:101E30007469662D73746F72652073697A656420A6
:101E40002873656520646F637329004D31352072F6
:101E5000656164792028617761697420424C45206E
:101E6000666F7220494D4147455F4F4B20636F6E4F
:101E70006669726D29004557494430313233343533
:101E800036373839414243444546000C0C00333361
:101E90000000040009000D00120016001B001F00C6
:101EA000240028002C003100350039003E0042009B
:101EB00046004A004F00530057005B005F0063007C
:101EC00067006B006F00730077007A007E0082006D
:101ED000850089008D009000930097009A009E0075
:101EE000A100A400A700AB00AE00B100B400B60092
:101EF000B900BC00BF00C100C400C600C900CB00CF
:101F0000CD00D000D200D400D600D800DA00DB002B
:101F1000DD00DF00E000E200E300E400E600E700AF
:101F2000E800E900EA00EB00EC00ED00ED00EE0057
:101F3000EF00EF00F000F000F100F100F100F2001E
:101F4000F200F200F20000020300000000000000B6
:101F50000100FFFF00001428287850000000000056
:101F60000000000015A6000017A6000019A600003A
:101F70001BA600001DA600001FA6000021A6000051
:101F800023A6000025A6000027A6000029A6000021
:101F90002BA600002DA600002FA6000031A60000F1
:101FA00033A6000047A6000075A60000E1A60000C9
:101FB0003BA600003DA600003FA6000041A6000091
:101FC00043A6000045A6000000000000000000003D
:101FD00049A7000017A6000049A80000DFA80000DC
:101FE000B3A9000047A900005FAA0000FFA90000F4
:101FF00017AB000039A7000033AC000069AC00004B
:102000009FAC0000CBAC0000F7AC00009FAA000022
:1020100035A6000037A6000011A8000043AB000061
:10202000FFA6000001A7000001A7000043A60000D2
:1020300045A60000000000000000000015A60000FA
:1020400017A6000019A600001BA600001DA6000090
:102050001FA6000021A6000023A6000025A6000060
:1020600027A6000029A600002BA600002DA6000030
:102070002FA6000031A6000033A6000035A6000000
:1020800037A6000039A600003BA600003DA60000D0
:1020900009A7000003A7000043A6000045A6000012
:1020A00007050505070202020202070107040707E8
:1020B00001070107050507010107040701070704D8
:1020C00007050707010101010705070507070507C0
:1020D00001070000000200000010000000000000E6
:1020E00000000000DB1B0100000090010100000067
:1020F000E31B01003700180002000000EA1B01008A
:1021000046000C001F1C1F1E1F1E1F1F1E1F1E1F10
:10211000010305010000000010000000DB1B0100AE
:102120009C1C0100E31B0100EA1B010010000000E1
:10213000982F8A4291443771CFFBC0B5A5DBB5E932
:102140005BC25639F111F159A4823F92D55E1CABA6
:1021500098AA07D8015B8312BE853124C37D0C5534
:10216000745DBE72FEB1DE80A706DC9B74F19BC17C
:10217000C1699BE48647BEEFC69DC10FCCA10C246C
:102180006F2CE92DAA84744ADCA9B05CDA88F97650
:1021900052513E986DC631A8C82703B0C77F59BFBA
:1021A000F30BE0C64791A7D55163CA0667292914E6
:1021B000850AB72738211B2EFC6D2C4D130D385383
:1021C00054730A65BB0A6A762EC9C281852C729245
:1021D000A1E8BFA24B661AA8708B4BC2A3516CC773
:1021E00019E892D1240699D685350EF470A06A10AC
:1021F00016C1A419086C371E4C774827B5BCB034FB
:10220000B30C1C394AAAD84E4FCA9C5BF36F2E6898
:10221000EE828F746F63A5781478C8840802C78C27
:10222000FAFFBE90EB6C50A4F7A3F9BEF27871C62A
:1022300077C295F360D2EF7F3552500F2CB679807C
:10224000FFFFFFFFFFFFFFFF000000006410B71D4E
:10225000C8206E3BAC30D9269041DC76F4516B6BD4
:102260005861B24D3C7105502083B8ED44930FF096
:10227000E8A3D6D68CB361CBB0C2649BD4D2D3864C
:1022800078E20AA01CF2BDBD17001B001B00010173
:10229000000000002F6173736574732F2E737461D7
:0822A00067696E670000000091
:0822A80050F4FF7F010000006B
:0422B00025160100EE
:1022B4005345474745522052545400000000000043
:1022C4000100000001000000B41A0100E82A002007
:1022D40000040000000000000000000000000000F6
:1022E400B41A0100D82A00201000000000000000E9
:1022F4000000000000000000FFFFFFFF02010000DB
:1023040000000000000000000000000000000000C9
:1023140000000000000000000000000000000000B9
:1023240000000000000000000008000000000000A1
:102334000000000000000000000000000000000099
:102344000000000000000000000000000000000089
:102354000000000000000000000000000000000079
:102364000000000000000000000000000000000069
:102374000000000000000000000000000000000059
:102384000000000000000000000000000000000049
:102394000000000000000000000000000000000039
:1023A4000000000000000000000000000000000029
:1023B4000000000000000000000000000000000019
:1023C4000000000000000000000000000000000009
:1023D40000000000000000000000000000000000F9
:1023E40000000000000000000000000000040000E5
:1023F40000000000000000000000000000000000D9
:1024040000000000000000000000000000000000C8
:1024140000000000000000000000000000000000B8
:102424000000000000000000000064000000000044
:10243400000000000000000001030501000000008E
:102444000000000000000000000000000000000088
:102454000000000000000000000000000000000078
:102464000000000000000000000000000000000068
:102474000000000000000000000000000000000058
:102484000000000000000000000000000000000048
:102494000000000000000000000000000000000038
:1024A4000000000000000000000000000000000028
:1024B4000000000000000000000000000000000018
:1024C4000000000000000000000000000000000008
:1024D40000000000000000000000000000000000F8
:1024E40000000000000000000000000000000000E8
:1024F40000000000000000000000000000000000D8
:1025040000000000000000000000000000000000C7
:1025140000000000000000000000000000000000B7
:1025240000000000000000000000000000000000A7
:102534000000000000000000000000000000000097
:102544000000000000000000000000000000000087
:102554000000000000000000000000000000000077
:102564000000000000000000000000000000000067
:102574000000000000000000000000000000000057
:102584000000000000000000000000000000000047
:102594000000000000000000000000000000000037
:1025A4000000000000000000000000000000000027
:1025B4000000000000000000000000000000000017
:1025C4000000000000000000000000000000000007
:1025D40000000000000000000000000000000000F7
:1025E40000000000000000000000000000000000E7
:1025F40000000000000000000000000000000000D7
:1026040000000000000000000000000000000000C6
:1026140000000000000000000000000000000000B6
:1026240000000000000000000000000000000000A6
:102634000000000000000000000000000000000096
:102644000000000000000000000000000000000086
:102654000000000000000000000000000000000076
:102664000000000000000000000000000000000066
:102674000000000000000000000000000000000056
:102684000000000000000000000000000000000046
:102694000000000000000000000000000000000036
:1026A4000000000000000000000000000000000026
:1026B4000000000000000000000000000000000016
:1026C4000000000000000000000000000000000006
:1026D40000000000000000000000000000000000F6
:1026E40000000000000000000000000000000000E6
:1026F40000000000000000000000000000000000D6
:1027040000000000000000000000000000000000C5
:1027140000000000000000000000000000000000B5
:1027240000000000000000000000000000000000A5
:102734000000000000000000000000000000000095
:102744000000000000000000000000000000000085
:102754000000000000000000000000000000000075
:102764000000000000000000000000000000000065
:102774000000000000000000000000000000000055
:102784000000000000000000000000000000000045
:102794000000000000000000000000000000000035
:1027A4000000000000000000000000000000000025
:1027B4000000000000000000000000000000000015
:1027C4000000000000000000000000000000000005
:1027D40000000000000000000000000000000000F5
:1027E40000000000000000000000000000000000E5
:1027F40000000000000000000000000000000000D5
:1028040000000000000000000000000000000000C4
:1028140000000000000000000000000000000000B4
:1028240000000000000000000000000000000000A4
:102834000000000000000000000000000000000094
:102844000000000000000000000000000000000084
:102854000000000000000000000000000000000074
:102864000000000000000000000000000000000064
:102874000000000000000000000000000000000054
:102884000000000000000000000000000000000044
:102894000000000000000000000000000000000034
:1028A4000000000000000000000000000000000024
:1028B4000000000000000000000000000000000014
:1028C4000000000000000000000000000000000004
:1028D40000000000000000000000000000000000F4
:1028E40000000000000000000000000000000000E4
:1028F40000000000000000000000000000000000D4
:1029040000000000000000000000000000000000C3
:1029140000000000000000000000000000000000B3
:1029240000000000000000000000000000000000A3
:102934000000000000000000000000000000000093
:102944000000000000000000000000000000000083
:102954000000000000000000000000000000000073
:102964000000000000000000000000000000000063
:102974000000000000000000000000000000000053
:102984000000000000000000000000000000000043
:102994000000000000000000000000000000000033
:1029A4000000000000000000000000000000000023
:1029B4000000000000000000000000000000000013
:1029C4000000000000000000000000000000000003
:1029D40000000000000000000000000000000000F3
:1029E40000000000000000000000000000000000E3
:1029F40000000000000000000000000000000000D3
:102A040000000000000000000000000000000000C2
:102A140000000000000000000000000000000000B2
:102A240000000000000000000000000000000000A2
:102A34000000000000000000000000000000000092
:102A44000000000000000000000000000000000082
:102A54000000000000000000000000000000000072
:102A64000000000000000000000000000000000062
:102A74000000000000000000000000000000000052
:102A84000000000000000000000000000000000042
:102A94000000000000000000000000000000000032
:102AA4000000000000000000000000000000000022
:102AB4000000000000000000000000000000000012
:102AC4000000000000000000000000000000000002
:102AD40000000000000000000000000000000000F2
:102AE40000000000000000000000000000000000E2
:102AF40000000000000000000000000000000000D2
:102B040000000000000000000000000000000000C1
:102B140000000000000000000000000000000000B1
:102B240000000000000000000000000000000000A1
:102B34000000000000000000000000000000000091
:102B44000000000000000000000000000000000081
:102B54000000000000000000000000000000000071
:102B64000000000000000000000000000000000061
:102B74000000000000000000000000000000000051
:102B84000000000000000000000000000000000041
:102B94000000000000000000000000000000000031
:102BA4000000000000000000000000000000000021
:102BB4000000000000000000000000000000000011
:102BC4000000000000000000000000000000000001
:102BD40000000000000000000000000000000000F1
:102BE40000000000000000000000000000000000E1
:102BF40000000000000000000000000000000000D1
:102C040000000000000000000000000000000000C0
:102C140000000000000000000000000000000000B0
:102C240000000000000000000000000000000000A0
:102C34000000000000000000000000000000000090
:102C44000000000000000000000000000000000080
:102C54000000000000000000000000000000000070
:102C64000000000000000000000000000000000060
:102C74000000000000000000000000000000000050
:102C84000000000000000000000000000000000040
:102C94000000000000000000000000000000000030
:102CA4000000000000000000000000000000000020
:102CB4000000000000000000000000000000000010
:102CC4000000000000000000000000000000000000
:102CD40000000000000000000000000000000000F0
:102CE40000000000000000000000000000000000E0
:102CF40000000000000000000000000000000000D0
:102D040000000000000000000000000000000000BF
:102D140000000000000000000000000000000000AF
:102D2400000000000000000000000000000000009F
:102D3400000000000000000000000000000000008F
:102D4400000000000000000000000000000000007F
:102D5400000000000000000000000000000000006F
:102D6400000000000000000000000000000000005F
:102D7400000000000000000000000000000000004F
:102D8400000000000000000000000000000000003F
:102D9400000000000000000000000000000000002F
:102DA400000000000000000000000000000000001F
:102DB400000000000000000000000000000000000F
:102DC40000000000000000000000000000000000FF
:102DD40000000000000000000000000000000000EF
:102DE40000000000000000000000000000000000DF
:102DF40000000000000000000000000000000000CF
:102E040000000000000000000000000000000000BE
:102E140000000000000000000000000000000000AE
:102E2400000000000000000000000000000000009E
:102E3400000000000000000000000000000000008E
:102E4400000000000000000000000000000000007E
:102E5400000000000000000000000000000000006E
:102E6400000000000000000000000000000000005E
:102E7400000000000000000000000000000000004E
:102E8400000000000000000000000000000000003E
:102E9400000000000000000000000000000000002E
:102EA400000000000000000000000000000000001E
:102EB400000000000000000000000000000000000E
:102EC40000000000000000000000000000000000FE
:102ED40000000000000000000000000000000000EE
:102EE40000000000000000000000000000000000DE
:102EF40000000000000000000000000000000000CE
:102F040000000000000000000000000000000000BD
:102F140000000000000000000000000000000000AD
:102F2400000000000000000000000000000000009D
:102F3400000000000000000000000000000000008D
:102F4400000000000000000000000000000000007D
:102F5400000000000000000000000000000000006D
:102F6400000000000000000000000000000000005D
:102F7400000000000000000000000000000000004D
:102F8400000000000000000000000000000000003D
:102F9400000000000000000000000000000000002D
:102FA400000000000000000000000000000000001D
:102FB400000000000000000000000000000000000D
:102FC40000000000000000000000000000000000FD
:102FD40000000000000000000000000000000000ED
:102FE40000000000000000000000000000000000DD
:102FF40000000000000000000000000000000000CD
:1030040000000000000000000000000000000000BC
:1030140000000000000000000000000000000000AC
:10302400000000000000000000000000000000009C
:10303400000000000000000000000000000000008C
:10304400000000000000000000000000000000007C
:103054000000003F0000000000000000000000002D
:10306400000000000000000000000000000000005C
:10307400000000000000000000000000000000004C
:10308400000000000000000000000000000000003C
:10309400000000000000000000000000000000002C
:1030A400000000000000000000000000000000001C
:1030B400000000000000000000000000000000000C
:1030C40000000000000000000000000000000000FC
:1030D40000000000000000000000000000000000EC
:1030E40000000000000000000000000000000000DC
:1030F4000000003F0000000000000000000000008D
:1031040000000000000000000000000000000000BB
:1031140000000000000000000000000000000000AB
:10312400000000000000000000000000000000009B
:10313400000000000000000000000000000000008B
:10314400000000000000000000000000000000007B
:10315400000000000000000000000000000000006B
:10316400000000000000000000000000000000005B
:10317400000000000000000000000000000000004B
:10318400000000000000000000000000000000003B
:103194000000003F000000000000000000000000EC
:1031A400000000000000000000000000000000001B
:1031B400000000000000000000000000000000000B
:1031C40000000000000000000000000000000000FB
:1031D40000000000000000000000000000000000EB
:1031E40000000000000000000000000000000000DB
:1031F40000000000000000000000000000000000CB
:1032040000000000000000000000000000000000BA
:1032140000000000000000000000000000000000AA
:10322400000000000000000000000000000000009A
:103234000000003F0000000000000000000000004B
:10324400000000000000000000000000000000007A
:10325400000000000000000000000000000000006A
:10326400000000000000000000000000000000005A
:10327400000000000000000000000000000000004A
:10328400000000000000000000000000000000003A
:10329400000000000000000000000000000000002A
:1032A400000000000000000000000000000000001A
:1032B400000000000000000000000000000000000A
:1032C40000000000000000000000000000000000FA
:1032D4000000003F000000000000000000000000AB
:1032E40000000000000000000000000000000000DA
:1032F40000000000000000000000000000000000CA
:1033040000000000000000000000000000000000B9
:1033140000000000000000000000000000000000A9
:103324000000000000000000000000000000000099
:103334000000000000000000000000000000000089
:103344000000000000000000000000000000000079
:103354000000000000000000000000000000000069
:103364000000000000000000000000000000000059
:103374000000003F0000000000000000000000000A
:103384000000000000000000000000000000000039
:103394000000000000000000000000000000000029
:1033A4000000000000000000000000000000000019
:1033B4000000000000000000000000000000000009
:1033C40000000000000000000000000000000000F9
:1033D40000000000000000000000000000000000E9
:1033E40000000000000000000000000000000000D9
:1033F40000000000000000000000000000000000C9
:1034040000000000000000000000000000000000B8
:103414000000003F00000000000000000000000069
:103424000000000000000000000000000000000098
:103434000000000000000000000000000000000088
:103444000000000000000000000000000000000078
:103454000000000000000000000000000000000068
:103464000000000000000000000000000000000058
:103474000000000000000000000000000000000048
:103484000000000000000000000000000000000038
:103494000000000000000000000000000000000028
:1034A4000000000000000000000000000000000018
:1034B4000000003F000000000000000000000000C9
:1034C40000000000000000000000000000000000F8
:1034D40000000000000000000000000000000000E8
:1034E40000000000000000000000000000000000D8
:1034F40000000000000000000000000000000000C8
:1035040000000000000000000000000000000000B7
:1035140000000000000000000000000000000000A7
:103524000000000000000000000000000000000097
:103534000000000000000000000000000000000087
:103544000000000000000000000000000000000077
:103554000000003F00000000000000000000000028
:103564000000000000000000000000000000000057
:103574000000000000000000000000000000000047
:103584000000000000000000000000000000000037
:103594000000000000000000000000000000000027
:1035A4000000000000000000000000000000000017
:1035B4000000000000000000000000000000000007
:1035C40000000000000000000000000000000000F7
:1035D40000000000000000000000000000000000E7
:1035E40000000000000000000000000000000000D7
:1035F4000000003F00000000000000000000000088
:1036040000000000000000000000000000000000B6
:1036140000000000000000000000000000000000A6
:103624000000000000000000000000000000000096
:103634000000000000000000000000000000000086
:103644000000000000000000000000000000000076
:103654000000000000000000000000000000000066
:103664000000000000000000000000000000000056
:103674000000000000000000000000000000000046
:103684000000000000000000000000000000000036
:103694000000003F000000000000000000000000E7
:1036A4000000000000000000000000000000000016
:1036B4000000000000000000000000000000000006
:1036C40000000000000000000000000000000000F6
:1036D40000000000000000000000000000000000E6
:1036E40000000000000000000000000000000000D6
:1036F40000000000000000000000000000000000C6
:1037040000000000000000000000000000000000B5
:1037140000000000000000000000000000000000A5
:103724000000000000000000000000000000000095
:103734000000003F00000000000000000000000046
:103744000000000000000000000000000000000075
:103754000000000000000000000000000000000065
:103764000000000000000000000000000000000055
:103774000000000000000000000000000000000045
:103784000000000000000000000000000000000035
:103794000000000000000000000000000000000025
:1037A4000000000000000000000000000000000015
:1037B4000000000000000000000000000000000005
:1037C40000000000000000000000000000000000F5
:1037D4000000003F000000000000000000000000A6
:1037E40000000000000000000000000000000000D5
:1037F40000000000000000000000000000000000C5
:1038040000000000000000000000000000000000B4
:1038140000000000000000000000000000000000A4
:103824000000000000000000000000000000000094
:103834000000000000000000000000000000000084
:103844000000000000000000000000000000000074
:103854000000000000000000000000000000000064
:103864000000000000000000000000000000000054
:103874000000003F00000000000000000000000005
:103884000000000000000000000000000000000034
:103894000000000000000000000000000000000024
:1038A4000000000000000000000000000000000014
:1038B4000000000000000000000000000000000004
:1038C40000000000000000000000000000000000F4
:1038D40000000000000000000000000000000000E4
:1038E40000000000000000000000000000000000D4
:1038F40000000000000000000000000000000000C4
:1039040000000000000000000000000000000000B3
:103914000000003F00000000000000000000000064
:103924000000000000000000000000000000000093
:103934000000000000000000000000000000000083
:103944000000000000000000000000000000000073
:103954000000000000000000000000000000000063
:103964000000000000000000000000000000000053
:103974000000000000000000000000000000000043
:103984000000000000000000000000000000000033
:103994000000000000000000000000000000000023
:1039A4000000000000000000000000000000000013
:1039B4000000003F000000000000000000000000C4
:1039C40000000000000000000000000000000000F3
:1039D40000000000000000000000000000000000E3
:1039E40000000000000000000000000000000000D3
:1039F40000000000000000000000000000000000C3
:103A040000000000000000000000000000000000B2
:103A140000000000000000000000000000000000A2
:103A24000000000000000000000000007F00000013
:103A3400000000007F000000000000007F00000084
:103A4400000000007F000000000000007F00000074
:103A5400000000007F000000000000007F00000064
:103A6400000000007F0000000000000000000000D3
:103A74000000000000000000000000000000000042
:103A84000000000000000000000000000000000032
:103A94000000000000000000000000000000000022
:103AA4000000000000000000000000000000000012
:103AB4000000000000000000000000000000000002
:103AC40000000000000000000000000000000000F2
:103AD40000000000000000000000000000000000E2
:103AE40000000000000000000000000000000000D2
:103AF40000000000000000000000000000000000C2
:103B040000000000000000000000000000000000B1
:103B140000000000000000000000000000000000A1
:103B24000000000000000000000000000000000091
:103B34000000000000000000000000000000000081
:103B44000000000000000000000000000000000071
:103B54000000000000000000000000000000000061
:103B64000000000000000000000000000000000051
:103B74000000000000000000000000000000000041
:103B84000000000000000000000000000000000031
:103B94000000000000000000000000000000000021
:103BA4000000000000000000000000000000000011
:103BB4000000000000000000000000000000000001
:103BC40000000000000000000000000000000000F1
:103BD40000000000000000000000000000000000E1
:103BE40000000000000000000000000000000000D1
:103BF40000000000000000000000000000000000C1
:103C040000000000000000000000000000000000B0
:103C140000000000000000000000000000000000A0
:103C24000000000000000000000000000000000090
:103C34000000000000000000000000000000000080
:103C44000000000000000000000000000000000070
:103C54000000000000000000000000000000000060
:103C64000000000000000000000000000000000050
:103C74000000000000000000000000000000000040
:103C84000000000000000000000000000000000030
:103C9400000000000000000001000000000000001F
:103CA4000000000000000000000000000000000010
:103CB4000000000000000000FFFF00000000000002
:103CC40000000000000000000000000000000000F0
:103CD40000000000000000010000000000000000DF
:103CE40000000000000000000000000000000000D0
:103CF40000000000000000000000000001010101BC
:103D040000000000000000000000000000000000AF
:103D1400000000000000000000000000000000009F
:103D2400000000000000000000000000000000008F
:103D3400000000000000000000000000000000007F
:103D4400000000000000000000000000000000006F
:103D5400000000000000000000000000000000005F
:103D6400000000000000000000000000000000004F
:103D7400000000000000000000000000000000003F
:103D8400000000000000000000000000000000002F
:103D9400000000000000000000000000000000001F
:103DA400000000000000000000000000000000000F
:103DB40000000000000000000000000000000000FF
:103DC40000000000000000000000000000000000EF
:103DD40000000000000000000000000000000000DF
:103DE40000000000000000000000000000000000CF
:103DF40000000000000000000000000000000000BF
:103E040000000000000000000000000000000000AE
:103E1400000000000000000000000000000000009E
:103E2400000000000000000000000000000000008E
:103E3400000000000000000000000000000000007E
:103E4400000000000000000000000000000000006E
:103E5400000000000000000000000000000000005E
:103E6400000000000000000000000000000000004E
:103E7400000000000000000000000000000000003E
:103E8400000000000000000000000000000000002E
:103E9400000000000000000000000000000000001E
:103EA400000000000000000000000000000000000E
:103EB40000000000000000000000000000000000FE
:103EC40000000000000000000000000000000000EE
:103ED40000000000000000000000000000000000DE
:103EE40000000000000000000000000000000000CE
:103EF40000000000000000000000000000000000BE
:103F040000000000000000000000000000000000AD
:103F1400000000000000000000000000000000009D
:103F2400000000000000000000000000000000008D
:103F3400000000000000000000000000000000007D
:103F4400000000000000000000000000000000006D
:103F5400000000000000000000000000000000005D
:103F6400000000000000000000000000000000004D
:103F7400000000000000000000000000000000003D
:103F8400000000000000000000000000000000002D
:103F9400000000000000000000000000000000001D
:103FA400000000000000000000000000000000000D
:103FB40000000000000000000000000000000000FD
:103FC40000000000000000000000000000000000ED
:103FD40000000000000000000000000000000000DD
:103FE40000000000000000000000000000000000CD
:103FF40000000000000000000000000000000000BD
:1040040000000000000000000000000000000000AC
:10401400000000000000000000000000000000009C
:10402400000000000000000000000000000000008C
:10403400000000000000000000000000000000007C
:10404400000000000000000000000000000000006C
:10405400000000000000000000000000000000005C
:10406400000000000000000000000000000000004C
:10407400000000000000000000000000000000003C
:10408400000000000000000000000000000000002C
:10409400000000000000000000000000000000001C
:1040A400000000000000000000000000000000000C
:1040B40000000000000000000000000000000000FC
:1040C40000000000000000000000000000000000EC
:1040D40000000000000000000000000000000000DC
:1040E40000000000000000000000000000000000CC
:1040F40000000000000000000000000000000000BC
:1041040000000000000000000000000000000000AB
:10411400000000000000000000000000000000009B
:10412400000000000000000000000000000000008B
:10413400000000000000000000000000000000007B
:10414400000000000000000000000000000000006B
:10415400000000000000000000000000000000005B
:10416400000000000000000000000000000000004B
:10417400000000000000000000000000000000003B
:10418400000000000000000000000000000000002B
:10419400000000000000000000000000000000001B
:1041A400000000000000000000000000000000000B
:1041B40000000000000000000000000000000000FB
:1041C40000000000000000000000000000000000EB
:1041D40000000000000000000000000000000000DB
:1041E40000000000000000000000000000000000CB
:1041F40000000000000000000000000000000000BB
:1042040000000000000000000000000000000000AA
:10421400000000000000000000000000000000009A
:10422400000000000000000000000000000000008A
:10423400000000000000000000000000000000007A
:10424400000000000000000000000000000000006A
:10425400000000000000000000000000000000005A
:10426400000000000000000000000000000000004A
:10427400000000000000000000000000000000003A
:10428400000000000000000000000000000000002A
:10429400000000000000000000000000000000001A
:1042A400000000000000000000000000000000000A
:1042B40000000000000000000000000000000000FA
:1042C40000000000000000000000000000000000EA
:1042D40000000000000000000000000000000000DA
:1042E40000000000000000000000000000000000CA
:1042F40000000000000000000000000000000000BA
:1043040000000000000000000000000000000000A9
:104314000000000000000000000000000000000099
:104324000000000000000000000000000000000089
:104334000000000000000000000000000000000079
:104344000000000000000000000000000000000069
:104354000000000000000000000000000000000059
:104364000000000000000000000000000000000049
:104374000000000000000000000000000000000039
:104384000000000000000000000000000000000029
:104394000000000000000000000000000000000019
:1043A4000000000000000000000000000000000009
:1043B40000000000000000000000000000000000F9
:1043C40000000000000000000000000000000000E9
:1043D40000000000000000000000000000000000D9
:1043E40000000000000000000000000000000000C9
:1043F40000000000000000000000000000000000B9
:1044040000000000000000000000000000000000A8
:104414000000000000000000000000000000000098
:104424000000000000000000000000000000000088
:104434000000000000000000000000000000000078
:104444000000000000000000000000000000000068
:104454000000000000000000000000000000000058
:104464000000000000000000000000000000000048
:104474000000000000000000000000000000000038
:104484000000000000000000000000000000000028
:104494000000000000000000000000000000000018
:1044A4000000000000000000000000000000000008
:1044B40000000000000000000000000000000000F8
:1044C40000000000000000000000000000000000E8
:1044D40000000000000000000000000000000000D8
:1044E40000000000000000000000000000000000C8
:1044F40000000000000000000000000000000000B8
:1045040000000000000000000000000000000000A7
:104514000000000000000000000000000000000097
:104524000000000000000000000000000000000087
:104534000000000000000000000000000000000077
:104544000000000000000000000000000000000067
:104554000000000000000000000000000000000057
:104564000000000000000000000000000000000047
:104574000000000000000000000000000000000037
:104584000000000000000000000000000000000027
:104594000000000000000000000000000000000017
:1045A4000000000000000000000000000000000007
:1045B40000000000000000000000000000000000F7
:1045C40000000000000000000000000000000000E7
:1045D40000000000000000000000000000000000D7
:1045E40000000000000000000000000000000000C7
:1045F40000000000000000000000000000000000B7
:1046040000000000000000000000000000000000A6
:104614000000000000000000000000000000000096
:104624000000000000000000000000000000000086
:104634000000000000000000000000000000000076
:104644000000000000000000000000000000000066
:104654000000000000000000000000000000000056
:104664000000000000000000000000000000000046
:104674000000000000000000000000000000000036
:104684000000000000000000000000000000000026
:104694000000000000000000000000000000000016
:1046A4000000000000000000000000000000000006
:1046B40000000000000000000000000000000000F6
:1046C40000000000000000000000000000000000E6
:1046D40000000000000000000000000000000000D6
:1046E40000000000000000000000000000000000C6
:1046F40000000000000000000000000000000000B6
:1047040000000000000000000000000000000000A5
:104714000000000000000000000000000000000095
:104724000000000000000000000000000000000085
:104734000000000000000000000000000000000075
:104744000000000000000000000000000000000065
:104754000000000000000000000000000000000055
:104764000000000000000000000000000000000045
:104774000000000000000000000000000000000035
:104784000000000000000000000000000000000025
:104794000000000000000000000000000000000015
:1047A4000000000000000000000000000000000005
:1047B40000000000000000000000000000000000F5
:1047C40000000000000000000000000000000000E5
:1047D40000000000000000000000000000000000D5
:1047E40000000000000000000000000000000000C5
:1047F40000000000000000000000000000000000B5
:1048040000000000000000000000000000000000A4
:104814000000000000000000000000000000000094
:104824000000000000000000000000000000000084
:104834000000000000000000000000000000000074
:104844000000000000000000000000000000000064
:104854000000000000000000000000000000000054
:104864000000000000000000000000000000000044
:104874000000000000000000000000000000000034
:104884000000000000000000000000000000000024
:104894000000000000000000000000000000000014
:1048A4000000000000000000000000000000000004
:1048B40000000000000000000000000000000000F4
:1048C40000000000000000000000000000000000E4
:1048D40000000000000000000000000000000000D4
:1048E40000000000000000000000000000000000C4
:1048F40000000000000000000000000000000000B4
:1049040000000000000000000000000000000000A3
:104914000000000000000000000000000000000093
:104924000000000000000000000000000000000083
:104934000000000000000000000000000000000073
:104944000000000000000000000000000000000063
:104954000000000000000000000000000000000053
:104964000000000000000000000000000000000043
:104974000000000000000000000000000000000033
:104984000000000000000000000000000000000023
:104994000000000000000000000000000000000013
:1049A4000000000000000000000000000000000003
:1049B40000000000000000000000000000000000F3
:1049C40000000000000000000000000000000000E3
:1049D40000000000000000000000000000000000D3
:1049E40000000000000000000000000000000000C3
:1049F40000000000000000000000000000000000B3
:104A040000000000000000000000000000000000A2
:104A14000000000000000000000000000000000092
:104A24000000000000000000000000000000000082
:104A34000000000000000000000000000000000072
:104A44000000000000000000000000000000000062
:104A54000000000000000000000000000000000052
:104A64000000000000000000000000000000000042
:104A74000000000000000000000000000000000032
:104A84000000000000000000000000000000000022
:104A94000000000000000000000000000000000012
:104AA4000000000000000000000000000000000002
:104AB40000000000000000000000000000000000F2
:104AC40000000000000000000000000000000000E2
:104AD40000000000000000000000000000000000D2
:104AE40000000000000000000000000000000000C2
:104AF40000000000000000000000000000000000B2
:104B040000000000000000000000000000000000A1
:104B14000000000000000000000000000000000091
:104B24000000000000000000000000000000000081
:104B34000000000000000000000000000000000071
:104B44000000000000000000000000000000000061
:104B54000000000000000000000000000000000051
:104B64000000000000000000000000000000000041
:104B74000000000000000000000000000000000031
:104B84000000000000000000000000000000000021
:104B94000000000000000000000000000000000011
:104BA4000000000000000000000000000000000001
:104BB40000000000000000000000000000000000F1
:104BC40000000000000000000000000000000000E1
:104BD40000000000000000000000000000000000D1
:104BE40000000000000000000000000000000000C1
:104BF40000000000000000000000000000000000B1
:104C040000000000000000000000000000000000A0
:104C14000000000000000000000000000000000090
:104C24000000000000000000000000000000000080
:104C34000000000000000000000000000000000070
:104C44000000000000000000000000000000000060
:104C54000000000000000000000000000000000050
:104C64000000000000000000000000000000000040
:104C74000000000000000000000000000000000030
:104C84000000000000000000000000000000000020
:104C94000000000000000000000000000000000010
:104CA4000000000000000000000000000000000000
:104CB40000000000000000000000000000000000F0
:104CC40000000000000000000000000000000000E0
:104CD40000000000000000000000000000000000D0
:104CE40000000000000000000000000000000000C0
:104CF40000000000000000000000000000000000B0
:104D0400000000000000000000000000000000009F
:104D1400000000000000000000000000000000008F
:104D2400000000000000000000000000000000007F
:104D3400000000000000000000000000000000006F
:104D4400000000000000000000000000000000005F
:104D5400000100000000000000000000000000004E
:104D640000000000000000000000000017001B000D
:104D74001B00010100000000000000000000000012
:084D8400000000000000000027
:040000030000800178
:00000001FF
