:10802000000001200181000079810000213C010055
:108030007981000079810000798100000000000052
:10804000000000000000000000000000B167010017
:10805000798100000000000001680100456901000D
:10806000E9390200798100007981000079810000FE
:108070007981000079810000B197000079810000CA
:108080007981000079810000798100007981000008
:1080900079810000798100007981000079810000F8
:1080A00079810000A13A0200798100007981000005
:1080B00079810000798100007981000079810000D8
:1080C00079810000798100007981000079810000C8
:1080D00079810000798100000000000000000000AC
:1080E00079810000798100007981000079810000A8
:0C80F00079810000798100007981000096
:1081000008B5144A144B15498B4213D3144B154A26
:108110000021934213D300F057F800F033F8124CCB
:10812000124DAC420ED3124C124DAC420ED30CF099
:10813000D5FAFEE752F8040B43F8040BE4E743F8E2
:10814000041BE6E754F8043B9847EAE754F8043B7D
:108150009847EAE7986C020000000020B42D002048
:10816000002E002050EC0020946C0200946C020061
:10817000946C0200986C020008B54FF61F000BF0DB
:1081800043FD000010B50A4A0A4811460023013396
:1081900050F8044B41F8044B372BF8D14FF0E02353
:1081A000C3F8082DBFF34F8FBFF36F8F10BD00BF13
:1081B000002E002020800000024AD2F80034002B5C
:1081C000FBD0704700E0014008B54FF0A0434FF4EA
:1081D00080320321C3F80825C3F81825C3F84017D7
:1081E000C3F808254FF0804301220021C3F8782509
:1081F000C3F81825C3F804119A60D3F80421002AA3
:10820000FBD04FF01020D0F80C32023312D01749B7
:10821000FFF7D2FF0123C1F80435FFF7CDFF6FF060
:108220000103C0F80C32FFF7C7FF0023C1F8043583
:10823000FFF7C2FF0E4B012200215A600420DA60D2
:10824000C3F804150321C3F80815C3F810051A6014
:108250004FF0A0434FF48032C3F80825C3F8182527
:10826000C3F84017C3F8082508BD00BF00E001406F
:1082700000900040024B01221A64D3F84005704779
:1082800000900040064B01211964D3F840251044AA
:108290001964D3F84025121A002AF9DB704700BF91
:1082A0000090004070B504464FF47A7604B970BD72
:1082B000B4F5FA7F254628BF4FF4FA7506FB05F0A2
:1082C000FFF7E0FF641B07F05DFDEFE74FF0A04311
:1082D0004FF48032C3F80C2570474FF0A0434FF4A1
:1082E0008032C3F8082570474FF0A0430322C3F83B
:1082F0003C270422C3F834274FF40042C3F8182562
:10830000C3F80825704700004FF080430349D3F8B5
:1083100000240A60C3F80024704700BFE82E002044
:10832000014B1868704700BFE82E00204FF0A043B3
:10833000D3F81005C0F34030704700004FF0A04361
:10834000164AD3F810351648012110B513F400531E
:108350001164D2F8402505D1124A01701370124AF7
:10836000137010BD0378002BFBD00F480378072B48
:1083700002D801330370F4E70A480C4B047814B9AF
:108380001A600170EDE71B68D21A094B9A42E8D3D4
:108390004FF0E023074AC3F80C2DFEE700900040A1
:1083A000E52E0020E42E0020DC2E0020E02E002010
:1083B00000127A000400FA05084A536A116A013370
:1083C00010B5B3FBF1F401FB1433916A99421FBF5E
:1083D000516AD4695362605410BD00BF0000002090
:1083E000704710B5441E14F8010F00B910BDFFF717
:1083F000E3FFF8E708B5FFF7F4FFBDE808400148E0
:10840000FFF7EFBFAC51020070B505460748084EB4
:10841000FFF7E7FF1C2425FA04F303F00F03043CE5
:10842000F05CFFF7C9FF231DF5D170BD7855020040
:10843000835D0200022838B504460D4612D80A486A
:10844000013CFFF7CEFF032C96BF084B3F20185D81
:10845000FFF7B2FF0648FFF7C4FF2846BDE83840E3
:10846000FFF7C8BF38BD00BFAF5102007F5D0200FB
:10847000B15102004FF0A04303220421C3F80827A2
:10848000C3F80C150821C3F80C27C3F80C150021FC
:10849000C3F810174FF48021C3F84827C3F8081514
:1084A0004FF00071C3F86427C3F80815C3F8142708
:1084B0002022C3F8082570470A4B0222C3F808257A
:1084C0000322C3F80C250422C3F810254FF0004204
:1084D000C3F824250622C3F85425FF22C3F8C0257B
:1084E000704700BF00300040034A53680146013323
:1084F00001205360FFF79EBF00310020F8B507460A
:10850000FFF7B8FE154D0646D5F8184124B10023F3
:10851000C5F81831012020E0FFF7ACFE801BB842FF
:10852000F2DD4FF0A0430E4A01206861C5F8004516
:10853000C3F808250B4B1C60FFF79CFFFFF7BCFF3F
:10854000094AC5F818410723C5F8003513680749DB
:1085500003441360FFF76EFF2046F8BD0030004073
:10856000200000020831002000310020BD5102002F
:1085700010B50D4C0020C4F80005FFF77BFFFFF796
:108580009BFF0723C4F80035084B094C1870094BB2
:108590001860094BC3E9000023681BB901200DF0E6
:1085A00095FA206010BD00BF003000400C31002063
:1085B000FC300020083100200031002038B50C4C80
:1085C000237813B10B48FFF78FFF0B4D2B6843B196
:1085D0000CF0D4FE022804D128684FF0FF310DF0D2
:1085E000E9FB064B0722C3F800250123237038BDA1
:1085F0000C310020E8510200FC3000200030004027
:1086000070B50F4D2B7813B90E48FFF76DFF4FF083
:10861000A04300240C4AC3F808250C4B2C700C4DC9
:108620001C602B685BB10CF0A9FE022807D12868FA
:10863000234622462146BDE870400DF0A5B970BD25
:108640000C310020FC510200200000020831002003
:10865000FC300020194B2DE9F04793F800800546C7
:108660000C46B8F1000F05D11548FFF73DFF4FF05C
:10867000000820E0E8B1134E4FF000094FF0010A66
:10868000CCB1FF2C274628BFFF2707F13200C6F8E0
:1086900018918000C6F84455C6F84875C6F8389554
:1086A000C6F810A0FFF72AFF0028E0D03D44E41BE5
:1086B000E6E70029DBD14046BDE8F0870C31002019
:1086C00019520200003000402DE9F0471C461D4BB6
:1086D00093F800801646B8F1000F05D11A48FFF74D
:1086E00003FF4FF0000801E018B94EB94046BDE85D
:1086F000F0870029F9D0FFF7ADFF0028F5D1F0E7AA
:10870000002CF3D0114FDFF848904FF0000AFF2CF7
:10871000254628BFFF25012305F13200C7F818A11F
:108720008000C7F84495C7F84855C7F83465C7F8BE
:1087300038553B61FFF7E2FE0028D2D0641B2E447F
:10874000E5D1D3E70C310020375202000030004061
:10875000FC2F0020192838B5044606D0052804D07F
:10876000BDE838400B48FFF7BFBE0B4D2B684BB13F
:10877000A34207D00948FFF7B7FE4FF0A043084ACD
:10878000C3F8082501234FF0A042A340C2F80C35DE
:108790002C6038BD55520200083100207052020092
:1087A000200000024FF0A04201238340C2F80835A8
:1087B000034B1A68824204BF00221A60704700BF50
:1087C000083100204FF0A0434FF48022C3F80C255D
:1087D00070474FF0A0434FF48022C3F8082570473C
:1087E00037B50C4615468DF80700FFF7E7FE192050
:1087F000FFF7B0FFFFF7E6FF01210DF10700FFF7DC
:1088000029FF28B1FFF7E5FF29462046FFF722FFA1
:108810001920FFF7C7FFFFF7F3FE03B030BD07B520
:108820008DF80700FFF7CAFE1920FFF793FFFFF747
:10883000C9FF01210DF10700FFF70CFF1920FFF719
:10884000B1FFFFF7DDFE03B05DF804FB08B51020B3
:10885000FFF7E5FFBDE808400520FFF723BD08B599
:108860001120FFF7DCFFBDE808407820FFF71ABDB4
:1088700037B552BAADF8062040BA0422ADF804006C
:108880000D462A200DEB02011C46FFF7A9FF04222A
:108890006DBA64BA0DEB02012B20ADF80450ADF8AF
:1088A0000640FFF79DFF2C2003B0BDE83040FFF7E6
:1088B000B6BF10B50022F8B06B4611460132F02A5F
:1088C0001970597003F10203F8D10024A3B21946BC
:1088D000EF220020FFF7CCFFFFF770FE1920FFF713
:1088E00039FFFFF776FF4FF4F0716846FFF7B2FEED
:1088F00001341920FFF756FFFFF782FEB4F5A07F81
:10890000E4D178B010BD00007FB54FF0A044032340
:108910004FF000724FF08065C4F864370A20C4F845
:108920000825C4F86837C4F80855C4F80C55FFF793
:10893000B9FCC4F808557820FFF7B4FC0120FFF714
:108940006EFF9620FFF7AEFC1120FFF768FF0A20AC
:10895000FFF7A8FC5523012269463A208DF8003024
:10896000FFF73EFF00230122694636208DF80030D4
:10897000FFF736FF4F4B186800901B798DF80430D5
:1089800005226946B220FFF72BFF352301226946F5
:10899000B7208DF80030FFF723FF19230122694625
:1089A000BB2001258DF80030FFF71AFF2C23012290
:1089B0006946C0208DF80030FFF712FF2A4669464D
:1089C000C2208DF80050FFF70BFF12232A4669469C
:1089D000C3208DF80030FFF703FF20232A466946A5
:1089E000C4208DF80030FFF7FBFE0F232A466946AE
:1089F000C6208DF80030FFF7F3FE4AF2A4130222DE
:108A00006946D020ADF80030FFF7EAFE2A4B6C46ED
:108A10006A4603F1080618685968154603C5083305
:108A2000B3422A46F7D118689B882860AB800E2293
:108A30002146E020FFF7D4FE204B224603F1080632
:108A400018685968154603C50833B3422A46F7D15A
:108A500018689B88AB8021460E222860E120FFF732
:108A6000BFFE2120FFF7DBFE0120FFF71BFC1320D8
:108A7000FFF7D5FE0120FFF715FC0025104B0093F2
:108A8000214606223320ADF80450FFF7A9FE02224A
:108A900021463720ADF80050FFF7A2FE2920FFF74E
:108AA000BEFE1420FFF7FEFB04B0BDE87040FFF7E8
:108AB00000BF00BF945D020092520200A15202006A
:108AC0000000014038B50D460446FFF777FD192038
:108AD000FFF740FEFFF77DFE29462046FFF7BAFD6F
:108AE00004461920FFF75EFEFFF78AFD204638BDD9
:108AF0004FF4B47390FBF3F202FB13001844B0FB85
:108B0000F3F203FB12005A28094B02DC33F9100080
:108B10007047B42802DCC0F1B400F7E7B0F5877FF6
:108B2000D4BFB438C0F5B47033F910004042704778
:108B30009A5D020000280BDBC000904200F10703A1
:108B4000D4BF002001208B42B8BF40F00100704725
:108B50000020704770B500F5805400254FF0FF33BA
:108B60000646C4F8005EC4F8043EC4F8085EC4F8C3
:108B70000C5E4FF4F05229461BF06DFBC4F8005E0A
:108B8000304670BD70B5044608461146002222806A
:108B9000628001222271E3B100F580500B44D0F8CD
:108BA000045E5A1E28460E46FFF7C4FF88B9002D02
:108BB00011DBED00A942B8BF2E460735AA42A8BF77
:108BC0002A46B24205DB761A521A002326806280BA
:108BD0002371204670BDEF25F0E700F5805010B5F9
:108BE000B0F80C3EA3B1B0F8084E8C4212D8234422
:108BF0009BB28B420ED9B0F80A3E93420AD8B0F825
:108C00000E1E581880B2904294BF0020012010BD63
:108C10000120FCE70020FAE7EF29F8B504460D46ED
:108C200016461F461FD8EF2A1DD8FFF7D6FFD0B132
:108C300004F58053D208D3F8041E002901DB9142C9
:108C400011D1F02106F0070601FB0655390A04F898
:108C5000151004EB4504012167709140D3F8002EF4
:108C60000A43C3F8002EF8BD2DE9F04F87B0144633
:108C7000BDF940A001909946BDF844300493A24547
:108C800000F580535246B8BF2246A2450E46D3F89F
:108C9000040E5146A8BF2146FFF74CFF002852D1D1
:108CA0001FFA89F0B2B2871ABBB23FB2002F00930D
:108CB0001FFA8AF1A3B2A1EB0308B8BF121A1FFA78
:108CC00088FBB8BF90B20FFA88F8BCBF009017B20B
:108CD000B8F1000FA2BF5B1A1FFA83FB0FFA83F8EB
:108CE000B145D4BF4FF0FF3301230293A245D4BF57
:108CF0004FF0FF3301230393009B0BEB03052DB2D1
:108D0000B1B2EF2908D8A2B2EF2A05D8049B019886
:108D10000591FFF781FF05994E4501D1544512D0C9
:108D2000AAB253001BB2984504DC5A4415B2029A09
:108D300011440EB29F42E3DB009B1D44039B1C4485
:108D40002DB224B2DCE707B0BDE8F08F89B2EF297D
:108D500007D892B2EF2A04D8036840681B88FFF74F
:108D60005BBF70472DE9F04F1F4600F58053164654
:108D700085B081468846D3F8040E3A44F11BFFF7CC
:108D8000D9FE0546002865D005B0BDE8F08F0EABD2
:108D90001FFA87FA1FFA84FBCDE9023916FA84F428
:108DA00018FA87F31BB222B2A8EB0A04194624B2C0
:108DB00002A801930092FFF7C9FF2146009A02A87A
:108DC000FFF7C4FF019BA6EB0B02194612B202A8E3
:108DD0000092FFF7BBFF2146009A02A8FFF7B6FFFB
:108DE0000BEB08031BB20AEB0602A8EB0B041946B7
:108DF00012B224B202A801930092FFF7A7FF214606
:108E0000009A02A8FFF7A2FF019BA6EB0A021946EF
:108E100012B202A80092FFF799FF009A214602A819
:108E2000FFF794FF002D0BF1010BC8BF0AF1FF3AC9
:108E300005F101030FFA8BF4C8BF0FFA8AF71FFA86
:108E40008BF29BB2C8BFE21B03EB42031DB2A742E9
:108E50009DDA99E704461FFA88F8B6B2F7E710B42E
:108E60004468036824781B8889B20CB9494289B2E6
:108E70001944C3681B7889B292B20BB9524292B2BC
:108E8000EF290CD883681B881A4492B2EF2A06D8BF
:108E900003695DF8044B1B884069FFF7BDBE5DF8B0
:108EA000044B70472DE9F04788B04FF0000A8DF869
:108EB00003300368ADF80610ADF80420B3F9005094
:108EC000064654460DF106070DF103080DF104099D
:108ED000A54202DA08B0BDE8F08710AB05937368CD
:108EE00006932946B3680793224602A8CDE9027883
:108EF000CDF81090FFF7B3FF2A46214602A8FFF7EE
:108F0000AEFFBAF1000F04F10104C8BF05F1FF354F
:108F1000A2B20AF1010324B2C8BF2DB29BB2C8BFEE
:108F2000621B03EB42030FFA83FAD1E72DE9F84FF6
:108F30001D4600F58053164607468846D3F8040EB2
:108F4000BDF92840BDF92CA0BDF830B02A44711BF2
:108F5000FFF7F0FD18B94FF4B479544501D1BDE8DD
:108F6000F88F04F15A00FFF7C3FD684348BFFF3094
:108F700008EB2021EF290FD82046FFF7B9FD684301
:108F800048BFFF30A6EB2020EF2805D882B25B4611
:108F900089B23846FFF740FE013494FBF9F309FB30
:108FA000134424B2D9E72DE9F0471446BDF8202038
:108FB000BDF8248001EB0309B9F1F00F2244A8BFEA
:108FC0004FF0F009F02AA8BFF022EF2907460E461D
:108FD00027D8EF2C25D8551EAAB2E108C5F3CC0539
:108FE00000F580504FF0010C8D4201D31E291AD19B
:108FF000D0F8045E21462846FFF79CFD88B9002D75
:109000001BDBED00AC42B8BF2C46A4B20735AA4228
:1090100009F1FF39A8BF2A461FFA89F995B2AC4277
:109020001CD9BDE8F087D0F8003E0CFA01FE43EAF7
:109030000E03C0F8003E0131D6E7EF25E7E75146C1
:10904000434622463846FFF7E7FD0AF1010A1FFAB8
:109050008AFACA45F3D90134A4B2E0E7B246F8E788
:109060002DE9F04F8BB08046BDF85070BDF854A08C
:10907000894615461C464FB100F58053BA18D3F8FF
:10908000040E013A2946FFF755FD50BBBDF858B014
:10909000BAF1000F28D1012623462A464946404608
:1090A000CDF804B00096FFF77EFF7A1E2A442346CF
:1090B00092B249464046CDE9006BFFF774FF334654
:1090C0002A4649464046CDE9007BFFF76CFF611E0A
:1090D0004944CDE9007B33462A4689B24046FFF732
:1090E00062FF0BB0BDE8F08FA7423E4628BF264680
:1090F0007608564528BF564606EB09039BB20293F5
:1091000073009BB24FF0010A0493E31A0299CDF861
:1091100004B09BB22A464046CDF800A0ADF81A60D4
:109120000593FFF740FFEA1993B25A1E0299039381
:109130004046059BCDE900AB92B2FFF734FF049B9C
:109140002E44FF1AB6B2BFB24C44CDE9007B534661
:10915000324649464046A4B2FFF725FF611ECDE9DD
:10916000007B53463246404689B2FFF71CFF0DF1A3
:109170001A030027079316ABCDE90838BDF908108C
:1091800000973B4632B207A8FFF78CFEBDF81A10D5
:1091900000974A19611A0139534607A812B209B259
:1091A000FFF780FEBDF81A10039BCDF800A05A1AF5
:1091B000013A49443B4607A812B209B2FFF772FED2
:1091C000BDF81A30039ACDF800A0E41AD21A611E35
:1091D000013A534612B209B207A8FFF763FE80E7CF
:1091E0002DE9F04F85B080460D461E460146BDF87C
:1091F000383002A89146FFF7C5FC9DF80C30B3BB90
:1092000006EB050ABDF808401FFA8AFABDF80A30D5
:10921000A3422CD30F9B04EB090204FB063B294617
:1092200097B21FE01BF8010B019100F003034FEA16
:10923000501E4FEA901CC0F3820000EBC0004CEAC5
:109240008E0C400140EACC2003EB830C5B0843EA20
:109250004C0303439BB23A464046FFF7DDFC0199BD
:10926000013189B25145DDD10134A4B2CEE705B058
:10927000BDE8F08F2DE9F04F87B09846BDF8483033
:1092800001938146BDF84030BDF84CB00D46014613
:1092900004A81746FFF776FC9DF8143053BB08EB83
:1092A000050ABDF810401FFA8AFABDF81230A34231
:1092B00020D3E21908FB04F6294692B215E0119872
:1092C000F308CDE90212C35CF04300F0070003414C
:1092D00013F0010F4846019B08BF5B46FFF79CFC5B
:1092E0000299039A013189B201365145E7D101341F
:1092F000A4B2DAE707B0BDE8F08F00F58050C0F8FF
:10930000041E704700F58050A0F80C3EBDF80030F8
:10931000A0F8081EA0F80A2EA0F80E3E704700F52F
:1093200080500023C0F80C3E704710B500230C0A93
:10933000421CC9B200F8134002F813100133B3F510
:10934000F06FF7D110BD70B500F580540646D4F823
:10935000045E002D16DB1D2D14D8E90089B2CB1D4B
:109360009BB2EF220020FFF783FA4FF47061304682
:10937000FFF7A8FB0122D4F8003EAA4018B9134316
:10938000C4F8003E70BD23EA0203F9E70D4A4FF02E
:109390008023C2E900330C4BC3F820250422C3F814
:1093A000242501210022C3F82825C3F82C25996023
:1093B0005960C3F800254FF0A043044AC3F80825BC
:1093C000704700BF1031002000C001400040C000C5
:1093D0004FF0A04303224FF48041C3F83827C3F86D
:1093E00008154FF48001C3F85827C3F80815C3F8CF
:1093F0005C274FF40002C3F80825114B00220E2110
:10940000C3F80025C3F860151621C3F864151721A9
:10941000C3F868154FF00041C3F86C15FF21C3F87D
:109420000425C3F80C25C3F808150221C3F810154C
:10943000C3F814250122C3F80025FFF7A7BF00BF1A
:1094400000C0014010B418B95DF8044BFFF79EBF8F
:10945000104C1149642828BF6420C0EB002364220B
:10946000B3FBF2F30D4A23439BB20120C2F800057F
:109470000B804B808B800423CC80C2F82015C2F86F
:1094800024350023C2F828355DF8044BC2F82C358A
:10949000906070470080FFFF1031002000C0014045
:1094A000FFF774BF1920FFF7CDBF3C20FFF7CABFFD
:1094B0006420FFF7C7BF4FF040230022C3F8042108
:1094C000C3F82421C3F86021C3F85C21C3F8482104
:1094D0007047F8B506460D46FEF7CCFE4FF0402427
:1094E0000746D4F8043123B10023C4F80431012025
:1094F000F8BDD4F8242122B3C4F82431D4F8C434FC
:10950000C4F8C4349A071AD413F0040F14BF032309
:1095100004234FF040242B700023C4F804310123AE
:109520006361FEF7A7FE0546D4F804312BB9FEF7B8
:10953000A1FE401BB0F57A7FF6DD0020D8E70223BC
:10954000E7E7FEF797FEC31BB342CADD01232B708A
:109550006361F2E74FF0402370B500224FF0A04462
:10956000C3F8002540F20D63C4F81C378026C4F808
:1095700018374023C4F808650520C4F80835FEF7FD
:1095800081FE0925D4F810355B060BD40520C4F8FC
:109590000C65FEF777FEC4F808650520FEF772FE3D
:1095A000013DEFD14FF0A04440250520C4F80C55F3
:1095B000FEF768FE8023C4F808350520FEF762FE3A
:1095C000C4F808550520FEF75DFE4FF4C063C4F8EB
:1095D0001C37C4F818374FF040230722C3F808257A
:1095E0000622C3F80C25C3F8002570BD4FF04023B8
:1095F0000022C3F8002570474FF040230622C3F82D
:109600000025704708B54FF040214FF0A0420023DD
:109610004FF4C060C1F80035C2F81C07C2F8180743
:109620000722C1F8082506204FF0C862C1F80C05D2
:10963000C1F82425C1F80032FFF73DFFC1F800054D
:1096400008BD0000F7B506461546184652B34FF060
:1096500040240623C4F80035FFF72DFF4FF40073B4
:10966000C4F88865C4F84415C4F84855C4F80032F5
:109670000123A36000250DF107018DF80750FFF7C6
:1096800028FF094F064640B9FFF764FF9DF8070021
:10969000C4F80065387003B0F0BDC4F80052C4F8D7
:1096A00000553D700020F6E718310020F7B506465A
:1096B0001546184652B34FF040240623C4F800352F
:1096C000FFF7F9FE4FF48053C4F88865C4F83415E9
:1096D000C4F83855C4F800320123236000250DF189
:1096E00007018DF80750FFF7F4FE094F064640B911
:1096F000FFF730FF9DF80700C4F80065387003B02D
:10970000F0BDC4F80052C4F800553D700020F6E7E3
:10971000183100202DE9F3471D46DDE90A8716467A
:109720003AB93B464246294602B0BDE8F047FFF74A
:10973000BDBFB8F1000F05D13B4602B0BDE8F04710
:10974000FFF780BF4FF040240623C4F80035FFF731
:10975000B2FE4FF48453C4F88805C4F84415C4F825
:109760004865C4F83455C4F83885C4F8003201237C
:10977000A360384600250DF107018DF80750FFF76B
:10978000A8FE0A4F064648B9FFF7E4FE9DF8070019
:10979000C4F80065387002B0BDE8F087C4F8005224
:1097A0002846C4F800553D70F5E700BF1831002089
:1097B0001A4BD3F87C2142B30022C3F87C214FF02E
:1097C000A043D3F81035DB0006D4154B01221A70E4
:1097D000144A1368013313604FF0A0424FF08050D9
:1097E000D2F8103513F0805FD2F8703718BF4FF4FD
:1097F000403123F4403308BF4FF40031C2F87037D2
:109800000B43C2F82005C2F87037044BD3F800218F
:1098100012B10022C3F80021704700BF0060004071
:1098200024310020203100202DE9F0413A4B002462
:1098300086B01C70394B1C60394B1C60394B4FF0A3
:10984000A0471C704FF480650323C7F828370A200F
:10985000C7F80C55FEF726FD4FF4FA664FF00108E5
:10986000C7F8085532201525FEF71CFD0DF10A0337
:1098700042460DF10B01CDE9008628468DF80A40DD
:109880008DF80B50FFF746FF0520FEF70BFDA723D1
:1098900042460DF10B018DF80B30CDE900860DF13C
:1098A0000A032846FFF736FF0520FEF7FBFC40F2CF
:1098B000EC53ADF80C3003A9334602222846FFF7DB
:1098C000C1FE47F2FA03ADF8103004A93346022274
:1098D0002846FFF7B7FEFB23ADF8143002223346CB
:1098E00005A92846FFF7AEFE0F4BC7F870370F4BA0
:1098F0004FF00042C3F81045C3F87C41C3F804237D
:109900004FF0E0234022C3F88022C3F8002162B662
:1099100006B0BDE8F08100BF2431002020310020D6
:109920001C310020193100200C00030000600040B1
:10993000014B1878704700BF24310020014B186894
:10994000704700BF20310020014B1868704700BFEE
:109950001C31002030B5264A1178002385B004461A
:109960000360436001B113700293ADF80C3040F610
:10997000B8320623CDE900321E4902AB0122152080
:10998000FFF7C8FE1C4B187030B11C4A1368013336
:109990001360204605B030BD9DF80A209DF80B00ED
:1099A0009DF809309DF80D109DF80850120202F440
:1099B000706210439DF80C206080120202F4706205
:1099C00003F00F030A43EF286370A280E1DCEF2A63
:1099D000DFDC052D03D9A5F10B02012AD9D8003B04
:1099E00018BF0123A37101232570E371D1E700BFE4
:1099F0002431002048000020193100201C310020B3
:109A00004378F7B5044623B903B0BDE8F040FEF74C
:109A100064BC1A4F3D683DB9FEF75FFC184B00224D
:109A20009A809A7103B0F0BD408800264FF47A7294
:109A30000023800231461AF0D1F801280246009630
:109A400038BF01222846334604210CF0E5FC0128EA
:109A50000546E1D13F680BF0B7F900960246334660
:109A6000294638460CF0D8FC0128D5D12378002BA4
:109A7000CAD003B0BDE8F040FEF728BC2831002072
:109A80002C31002007B513498A7902B3487980B197
:109A900000234B710A8801210B4601A88DF8043080
:109AA0008DF80510ADF80620FFF7AAFF03B05DF8AA
:109AB00004FB0B793BB1013B0B7101234B714A88CD
:109AC00019460346E9E78B711A461946E5E7114640
:109AD0001346E2E72C310020114B04291BD8DFE8A4
:109AE00001F003080D1116001A6802609B8883803C
:109AF0007047D3F8063003600A4BF7E7DB68036072
:109B0000094BF3E7D3F812300360084BEEE79B698B
:109B10000360074BEAE7D3F81E300360054BE5E727
:109B2000505E0200565E02005C5E0200625E020051
:109B3000685E02006E5E02004FF0A04313B5032280
:109B4000084CC3F84027FEF7C8FB23683BB9064A18
:109B5000009206481A4601210CF032FC206002B047
:109B600010BD00BF28310020859A0000B0520200CD
:109B700007B5084A002393809371074A106820B103
:109B800000931A4603210CF047FC03B05DF804EB88
:109B9000FEF7A3BB2C310020283100201FB5014661
:109BA00002A8FFF799FFFFF7E3FFBDF8083013495C
:109BB00013B19DF80A207AB900238B808B711A4665
:109BC00001A88DF804208DF80520ADF80630FFF7C8
:109BD00017FF05B05DF804FB013A12F0FF02BDF873
:109BE0000C000B8002D0002808BF00220A7100225E
:109BF0004A71012248808A71E2E700BF2C310020BF
:109C000008B5FEF771FB044A00231370034A137072
:109C1000034A137008BD00BF4031002034310020DA
:109C20003531002037B504250024FEF77FFB013DC8
:109C30000444FAD1FEF71EFB414B1A78042A0AD8D5
:109C4000DFE802F0031A2C4D6D00022C05D9012229
:109C50001A703C4B1860002334E03B4A1378002B09
:109C6000F9D0384B39491B68C31A8B42F3DD002306
:109C7000137040F2011325E0022C02D800221A7062
:109C8000E9E7304A126844F62061801A8842E2DD32
:109C9000022119702E4B1A602E4BEFE7022C01D8CF
:109CA0000322D5E72B490A78002AD4D1284B1B6818
:109CB000C31A29488342CEDD01230B70224B1A7050
:109CC0004FF48173ADF804309DF80430002063F345
:109CD00007009DF8053063F30F2003B030BD022C60
:109CE00001D90222CBE7174C226844F62061821A80
:109CF0008A42B0DD174A1178134A19B10021197050
:109D00001170A8E7157825B11970117040F203138E
:109D1000D8E70121117004221A7020609BE7022C01
:109D2000084A03D901211970106094E71268801A5B
:109D3000064A90428FDD00221A70034B1A7098E792
:109D4000403100203C3100203431002030570500E4
:109D5000383100203531002020A10700F0B51AB3BA
:109D600015461C464FF0000C634505D1A3421BD994
:109D70000C235C43105BF0BDEF888FB12E897EB160
:109D8000B5F802E070450BD37744BFB2B84207D2B2
:109D9000AF88B94204D33E44B6B2B14238BF64463C
:109DA0000CF1010C0C35DFE74FF6FF70E3E7000024
:109DB000044A00231360044A1360044B01221A7002
:109DC000704700BF48310020443100204900002086
:109DD000024B1860024B1960704700BF48310020E9
:109DE0004431002037B53E4A13680360536843602E
:109DF000936883600446FFF715FF10F47F4FADF8BA
:109E0000000008D09DF800302BB104222270E371CD
:109E1000204603B030BDFFF78BFD0028F8D0684620
:109E2000FFF798FD9DF80730002BF1D09DF800302A
:109E3000002B37D02B48027842B10C2B18BF042BD3
:109E400094BF0121002181F0010101709DF80610ED
:109E500011B9244901200870002AD9D0BDF80200A8
:109E6000BDF8041060805A1EA1800B2AD0D801A52D
:109E700055F822F0CB9E0000CB9E0000CB9E000048
:109E8000CB9E0000A99E0000119E0000119E0000C4
:109E9000119E0000119E0000119E0000AF9E000068
:109EA000C79E00001A46D1E70123237003E0052373
:109EB00023700223A3720C4B0C4A1B681268FFF735
:109EC0004DFF2081A4E70223EFE7023BDBB2032230
:109ED000022B227096BF064A0123D35CA37197E739
:109EE000785E020049000020443100204831002003
:109EF000745E02001FB5044601A880E80E0007C882
:109F000084E80B00069BE360079B23610023C4E900
:109F100005334FF6FF73A38304B010BDC0E90512EB
:109F20007047034610B41C680846114664B158B126
:109F300052B11A691AB1127E023A022A04D89A68FA
:109F400023465DF8044B18475DF8044B7047034601
:109F50004069F0B560B1D3F818C0002703466646E3
:109F6000BC4506D1B44586BF0C2303FB0600002088
:109F7000F0BDDD888DB11C897CB1B3F802E071457C
:109F80000BD37544ADB2A94207D29D88AA4204D32F
:109F90002C44A4B2A24238BF3E4601370C33DFE75F
:109FA000022804D0C31E5842584140007047012087
:109FB00070477FB50B78013B04460D46042B15D83E
:109FC000DFE803F06464200397000369CA797BB17A
:109FD0005B7F6BB1012A0BD1062369468DF80030F7
:109FE000FFF79FFF2069002102F0B0FC04B070BDB4
:109FF0001046FFF7D5FF04238DF800308DF80100DF
:10A00000022231E08B794A88042B28BF01230F2AD2
:10A0100012D8032B10D140F20921ADF800108DF8B1
:10A020000320694604228DF80230FFF77AFF206989
:10A030000028DBD00021D7E7E06808B300F5005224
:10A040005168E9B1B2F894119BB9183189B201F0A5
:10A05000FDFDE36803F500530522B3F89431ADF834
:10A060000020ADF80230042269462046FFF759FF70
:10A07000BCE7012B04D1182938BF18211839E5E7AE
:10A0800003228DF800208DF80130B9E78A884988CD
:10A09000FFF75DFFD8B1837ADE06A7D419070688DB
:10A0A00048BFA6835A0704D5636813B1A16800208E
:10A0B00098472A78022AF3B24FEA16260AD18DF879
:10A0C00000208DF801308DF802600322CCE74FF6B6
:10A0D000FF76EEE72A79A9788DF8042001208DF823
:10A0E00000008DF801308DF802608DF80310052214
:10A0F000BAE78A884988FFF72AFF0346D0B1827AF7
:10A1000012F0100016D11E88530703D563680BB1F7
:10A11000A1689847AA78A97A2B798DF8042008209D
:10A120008DF800008DF80110ADF802608DF8053053
:10A13000062299E74FF6FF76ECE7037B10B54BB9A3
:10A14000D0E90142A24298BFA31A99424FF00103FD
:10A1500002D90373002010BD1846FCE710B5012199
:10A160000446FFF7EAFF20B1A3682268591CA160EA
:10A17000D05C10BD037B70B504460E46154623BB6C
:10A180001AB3FFF7EBFF0346207BF8B99BB9022116
:10A190002046FFF7D2FF034648B1A2682068511C51
:10A1A000A160835C0232A260425C43EA0223207B0E
:10A1B00060B92B800AE0013BDBB20F2B03D8F21809
:10A1C00092F820201AB902232373022070BD36F8BA
:10A1D0001330EEE738B5037B05460C464BB941B169
:10A1E000FFF7BCFF0346287B20B93F2B03D902238E
:10A1F0002B73022038BD03F00302032AF7D0C3F308
:10A200008703012B38BF012322706370F2E710B57A
:10A21000EF2904469DF808000DD82488A2420ADAE6
:10A220004BB138B11944F02905DC10448442B4BF65
:10A230000020012010BD0020FCE700290CBF0020F9
:10A2400000F00100704710B502210446FFF775FFCA
:10A2500048B1A36821685A1CA260C85C0233A3609D
:10A260008B5C40EA032010BD38B504460D46FFF76D
:10A2700064FF20B1A368206818442B44A36038BD54
:10A280002DE9F04FA1B00F461646002114222A9C5A
:10A2900005469B4619F0DFFF37B94EB102232B70FC
:10A2A000284621B0BDE8F08FDBF80430B342F5D387
:10A2B000CDE9107600263022314614A812968DF88A
:10A2C0004C6019F0C8FFF023ADF83A300A960996B1
:10A2D0009DF84C30002B76D1DDE91173BB4272D270
:10A2E0000A9A22B96E68DBF80020964203D3022254
:10A2F0002A70AB60D4E710A8FFF730FF9DF84C3010
:10A300008046002B5FD100F12003DBB201360F2B1A
:10A310006E6000F2978010A8FFF795FF9DF84C3013
:10A320000646002B4FD1014610A8FFF706FF002874
:10A3300049D0129BBB428CBF0A9FFF1AB8F1E00FB5
:10A3400064D110A8FFF70AFF804610A8FFF706FFA8
:10A35000814610A8FFF702FF9DF84C300B9093BB8D
:10A360000DF13E0214A910A8ADF83E30FFF702FF30
:10A3700048BB10A8FFF7F2FE824610A8FFF7EEFEDA
:10A380000C9010A8FFF7EAFE9DF84C300D90D3B961
:10A39000B8F1010F1ED8B9F1EF0F1BD8BDF83A3054
:10A3A0000B9A9A4216DABAF1020F13D80C9B013BB2
:10A3B000DBB20F2B0ED8014610A8FFF755FF9DF812
:10A3C0004C2003465AB12B78002B40F0BA809DF800
:10A3D0004C3026E002238DF84C302B70F3E79BF8CD
:10A3E00008002146FFF729FF80B1226804930D9BE6
:10A3F00003930C9BCDE901A3BDF83E300093D2F846
:10A400002CA00B9B4A4641462046D047DDE9113837
:10A41000984594BFA3EB08030023FA1A964202D290
:10A4200002232B708DE0F61B1E44314610A8FFF767
:10A4300084FE08B1464412969DF84C30002B3FF440
:10A4400047AFC0E7312839D8002844D000F1FF38A1
:10A45000B8F1300F3FD8DFE818F05A007600A100BD
:10A46000F0004A019901E30139028E02C0023E0068
:10A470003E003E003E003E00D0022B039C03E10361
:10A480003E003E003E003E003E003E003E003E00DC
:10A490003E003E003E003E00170472043E003E00B7
:10A4A0003E003E003E003E003E003E003E003E00BC
:10A4B0003E003E003E003E00CD041D05602800F039
:10A4C000C3850DD8502800F03285512800F08E85C4
:10A4D000402800F0F78402238DF84C302B702CE0DC
:10A4E000F02800F0E085F12800F009866128F2D11B
:10A4F00010A8FFF733FE9DF84C200346EAB9642804
:10A5000040F2C28502238DF84C302B7015E00023F9
:10A510000DF13E0214A910A8ADF83E30FFF72AFE57
:10A5200058B99BF808002146FFF787FE28B1236839
:10A53000BDF83E101B68204698472B78022B7FF40D
:10A540007BAF129BD5E610A8FFF708FE064610A8C1
:10A55000FFF779FE9DF84C300246002BEDD10F2E0F
:10A5600004D902238DF84C302B70E6E720AB03EBC7
:10A570004603012123F8300C06F180036B449BF85D
:10A58000080003F8101C2146FFF757FE0028D4D01E
:10A59000236831465B6820469847CEE710A8FFF74E
:10A5A000DDFD064610A8FFF7D9FD074610A8FFF706
:10A5B000D5FD804610A8FFF7D1FD9DF84CA081463F
:10A5C000BAF1000FB9D1009043463A4631460DF139
:10A5D0003A00FFF71CFE20B902238DF84C302B7097
:10A5E000ABE74FF480730DF13E0214A910A8ADF84B
:10A5F0003EA0ADF83C30FFF7BDFD00289DD10FA96E
:10A6000010A8FFF7E7FD002897D19BF80800214626
:10A61000FFF713FE002890D0BDF83C202368ADF86A
:10A620000820BDF83E20CDE900923146D3F80890CD
:10A630003A4643462046C8477FE710A8FFF78EFDFD
:10A64000064610A8FFF78AFD074610A8FFF786FD0B
:10A65000804610A8FFF782FD814610A8FFF77EFD17
:10A660009DF84CA00B90BAF1000F7FF466AFCDF8C7
:10A67000009043463A4631460DF13A00FFF7C7FDD8
:10A6800020B902238DF84C302B7056E74FF48073BD
:10A690000DF13E0214A910A8ADF83EA0ADF83C3073
:10A6A000FFF768FD00287FF448AF0FA910A8FFF757
:10A6B00091FD00287FF441AF9BF808002146FFF789
:10A6C000BCFD00283FF439AFBDF83C202368ADF84D
:10A6D0000C20BDF83E2002920B9ACDE90092314643
:10A6E000D3F80C903A4643462046C84725E710A8C1
:10A6F000FFF734FD064610A8FFF730FD074610A807
:10A70000FFF72CFD804610A8FFF728FD9DF84C3080
:10A710008146002B7FF411AFEF2E32D8BDF83A20DE
:10A7200097422EDAB8F1EF0F2BD8904229DA0DF1CB
:10A730003E0214A910A8ADF83E30FFF71BFD00281B
:10A740007FF4FBAE10A8FFF709FD9DF84C200346EF
:10A75000002A7FF4F2AE9BF808002146FFF76DFD5A
:10A7600000283FF4EAAE22680293BDF83E30CDE9FE
:10A7700000933146D2F8109043463A462046C847E7
:10A78000DBE602238DF84C302B70D6E610A8FFF7DD
:10A79000E5FC064610A8FFF7E1FC074610A8FFF706
:10A7A000DDFC9DF84C308046002B7FF4C6AEEF2ECA
:10A7B00031D8BDF83A20BA422DD9ADF83E300DF16E
:10A7C0003E024FF4807314A910A8ADF83C30FFF797
:10A7D000D1FC00287FF4B1AE0FA910A8FFF7FAFC56
:10A7E00000287FF4AAAE9BF808002146FFF725FD5C
:10A7F00000283FF4A2AEBDF83C202368ADF8042049
:10A80000BDF83E200092D3F814903A4643463146B4
:10A810002046C84791E602238DF84C302B708CE619
:10A8200010A8FFF79BFC064610A8FFF797FC074609
:10A8300010A8FFF793FC824610A8FFF704FD80469E
:10A8400010A8FFF700FD9DF84C308146002B7FF4E7
:10A8500074AEEF2E35D8BDF83A20BA4231D9B8F5EA
:10A86000B47F2ED2B0F5B47F2BD20DF13E0214A9E5
:10A8700010A8ADF83E30FFF77DFC00287FF45DAEF8
:10A8800010A8FFF76BFC9DF84C200346002A7FF4CC
:10A8900054AE9BF808002146FFF7CFFC00283FF498
:10A8A0004CAE22680393BDF83E30CDF80080CDE970
:10A8B00001933146D2F8188053463A462046C047A5
:10A8C0003BE602238DF84C302B7036E610A8FFF7DC
:10A8D00045FC9DF84C300646002B7FF42EAE012837
:10A8E00004D802238DF84C302B7026E60DF13E0281
:10A8F00014A910A8ADF83E30FFF73CFC00287FF407
:10A900001CAE10A8FFF72AFC9DF84C300746002B20
:10A910007FF413AE710010A8FFF7A6FC9DF84C2041
:10A920000346002A7FF409AEBDF83A0003F1010C9A
:10A9300013F81210EF29D4D81CF812108142D0DA83
:10A940000132D1B28E42F3D82A78022A3FF4F5AD13
:10A950009BF808002146FFF770FC00283FF4EDAD9E
:10A9600022680093D2F81C80BDF83E203B46314659
:10A970002046C047E1E510A8FFF7F0FB064610A807
:10A98000FFF7ECFB804610A8FFF7E8FB814610A814
:10A99000FFF7E4FB9DF84C300746002B7FF4CDAD6C
:10A9A00000904B46424631460DF13A00FFF72FFC2E
:10A9B00020B902238DF84C302B70BEE59BF80800BF
:10A9C0002146FFF73AFC00283FF4B7AD2168009715
:10A9D0000F6A20463146B847AFE5F0239BF80800E0
:10A9E000ADF83A302146FFF728FC00283FF4A5AD2A
:10A9F000236820465B6A98479FE510A8FFF7AEFBE7
:10AA0000064610A8FFF7AAFB074610A8FFF7A6FB0B
:10AA10009DF84C308046002B7FF48FAD012E42D83C
:10AA2000EF2F40D8BDF83A2090423CDA0DF13E02BB
:10AA300014A910A8ADF83E30FFF79CFB00287FF466
:10AA40007CAD10A8FFF78AFB814610A8FFF786FBB4
:10AA50009DF84C308246002B7FF46FADB9F1020FA8
:10AA600021D8014610A8FFF7FFFB9DF84C200346B4
:10AA7000002A7FF462AD9BF808002146FFF7DDFB5A
:10AA800000283FF45AAD2268CDF80490CDE902A326
:10AA9000BDF83E300093D2F8289043463A463146FE
:10AAA0002046C84749E502238DF84C302B7044E519
:10AAB00010A8FFF753FB064610A8FFF74FFB0B90BB
:10AAC00010A8FFF74BFB0C9010A8FFF747FB0D9069
:10AAD00010A8FFF743FB9DF84C800746B8F1000F24
:10AAE0007FF42BAD012E4FD80090DDE90C230B999C
:10AAF0000DF13A00FFF78BFB002845D00DF13E0227
:10AB000014A910A8ADF83E80FFF734FB00287FF4AD
:10AB100014AD10A8FFF722FB804610A8FFF71EFB1C
:10AB2000814610A8FFF71AFB9DF84C308246002B97
:10AB30007FF403ADB8F1020F26D8B9F1070F23D87F
:10AB4000014610A8FFF790FB9DF84C200346002A11
:10AB50007FF4F3AC9BF808002146FFF76EFB00285A
:10AB60003FF4EBAC2268CDE905A3BDF83E30CDE95A
:10AB70000389CDE901730D9B0093176B3146DDE925
:10AB80000B232046B847D8E402238DF84C302B70B5
:10AB9000D3E410A8FFF7E2FA064610A8FFF753FB2C
:10ABA000074610A8FFF7DAFA804610A8FFF7D6FA92
:10ABB0009DF84C308146002B7FF4BFAC4EBB022F7A
:10ABC00027D8B8F1EF0F24D8BDF83A30834220D906
:10ABD0000DF13E0214A910A8ADF83E60FFF7CAFAC5
:10ABE000064600287FF4A9AC9BF808002146FFF731
:10ABF00024FB00283FF4A1ACBDF83E202368CDE93A
:10AC000000923146D3F834903A4643462046C8472E
:10AC100093E402238DF84C302B708EE410A8FFF7DC
:10AC20009DFA804610A8FFF70EFB064610A8FFF716
:10AC300095FA074610A8FFF791FA9DF84C200346B5
:10AC4000002A7FF47AACB8F1000F18D1BEB9EF2F0B
:10AC500015D8BDF83A20904211DA9BF80800214639
:10AC6000FFF7EBFA00283FF468AC22680093D2F8B3
:10AC700038803B46324631462046C0475DE40223D9
:10AC80008DF84C302B7058E410A8FFF767FA0B9042
:10AC900010A8FFF763FA074610A8FFF75FFA80468F
:10ACA00010A8FFF75BFA814610A8FFF757FA9DF846
:10ACB0004C608246002E7FF440AC0B99CDF800909A
:10ACC00043463A460DF13A00FFF7A1FA88B3BAF1CC
:10ACD000640F2ED80FAA14A910A8ADF83C60ADF8E7
:10ACE0003E60FFF747FA00287FF427AC0DF13E02E3
:10ACF00014A910A8FFF73EFA00287FF41EAC9BF8B9
:10AD000008002146FFF799FA00283FF416ACBDF879
:10AD10003E2023680392BDF83C20CDF80090CDE999
:10AD200001A20B99D3F83C903A4643462046C847C7
:10AD300003E402238DF84C302B70FFF7FEBB10A804
:10AD4000FFF70CFA064610A8FFF708FA074610A806
:10AD5000FFF704FA814610A8FFF700FA9DF84C307F
:10AD60008046002B7FF4E9ABEF2E3DD8BDF83A20AA
:10AD7000974239DA642837D80FAA14A910A8ADF879
:10AD80003C30ADF83E30FFF7F5F900287FF4D5AB45
:10AD90000DF13E0214A910A8FFF7ECF900287FF48A
:10ADA000CCAB10A8FFF7DAF99DF84C200346002A37
:10ADB0007FF4C3AB9BF808002146FFF73EFA00285A
:10ADC0003FF4BBAB22680393BDF83E300293BDF85D
:10ADD0003C30CDE900833146D2F840804B463A46BC
:10ADE0002046C047FFF7A9BB02238DF84C302B70DB
:10ADF000FFF7A3BB10A8FFF726FA0B9010A8FFF7E8
:10AE0000ADF9064610A8FFF7A9F9074610A8FFF705
:10AE1000A5F9804610A8FFF7A1F9814610A8FFF711
:10AE20009DF99DF84C308246002B7FF486ABCDF81F
:10AE3000009043463A4631460DF13A00FFF7E7F9F4
:10AE400058B1BAF11F0F08D8099B072B0BD9022361
:10AE50008DF84C302B70FFF770BB02238DF84C300F
:10AE60002B70FFF76ABB9BF808002146FFF7E5F956
:10AE700058B12368CDF80080CDE9019A0B99D3F839
:10AE8000448032463B462046C047099B0133099324
:10AE9000FFF753BB099B2BB902238DF84C302B7065
:10AEA000FFF74BBB9BF808002146FFF7C6F920B916
:10AEB000099B013B0993FFF740BB236820469B6C2D
:10AEC0009847F5E710A8FFF749F9064610A8FFF7DD
:10AED00045F9074610A8FFF7B6F99DF84C20034640
:10AEE000002A7FF42AABEF2E18D8BFB1F219F02A4E
:10AEF00014DCBDF83A20824216D39BF808002146A4
:10AF0000FFF79BF900283FF418AB22683146D2F8CE
:10AF10004C8020463A46C047FFF70FBB02238DF80E
:10AF20004C302B70FFF709BBADF83A00E5E710A8ED
:10AF3000FFF714F90D9010A8FFF710F90B9010A867
:10AF4000FFF70CF90C9010A8FFF708F9074610A8B6
:10AF5000FFF704F9804610A8FFF700F9814610A812
:10AF6000FFF7FCF8824610A8FFF76DF99DF84C300A
:10AF70000646002B7FF4E1AADDE90B12CDF8008034
:10AF80003B460DF13A00FFF742F948B3B9F1030F20
:10AF900026D8BAF1010F23D8B6F5805F20D8314604
:10AFA00010A8FFF761F99DF84C200346002A7FF4B2
:10AFB000C4AA9BF808002146FFF73FF900283FF498
:10AFC000BCAA22680D99CDE90463CDE9029ACDE9C6
:10AFD00000782046166DDDE90B23B047FFF7ADBAC8
:10AFE00002238DF84C302B70FFF7A7BA10A8FFF79B
:10AFF000B5F8074610A8FFF7B1F8064610A8FFF706
:10B00000ADF89DF84C200346002A7FF496AAEF2E57
:10B0100014D8BDF83A20904210DA9BF80800214677
:10B02000FFF70BF900283FF488AA22683946D2F8C6
:10B03000548020463246C047FFF77FBA02238DF87E
:10B040004C302B70FFF779BA10A8FFF787F89DF8FE
:10B050004C200346002A7FF470AA042805D9022355
:10B060008DF84C302B70FFF768BA9BF8080021462A
:10B07000FFF7E3F800283FF460AA22681946926DB2
:10B0800020469047FFF759BA9BF808002146FFF782
:10B09000D4F800283FF451AA22681946D26D204600
:10B0A0009047FFF74ABA10A8FFF758F89DF84C20D0
:10B0B0000346002A7FF441AA032805D902238DF80C
:10B0C0004C302B70FFF739BA099A2AB102238DF858
:10B0D0004C302B70FFF731BA0122687321469BF880
:10B0E00008002A73FFF7A9F818B901230A93FFF79C
:10B0F00024BA22681946126E20469047F5E710A838
:10B10000FFF7A1F89DF84C200346002A7FF415AA0A
:10B110000122E88121469BF808002A74FFF78DF888
:10B1200000283FF40AAA22681946526E204690472A
:10B13000FFF703BA70477047704770477047704712
:10B1400070477047704770477047F0B4089CBDF86F
:10B1500010509DF814609DF81C70D0F800C0CDE927
:10B160000674CDE90456DCF82840A446F0BC6047DC
:10B170007047704770477047704770477047704717
:10B1800070477047704770477047704730B5046D1F
:10B19000072C12D8651C056590F8665000EBC400BA
:10B1A000C3749DF80C3003759DF8103043759DF8FD
:10B1B0001430018282748375C57530BD026D2DE92E
:10B1C000F3410346002A49D0511E013200EBC2026E
:10B1D000016592E8030002AA02E903009DF80670E7
:10B1E000BA073BD45E68CEB39D68BDB32C68DA68FD
:10B1F000944233D29DF807109DF803209DF805C0B6
:10B20000C1B193F867105018B3F8642093F8683010
:10B21000801A81420A460B44B8BF0246604483420A
:10B22000A8BF03469342D4BF0A461946D2B2891A30
:10B230005FFA81FC0C21614373189DF802E09DF8D0
:10B240000400BDF8008026F801800134A3F802E074
:10B250009A80D880A3F808C09F722C6002B0BDE825
:10B26000F08110B5446D04B12170846D04B1227079
:10B27000C46D04B12380046E012304B1237080F8EF
:10B28000663080F8671080F8682010BD002380F8D1
:10B2900066307047704770470846FEF7D3B80846D7
:10B2A000FEF77CBC10B504464068FEF738F8002372
:10B2B000237410BD0123018183724068FEF735B805
:10B2C0002DE9F04F01398FB0D1F1000A4AEB010AA4
:10B2D00005934A49BDF8603006930C2303FB0A111D
:10B2E0009DF87050CB7804909DF868006B4314462D
:10B2F00002939DF86420D8B1029E4978431E13FB47
:10B3000006F301FB05339BB2012A13D1B4EB530FB3
:10B310004FEA530214D9A31A9CB21B9FDFF8DCB08A
:10B320003B180A930A9B9F420CD10FB0BDE8F08FE7
:10B330000346E9E7022AF0D1A34201D2E31AEBE780
:10B340000024EAE70C2101FB0AF10791594417F8A0
:10B35000013B0879059A8E78834204D391F805C0A1
:10B360008444634511DB0C2303FB0AB3069A5B7824
:10B3700001926E43059A049800966B432146FDF7AF
:10B3800012FE029B1C44A4B2CCE71B1A89680891E8
:10B39000734309934FF000081FFA88F39E42F0D9D7
:10B3A000079B5B4421465B780393013B4FF0000908
:10B3B0000B9319E0DDE9083003440B9813F80830CB
:10B3C000A0EB0900C340DB070AD5069B0498CDE932
:10B3D00000532B46CDE90C12FDF7E5FDDDE90C121B
:10B3E000294409F1010989B203981FFA89F39842A7
:10B3F000E0D82A4408F1010892B2CDE7D45F0200F8
:10B4000007B50123C17202730374009240680A46B3
:10B41000F0230021FDF776FF03B05DF804FB28B1AF
:10B4200019448B1A04D4EF2B04DCDBB218467047A6
:10B430000023FBE7EF23F9E770B5466886B00C46BA
:10B440001546C17AC289007CFFF7E9FF0122049208
:10B450000D9A03929DF8302002929DF82C200192C3
:10B46000BDF82820009203462A4621463046FFF7C1
:10B4700027FF06B070BD2DE9F14F46689DF830B04A
:10B480009DF83490BDF828709DF82C80DDF838A028
:10B490000C461546C17AC289007CFFF7C0FF2A46D8
:10B4A000034621463046CDE90DABCDE90B890A971D
:10B4B00001B0BDE8F04FFFF703BF2DE9F047466844
:10B4C000BDF828709DF82C809DF834900C461546E8
:10B4D000C17AC289007CFFF7A2FF01220C920E9A6A
:10B4E000CDE90878CDE90A9203462A46214630463E
:10B4F000BDE8F047FFF7E4BE2DE9F04F85B0D0F886
:10B5000004909DF83880BDF83CA00F461D46C17AD6
:10B510001346C289007CFFF782FF9DF840409DF8EA
:10B5200041B014F0FD0F064607D10246CDE9008A6E
:10B530002B4639464846FDF736FD013C012C23D801
:10B5400000241EE0B5EB440F4FEA44031CD9984594
:10B550001AD9A1B2C1EBC130400080B205EB000C9A
:10B5600040447218002380B2394401930090CDF812
:10B5700008A01FFA8CF392B289B24846FDF770FD1D
:10B580000134E3B25B45DDD305B0BDE8F08F2DE9B2
:10B59000F74F04460D461F46C17A9DF83C809DF842
:10B5A00030909DF834B0BDF838A01346C289007CB5
:10B5B000FFF735FF18F0FD0F064607D1CDE9009AD9
:10B5C00002463B4660682946FDF7EDFC08F1FF386E
:10B5D000B8F1010F0CD8CDE90DBACDF83090606804
:10B5E0003B463246294603B0BDE8F04FFDF738BD73
:10B5F00003B0BDE8F08F2DE9F74F04460E461D4617
:10B60000C17A9DF83490BDF830A01346C289007C01
:10B61000FFF705FF19F0FD0F804610D009F1FF3943
:10B62000B9F1010F41D8CDF830A060682B460FFA70
:10B6300088F2314603B0BDE8F04FFDF793BB15FB30
:10B6400005FB6F4207EB0802EF2A1DD807FB17B076
:10B650004FF0804398421BD30021DBB9731813D4F9
:10B66000711AEF2910DCEF2B21EAE171A8BFEF235B
:10B67000012089B201335B1ACDF804A00090606804
:10B680009BB292B2FDF78FFC0137BD42DADAC5E713
:10B690009B08DFE701EB030C84454FEA51019CBF97
:10B6A000C918A0EB0C009B08D7E703B0BDE8F08FEA
:10B6B0002DE9F14F077C90F80BB0D0F804809DF88D
:10B6C00028A0BDF82C900C461E4659461346C28948
:10B6D0003846FFF7A4FE5346054659463846FFF75D
:10B6E0009EFE00B20A9033462AB221464046CDF86B
:10B6F0002C9001B0BDE8F04FFDF7B6BA2DE9F04F40
:10B7000085B005460E9C0E46904600270137FBB2D9
:10B710009E4204F1020402D805B0BDE8F08F95F80E
:10B7200010B0E97AEA8914F8013C03915846FFF712
:10B7300076FE63780399D5F804A081465846FFF752
:10B740006EFE00B20090CDF80480237814F8021C3D
:10B750000FFA89F25046FDF787FAD7E72DE9F0474F
:10B76000D0F80480BDF82060BDF82470BDF82890A2
:10B770000C461D46C17A1346C289007CFFF74FFE76
:10B780003FB236B2CDF82890099708962B4602B200
:10B7900021464046BDE8F047FDF7C8BB2DE9FF470D
:10B7A0000546BDF838909DF83040BDF834A00E46EF
:10B7B0001F46C17A1346C289007CFFF730FECDF8E0
:10B7C000089040F267134FF00009CDE900930FFA9B
:10B7D00080F836B23FB23B46686842463146FDF7D4
:10B7E000A5FB4FF4B47314FB03F46423B4FBF3F42C
:10B7F0006CB124B2CDE90C94CDF838A068683B4612
:10B800004246314604B0BDE8F047FDF78FBB04B0B7
:10B81000BDE8F0872DE9F04146689DF818700C46A8
:10B820001D46C17A1346C289007CFFF7F8FD0697D2
:10B8300002462B4621463046BDE8F041FDF762BD89
:10B840002DE9F04F87B005469DF84CB00392159A4C
:10B850009DF840609DF844709DF84840BDF850A0A8
:10B860000492BBF1000F60D1C289C17A007CFFF75E
:10B87000D6FD814674BB06FB07F3BAEB430F54D3E6
:10B88000A3461FFA8BF297424FD9049B4A4403EB1D
:10B89000440A4FF0000892B212E0039B1AF8010C20
:10B8A000059219441AF8023C43EA0023019301234C
:10B8B0000093686889B2FDF776FB059A08F10108E4
:10B8C0001FFA88F18E420AF1020AE6D80BF1010B49
:10B8D0003444D6E7012C0FD107FB06F39A4524D355
:10B8E000049B0399CDE9107302466868334607B09C
:10B8F000BDE8F04FFDF774BC032C16D107FB06F32F
:10B900000733BAEBD30F10D34FF6FF731293049B98
:10B91000CDF84CB0CDE91073024603996868334600
:10B9200007B0BDE8F04FFDF7A5BC07B0BDE8F08F4C
:10B9300070B5C2894568C17A007CBDF814601C46A8
:10B940009DF81030FFF76BFD08230246059604931F
:10B9500021462846BDE87040FDF725BB37B5456850
:10B96000C289C17A007C1C469DF81830FFF757FD4C
:10B97000102347F6EF31CDE9003102462146284633
:10B98000FDF711FB03B030BD2DE9F74F9DF8308076
:10B99000BDF83CB09DF834A0BDF838901D46044673
:10B9A00013460E46C289C17A007CFFF738FDCDE907
:10B9B000008B2B4602460746314660680AFB05F5B8
:10B9C000FDF7F1FA632D0CD9CDE90C8960683A4690
:10B9D00031466423B5FBF3F303B0BDE8F04FFDF748
:10B9E000E2BA03B0BDE8F08F016000F5005000231B
:10B9F0004360C0F88C3180F89631A0F894317047DC
:10BA000070B500F50054A6B0002605465C2231460C
:10BA1000C4E9636684F896610FA818F01CFC214BFA
:10BA20000B93B4F89431ADF8903023460A330C935D
:10BA300005F506530C330D9320230E9305F506539D
:10BA40001033209305F506531133174A219305F55A
:10BA5000065307CA1233229305F506531633239370
:10BA600008AB83E8070001228DF828200BAA00927A
:10BA700005F580516268043102A8FEF701FC94F8D4
:10BA800096316BB1B4F8923194F89121934284BF0E
:10BA90009B1A9EB2B4F89431B34288BFA4F8946163
:10BAA00026B070BD8C5E0200606402002DE9F04398
:10BAB000036891B00446002B41D000F500577A6826
:10BAC000002A3CD01F4ADFF880800025CDE90B23F7
:10BAD00000F58056B7F894310F95CDE90D55A9467C
:10BAE000ADF83A30043604F04DF929462068FDF7E8
:10BAF00004FC2068FDF713FC20680021FDF715FC0D
:10BB000098E8070008AB83E8070001228DF8282099
:10BB10000BAA00927A688DF83C90314602A8FEF795
:10BB2000AFFB01352068FDF70EFC1E2DDBD1206830
:10BB30004FF0FF31FDF7E1FB2068FDF7F0FB11B09E
:10BB4000BDE8F083FC5E0200606402002DE9F04372
:10BB50000D4695B09046002114221F46044618F069
:10BB60007AFB2B6813B1B8F1000F05D102232370C3
:10BB7000204615B0BDE8F083B7F5805FF6D8FCF736
:10BB800079FB304E814696E8070009AB83E8070051
:10BB90000022009241463A460FA8FEF771FB109B27
:10BBA000E360119B2361FCF765FB9DF83C30A0EB43
:10BBB00009006060002BDAD19DF84830002BD5D009
:10BBC00005F10409414605F580583A46484608F112
:10BBD000040818F08AFB49463A46404618F085FBAF
:10BBE00005F500599DF84C30C9F804701BB1BDF83B
:10BBF0004A30A9F808302846FFF702FF05F5005043
:10BC0000D9F88C110A30FEF7E3F896E807000E4BDE
:10BC100008930CAB83E8070001228DF8382008AAAE
:10BC20000092D9F80420414602A8FEF729FBFCF750
:10BC300021FB06462846FFF739FFFCF71BFB801B5C
:10BC4000A06095E7606402006C5F020038B500F503
:10BC50000055044695F8963113B9A5F8943138BDCE
:10BC600095F89131B5F892219A4286BFD31A9BB2CA
:10BC700000238B4228BF0B46A5F89431FFF7C0FE86
:10BC800004F50050D5F88C110A30FEF7A1F82046D3
:10BC9000BDE83840FFF70ABF2DE9F041089E0C4689
:10BCA00096469846DDE9061276B307282CD814F09C
:10BCB000100529D114F0010702D0A30720D52F4683
:10BCC0004FF0020C099B02EB0C05AB421CD3F42D88
:10BCD0001AD802B1D1B104F01F0444EA4014347000
:10BCE00086F801E027B14FEA182386F80280F37046
:10BCF0001AB106EB0C0018F0F8FA2846BDE8F081FE
:10BD000001274FF0040CDDE70025F6E70D46F4E7C8
:10BD10002DE9F04FC5B081464E9C9846164642B17B
:10BD20004F9B33B1B4F5805F03D824B1B8F1000F55
:10BD300016D1002011E007AFCDE90147F4230393AA
:10BD400001F01C01CDF800803278A3B241F003016C
:10BD50004846FFF7A1FF002836D145B0BDE8F08F77
:10BD6000F22CE8D901F01C05A3B245F0010100272F
:10BD7000F02205934FF0F40B0DF11C0AE31B9342E4
:10BD800028BF1346CDE902AB3A4642441F44019313
:10BD9000A742009228BF41F00201059B3278484635
:10BDA000FFF77AFF01460028C3D03378509A013359
:10BDB000337050464F9B98470028BAD0A7424FF0A7
:10BDC000F202CAD22946D9E73378509A0133337048
:10BDD00001464F9B38469847BFE707299FBF00EBB6
:10BDE000C102002340F83130C2F80330704710B56B
:10BDF0000024E1B20134FFF7F0FF082CF9D100F57F
:10BE00008050002380F844300364836410BD2DE922
:10BE1000F04F00F58057002385B0044616463B647A
:10BE2000894659B1931EF22B08D80B7813F0100AEB
:10BE30004FEA531508D02946FFF7CFFF4FF0020A0B
:10BE4000504605B0BDE8F08F062D00F0AA80072D02
:10BE500004D197F84C20002A00F0A38013F0010CC5
:10BE600003F0020B07D0BBF1000F04D1032E51D811
:10BE700029462046E0E70022022009EB000199F85C
:10BE800001300191361ABCF1000F59D04FF0000873
:10BE90005FFA88F1A9420CD014F8380048B1204666
:10BEA000CDE90232FFF799FFB96CDDE902320131C9
:10BEB000B96408F10108B8F1080FE9D104EBC5082D
:10BEC000002144F83510C8F80310012188F8061045
:10BED000591888F80110BBFA8BF1490904F835109C
:10BEE000DAB1B9F80220A8F80220511EB1F5805F3E
:10BEF000BED2B242BCD30199324604F1400018F0E0
:10BF0000F4F9B3B2A8F80430BBF1000F0CD14FF034
:10BF1000010A95E701220420AFE7BBF1000FA7D08B
:10BF2000B2B2A8F80220E4E7B8F802209A429FD102
:10BF30003E6487F8445029462046FFF74EFF7FE7CE
:10BF400014F8352004EBC508002A91D098F8062093
:10BF5000002A8DD098F801209A4289D10132B8F890
:10BF600004C088F80120B8F802200CEB06019142C9
:10BF70003FF67EAF04F1400032460199604418F06C
:10BF8000B4F9B8F804301E44B6B2B8F80230A8F8D4
:10BF90000460BBF1000F01D09E42C8E79E42B6D1BB
:10BFA00066E74FF0030A4BE7034610B45C680846A7
:10BFB000114624B19A6823465DF8044B1847204681
:10BFC0005DF8044B704730B5C1B08123B2F5807F76
:10BFD000054614468DF8003008D94FF48074621E6F
:10BFE00001310DF1010018F080F901E0012AF6D8C5
:10BFF000224669462846FFF7D7FF41B030BD000012
:10C000007FB5037F0546002B3ED0D0E908329A4227
:10C010003AD30368C3B39847AA6A6E6A0023841AA6
:10C020002B7733D01A482246A6FB000117F0D6FD25
:10C0300082238DF80030230A8DF80230230C8DF80E
:10C040000330330A8DF80630330C8DF80730330E89
:10C050008DF80830030A8DF80A30030C8DF80B3088
:10C06000030E8DF801408DF80900240E8DF80C3078
:10C070000E220023694628468DF804408DF805609D
:10C080008DF80D30FFF790FF04B070BD2046CFE76C
:10C09000A0860100042A38B50446154619D903685C
:10C0A000BBB1D1F801200262002242629847236AA4
:10C0B000A0621A1E18BF0122052D227709D043B1B4
:10C0C000636A053B2B4463622046BDE83840FFF7B6
:10C0D00097BF38BD017F31B12AB1416A013A11449D
:10C0E0004162FFF78DBF7047F0B5012A93B0054656
:10C0F00014461DD90368DBB1013A402A18D88423BD
:10C1000001310DF101008DF8003018F0EEF82B68C8
:10C1100098476E463719030A0DF804007B70030C2C
:10C12000BB70030EFB70221D69462846FFF73CFFDB
:10C1300013B0F0BD30B5436987B0044643B381699D
:10C1400001A89847BDF80400BDF80610BDF8082006
:10C15000BDF80A308DF80D008DF80F108DF8112004
:10C16000000A090A120A8DF80E008DF810108DF8D9
:10C1700012208DF8133085251B0A092203A92046B9
:10C180008DF80C508DF81430FFF70EFF07B030BD5E
:10C190001A4619461846DDE730B5012A85B005462E
:10C1A00038D9C468DCB30369013A01316846A04755
:10C1B000DDE90012029B9DF80C008DF80110862429
:10C1C0008DF800400C0A8DF802400C0C090E8DF819
:10C1D0000410110A8DF805208DF80610110C120EAE
:10C1E0008DF808201A0A8DF80A201A0C8DF807100D
:10C1F0008DF809308DF80B201B0E8DF80D000E22E6
:10C20000694628468DF803408DF80C30FFF7CCFEC8
:10C2100005B030BD012000231A461946CDE70120A4
:10C220002346F9E7F8B5134641B34AB30E78771EB3
:10C23000052F03D9BDE8F840FFF7B6BE023E042E35
:10C2400004D8DFE806F0080C101417001A46FFF7B0
:10C25000BAFE0120F8BD1A46FFF71CFFF9E71A469F
:10C26000FFF738FFF5E71A46FFF73EFFF1E7FFF764
:10C2700061FFEEE71A46FFF78FFFEAE70846E9E7B6
:10C280001046E7E70268136810B59F2B97BF406818
:10C2900083685C1C146092BFC15400221A7010BDE8
:10C2A00038B504460D460068C9B2FFF7EBFF2068B9
:10C2B000290ABDE83840FFF7E5BFCA08006801F069
:10C2C000070101238B40815C0B43835470470000BE
:10C2D00018B1012801D0022804D1034B0C2202FB23
:10C2E00000307047002070476C64020007B52022C0
:10C2F0000021019017F0AFFF01A80121FFF7DDFF3A
:10C3000001A80221FFF7D9FF01A80321FFF7D5FFFC
:10C3100004210DEB0100FFF7D0FF01A80521FFF775
:10C32000CCFF01A80621FFF7C8FF01A80721FFF7EE
:10C33000C4FF01A80821FFF7C0FF01A80921FFF7EA
:10C34000BCFF01A80A21FFF7B8FF01A81021FFF7E1
:10C35000B4FF01A81121FFF7B0FF01A81221FFF7D8
:10C36000ACFF01A81321FFF7A8FF01A82021FFF7C8
:10C37000A4FF01A82121FFF7A0FF01A83021FFF7AA
:10C380009CFF01A83121FFF798FF01A84021FFF78A
:10C3900094FF01A85021FFF790FF01A85121FFF75A
:10C3A0008CFF01A86021FFF788FF01A86121FFF73A
:10C3B00084FF01A8F021FFF780FFF12101A8FFF71A
:10C3C0007CFF03B05DF804FB2DE9F04F8846B9B05F
:10C3D0009146074618B9002039B0BDE8F08F05AC8A
:10C3E000012603AB00253146059320460DF10B03D2
:10C3F0000DF1400B07938DF80B600395CDF818B045
:10C400000494FFF73FFF29462046FFF73BFF0B212F
:10C410002046FFF737FF29462046FFF733FF314616
:10C4200004A8FFF73DFFF02104A8FFF739FFF02132
:10C4300004A8FFF735FF08A8FFF758FF08AE16F865
:10C44000011B20460135FFF71DFF202DF7D14FF4CA
:10C45000805104A8FFF724FF03212046FFF712FFB5
:10C46000214E4FF0000A31782046FFF70BFF73682A
:10C4700000255A5D0AB1102D2CD1E9B22046019356
:10C48000FFF700FF019B1D44AB4225D1317A2046C6
:10C49000FFF7F8FE0AF1010A718904A8FFF700FF0F
:10C4A000BAF1030F06F10C06DDD100212046FFF79B
:10C4B000E9FE49462046FFF7E5FE9DF80B30002BCC
:10C4C00089D0039A424586D85946384617F00DFF61
:10C4D000039881E70135CCE713F8011B019320464F
:10C4E000FFF7D0FE019BCFE76C64020010B5082275
:10C4F000044600211F3017F0AEFE002384F82F30D1
:10C5000010BD70B50D46044606460FCD0FC695E822
:10C5100003000123002586E803002576A583A37781
:10C520002046FFF7E3FFC4E90C55A56370BD30B4A6
:10C53000056835B129B122B14369AC46022030BC4F
:10C54000604730BC704707B507238DF805100222FD
:10C5500001A98DF80430FFF7EAFF03B05DF804FB92
:10C5600013B5046874B1437FB3FA83F35B090A22FD
:10C570001B01ADF804208DF806300322436901A9A0
:10C580000020A04702B010BD13B504685CB10623BB
:10C590008DF804308DF8051043698DF8062001A947
:10C5A00003220020A04702B010BD30B50368A9B037
:10C5B000044663B190F83320A0216846FFF704FFDA
:10C5C000024620B12568636969460020A84729B062
:10C5D00030BD70B5044608460D46FFF779FE30B110
:10C5E000E368A5771BB16169BDE87040184770BD6D
:10C5F00070B500250446C0E90D1180F832508583DE
:10C60000FFF774FF01232376A36884F8315013B138
:10C610006169284698472046FFF7C7FF236923B181
:10C6200061690248BDE87040184770BDB45202000D
:10C63000037E70B504465BB190F82F3043B100F132
:10C640001F010822273017F050FE012384F83030F4
:10C650000025657784F832502046FFF747FFA3682E
:10C66000257613B1616928469847236923B161692A
:10C670000248BDE87040184770BD00BFE05202009C
:10C680000A2AF8B504460D46164629D90B78022B1E
:10C6900026D14F783846FFF71BFE00B3AB7A0B3339
:10C6A0009E421DD304F11F060822A91C304617F034
:10C6B0001CFE94F83000012384F82F3040B108228A
:10C6C00004F12701304617F09DFDB0FA80F04009D3
:10C6D00084F8310039462046FFF77BFF0120F8BD82
:10C6E0000020FCE7002310B5044680F83230838335
:10C6F0000AB1FFF728FFA36813B1616900209847CA
:10C70000237E033B012B9CBF022323762046BDE8FA
:10C710001040FFF725BF000090F8323010B50446F6
:10C720008BB9637F012084F832002BB10423237678
:10C73000A3680BB161699847236923B16169024815
:10C74000BDE81040184710BD0453020070B5044600
:10C750001D46002971D0002A6FD00B78023B092BAF
:10C760006BD8DFE803F0052B344C6A64716B6A8B7D
:10C77000237E012B61D12046FFF782FF38B9236960
:10C78000002B5AD061694148BDE87040184700232A
:10C7900084F8323063770223237665632046FFF7FF
:10C7A000DFFE2369002B48D094F831006169384AD4
:10C7B000384C002818BF14462046E5E7237E012B9D
:10C7C0003BD12369002B38D061693348DCE7237EF5
:10C7D000023B022B31D894F8323065636BB3607F33
:10C7E0000023984284F832300CBF022303232376BF
:10C7F000A36813B308BB6169BDE870401847012AFC
:10C800001BD0237E023B022B17D84D782846FFF71A
:10C810005FFD30B9012229462046BDE87040FFF790
:10C82000B3BE29462046FFF7D4FE0022F3E7237E5D
:10C83000023B022B01D80123237770BD237E023BEC
:10C84000022BFAD80023F7E7607F0028F5D00138E3
:10C85000C0B200236077237760B902232376A368F0
:10C8600084F832000BB1616998472046BDE87040FA
:10C87000FFF776BE2046FFF74FFFF6E7204601227E
:10C88000BDE870400321FFF72DBF00BF62530200D7
:10C8900025530200415302008153020070B5044643
:10C8A0001D46237E023B022B0846114603D9638BAB
:10C8B0000133638370BD6368002BF8D00028F6D085
:10C8C000002AF4D0627FBAB1267F626998470028B7
:10C8D000F0D1012E627F11D1062A01D80132627790
:10C8E0000023237784F832300323656323762046C0
:10C8F000BDE87040FFF734BE0126E6E7002AEFD11D
:10C9000001236377ECE70000037E023B022B10B5A6
:10C91000044618D8436BC91A42F20F7399420BD9D7
:10C92000036913B14169084898470122204611461E
:10C93000BDE81040FFF7D6BEB1F57A6F03D3BDE86E
:10C940001040FFF7E9BE10BDAC53020008B5024627
:10C95000407F20B1431ED8B2507708B1012008BDF6
:10C9600093681077002BF9D051699847F6E70000DB
:10C9700007C8024B83E80700704700BF4C31002016
:10C9800070B4064E35682DB121B11AB1B368AC460A
:10C9900070BC6047002070BC704700BF4C31002065
:10C9A00070B4064E75682DB121B11AB1B368AC46AA
:10C9B00070BC6047002070BC704700BF4C31002045
:10C9C000024AD2F80034002BFBD0704700E001404F
:10C9D00010B5064C237843B905484FF480524FF404
:10C9E000FE2117F082FC0123237010BD5831002076
:10C9F0005C310020024B00221A70FFF7E9BF00BF34
:10CA00005831002070B5044616460D4611B9002471
:10CA1000204670BD002AFAD00228F8D8FFF7D8FFC8
:10CA20000B490C4AA30201EB8424C8589042EED172
:10CA30006468621EB2F57E7FE9D2B44228BF3446F4
:10CA4000083322461944284617F04FFCE0E700BFA0
:10CA50005C310020544C50532DE9F04107461646F6
:10CA60000C4600294BD0531EB3F57E7F47D20228D7
:10CA700045D8244D4FEA872805EB8727FFF7A8FF05
:10CA8000214B45F8083008F10800324621467E6007
:10CA9000284417F02AFC06F108004044C6F57E72CF
:10CAA000FF21284417F0D7FB1848FFF789FF02231E
:10CAB000C0F804354FF4FE21FFF782FFC0F80815D7
:10CAC000FFF77EFF0023C0F80435FFF779FFFFF77B
:10CAD00077FF0123C0F80435FFF772FF55F8043BD8
:10CAE00041F8043BFFF76CFFB1F5002FF6D10023AE
:10CAF000C0F80435FFF764FF0120BDE8F081002095
:10CB0000FBE700BF5C310020544C505300E0014073
:10CB1000034A13680BB15068184700200021704782
:10CB20007841002030B50A4D421E00F117034FF046
:10CB3000FF3012F8011F4840082140F300042C4048
:10CB4000013984EA5000F8D19342F2D1C04330BD9C
:10CB50002083B8ED03C808B5054B182283E803000D
:10CB60000448002117F077FB034B00221A7008BD20
:10CB700078410020604100205C41002070B586B003
:10CB800018220021684617F066FB1822694600202B
:10CB9000FFF7F6FE17281AD90E4B009A9A4216D1C3
:10CBA00000236846059C0593FFF7BCFFA0420ED109
:10CBB0006C460FCC084E35460FC594E803007368E9
:10CBC000064A5B1A85E8030018BF0123137006B0FC
:10CBD00070BD00BF43544C53604100205C410020B5
:10CBE00038B5084D084B2B60002428466C61FFF7D0
:10CBF00099FF2946686118222046BDE83840FFF7B2
:10CC0000CFBE00BF6041002043544C532DE9F04794
:10CC1000DFF8F4803A4C0746FFF77AFF98F80030C7
:10CC200005460E46002B60D0D4E90232834272EBF7
:10CC300006015AD2B5EB030A66EB0202D4F8109053
:10CC40004FEA9A2A4AEA825A4FEAE97CA9FB0A018A
:10CC50002C4A00230AFB0C1116F070FF10EB0A029D
:10CC600041F100031F2A73F100013EDB6068381AAE
:10CC70006CEB0C0C1F287CF1000136DB801A6CEB8E
:10CC8000030CBCF1000F0146E64602DA41426CEBB0
:10CC90004C0E79297EF1000E27DA1A49A0FB010E0D
:10CCA00001FB0CE116F04AFFDFF860E04FF0FF3CBB
:10CCB00070450A4671EB0C01034641F28931BCBF55
:10CCC000734662468B4272F10001A4BF41F2883381
:10CCD00000220321C9FB0132002A02DA5B1842F16B
:10CCE00000029B0843EA827323610123C4E90175B2
:10CCF000E66088F80030BDE8F047FFF771BF00BF7D
:10CD00006041002040420F005C41002078ECFFFFB2
:10CD1000F8B5164B1E783EB3FFF7FAFE144BD3E975
:10CD20000225904271EB05045E681DD3841A61EB05
:10CD3000050518690F4AA40A44EA8554AD0AC317C9
:10CD400000FB05F104FB0311A0FB04070023394499
:10CD500016F0F4FE341945F10005001945EB010504
:10CD6000002DACBF064600263046F8BD5C410020D1
:10CD70006041002040420F0070B50446FFF7C8FF35
:10CD80002C4BB0FBF3F307220433B3FBF2F2C2EBFC
:10CD9000C2023C219B1AE371B0FBF1F301FB1300CB
:10CDA000B3FBF1F201FB123318216371B2FBF1F313
:10CDB00001FB1322A07122714FF4C87040F2B272CD
:10CDC0006426910705D1B2FBF6F106FB112189B269
:10CDD00071B9B2FBF0F100FB112189B241B100251C
:10CDE00040F26D118B4207D301325B1A92B2E8E731
:10CDF00001254FF4B771F5E70F4822800122022A7E
:10CE0000014600F1010000D145B90978994207D9DE
:10CE10000133DBB2A270E370204670BD1D21F5E73F
:10CE20000132D2B20D2AA3EB0103E8D10C221F2359
:10CE3000F0E700BF8051010090640200014B1878B8
:10CE4000704700BF5C41002008B500F011F84FF4B6
:10CE50007A72A0FB020302FB0133800A40EA83508E
:10CE600008BD0000014B00221A607047804100207D
:10CE700010B5074B074C1A68D4F80405196891429D
:10CE8000F9D120F07F4040EA0160090A10BD00BFDF
:10CE90008041002000100140024A136801331360F2
:10CEA000704700BF80410020FFF7F6BFF8B50D4680
:10CEB000AB421C4628BF2C46074611461E4614B1FD
:10CEC000224617F012FAAE423CBF00233B55069BA8
:10CED0001C70F8BD20B140F60422002117F0BBB948
:10CEE000704730B530B110F8A04B0023A025DAB25E
:10CEF000944200D830BD05FB03F201338154F6E7BC
:10CF000040B103788B4204D9A02303FB0100043015
:10CF100070470020704770B50446F0B103788B422B
:10CF20001BD90131CDB2A026207885420BD3013820
:10CF3000C0B2207006FB0040A0220021043017F090
:10CF40008AF9012070BD06FB0540011D9D229C3819
:10CF5000013517F0CAF9EDB2E6E70020F2E72DE956
:10CF6000F04F13468BB00D46044618B900200BB0A5
:10CF7000BDE8F08F0029F9D0002AF7D00E78032EF3
:10CF800003D1FFF7A7FF0120F1E7022E25D1012AE7
:10CF9000ECD091F8018008F102029A42E6D80235FD
:10CFA00000274FF0A0092378FEB2B342DED909FB77
:10CFB00006F023181B7943450DD10530424629461A
:10CFC000204417F01FF930B9314620460BB0BDE8B8
:10CFD000F04FFFF7A0BF0137E5E7012EC6D1012AC8
:10CFE000C4D04F787A1D9A42C0D8BFD011F802B091
:10CFF00007F1060A0BEB0A029A42B7D2501C8A5C70
:10D00000049211180A1D9A42B0D8AB1C0393EB1975
:10D010004FF000099A780592DA7806921B79079307
:10D020006A182B18089393785078695CD2781B049F
:10D0300043EA00230B4343EA02630993A0232278C7
:10D040005FFA89F842450CD80F2A06D94FF0A0089C
:10D050002278B24254D8013AD2B2531C237016B28D
:10D0600010E003FB08F022181279BA4245D10530CE
:10D0700003993A46204417F0C5F8A02300283CD174
:10D080000FFA88F6A022564306F10408A0440021B6
:10D09000404617F0E0F8701D3B46039ACDF800803B
:10D0A000A71928212044FFF701FF059B87F82D30A1
:10D0B000069B87F82E30079B87F82F3006F1300348
:10D0C00006F131002344009305EB0A025B46202160
:10D0D0002044FFF7EBFE06F1520051362644049B34
:10D0E000089A009648212044FFF7E0FE099BC7F804
:10D0F0009C30002387F8A03045E709F101099EE73D
:10D1000008FB0640011D9D229C38013617F0EDF802
:10D11000F6B29DE718B16422002117F09CB8704761
:10D1200010B504469AB008B36422002101A817F094
:10D1300092F87F23642201A901208DF808308DF830
:10D1400010308DF818308DF820308DF828308DF89B
:10D1500030308DF838308DF84030FFF711FC6328FF
:10D1600004D9642201A9204617F0BFF81AB010BDF7
:10D17000014618B164220120FFF712BC7047F7B5D1
:10D1800004469DF8207028B90025284645EA00206D
:10D1900003B0F0BD90F860C053EA070024D001202E
:10D1A00000FA02F22546204600265FFA86FEF44584
:10D1B0001DD8002395F84120002A3CD06A6C8A4291
:10D1C00039D804EBC305002385F841302046FFF72A
:10D1D000CFFF95F840000225D8E706F830E001308F
:10D1E000C5B2AC45F9D8DAE7661D8646F8E790F88F
:10D1F00001E0BEF1000F1BD090F805E0BEF1000F7A
:10D2000016D190F804E01EEA020F11D090F802E067
:10D210009E450DD190F803E0BE4509D104EBC6034D
:10D22000012520465D71FFF7A3FF14F83600ADE736
:10D2300001360830B9E70133042B05F10805B9D1EF
:10D24000A2E713B503468DF807201C68084634B1E1
:10D25000DB6801220DF10701A04702B010BD204696
:10D26000FBE7034610B45C680846114634B12AB1A6
:10D27000A446DB685DF8044B0122604700205DF89E
:10D28000044B704737B504460FC9002584E80F00EA
:10D290002582B6227E212046FFF7D3FFA36813B173
:10D2A000E168322098470DF10702002120468DF8F1
:10D2B0000750FFF7D6FF28B19DF80730112B03D197
:10D2C0000123237403B030BD132BFBD10223F8E7F5
:10D2D0002DE9F74304461646894621B9002528461C
:10D2E00003B0BDE8F083002AF8D00368002BF5D026
:10D2F00000225921FFF7A5FF0028EFD00025A6EB5B
:10D300000508B8F1080F28BF4FF00808E368276840
:10D31000424609EB05015E20B8470028DED04544AF
:10D32000AE42ECD8012259212046FFF78AFF05467C
:10D330000028D3D0A36813B1E16896209847002352
:10D340000DF107025F2120468DF80730FFF789FFB6
:10D35000C5E738B5A82240210446FFF772FF10B98F
:10D360000025284638BD002241212046FFF769FFED
:10D370000028F5D004227D212046FFF762FF0546F4
:10D380000028EDD00A2253212046FFF75AFF04223D
:10D3900058212046FFF755FFE3E7F8B51D46037C0B
:10D3A000044673B10023437429B122B1FFF790FF03
:10D3B00008B10123637429462046BDE8F840FFF711
:10D3C000C8BF1846F8BD437C13B513B9002002B09E
:10D3D00010BD44680023ADF804308DF80630002CF1
:10D3E000F4D0C368032201A91E20A0470028EDD075
:10D3F0009DF806009DF80530000440EA03209DF8E2
:10D4000004301843E3E707B500230DF107021C21A0
:10D410008DF80730FFF725FF20B19DF80700003891
:10D4200018BF012003B05DF804FB00000FC810B561
:10D43000054C84E80F00054BFF221A70044A0023B4
:10D440001370044A137010BD884100204A00002068
:10D450008541002084410020074A08B513680BB9B4
:10D46000002008BDD06898470028F9DB4FF4965398
:10D470005843C0F38F20F4E78841002040F6AC53B6
:10D48000984210B534D941F25302904232D8B0F5E7
:10D49000626F18D940F68B63984219D9B0F56C6F5A
:10D4A0001CD940F68B7398421DD819464F24302260
:10D4B0004FF46C63C01AA41A6043C91AB0FBF1F0B0
:10D4C0001044C0B210BD03244FF462610022F1E7A2
:10D4D0001946162403224FF46263EBE730244FF41D
:10D4E0006C611622E6E7642441F254014F22E1E721
:10D4F0000020E7E76420E5E730B59DF80C509DF883
:10D5000010405DB912B1632828BF63202CB1642993
:10D5100003D82BB1884238BF084630BD6420F5E7F8
:10D52000884228BF0846F8E7034A53680BB1D06821
:10D5300018471846704700BF88410020034A936887
:10D540000BB9FFF7F1BFD068184700BF8841002032
:10D55000054A08B5136823B1D0689847C043C00F87
:10D5600008BD1846FCE700BF88410020F7B5FFF76B
:10D57000EFFF08B3FFF770FFFFF780FF0546FFF7E7
:10D58000D3FF0446FFF7DAFF0C4A034690B10CB90B
:10D59000012111700A4E0B4F3178019112780092DF
:10D5A000397822462846FFF7A7FF012338703370E9
:10D5B00003B0F0BD1070EDE7FF20F9E784410020D3
:10D5C000854100204A000020FFF7C2BF014B1868C8
:10D5D000704700BF4C0000204FF0A043D3F8100567
:10D5E00080F48050C0F3003070474FF0A043D3F870
:10D5F000100580F40020C0F3C0407047014B18684C
:10D60000704700BF4C00002008B501F055FD014BEC
:10D61000186008BD4C0000201FB54FF0A042002349
:10D62000C2F83037C2F84C370393074B0093074BCF
:10D6300001936846064B0293FFF7F8FEFFF7E4FFFD
:10D6400005B05DF804FB00BFCDD50000D9D50000C2
:10D65000EBD50000D0E9013210B593423FBF02681C
:10D660005C1C4460D15424BF0023037310BD10B56B
:10D670000C46C9B2FFF7EEFF210ABDE81040FFF7E4
:10D68000E9BF10B50C460021FFF7E4FF2146BDE8D5
:10D690001040FFF7ECBF2DE9F0410E46032115467F
:10D6A0001C469DF81880BDF81C70FFF7D3FF31466B
:10D6B000FFF7D0FF2946FFF7CDFF2146FFF7CAFF4E
:10D6C0004146FFF7C7FF3946FFF7DBFFBDE8F041F2
:10D6D0000021FFF7BFBFF0B585B072B930238DF8D8
:10D6E00004300123591AC9B21BB1013BDBB28B4292
:10D6F00018D10023037005B0F0BD01AD01230A2647
:10D70000B2FBF6F706FB1724303405F8014B14463C
:10D71000092C3A4601D8DBB2E4E701330B2BEFD1F9
:10D720000A23DFE703F110026A4412F80C2C00F818
:10D73000012BD9E770B5013911F8015F35B10468E3
:10D74000466822683668531CB34200D370BD8668B1
:10D7500036682360B554EFE770B5013911F8015F01
:10D7600035B10468466822683668531CB34200D35A
:10D7700070BD866836682360B554EFE770B501392F
:10D7800011F8015F35B10468466822683668531C99
:10D79000B34200D370BD866836682360B554EFE7A6
:10D7A00070B5013911F8015F35B104684668226827
:10D7B0003668531CB34200D370BD86683668236058
:10D7C000B554EFE770B5013911F8015F25B1046870
:10D7D0002268531C272B00D970BD46682360B554BE
:10D7E000F2E72DE9F041054608981E46174688469F
:10D7F00016F089FDE021C4B22846FFF72BFFE11D9A
:10D80000FFF735FF9DF82410FFF724FF4146FFF78F
:10D8100021FF3946FFF71EFF9DF81C100131C9B2E8
:10D82000FFF718FF3146FFF715FF9DF81810FFF7B7
:10D8300011FF2146FFF70EFF089C6618B44201D184
:10D84000BDE8F08114F8011B2846FFF703FFF5E758
:10D8500030B528238BB00025CDE9023503AB079303
:10D8600002AB91F8512001900C46089304A801AB3B
:10D870000C210993FFF72FFF07A804A9FFF790FFDA
:10D880000E49FFF78DFF94F8522004A80C21FFF7F2
:10D8900022FF07A804A9FFF783FF0849FFF780FFCD
:10D8A000626D04A80C21FFF716FF04A907A8FFF773
:10D8B00077FF019A039BD5540BB030BDA3570200EC
:10D8C00030B528238BB00025CDE9023503AB079393
:10D8D00002AB0C46B1F84C200190089304A801ABB0
:10D8E0000C210993FFF7F7FE07A804A9FFF746FFED
:10D8F0003A49FFF743FFB4F84E2004A80C21FFF784
:10D90000EAFE07A804A9FFF739FF3549FFF736FFFC
:10D91000228F04A80C21FFF7DEFE07A804A9FFF759
:10D920002DFF2E49FFF72AFF628F04A80C21FFF775
:10D93000D2FE07A804A9FFF721FF2849FFF71EFF21
:10D94000B4F8482004A80C21FFF7C5FE07A804A9D5
:10D95000FFF714FF2149FFF711FF94F84A2004A8AC
:10D960000C21FFF7B8FE07A804A9FFF707FF1C4921
:10D97000FFF704FFA28F04A80C21FFF7ACFE07A855
:10D9800004A9FFF7FBFE1549FFF7F8FEE28F04A894
:10D990000C21FFF7A0FE07A804A9FFF7EFFE0F492F
:10D9A000FFF7ECFEB4F8402004A80C21FFF793FE2B
:10D9B00007A804A9FFF7E2FE0849FFF7DFFEB4F865
:10D9C000422004A80C21FFF786FE04A907A8FFF750
:10D9D000D5FE019A039BD5540BB030BDEF54020025
:10D9E000A357020030B528238BB00025CDE90235BE
:10D9F00003AB079302AB0C4691F8242001900893E7
:10DA000004A801AB0C210993FFF765FE07A804A940
:10DA1000FFF7A2FE1A49FFF79FFEA26A04A80C2195
:10DA2000FFF759FE07A804A9FFF796FE1549FFF76F
:10DA300093FEE28D04A80C21FFF74DFE07A804A970
:10DA4000FFF78AFE0F49FFF787FE626B04A80C21DF
:10DA5000FFF741FE07A804A9FFF77EFE0849FFF77C
:10DA60007BFE226B04A80C21FFF735FE04A907A852
:10DA7000FFF772FE019A039BD5540BB030BD00BF77
:10DA8000EF540200A357020030B528238BB00025C5
:10DA9000CDE9023503AB079302AB0C46CA6801908F
:10DAA000089304A801AB0C210993FFF714FE07A803
:10DAB00004A9FFF73FFE2049FFF73CFE226904A8B6
:10DAC0000C21FFF708FE07A804A9FFF733FE1A4947
:10DAD000FFF730FEA26D04A80C21FFF7FCFD07A89C
:10DAE00004A9FFF727FE1449FFF724FE626904A882
:10DAF0000C21FFF7F0FD07A804A9FFF71BFE0E4954
:10DB0000FFF718FE226A04A80C21FFF7E4FD07A81E
:10DB100004A9FFF70FFE0849FFF70CFEA26904A84D
:10DB20000C21FFF7D8FD04A907A8FFF703FE019A0F
:10DB3000039BD5540BB030BDA35702002DE9F04133
:10DB40000E46202115461C469DF81880BDF81C7015
:10DB5000FFF780FD1421FFF77DFD3146FFF77AFDC9
:10DB60002946FFF777FD2146FFF774FD41466429FA
:10DB700028BF6421FFF76EFD3946FFF782FDBDE83F
:10DB8000F04142F22411FFF77CBD00002DE9F04F77
:10DB9000A3B0044605A80D46FFF7EEF82046012184
:10DBA000FFF758FD0021FFF76CFD0221FFF752FD42
:10DBB0000021FFF74FFD4FF6FF71FFF758FD0221DF
:10DBC000FFF748FD0121FFF745FD48F21041FFF73F
:10DBD0004EFDEB794BB108234FF620510022CDE9E1
:10DBE0000031F0231146FFF756FD0EAF00264FF02F
:10DBF00002084FF0010929463846FFF745FF334632
:10DC0000102204212046CDE90276CDE90089FFF7F4
:10DC1000E8FD29463846FFF7E5FE33461C2204217D
:10DC20002046CDE90276CDE90089FFF7DAFD2946E5
:10DC30003846FFF745FE3346CDE90276CDE9008947
:10DC4000282204212046FFF7CCFD95F850306BB117
:10DC500029463846FFF7FCFDCDE90276CDE900897B
:10DC60003346282204212046FFF7BBFD0DF12C0B83
:10DC70000026B149099658460DF1240A0DF16009B4
:10DC8000CDF82CA0CDF83090FFF79CFDAB49AC4F00
:10DC9000FFF798FD099B3246314617F8010B58B142
:10DCA0005E1C272E05D888336B44012203F8280C0C
:10DCB000334601310629F0D102B109939F49A14FA2
:10DCC0005846FFF77FFD099800220346114617F8D2
:10DCD000016B6EB103F1010CBCF1270F05D888333D
:10DCE0006B44012203F8286C634601310529EED10B
:10DCF000002A40F01681034688336B44002703F85E
:10DD0000287C4FF001080223CDE90038B2223B46BF
:10DD100004212046CDE90297FFF763FD9DF81830F6
:10DD200003970A26B3FBF6F206FB123330338DF865
:10DD30001D303A238DF81E309DF819308DF8217072
:10DD400002F13001B3FBF6F206FB123330338DF8EB
:10DD5000203007ABCDE901738DF81C10082302F1C8
:10DD600030018DF81F100093382243467821204659
:10DD7000FFF737FD9DF81730B3FBF6F206FB1233C1
:10DD800030338DF82D309DF81630CDF8048002F137
:10DD900030018DF82C10B3FBF6F106FB1133303354
:10DDA0002D228DF83030BDF814308DF82E208DF8EE
:10DDB0003120642201F13000B3FBF2F102FB113398
:10DDC000DBB2B3FBF6F206FB123302F13001303363
:10DDD00003268DF82F008DF832108DF83330CDE901
:10DDE00002B7434600966E22782120468DF83470A3
:10DDF000FFF7F7FC95F86B3073B1EA6D0C214846DC
:10DE0000FFF769FCCDE90297CDE900684346882217
:10DE100078212046FFF7E5FCAB79652B28BF00236E
:10DE20004FF6FF72CDE90032C421C82208232046F4
:10DE3000FFF784FEAA79642A75D942F62D53ADF80E
:10DE4000243000238DF82630002301220326CDE95B
:10DE500002A3CDE900621421D4222046FFF7C1FCC1
:10DE6000EB7813B34FF4FC6706232046CDE9003767
:10DE7000D42233464E21FFF70EFC4FF0080808234A
:10DE8000D7225121CDE90067FFF705FC3346DA229E
:10DE900056210197CDF80080FFF7FDFBCDE9006723
:10DEA0004346DD225121FFF7F6FB2B7942F224167F
:10DEB000002B0CBF33464FF4FC630193D4220C2398
:10DEC000009311462046FFF7E6FB6B8F83BB2B8F39
:10DED00033B113F0010F0CBF4FF478764FF4FC66AA
:10DEE0000C2300930196D422BE212046FFF7D3FBDA
:10DEF0006B794BB104234FF62052CDE900327021EB
:10DF00001023B022FFF7C7FB2046F021FFF7A2FB4A
:10DF10000021FFF79FFB207B00B1606823B0BDE8C4
:10DF2000F08F0993E8E608215046FFF7D4FB8BE712
:10DF30004FF47846D4E700BFB1640200725D02007E
:10DF4000A56402009C64020030B58DB010B90020B9
:10DF50000DB030BD0729FAD9002428233822012525
:10DF600008900A9108A800932146F023019409948F
:10DF70008DF82C50FFF78FFB0221FFF76BFB21463A
:10DF8000FFF768FB4FF6FF71FFF771FB04A8FEF780
:10DF9000F3FE9DF8143003940A22B3FBF2F102FB66
:10DFA000113330338DF819303A238DF81A309DF83B
:10DFB00015308DF81D4001F13000B3FBF2F102FB8A
:10DFC000113330338DF81C3006ABCDE901438DF8A9
:10DFD0001800082301F1300038228DF81B0000934F
:10DFE00078212B4608A8FFF7FCFBF02108A8FFF7D3
:10DFF00031FB2146FFF72EFB9DF82C30002BA6D0DD
:10E000000998A5E730B5154687B010B9002007B0CC
:10E0100030BD0729FAD9012300248DF814300A23D2
:10E020000290049102A800939A22F02321460194C1
:10E030000394FFF730FB642D4FF4FC6301932B46F0
:10E0400028BF64230093B42206239C21FFF776FDAA
:10E0500015F0020F42F2241318BF4FF4FC63019332
:10E0600006239C220093D2210823FFF714FBF02102
:10E07000FFF7F0FA2146FFF7EDFA9DF81430002B78
:10E08000C4D00398C3E700002DE9F04F05688DB0B8
:10E090000446002D00F0BA81002900F0B781072A5C
:10E0A00040F2B4810023099301238DF82C302B78A2
:10E0B00008910A92052B00F2A981DFE813F01901FB
:10E0C0000600CA0019011E01510108A80121FFF72D
:10E0D000C1FA0021FFF7D5FA0221FFF7BBFA0021B0
:10E0E000FFF7B8FA4FF6FF71FFF7C1FAC94A0023EC
:10E0F000CDE9013203930323009304220123782105
:10E10000FFF76FFB6768002F3CD03C7805AD2246D7
:10E1100004212846FFF7DFFA0023CDE902530193DB
:10E120000323009318220123782108A8FFF759FB45
:10E13000062CA04628BF4FF006082CB3C8EBC80435
:10E14000A400A4B208A84021FFF784FA3021FFF709
:10E1500081FAB421FFF77EFA2146FFF788FA3624C8
:10E160000026F1B2884511D808A8F021FFF772FA0D
:10E170000021FFF76FFA9DF82C00002800F047817E
:10E18000099844E13C46C1E70124DBE73846FEF745
:10E19000B7FE0546002858D008A83021FFF75AFAE4
:10E1A00006F1640189B2FFF762FA0421FFF752FA1F
:10E1B000A11FC9B2FFF74EFAE821FFF74BFA1A2167
:10E1C000FFF748FA0121FFF745FA95F82B30A3F144
:10E1D0003002092A4FF0000B88BF30230DF1180AD6
:10E1E0004FF003098DF8183022465B460821CDE92F
:10E1F00001BACDF80CB0CDF800908DF819B0FFF74A
:10E20000F0FA95F82C2008215046FFF764FA2246D0
:10E21000CDE902ABCDE9009B5B46282108A8FFF7BA
:10E22000E0FA95F89C2062B17B4BCDF80CB0CDE9BB
:10E2300001B3CDF800905B462246C82108A8FFF73D
:10E24000D0FA312108A8FFF705FA1C340136E4B2F0
:10E2500087E708A80121FFF7FDF90021FFF711FA70
:10E260000221FFF7F7F90021FFF7F4F94FF6FF71EC
:10E27000FFF7FDF9694B0024032706AECDE9014302
:10E2800010220123782103940097FFF7AAFA95F84A
:10E29000682004213046FFF71EFA23464022102151
:10E2A00008A8CDE90264CDE90074FFF79AFA95F861
:10E2B000692004213046FFF70EFA2346642210211C
:10E2C00008A8CDE90264CDE90074FFF78AFA95F851
:10E2D0006A2004213046FFF7FEF9CDE90264CDE95A
:10E2E000007423468822102108A8FFF77AFA3BE73A
:10E2F000294608A8FFF74AFC89E008A80121FFF792
:10E30000A9F90021FFF7BDF90221FFF7A3F90021C8
:10E31000FFF7A0F906AE4FF47841FFF7A8F995F89A
:10E32000702004213046FFF7D6F90024082300931B
:10E3300048220123782108A8CDE902640194FFF75F
:10E3400050FA95F8712004213046FFF7C4F90323F1
:10E350000093CDE90264019401238C227821C3E764
:10E3600008A80121FFF776F90021FFF78AF90221B9
:10E37000FFF770F90021FFF76DF94FF6FF71FFF716
:10E3800076F90221FFF766F90121FFF763F94FF6ED
:10E390002051FFF76CF9224B0124CDE901430323FF
:10E3A00000934A22234678210394FFF71AFA0025A6
:10E3B00002261C4B029374222346782108A8CDE93B
:10E3C00000650394FFF70DFA174B0394CDE9015351
:10E3D00088222346782108A80096FFF702FA134BFB
:10E3E00003949C22CDE901537821234608A8009686
:10E3F000FFF7F7F9F02108A8FFF72CF92946FFF7F6
:10E4000029F99DF82C30002B7FF4BAAE00200DB016
:10E41000BDE8F08FF1530200F5530200F4530200FF
:10E42000F753020005540200185402002154020060
:10E430004FF440629021C0E90012826040F6042C43
:10E440004FF48052C0E903C27047000073B5104C0E
:10E45000064694E803000822CDE90001694602203F
:10E46000FEF78EFA07280B4A06F1800308D90199B6
:10E47000914205D1DDE9000183E8030002B070BDDF
:10E4800094E8030083E80300C6F88420F6E700BFA1
:10E49000BC64020053544C5338B5044601258583AF
:10E4A000002100F61840FEF71CFD237E052B04BF5B
:10E4B0000023237604F5805484F8915838BD10B5B4
:10E4C000002304460377012100F6184004F5805428
:10E4D000FEF707FD012384F8913810BD00F5805345
:10E4E000002293F8910883F891287047036870B56B
:10E4F0000A4604467BB100F5B45502354FF400716D
:10E500002846FFF77FFD014628B123682269284687
:10E51000BDE87040184770BD7047036870B5044689
:10E520007BB100F5B45502354FF400712846FFF772
:10E530000BFD014628B1236822692846BDE87040DA
:10E54000184770BD30B5036885B0044603B300F5C5
:10E55000805393F88026DAB193F88136C3B900F17D
:10E560001803019300F5B45500F6184302930235E1
:10E5700000F5B0531C3329464FF4007201A80393F1
:10E58000FFF782FD014618B12368226928469847A3
:10E5900005B030BDF8B50D460446174606460FCD0A
:10E5A0000FC62B6833604FF440620021676104F1AD
:10E5B000180015F050FE0026FF2304F5B055A37790
:10E5C00004F618401C352676FEF784FC2846FEF734
:10E5D000A1FD2846FEF7A4FD2046FFF737FFFEF712
:10E5E000CDFA606938B1037C2BB194F881303246A2
:10E5F0003146FEF7D2FE2046BDE8F840FFF7A2BF45
:10E60000037E41770BB9FFF79DBF704710B50446F5
:10E6100000F61840FEF7A3FC38B1237E012B04D18D
:10E620002046BDE81040FFF78DBF10BD10B5044671
:10E630000846FEF7EBFA2046BDE81040FFF782BF20
:10E6400000F58053012283F89828836813B101698B
:10E6500037201847704710B50446FFF7F1FF052330
:10E6600023762046BDE81040FFF76CBF042310B5A9
:10E670000376436880F88810044680F8892013B137
:10E680000169022098472046FFF7DAFF2046BDE8DF
:10E690001040FFF757BF73B50446406918B3037CB9
:10E6A0000BB3FEF790FE0546FEF732FB06466846C2
:10E6B000FEF762FB9DF805309DF804203C214B439A
:10E6C0004FF4616101FB02339DF806201344F61AF2
:10E6D000E36F0BB1B34201D0C4E91E56A36FAB4246
:10E6E00098BFED1A656702B070BD2DE9F041044690
:10E6F0000D46FEF719FFE268E77E0646AAB13B1E0B
:10E7000018BF0123834204F5805807D1D8F8943804
:10E7100023B1EB1A42F20F718B4206D92069904760
:10E72000012D38BF0125C8F89458FEF71FFF237E3E
:10E73000A077032BE67606D1002323762046BDE89A
:10E74000F041FFF7FFBE46B12FB92046FFF778FF33
:10E75000237E002BF2D0BDE8F081002FFBD0F8E73C
:10E7600010B586B00446FEF769FB00B304A8FEF7B7
:10E7700003FBFEF7CDFA9DF815300093014604F532
:10E78000B0509DF814309DF817201C30FEF7F7FCB0
:10E79000C1B20129ADF80C0007D19DF80D2020462B
:10E7A00006B0BDE81040FFF761BF0229F5D006B002
:10E7B00010BD10B590F88030044683B1406970B147
:10E7C000FEF721FE58B12046FFF73AFF237E0BB13A
:10E7D000052B04D104F58054012384F8913810BD31
:10E7E000F7B500F580550446D5F88838CB1AB3F54F
:10E7F000FA6F0E4616D3476FFFF74DFFC5F88868CE
:10E800006846FEF7B9FA227E9DF8053052B995F8B0
:10E8100080263AB1626FBA4219D085F89038012348
:10E8200085F89138D5F88C38F31AB3F57A7F05D38B
:10E8300031462046FFF759FFC5F88C682046FFF7A0
:10E840008FFF204603B0BDE8F040FFF7B2BF95F858
:10E8500090289A42E6D085F890382046FFF75DFE72
:10E86000E0E710B50446FFF7EBFE237E042B06D14C
:10E87000002323762046BDE81040FFF763BE23B196
:10E880005A1E534253415B00F3E70123F1E713B5EE
:10E890008DF80700F9F792FE0520F9F75BFF0121DB
:10E8A0000DF10700F9F7D6FE04460520F9F77AFFC7
:10E8B000F9F7A6FE204602B010BD000010B5064CC8
:10E8C00023783BB1AB20FFF7E2FF3220F9F7DAFC07
:10E8D0000023237010BD00BF9841002073B5FF23B3
:10E8E00005268DF8073005468DF80660F9F766FEB7
:10E8F0003046F9F72FFF01230DF1070219460DF1FC
:10E900000600F9F7E1FE04463046F9F74BFFF9F748
:10E9100077FE14B19DF807302B70204602B070BD11
:10E9200073B50D4D0024FF260DF107008DF807602B
:10E93000FFF7D4FF68B19DF80730DA0709D5A306C1
:10E9400001D101F011FA32200134F9F79BFCAC42FD
:10E95000EAD102B070BD00BFA0860100014B0022C9
:10E960001A7070479841002013B5FFF7A7FF9F2347
:10E970008DF803300023ADF804308DF80630F9F738
:10E980001DFE0520F9F7E6FE032301AA01210DEB88
:10E990000300F9F799FE04460520F9F703FFF9F79C
:10E9A0002FFE3CB19DF80440013CE4B2FD2C8CBF2D
:10E9B00000240124204602B010BD73B5054614465C
:10E9C0000E4621B302B31318B3F5800F1FD8FFF71B
:10E9D00075FF03238DF804302B0C6DBA8DF80530CC
:10E9E000ADF80650F9F7EAFD0520F9F7B3FE04216A
:10E9F000234632460DEB0100F9F766FE044605207A
:10EA0000F9F7D0FEF9F7FCFD204602B070BD0024F6
:10EA1000FAE7F0B50546C3B016460C4619B900240E
:10EA2000204643B0F0BD531EFF2BF8D852FA80F3B6
:10EA3000B3F5807FF3D81318B3F5800FEFD8FFF745
:10EA40003DFF0620FFF723FF0028E8D001AF022397
:10EA50003B702B0C6DBA7B707D8021460DF1070356
:10EA6000A21911F8010B03F8010F9142F9D1F9F73E
:10EA7000A5FD0520F9F76EFE311D3846F9F7EAFDD0
:10EA800004460520F9F78EFEF9F7BAFD002CC6D032
:10EA9000FFF746FFC4E7C0F30B0313B504461BB1F1
:10EAA0000024204602B010BDB0F5800FF8D2FFF769
:10EAB00005FF0620FFF7EBFE0028F1D020238DF89C
:10EAC0000430230C64BA8DF80530ADF80640F9F730
:10EAD00075FD0520F9F73EFE04210DEB0100F9F765
:10EAE000B9FD04460520F9F75DFEF9F789FD002C14
:10EAF000D6D0FFF715FFD4E710B5064C23783BB905
:10EB00000520F9F74FFEB920FFF7C1FE012323705E
:10EB100010BD00BF98410020FFF7D0BE0020704715
:10EB200001F1B40008B50003FFF7B5FF00280CBFE2
:10EB30006FF00400002008BDF8B5B431069C1E46F5
:10EB400002EB01350CB92046F8BDB4F5807F2746AD
:10EB500028BF4FF480773A4631462846FFF759FFE1
:10EB600018B13E443D44E41BECE76FF00400EBE7D2
:10EB700010B501F1B40014461946029A04EB0030B6
:10EB8000FFF71BFF00280CBF6FF00400002010BD32
:10EB900010B586B01346074A039203AA00920024D8
:10EBA0000A4601460448CDE9044403F0B3FF06B029
:10EBB00010BD00BF9C4100203445002038B5244DD5
:10EBC0002C78002C35D1FFF7C9FEFFF7A5FFFFF722
:10EBD000CBFE542221461F4815F03DFB1D4A1E4B1B
:10EBE00053601E4B93601E4BD3601E4B136110236A
:10EBF0004FF48051C2E905334FF45373C2E9071350
:10EC00004FF480704023C2E90A034FF4FA73536251
:10EC1000154B5363154B93631548164BD36311463D
:10EC200003F050FE38B91449114804F0ADF801233F
:10EC30002B7001240AE007490D4803F0E5FD28B9CF
:10EC400004490B4803F03EFE0028ECD0204638BDB6
:10EC5000DC440020E044002071EB000039EB0000B0
:10EC600021EB00001DEB0000DC430020DC42002013
:10EC7000344500209C4200202F540200FFF73CBF87
:10EC8000F0B51D46194B1B7897B006460F46144643
:10EC900013B9002017B0F0BD0028FAD0002AF8D030
:10ECA000002DF6D0FFF738FF0122314601A8FFF70B
:10ECB0006FFF03460028ECD10D483A4601A904F045
:10ECC00060F8002804DA01A9094804F035F8E0E703
:10ECD00022462B4601A9064804F03AF801A9044649
:10ECE000034804F029F824EAE470D3E7DC44002068
:10ECF00034450020F0B51C461A4B1B7897B00646E9
:10ED00000F46154613B9002017B0F0BD0028FAD001
:10ED1000002AF8D0002CF6D0FFF7FEFE4FF48172E7
:10ED2000314601A8FFF734FF03460028EBD10E4817
:10ED30003A4601A904F025F8002804DA01A90A4896
:10ED400003F0FAFFDFE723462A4601A9064804F04C
:10ED500016F801A90546044803F0EEFF631B58426C
:10ED60005841D1E7DC44002034450020084B10B561
:10ED70000446187848B14CB1FFF7CEFE054821464D
:10ED800003F05EFEB0FA80F0400910BD2046FCE7BB
:10ED9000DC440020344500200068704700234FF415
:10EDA0008062C0E906334375C3820362828480F8BF
:10EDB0002630704713B5C4686CB1084B02691B88D4
:10EDC000ADF80430838C8DF805301B0A8DF80630C1
:10EDD000032101A8A04702B010BD00BFC464020017
:10EDE00070B50C46064605460FCC0FC523682B6050
:10EDF0003046FFF7D3FFBDE87040FFF7DBBF13B528
:10EE0000C468BCB111230093C38A8DF801301B0A7A
:10EE10008DF80230036A8DF803301A0A8DF8042049
:10EE20001A0C1B0E8DF805208DF80630026907219B
:10EE30006846A04702B010BDC36807B543B11222AF
:10EE40008DF804208DF805100269022101A8984769
:10EE500003B05DF804FB2DE9F041044615460E466B
:10EE6000002900F0C680002A00F0C3800B78013B27
:10EE7000032B05D8DFE803F002428E990B2D01D851
:10EE8000022105E090F81580B8F1000F05D00121AE
:10EE90002046BDE8F041FFF7CFBFB1F80130C38293
:10EEA000C81CFFF779FFA0610346C81DFFF774FF78
:10EEB000E061CF7A202FE3D807F10C02AA42DFD815
:10EEC000013BB3F5003F01D30421E1E73A460C31A1
:10EED00004F12600274415F008FA4FF4806387F800
:10EEE0002680A38401236375A368C4F820800BB136
:10EEF000206998472046FFF75DFF1CE0437D002B0B
:10EF0000BED0062DBCD9C28AB1F801309A42B7D121
:10EF1000C81CFFF741FF237D0746073D43B1B5F508
:10EF2000807F05D906212046FFF786FF4FF48075C4
:10EF3000236ABB4204D02046BDE8F041FFF75FBF23
:10EF4000A269EB1993429BD8A38CAB429FD3D4F810
:10EF50000080B8F1000F08D105212046FFF76CFFB3
:10EF60002046BDE8F041FFF719BF23692A46F11D8D
:10EF70003846C0470028EFD0236A2B442362A38C75
:10EF80005B1B9BB2FF2B01D9A384D4E74FF48063B2
:10EF9000A384AFE783680BB1006998472046FFF769
:10EFA000FDFEBDE8F041FFF705BF437D002B3FF4B8
:10EFB00067AF022D7FF664AFC28AB1F801309A4282
:10EFC0007FF45EAF8369016A99427FF459AF456867
:10EFD0002DB10369C2692630A8470028DED103217C
:10EFE0002046FFF729FFA368002BB9D02069984776
:10EFF000B6E7BDE8F0810000024A13680BB1516822
:10F0000018477047B845002008B5FFF737FEF9F7F5
:10F01000D5FA054B0022C3F80025FAF7E7FABDE858
:10F020000840F9F7EDBA00BF00300040024B07225C
:10F03000C3F80025FAF7E0BA003000404FF08043F3
:10F0400001220249DA670220F9F7F4B937540200C5
:10F0500007B50C23ADF80430022240F6B83301A9FD
:10F060004420FAF7EFFA03B05DF804FB03C808B5D3
:10F070000C4B83E803000C4B02221A700B4A00234E
:10F0800013700B4A13704FF080430122DA67FFF7C9
:10F09000DFFFFFF7B9FFBDE8084006490320F9F795
:10F0A000C9B900BFB845002050000020B745002076
:10F0B000B645002082540200F8B52C4C2C4DFFF7C9
:10F0C000B5FF002301220821C4F80035C4F8F0255B
:10F0D000C4F8F435C4F8F835C4F810152549C4F857
:10F0E0001435C4F81815C4F82C56C4F83026C4F8E2
:10F0F0000025C4F80031C4F80431C4F8103122608E
:10F10000F9F7B8F841F288370646D4F8003123B948
:10F11000F9F7B0F8801BB842F7D901236360F9F71B
:10F12000A9F8124E044641F28837D6F8043123B9C3
:10F13000F9F7A0F8001BB842F7D90123B360F9F73B
:10F1400099F80A4E044641F28837D6F8103123B9AF
:10F15000F9F790F8001BB842F7D90023C6F800353C
:10F16000FFF752FFB5F90000F8BD00BF0070004086
:10F17000B445002000020500014B1878704700BF1D
:10F180005000002038B5354B1D788542044664D0C8
:10F1900018703348F9F725F9F9F76CF8F9F734F9ED
:10F1A0003048F9F71EF9032D96BF2F4B2F4853F81F
:10F1B0002500F9F716F92E48F9F713F9032C96BF35
:10F1C000294B2A4853F82400F9F70BF92948F9F795
:10F1D00011F9032C41D8DFE804F002172633264C3E
:10F1E000FAF75EF923783BB9FFF720FFF9F72EFB1A
:10F1F00001232370FFF708FFFFF706FF4FF4C870E5
:10F20000BDE83840FFF7F8BE1B4C23782BB1FFF761
:10F210000DFFF9F724FB00232370FAF743F9BDE84B
:10F220003840FFF7F1BE144C23782BB1FFF7FEFEF8
:10F23000F9F715FB00232370FAF737F91820DFE7F9
:10F240000D4C23782BB1FFF7F1FEF9F708FB0023F3
:10F250002370FAF72DF90C20D2E738BD50000020BA
:10F26000C2540200725D0200C8640200C054020071
:10F27000CB540200AE510200B745002038B50578E6
:10F2800004461DB1022D14BF022503252846FFF7B1
:10F2900079FF15B1207AFAF7D5F86089BDE83840D2
:10F2A000FFF7AABEF8B50F46154600F580260DB942
:10F2B0000120F8BDF4B2C4F58074AC4228BF2C46DE
:10F2C000224639463046FFF7A4FB0028F1D02644F9
:10F2D00027442D1BEBE7000008B5FFF71DFC024B90
:10F2E00000221A6008BD00BFC045002008B5FFF726
:10F2F00013FC024B00221A60012008BDC04500200B
:10F300002DE9F041044615460E4631B32AB3B0F557
:10F31000E82F22D8C0F5E82393421ED305EB04085A
:10F32000FFF7FAFBB8F5E82F17D80D4F3B68984563
:10F3300006D82A4631462046BDE8F041FFF7B2BF65
:10F3400000F012FD386800F58020FFF7A4FB20B123
:10F350003B6803F580533B60E8E70020BDE8F0819F
:10F36000C04500201FB50E4B0FCB8DE80F00FFF7F7
:10F37000D3FB0C4B1B68B3F5E62F6C4606D90A4845
:10F3800010222146FFF78EFF04B010BD00F0ECFC08
:10F390004FF43320FFF77FFB0028F0D1F4E700BFE4
:10F3A000D8640200C0450020F03F07004FF0E02382
:10F3B000014AC3F80C2DFEE70400FA0538B5002514
:10F3C00004464FF40073C0E9095580F82050458485
:10F3D0008385202229462E3014F03DFF84F8C0504A
:10F3E00038BDC36810B504460BB9012010BD0369D0
:10F3F0004BB9E368E06998471E38C0B246288CBF15
:10F4000000200120F2E7C06998470028F1D0ECE71E
:10F4100013B584696CB1084BC2691B88ADF8043020
:10F42000838D8DF805301B0A8DF80630032101A865
:10F43000A04702B010BD00BFE864020070B50C46E2
:10F44000064605460FCC0FC594E80F0085E80F006F
:10F450003046FFF7B3FF3046BDE87040FFF7D8BF36
:10F4600013B58469BCB111230093438C8DF801302E
:10F470001B0A8DF80230836A8DF803301A0A8DF862
:10F4800004201A0C1B0E8DF805208DF80630C26979
:10F4900007216846A04702B010BDD0F8C430013340
:10F4A00007B5C0F8C430012380F8C830836980F8FC
:10F4B000C11043B112228DF804208DF80510C269E5
:10F4C000022101A8984703B05DF804FB2DE9F04143
:10F4D000044688B00E46002900F0EB80002A00F0B8
:10F4E000E8800B78013B032B05D8DFE803F00256D8
:10F4F000A6A92A2A01D8022105E003684BB1C069F8
:10F50000984730B90821204608B0BDE8F041FFF720
:10F51000C4BF2046FFF765FF08B90621F3E7D6F818
:10F5200003707B1EB3F5E82F01D30421EBE794F8B9
:10F530002050B6F8018045B1638C434503D1204685
:10F54000FFF78EFF4DE00121DDE763681BB3E06943
:10F55000984700B34FF40073A3852022F11DC4E93E
:10F560000975A4F8228004F12E0014F0BEFE04F107
:10F57000500000F047F90123204684F8203084F839
:10F58000C830A4F8C030FFF743FF204608B0BDE8FC
:10F59000F041FFF765BF0521B5E790F82030002B5B
:10F5A000A9D0062AA7D9418CB6F801309942A2D138
:10F5B000D51FB5F5007FD6F8037004D90721FFF7F2
:10F5C0006CFF4FF40075A36ABB42B8D1626A7B1925
:10F5D000934290D8A38DAB4209D201212046FFF778
:10F5E0005CFF204608B0BDE8F041FFF711BFD4F83A
:10F5F0000880B8F1000F16D00736E3692A46314675
:10F600003846C04778B194F8C0302BB12A4631460D
:10F6100004F1500000F022F9A36A2B44A3624FF4D6
:10F620000073A3858BE720460521FFF736FF2046B0
:10F6300008B0BDE8F041FFF7C1BEFFF7BFFED0E75D
:10F6400090F82030002B3FF456AF022A7FF653AFDC
:10F65000428CB6F801309A427FF44DAFD0E90932BE
:10F660009A427FF448AF90F8C030002B3FF443AF8C
:10F670006946503004F12E0500F012F92022294687
:10F68000684614F0BFFD38B103212046FFF705FF9F
:10F690002046FFF793FE0CE063696BB1E269606A94
:10F6A0002946984740B12046FFF788FE2046FFF7DD
:10F6B000AFFE08B0BDE8F0810521E6E72DE9F04F87
:10F6C000CBB00AAA01F1400514464B780E781B0412
:10F6D00043EA0663CE7833438E78043143EA062347
:10F6E0008D4244F8043BF0D110245168956B1646C6
:10F6F0004FEAB143043283EAF11383EAD10331685C
:10F70000166A31440B444FEAF54181EA754181EABA
:10F71000952101340B44402CD363E6D10368009358
:10F720004368019383680293C36803930369049356
:10F730004369059383690693C3690793DDE9067AF4
:10F74000DDE9041CDDE90258DDE900462C4B089395
:10F750004FF0000E0DF12809089A52F8043B089268
:10F760004FEAF12282EAB11282EA7162099259F8F3
:10F770002E2003EB020B099A27EA01035A4401EAFF
:10F780000C0B83EA0B031A44524486EA05034FEA42
:10F79000B40A06EA050B8AEA743A23408AEAB45AA4
:10F7A00083EA0B030EF1010E5344BEF1400F02EB4E
:10F7B000080B1344A846BA461AD1009A1A44019B72
:10F7C000026023444360029B33448360039B2B44C9
:10F7D000C360049B5B440361059B0B444361069B30
:10F7E00063448361079B3B44C3614BB0BDE8F08F2A
:10F7F000674635468C46264659461C46ACE700BF50
:10F80000EC6402000E4A0F4B0F49DFF84CC0C0E910
:10F8100000230E4BC0E902130D4BC0E904C30D4B8E
:10F82000836103F17453A3F52303A3F69243C361E9
:10F8300000220023C0E9082300238366704700BF2D
:10F8400067E6096A85AE67BB72F36E3C3AF54FA571
:10F850008C68059BABD9831F7F520E51F8B50C46BF
:10F8600001B92AB9A51800F128060027AC4200D139
:10F87000F8BD836E14F8011B5A1C0344402A8266AB
:10F8800083F82810F2D13146FFF718FFD0E908328B
:10F8900013F5007342F10002C0E908328766E5E71C
:10F8A000F8B5866E731C82190C46382B4FF0800118
:10F8B00082F8281009D900F1270200213F2B3ED9F8
:10F8C00000F12801FFF7FAFE00232733034400F17B
:10F8D0005F020021934235D1D0E908310822E6FBCE
:10F8E0000231C0E908311D4600F1680C0023C3F164
:10F8F0002007A3F1200625FA03F201FA07F73A439D
:10F9000021FA06F608333243402B0CF8012DEED1D4
:10F9100000F12801FFF7D2FE031F21461C3053F8E7
:10F92000042F120E0A705A884A701A68120A8A70D6
:10F930001A68CA70834201F10401F0D1F8BD0133A5
:10F94000D154BBE703F8011FC4E70000024AD2F814
:10F950000034002BFBD0704700E001400A4A0B4BFB
:10F9600012F8011B187888420BD10133B3F5F82F38
:10F97000F6D1074B93F8E800A0F1FF035842584135
:10F9800070470020704700BFEC650200F0BF070021
:10F9900000BF070008B5FFF7E1FFB0B10C49012037
:10F9A000FFF7D4FFC1F80405FFF7D0FF4FF4F623AB
:10F9B000C3F8E80FFFF7CAFF0023C1F8043503209E
:10F9C0000449FFF7C3FFF8F735FD012008BD00BF6C
:10F9D00000E00140D554020010B50D4B18B9187065
:10F9E0000024204610BD18780A4A18B91160012277
:10F9F0001A70F5E71368C91A42F20F739942EFD9EA
:10FA0000FFF7ACFF04460028EAD0FFF7C3FFE8E7A2
:10FA1000C4450020C845002038B505460C46FFF710
:10FA20009DFF70B175B10A4B1B785BB1094B18682B
:10FA300042F20F73221A9A4207D800F51C50103078
:10FA4000001B38BD42F21070FBE70020F9E700BF51
:10FA5000C4450020C845002000234FF6FF72C0E9CE
:10FA6000093380F82030C285038680F83230704731
:10FA700070B40C46064605460FCC0FC594E80F003F
:10FA800085E80F00304670BCFFF7E6BFC36810B5CD
:10FA900004460BB9012010BD03694BB9E368E06966
:10FAA00098471E38C0B246288CBF00200120F2E7DC
:10FAB000C06998470028F1D0ECE7836913B553B1CA
:10FAC00010248DF805108DF806208DF80440C269C9
:10FAD000032101A8984702B010BD13B584698CB109
:10FAE00011230093836A8DF801301A0A8DF80220E1
:10FAF0001A0C1B0E8DF803208DF80430C269052105
:10FB00006846A04702B010BD70B50B46044601B36D
:10FB1000FAB10978481E072800F29180DFE800F06A
:10FB2000041A3D5874868F48012A02D05B78042B52
:10FB300003D00322012120467DE02046FFF7A6FFE7
:10FB400008B90622F6E72046FFF786FF012384F86E
:10FB5000203070BD94F820100239012902D9022208
:10FB60000221E8E7012AFAD05B781BB9032384F865
:10FB70002030EEE7012BF2D194F85330012B07D956
:10FB8000234493F8322093F8313043EA0223A385CB
:10FB9000042384F820300122E2E794F82030042B7B
:10FBA00009BF0023022284F8323001220321C2E778
:10FBB000012A4FF0000218BF5B7884F8312008BF9B
:10FBC000134684F8322084F8303001220821B2E74D
:10FBD00094F82050042D04D1636A13B1A26A9342B1
:10FBE00002D005220421A6E7E28DA38D9A42F8D126
:10FBF000A36823B1E069984708B90622F2E7052314
:10FC000084F820300122EDE794F82010052902D075
:10FC1000022205218FE701222046FFF74EFF63698C
:10FC2000002B96D0E069BDE8704018472046FFF7EA
:10FC300013FF06210122BDE87040FFF73EBF0322FB
:10FC400079E7F8B5044615460E46002947D0002A44
:10FC500045D090F82070012F2BD10B2A3FD98D6809
:10FC60006B1EB3F5E82F08D304220221FFF725FF0E
:10FC70002046BDE8F840FFF7EFBE03681BB9062237
:10FC800001212046F2E7C06998470028F7D00023F9
:10FC9000A3624FF6FF7284F853300223E285656257
:10FCA00084F820303A4639462046BDE8F840FFF750
:10FCB00004BF032F14D190F853309A18202A02D988
:10FCC000D3F120050BD004F1330018442A46314605
:10FCD00014F00BFB94F853302B4484F85330F8BDE8
:10FCE000042FFCD1D0E9093C62449A4203D913B1F4
:10FCF0003A460321BAE767688FB3E3692A4631467B
:10FD00006046B84758B3E38D711916F8012B5BBAFA
:10FD10009BB25A40C2F303135A4013039BB25A409A
:10FD2000530103F4FF538E4283EA0203EDD1E385CE
:10FD3000A36A94F830202B44A36294F83230013344
:10FD4000DBB284F83230002AC9D09342C7D30023F3
:10FD500084F832302046BDE8F840FFF7BEBE0622E8
:10FD600003218EE7FFF778BE08B5F8F7DFFA18B978
:10FD7000024B034AC3F8002608BD00BF0000014043
:10FD80003546526E08B5F8F7D9FABDE80840FFF7D6
:10FD9000EBBF08B572B6F8F7A0FAF8F79EFAF8F7D5
:10FDA000CDFA44F62060F8F76DFAF6E70368013300
:10FDB00004D04068431C58425841704701207047A6
:10FDC00010B50B6804689C4209D0406849688842B5
:10FDD00005D08C4203D0181A18BF012010BD002096
:10FDE000FCE7D1E9003210B504689C4202D14168B9
:10FDF000914206D0944206D14068C31A58425841F5
:10FE000010BD0120FCE70020FAE740F30903B3F13D
:10FE1000FF3F08BF0130C0F309000430704710B540
:10FE2000031F0439083053F8042F51F8044F83425C
:10FE300082EA04021A60F6D110BD0346006830B9A8
:10FE40005A682AB99868B0FA80F0400970470020D3
:10FE5000704708B503681B0D13F4E06304D0043049
:10FE6000FFF7AEFF80F0010303F0010008BD826AD6
:10FE700000F1280302B970471A688A4202D10A6861
:10FE80001A60704713461268F4E7C36E426D194456
:10FE9000891AB1FBF3F203FB1211836D8B4208D96F
:10FEA000CA08406E01F0070101238B40815C0B43BF
:10FEB0008354002070470000194B1A4A11F0805FEC
:10FEC00030B508BF1C46036818BF144683EA010515
:10FED00025420DD043F30904013409D001EA02049C
:10FEE000114A1A4042F09F4242F4E002944203D188
:10FEF00000230360012030BD0A0D02F4E064B4F574
:10FF0000806F05D1C3F38924C1F389218C4201D2CA
:10FF10000020F0E752B203EB82230360F8E700BF52
:10FF200000FC0F7000FCFF7F00FC0F0008B50246CC
:10FF30000846FFF76AFF136803441360002008BDFA
:10FF4000036801330360002070472DE9F04F87B04C
:10FF5000DDE911480393836E139EDB691746A219EE
:10FF60009A428346894607D8C36E002B00F09A80D8
:10FF7000109A934200F296806FF053008FE0B9F12F
:10FF8000000F41D0D9F80030109A93423CD1D9E902
:10FF9000015305EB030AA24536D9A54214D8AAEBB2
:10FFA000040AB245D9F80C1028BFB246651B40467A
:10FFB0005246294414F099F9D0445444A6EB0A0659
:10FFC000002EDCD130466AE02D1BB54228BF3546F5
:10FFD00002953B68109A93421ED1D7E901130B4456
:10FFE000A34219D9A14211D8029D1B1B9D4228BFD3
:10FFF0001D46FB68611A40462A46194414F075F9FB
:020000021000EC
:10000000A8442C44761BDBE70296E2E7029B091B1F
:100010008B4228BF0B460293DBF8680042684169B7
:10002000B4FBF1F39446039A964201FB134319D3B0
:10003000C3B98E4216D3029BB3FBF1FA01FB0AFA55
:10004000A3EB0A0304931099CDF800A0434622467F
:100050006546A84718BB049B029A9B1AD044544497
:100060001E44ADE7059D109A3A600D442544B5FB4A
:10007000F1F54D43C169E21A1B1B8D4294BF5B1918
:100080005B18816A7A608B4228BF0B46BB60009385
:10009000FB6810996546A84700283FF470AF07B089
:1000A000BDE8F08F039B013B059389E72DE9F04FF5
:1000B000D1E9039587B006463C300F469A46059530
:1000C000FFF7C7FE9046044680B1C2F389246CB1A5
:1000D000F36BCAF38922C3F38923934204D16FF0EF
:1000E000010007B0BDE8F08F6CD30024C8F3892B62
:1000F0002846FFF78AFE031D4B45F0D8A9EB0009FF
:1001000005AACDE90192042303933A6800920021E5
:1001100032463046FFF719FF0028E2D1059B1BBA93
:100120006B4023F000430593BBF1000F1ED0290D57
:1001300001F4E062B2F5806F18D1AAEB0402C2F3B9
:10014000892CC5F38920844510D322F07F4222F404
:10015000700222F47F7222F0030242F0804242F4E5
:100160008012AA42BBD049B204EB8124AAEB04015D
:10017000694011EA080127D145F309030133AED0E4
:10018000129BC5F30908984528BF9846119B029316
:10019000109BCDF80C8004334B4401933B680093D3
:1001A000324643463046FFF7D0FE002899D1129BD5
:1001B000A3EB0802119B014603EB080014F04BF877
:1001C00060198EE7014C91E71D4691E700FCFFFFA7
:1001D0001FB5C3F309040294069C01940024009403
:1001E000FFF764FF04B010BD30B587B003AD094B15
:1001F00000951446084AFFF7EBFF002804DA831C39
:1002000000D1002007B030BD29462046FFF707FE89
:10021000F7E700BF0C00F07F0000F07F30B5134619
:1002200087B00268044604AD0820916E03900295E1
:10023000586801901B680093CB69104602F11001C9
:10024000FFF783FE18B9211D2846FFF7B9FD07B057
:1002500030BD00002DE9F04FABB000251F46CDE9C1
:100260000A55BDF8E0300593BDF8DCB0BDF9E430C7
:1002700006908A460493A9463846FFF7C6FDDAF889
:100280000C3000EB0208984565D20423039309ABB8
:10029000CDE90183069ADAF80030009300210423A7
:1002A0001046FFF752FE002840F01981099B1BBA47
:1002B0007B4043F00047DAF800300A9308F104036A
:1002C0000B9309973C460AAB369A89EA0406164016
:1002D000844A16403DD1369AC2F38922002A00F0A2
:1002E000A4804FF03C0C0CFB05FC0CF1A8026A4406
:1002F000349942F86C1C359942F8681C369942F8DA
:10030000483C42E91919059922F85A1C049922F827
:10031000581C3A9942F8541C3B9922F85CBC42E9BB
:100320001414DDE90A010CF1A80342F8707C42E9DB
:100330001EA80DEB030C443AACF14C0382E8030019
:10034000CDE904663B93684B36960135B1463A9346
:10035000B346424690E7359B002B40F3BE8034996C
:10036000349B0831349135991C68099401395B68D4
:1003700035919046A8E7B2F5817F1ED11C46002634
:10038000099BC3F309029642E3D2049AA168C3F31E
:100390008923134441EA83212378626803F540737B
:1003A00041EA0351DDE93A3098470028C0F29780CE
:1003B00004F10C04CDD10136E2E71A46049B04EBAC
:1003C0008321DDE93A3098470028C0F28880C0D008
:1003D000002D00F084802AAB013D3C2202FB053257
:1003E00052E91C73349352F8683C359352F8643CDC
:1003F000369352E9110132F85A3C059332F9583CD0
:1004000004930AAE52F8543C3A9352E91EA852F8AB
:10041000503C52F84C4C3B9386E8030052F8609CE9
:1004200032F85CBC52F8483C0994369AC2F38922EF
:1004300032B1C4F389225A458BD305998A4288D2B6
:10044000C4F30A52002A84D040F201118A4292D1A8
:10045000254A07933A9B93423FF47BAF3C222AAB59
:1004600002FB05360021A6F1780013F0F4FE349B60
:1004700046F86C3C359B46F8683C369B26F85CBCDD
:1004800046E91939059B26F85A3C049B26F8583C46
:100490003A9B46F8543CC4F3090B3B9B46F8503C4E
:1004A0000BF101030593C4F38924049B0F4A46F81A
:1004B000707CA4EB0B041C4423B20493079B46E915
:1004C0001EA89A460023CDE9353201354FF0005978
:1004D00034934FF0FF3798463BE7002078E72BB086
:1004E000BDE8F08F0000F07FB9FE000000FC0F6057
:1004F0002DE9F04F85B09846836E0F9D119EDB6904
:100500001446AA199A42074689461ED96FF053002D
:1005100042E02368E06802331DD1D4E901130B44A3
:100520009D4218D28D4216D3A3EB050AB24528BFCF
:10053000B246691A01445246109813F0D6FE109B39
:10054000534410935544A6EB0A0646B36FF0010BD3
:1005500008F1FF3ADDE7B96EC4F800B0D1F814C075
:10056000896AB5FBFCF20AEB0C032B44B3FBFCF3EA
:100570000CFB03F38B4228BF0B460CFB02F26260BC
:10058000A3604946CDE9010300920E9B054A384617
:10059000FFF78CFD0028BCDA05B0BDE8F08F3046CF
:1005A000FAE700BF00FCF7FF2DE9F04F87B00646E1
:1005B000119F884691469A4600240DF1100BA742E0
:1005C00003D8002007B0BDE8F08F3D1B109B082D1D
:1005D00028BF0825E318CDE900A3CDE902B5A9EBB2
:1005E0000403424600213046FFF7AFFC0028E9D162
:1005F000129B2A461868594602F06AFC129B2C444A
:100600001860DCE72DE9F04F97B016460A93C36EE9
:10061000126807460D4653B1934205D86FF0530454
:10062000204617B0BDE8F08F71688B42F6D90021E3
:100630004FF004080EABCDE901130092CDF80C8009
:1006400043463A463846CDE90E11FFF77EFC044694
:1006500010B110F1540FE3D1CDF80C800FAB4FF077
:1006600000080293CDF80480736800933A4604238F
:1006700041463846FFF769FC0446002848D010F18F
:10068000540FCDD1414656F821302B6081F0010343
:10069000099356F823306B6016AB03EB81014FF0E2
:1006A000FF3451F8203CAB600023EB600223089339
:1006B000A34A92E8030010AB83E80300042205F18B
:1006C00008014FF0FF3002F003FC0023CDE90633B0
:1006D0000C90A14605934FF0FF389B464046FFF72C
:1006E00094FB0422BB6E039283440DAACDE901B2B0
:1006F0002A680092DB693A4600213846FFF725FC5C
:10070000064668B116F1540F00F01881344687E7A9
:10071000DDE90E31C91A0029D4BF00210121B2E759
:100720000C9804220DA902F0D3FB0D9B0C901BBA70
:1007300088EA030ABAF1000FCDF834A01DDA4FEAB7
:10074000185303F4F063A3F5A06673427341EA689B
:10075000002A40F0FB80D5E90032C5E90023099B5F
:1007600016AA02EB830353F8203CAB60089B012BD5
:100770003FF454AF012308939AE75046FFF745FB37
:10078000BB6EDA6900EB0B03934200F2D7804FEAAD
:100790001A5101F4F061B1F5A06F2B680BF1040858
:1007A00033D10421039114A9CDE90181009331468D
:1007B000134638463A46FFF7C8FB06460028A1D143
:1007C000149A0C9B9A4240F0B9800D9BF86A1B0D5D
:1007D00004220CA98AEAC37A02F07AFBF8620D9827
:1007E000FFF713FB059BAB82109BAB615844119B39
:1007F000EB61C5E9030A069BEB754FF0FF330C93E1
:100800004B464C46D046994668E70CA90438CDE9DA
:100810000080029138463946FFF7C6FE064600289A
:100820007FF470AF0D9B190D11F4E0601CD1059A97
:10083000C3F389239A4201D8013305930D99209B74
:100840000A9A4B4013400B9362D12A68DDE92230AB
:10085000CDE9142814AA9847061E0B9B55DA16F109
:10086000540F3FF474AF51E7B0F5806F1DD1059A76
:1008700048B242FA81F18AB20592324A09EA02028A
:1008800042F09F4242F4E002934202D149F0004913
:10089000D4E7B9F1FF3FD1D0C3F38923C9F389224B
:1008A0009342CBD809EB8029C8E7B0F5C06F2B681D
:1008B00013D101F0010208210692BA6E039110A92A
:1008C000CDE901810093D36931463A463846FFF7B6
:1008D0003CFB06460028B1D014E7C1F30A0240F2FF
:1008E000FF518A42AAD10821BA6E039112A9CDE91B
:1008F00001810093D36931463A463846FFF725FB1C
:1009000054301BD00123079398E70D9B03D19946E0
:100910004B46A14675E70C4A89EA03010A4052B1E9
:10092000022EF5D1C9F38922C3F389218A42EFD37C
:1009300043F00049ECE74FF0FF39E9E7002306E711
:10094000FC65020000FC0F0000FCFF7F0021A97580
:1009500013B3B96E8869B2FBF0F300FB1323DBB964
:10096000079BCBB14FF0FF33149314AB0293129B50
:10097000CDE900233846CA692B683946FFF714FED3
:1009800020B110F1540F01D0044649E6DDE91332DD
:10099000981A43424341AB75294607F13C00FFF7E3
:1009A00058FA88B1FB6BC4F38922C3F389239A42B6
:1009B00004D144F00044219B43B912E0611CFAD0F9
:1009C0009A4288BFA4F58064219B3BB1AA8AC4F3F4
:1009D0008923934228BF1346219A1380002CBFF627
:1009E0001FAEAB8AC4F38924A34294BF00246FF0E6
:1009F000010415E62DE9F04F002301258BB0C2E973
:100A000006354FF0FF33CDE90533DFF87C90DFF892
:100A10007CA00746884614462E4604F1180B58461B
:100A2000FFF7C4F910B16FF0010024E005A95846A2
:100A3000FFF7D7F910BBAE4205D1A3690593E3696F
:100A4000069375000646D8F800300893D8F80430AD
:100A5000099307ABCDE902930023CDE900A35A46E1
:100A6000084B0797214638460136FFF7CBFD002893
:100A7000D3D0831CD1D00BB0BDE8F08F6FF0530002
:100A8000F9E700BFFF03F07F1D020100080000200E
:100A90001FB50023CDE9023301934FF0FF330093DC
:100AA000FFF7B0FD05B05DF804FB2DE9F743002327
:100AB0000124C2E906344FF0FF33CDE90033074685
:100AC00088469146254602F118063046FFF76EF932
:100AD00010B16FF001001BE069463046FFF781F965
:100AE000C8B9A54207D1D9F818300093D9F81C30FD
:100AF00001936C000546414630460135FFF760F929
:100B000030B1324649463846FFF7C2FF0028DCD0F4
:100B100003B0BDE8F0836FF05300F9E72DE9F04F23
:100B20008DB0166806928146884605931BB1059ADA
:100B300040F2FF331380D9F82030C8F81830444C05
:100B4000D9F82430C8F81C304249304613F0A9FBCC
:100B500035184049284613F093FB0128074605EB5A
:100B6000000623D13C490246284613F04BFB0028DF
:100B7000EAD0B2464FF0010B3649504613F091FBD4
:100B800082443449504613F07BFB0246B8B1022838
:100B900011D107903149504613F034FB079A50B9F0
:100BA000BBF1010B09D10AF10206CDE70228E0D121
:100BB0002A490246D8E70BF1010B9244DCE72B7877
:100BC000002B3DD0069B1D60C4F30A53022B3BD182
:100BD000C4F3892440F2FF339C4208F1180A23D160
:100BE0000DF1240B2F21284613F03DFB059B1C4AD9
:100BF000CDF80CB0002818BF0023CDE901320097D2
:100C00004FF0F043524641464846CDE909950B97CF
:100C1000FFF7F8FC041E13DB96D198F81730002B71
:100C2000E0D16FF001040BE00E4B0F4ACDF800A0AD
:100C300043EA842341464846FFF7CAFA041ECFDA46
:100C400020460DB0BDE8F08F6FF01304F8E700BF49
:100C500000FC2F00A3570200EF540200EE540200E4
:100C6000D10C01000800002000FC0F702DE9F04FAE
:100C700087B00746129E884691469A4600240DF199
:100C8000100BA64201D800201BE0351B109B082D3D
:100C900028BF0825E318CDE900A3CDE902B5A9EBEB
:100CA0000403424600213846FFF74FF948B9119B2B
:100CB0002A461919584613F0A5FA002804D005DA77
:100CC000012007B0BDE8F08F2C44DAE70220F8E7F6
:100CD00030B513468268C1F3090585B0AA4228BF22
:100CE0002A460292416801915968009101681B6887
:100CF00004460846FFF7BAFF28B9A368AB4202D002
:100D000034BF0120022005B030BD036B1944C1F38C
:100D10000903003B18BF012321F0004141EAC371E0
:100D200001637047F8B5C6690D68083EB5420F46C5
:100D300013D3B5FBF6F0013812F068FF841CA5EB65
:100D40008404B4FBF6F4204612F060FFA5EB8005A6
:100D500004FB16553D602046F8BD0020FCE72DE958
:100D6000F04F89B00646DDF84C8005920F464BB92E
:100D70004FF0FF32C8F80020149A0020136009B029
:100D8000BDE8F08F846E013B07A920460793FFF76B
:100D9000C9FF12A905462046FFF7C4FF4FF0040A19
:100DA00081460DF1140BA945059A03D3129BC8F88F
:100DB0000020E1E7A5EB0904B4FA84F495FAA5F361
:100DC000B3FA83F3C4F11F049C4228BF1C46A3005E
:100DD000CDE90023CDE902BA04233A46002130468A
:100DE000FFF7B3F80028CAD10123A340ED1ADAE7D0
:100DF0002DE9F04FCE6A90464A6BB24285B0074665
:100E00000C465BD2B61A9E4228BF1E46DFF8B0B031
:100E1000B14601F1400AB9F1000F01D1304618E0A6
:100E2000216B480304D5BB6EE26BDB699A421BD190
:100E3000CA02636B10D404F13C02029204F138023E
:100E4000CDE900325146D4E90A233846FFF787FF3F
:100E500030B105B0BDE8F08F6FF00102C4E90E2398
:100E6000216B41F480212163BB6EE26BDB6901924F
:100E70009D1A4D4528BF4D4611F48011CDE90285DC
:100E800015D0A2884BEA8222009204F10801524652
:100E90003846FFF72DFB0028DBD1636B2B446363DF
:100EA000E36B2B44E363A844A9EB0509B3E7A26B0A
:100EB000009238465246FFF748F8ECE70020C8E7B2
:100EC000000010202DE9F04F89B00646DDE9120A36
:100ED0000F4690461D4688B30138059005A9B06EAF
:100EE000FFF720FF0DF1180B044614982946D04750
:100EF00020BB1CB304F00109C9F102039B00CDE93A
:100F00000050CDE902B3424639463046FFF71DF89E
:100F1000A0B9E54305F00105A84207DB08AB03EBE8
:100F20008505023C55F8085C4C44DEE706991498A8
:100F3000D04703460120002BEED0184609B0BDE88B
:100F4000F08F00002DE9F04F93B004460D46164691
:100F500000211C220AA8059313F07DF94FF0FF32FF
:100F6000CDE90622012311939846994610A8FEF771
:100F70001DFF20B1A76A002F62D138464EE006A9B6
:100F800010A8FEF72EFF002840F08780C145109979
:100F900005D1119B06914FEA4908079381463046D7
:100FA00009F10109A847002838D111993046A8470E
:100FB000002833D110AA0AA92046FFF769FD68BBB3
:100FC000DFF8E4B0364F8246BDF83C201FFA8AF3C2
:100FD0009A42CBD908AA0BEA8A2300923B43314AB2
:100FE0000AA92046FFF7F4F8002804DA831C15D17B
:100FF0000AF1010AE8E740F20222B2EB105F4FEA81
:1010000010530ED1099B0093CDE90156089B22464F
:1010100000212046FFF756FF0028E9D013B0BDE8B5
:10102000F08F059A002AE3D0B3F5007FE0D108994C
:101030003046A8470028F1D109993046A847EBE788
:10104000BB79012B01D03F6895E73B6B03F4881314
:10105000B3F5803F13D03B6B03F49013B3F5003F1F
:10106000F1D1CDE901567B6B0093BB6B224607F1B2
:1010700040012046FFF726FF0028E4D0CEE7CDE967
:101080000156FB6A0093BB6A224607F140012046E5
:10109000FFF718FF0028DED0C0E76FF05300BDE770
:1010A0000800002000FC0F7000FCFF0338B5C26D83
:1010B000436D1344C26EB3FBF2F102FB113343657F
:1010C000836EDA6A036ED1000025994294BF816570
:1010D00083650446C5652946406E13F0BCF8064991
:1010E000012322462046FFF72DFF18B1C4E916550B
:1010F000E36E236638BD00BF8BFE000070B504466A
:101100000D46A06DE36D834208D3236E002B2FD0D4
:101110002046FFF7CBFF0028F3D020E0616EDA080D
:1011200003F007068A5CF240D20719D4626D1344BB
:10113000E26EB3FBF2F002FB10332B60A56DE36DA2
:10114000226E0133013AAB42E36522660ED2DA0821
:1011500003F00703885CD84010F00100EFD170BDA8
:101160000133E365236E013B2366CBE70020F6E7FE
:101170006FF01B00F3E77FB50C4604310646FFF71E
:10118000BDFF054670BB21463046FFF7B7FF054659
:1011900040BB2246042342F8080FCDE90223019008
:1011A00022680092014632463046FEF7CEFE10B16C
:1011B00010F1540F19D1B36E5A6A002A09DDA368E1
:1011C000013242F00102013B1344B3FBF2F35343FB
:1011D000A3604FF0FF330422C4E903230022C4E9D3
:1011E0000523E361284604B070BD0546FAE7000018
:1011F00007B500230449019301AAFFF7A3FE00B934
:10120000019803B05DF804FB41FF0000C368184774
:1012100010B50C46826AE068FF2113F01CF84FF00D
:10122000FF33236010BD2DE9F0430D460968984651
:10123000CB1C85B00646174603D9002005B0BDE893
:10124000F083806EAC6883691C44013CB4FBF3F40A
:101250005C430094D0F80890EB686A68C84700289F
:10126000ECD1B8F1000F04D1B06E2946FFF7D0FFE2
:10127000E3E74FF0FF333B600294EB6801936B6848
:1012800000932B68224639463046FFF7EFFC0028D2
:10129000D4DBE9D06FF05300D0E72DE9F84FDDE95A
:1012A0000B5A0D9E07460C4690469946002E3AD0A2
:1012B000002107E00A9A22609A69B5FBF2F35343D2
:1012C000C4E9013122680A98BB6E8242F2D160689B
:1012D000A842EFD89A6A0244AA42EBD9521BE368AB
:1012E000B242A5EB000028BF32465146184493464F
:1012F00012F0FBFF6368A2685D44EB1A934238BFAB
:101300001346BA6EA360926A9A42DA44A6EB0B06C1
:10131000CCD14B46424621463846FFF784FF002891
:10132000C4D0BDE8F88F3046FBE700002DE9F04F50
:10133000044687B00D4605A92046FFF7DFFE0646A6
:1013400058B9DDF81480A06E4146FFF75FFF0646EE
:10135000002853D010F1540F56D0304607B0BDE8E6
:10136000F08F2A6BCDF80C900DF1130A12F4801F48
:10137000CDE9017AA3EB07031CD0AA88244941EAEE
:101380008222009205F108015A462046FFF7B0F884
:1013900070B9CDE902A9CDE900870123224604F105
:1013A00010012046FFF779FF60B110F1540F2BD0E8
:1013B0000646D2E7AA6B0092594622462046FEF71F
:1013C000C4FDE5E70137EB6BBB42CAD8A36EE16908
:1013D0009A6AE86C12F089FF23692B6463696B6475
:1013E000A369AB64A06E04F11001FFF711FF2B6B32
:1013F000C5F8388043F400332B63AEE7074605F1A8
:10140000400B4FF00109DEE74FF0FF33236192E715
:10141000000010202DE9F04F93B0CDE907230B6BAE
:10142000DA0206460D461BD54C6B089BCA6AE318C8
:10143000934238BF1346C26F9A4211D2C36ECC6337
:101440000366FFF773FF2B6B044630B143F40023B0
:101450002B63204613B0BDE8F08F23F480132B6379
:10146000089B069305F140030C93069B0BB9089C5F
:10147000EFE72B6B13F4003204D0B16EEF6BC96948
:101480008F4249D1DB026F6B00F1DF8005F1400331
:101490000A93C2B9BFB111AB0293013F05F1380302
:1014A00001930097119205F14001D5E90A233046D6
:1014B000FFF755FC044608B12B6BC7E7B06E05F18A
:1014C0004001FFF7A5FEF36E3366AB6B09936B6BC0
:1014D0000593013B0B930FA93046FFF70FFE04461F
:1014E0000028E9D1DDF83C80B06E4146FFF78EFE62
:1014F000044630B114F1540FDED14FF0FF332B64AA
:10150000E9E7059BD6F868904BBBC5E90E831F46FB
:101510002B6B43F400332B63B36EDB69DF1B069B3D
:101520009F4228BF1F46079B03970293EB6B0193D3
:10153000AB6B00930C99012332463046FFF7ADFEAA
:101540000446002800F0858010F1540FB4D12946DC
:101550003046FFF7EBFE04460028E4D0ACE70B9BD7
:10156000109310A94846FFF7DDFB109FD9F81C30F7
:1015700001379F42109750D1471C97FAA7F7099B54
:101580001193B7FA87F707F1010AA1460DF1440B51
:101590004FEA89030D930423CDE902B34FEA89038F
:1015A000CDE900830A99012332463046FFF775FEE4
:1015B000044600289ED14F4535D109F10109CA459D
:1015C000E6D8C5F838804FEA8A0724E0099B0093E3
:1015D000CDE902BACDF80490A7EB09033246002109
:1015E0003046FEF7B2FC044600287FF465AFCDE933
:1015F00002BACDE900890A99012332463046FFF745
:101600004CFE044600287FF475AF09F101094F45EF
:10161000DCD8C5F83880EF637AE7A1464FF0010ABD
:101620000DF1440BF3E70423CDE902B34FEA89033C
:101630000193119B00930146042332463046FEF786
:1016400084FC04460028B8D036E76FF00103AB6392
:10165000E1E76B6B3B446B63EB6B3B44EB63079BDA
:101660003B440793069BDB1B0693F36E3366FCE655
:10167000F0B585B0CDE902231D464B6801930B6898
:1016800000930C4617460023024600F11001FFF7B5
:1016900004FE064640B9E0682A46394601F018FCC7
:1016A0006368E0602B446360304605B0F0BD2DE90F
:1016B000F04F064687B010469946FEF7A6FB4B68EA
:1016C00093464A69034493420C46804641D88B684E
:1016D0002BF0004A8AEA03031BBA059305AA0423E8
:1016E0003046FFF7C5FF054678BBBBF1000FA8F1F8
:1016F000040720DA0DF1130B2FB30123CDE902B358
:10170000D9F80430043B4344DB1B0193D9F8003083
:10171000009332463B4600213046FEF716FC40B9A6
:1017200001235A4621463046FFF7A2FF013F002819
:10173000E2D0054609E03B464A4621463046FFF7DF
:1017400097FF0028F5D1C4F808A0284607B0BDE8E7
:10175000F08F6FF01B05F8E713460A46D0E9000149
:10176000FFF7A5BFF0B50C46096B0546480397B0D7
:1017700008D5CA0258BF4FF0FF3321F4802158BF6B
:10178000236421638B0302D4002017B0F0BD11F451
:101790008011666BE76A3FD1542201A812F05BFD0D
:1017A000A36ACDE90B370123CDE90D3695E80F008B
:1017B00011AF87E80F004FF0FF372F60626BE36ACD
:1017C0009A4212D304F1400701232A46394628469B
:1017D000FFF729FD20B310F1540FD6D1214628463A
:1017E000FFF7A4FD0028EFD0CFE701230DF103029E
:1017F00001A92846FFF7FCFA0028C6DB01230DF1FA
:10180000030221462846FFF705FE0028BDDB2B68B2
:101810000133D3D01197D0E7BE422CBF6663676314
:10182000A36BA362636BE362236B23F4003343F483
:101830008033C4E90C36A7E72DE9F7431E460B6B4E
:1018400017465A0305460C4619D4216B0B051DD4C7
:10185000D4F834806B6F08EB06029A422FD811F44B
:10186000003919D033463A4621462846FFF7D2FDC3
:10187000002808DB236B23F40023236303E0FFF736
:1018800071FF0028E1D003B0BDE8F083E36A626B2A
:10189000934288BF6363DBE7E36A9845E2D96363F9
:1018A000636B9845DED901230DF1070221462846D6
:1018B0008DF80790FFF7AEFD0028F1DAE3E76FF04F
:1018C0001A00E0E710B504460B6AE3664B6BA166AD
:1018D0000846E36013B18B6B1BB9E3616FF00B003B
:1018E00010BDE3612146FFF793FCA06E04F11001E7
:1018F000FFF78EFCA36EDA6B0AB96266EEE76266EA
:101900001A6C002A08BFFF2222675A6C002A08BFFF
:101910006FF000426267996C40F2FE32002908BF06
:101920001146A1671A6DE267501C12D10023E367CC
:1019300000204FF0FF33C4E90833C4E90A00C4E9CA
:101940000F00C4E90C00C4E912006064A0632065C4
:10195000C6E7002AECD1DA6C986A4AB1D30888420B
:10196000024628BF0A469A4294BFE267E367DFE770
:10197000DB69DB08F3E72DE9F3410D460646496BC9
:101980004BB91446736FA34209D38C4218D1204639
:1019900002B0BDE8F081012B04D18A18F1D56FF0B7
:1019A0001500F5E7022B09D1D5E90B43980302D5C1
:1019B0008C4238BF0C46A418E4D5F0E70C46E1E7AA
:1019C0002B6B9B0319D4D6F868800091404669467A
:1019D000FFF7A8F901A9074640460194FFF7A2F9CD
:1019E00087420AD16B6C019A934206D8A96C0B44CA
:1019F0009A4202D26C63EA63C9E729463046FFF790
:101A0000B1FE0028C4D16C63C1E700002DE9F04F9E
:101A10000D46816E6A688B69C96914325F1E4FF08A
:101A2000000A8A4294BFBF187F188BB0B7FBF3F748
:101A300004465F43D1466FF0030B6E68BE4219D374
:101A40002B694FF0FF320892A9EB0302CDE9003277
:101A500008AE02962B6809F1040221462046FEF7E3
:101A6000A3FD002847D1089B534500F0B0806FF0DC
:101A7000530040E0ABEB06033B44043640F2FE3239
:101A8000934294BFF618B618BE424FF0FF0335D309
:101A90008DF81F30A26ED2E90632D21AB24236D386
:101AA000012203920DF11F02CDE901622A68009222
:101AB000002122462046FEF748FA10B110F1540FDB
:101AC00019D1A36E9A6900964FF0FF33099309ABC1
:101AD000CDE9012321462B6808922046FEF764FDDC
:101AE00010B110F1540F06D1404A08AB29462046E8
:101AF000FFF7DDFD58B10BB0BDE8F08FA7F1140280
:101B0000964228BF1646BE428DF81F30C2D29DF8BD
:101B10001F206B68E868D243ABEB0308C2F3C01226
:101B200002F5A062B04448EA0258AB6848F47F2846
:101B300048F4406888EA03031BBA089308AB1946C7
:101B4000042201F0C5F9082208ABE8600392029371
:101B50006B6801932B68099004F1100100932246F1
:101B6000002320460591FFF798FB0028C3D1059973
:101B7000B9F1000F04D16B68D5F80CA003F104098A
:101B80009DF81F306E60DB431B0603F0004383EAC1
:101B90000803AB60B7424FF0FF33EB6006D9A36E8A
:101BA00062699B6A1344B3423FF647AF4FF0FF337D
:101BB0002360224600232046FFF735FB00289AD1F8
:101BC000A06E0369984700283FF437AF93E70422DB
:101BD000CDE9009202962B6821462046FEF7E4FCF0
:101BE000002888D1089B002B85D040E708FCFF5FC8
:101BF0002DE9F04F97B0CDE90823836EBDF88480BE
:101C00005A6A8B68BDF888B00133002A04460D4635
:101C10008B601ADC00270026A06E696810910023F3
:101C20004FF0FF32CDE91132CDE91323C36C002B05
:101C30003CD0083B1593FFF7E9FA002838D010F1A3
:101C4000540F40F0BA803E4610E0013242F00102EB
:101C5000B3FBF2F102FB1133002BDBD1012610A9FB
:101C6000284610931196FEF7ABF8D0B14FF0FF3332
:101C700000274FF00109236110A92846CDE910790A
:101C8000FEF79EF850B1291D2046FFF737FA50B1F4
:101C900010F11C0F40F09180002EBDD16FF01B00A1
:101CA0008BE03746B7E707464E46B5E7C369C0E75E
:101CB0000DF14009042305F1080249462046FFF7CB
:101CC000D7FC0028BBD10BAB07933D4B0693C8F163
:101CD00000031BB2CDE904B33A4B0293099B019375
:101CE000089B009302462099CDF80C804FF0FF33FB
:101CF0002046CDE90B49FEF7ADFA00289FD105F14A
:101D000018010846FEF752F860B9EA7D0B462E49E5
:101D100002F5C06241EA025220464946FFF7C7FC7D
:101D200000288CD10023CDE90D330F934EB904F177
:101D30003C010DA8FEF773F804F130010DA8FEF781
:101D40006EF804F1480A51460DA8FEF768F80D9B9D
:101D50000DAA6FF30903294620460D93FEF744FAB6
:101D600058BB0DA8FEF769F840B9184A0DAB4946B3
:101D70002046FFF79CFC00287FF461AF49462046CF
:101D8000FFF744FE00287FF45AAFD5E90032C5E9D9
:101D90000023119BEB60ABEB0808129BA5F81480A5
:101DA0002B61A064CAE9010036B904F13C03303468
:101DB00094E8070083E80700304617B0BDE8F08FCD
:101DC0005917010000FC0F4008FC0F000CFCFF7FBE
:101DD0002DE9F0438DB00C4604A9BDF8549005469A
:101DE00017469846FFF7C7F9064628BBE37D8DF8EE
:101DF0002730A3690A93E3690B93BDF85830CDE906
:101E00000193149B00933A46434604A92846FFF7E2
:101E1000EFFE002814DB049F059AA7610123E2610D
:101E2000E37505F120012046FDF7CAFF20B9B9F19D
:101E3000000F01D1C5E9087230460DB0BDE8F0834E
:101E40000646F9E72DE9F04F97B09A46219F089290
:101E500000230D460646194640F2014940F2FF4C68
:101E60000AF1040E209A934226D1002946D1AB7D77
:101E7000002B58D14FF0FF33B5F8148033610027A1
:101E8000BB46A8EB0709B9F1010F00F2DB80002F78
:101E900040F00E81B36E5A6A002A00F31D810023C0
:101EA000CDE90053CDF80880209B524629463046A4
:101EB000FFF79EFE04460CE15AF83300020DC0F312
:101EC0000A50484504D1AA8A0132AA820133C9E7DF
:101ED000604504D1AA8A013AAA820121F6E702F4F8
:101EE000E068B8F5C06FF1D15EF833000468AC610A
:101EF0004068E86102F00102EA75E7E7AB8A002B6F
:101F0000B5D13A4629463046FEF7CFFD044628B102
:101F1000831CACD0204617B0BDE8F08FFB7D002BB2
:101F2000A5D0022473E0EA68B06E2B6810934FF0DE
:101F3000FF31CDE91312C16C2B691192129301B3D9
:101F4000083915910BA90791AB4906910021CDE9FC
:101F50000411CDE9021120990B96CDE900A10DF1F4
:101F6000400B29463046CDF830B0FEF773F90446F1
:101F700048B114F11C0F3FF47DAF14F1540FC9D1D7
:101F800078E7C169DCE70DAF06F13009CDE90D0056
:101F90000F9049463846FDF742FF06F13C031946CB
:101FA000384606F148080993FDF739FF384641469F
:101FB000FDF735FF0D9B38466FF309030D93FDF7D1
:101FC0003CFF80B93A4629463046FEF70DF90446F3
:101FD00000289FD1894A3B4659463046FFF767FBA8
:101FE00004460028C5D159463046FFF70FFD044688
:101FF0000028BED199E80700119BEB60129B2B6172
:1020000006F13C0383E80700B464C8E90144089B77
:10201000B76A1B681093089B5B68119306F1200355
:102020000993002F3FF476AF07F1080810A9404646
:10203000FDF7C6FE8146002800F082803F68F0E789
:10204000B8461CE710ABBAB207936D4B06935342E8
:102050001BB2CDE904836B4B0293209B0392CDE925
:1020600000A300224FF0FF3329463046CDF840B0A0
:10207000FEF7F0F8044660BBB9F1FE0F13D8B36E5B
:10208000DA69D86CA2F1280180B142089869431E30
:102090001344B3FBF0F343438B42109A28BF0B4623
:1020A0009342BFF4F4AE07EB5907EAE65208EDE7B6
:1020B000BFB2CDE90178209B0095524629463046B3
:1020C000FFF786FE04460028BAD010F11C0F3FF43B
:1020D000E1AE002C9BDA1DE7AB680132013342F020
:1020E0000102B3FBF2F102FB1133002B7FF4D7AEF8
:1020F000012710A9284610931197FDF761FE81462C
:1021000000287FF4CCAE3046FFF772F8041EFFF6CD
:1021100001AFF36E1C1BB4EBD30F7FF6C0AECDE95D
:102120000198209B0095524629463046FFF750FE05
:10213000044618B110F11C0FCBD1B0E6B846AEE69C
:10214000AE46BEE80F00C446ACE80F009EE80F00A4
:102150008CE80F00089B984507D040F2FF4140F201
:102160000140209ABB8891451CD107F12009BA880B
:10217000B7F81CB05A45FFF461AFFB7F002B3FF46A
:102180005DAF09994846FDF71BFE10B1A2EB0B02AB
:10219000BA804A4641463046FEF77AFC0028E6D02F
:1021A0000446B7E65AF83920C2F30A5C8C4514D1CC
:1021B000C2F389229A4206D14FF0FF33C7E90233B6
:1021C00009F10109CDE7FBD2013BBB80BB79022BB2
:1021D000F6D1BB6A013BBB62F2E78445F0D1C2F3A2
:1021E00089229A42ECD80133BB80BB79022BE7D11C
:1021F000BB6A0133EFE700BF591701000CFCFF7FFA
:102200002DFF000000FC0F402DE9F04F866A9DB0C5
:1022100005460F4691469A46002E5FD13B680493CF
:102220003E467B6805930FCE0CAC0FC496E80F00BA
:102230000DF1300814AE84E80F00CDE900A64B463E
:102240003A4641462846FFF7FDFD041E71DB04A90E
:102250003846FDF7B5FD48B9C646BEE80F00BC4696
:10226000ACE80F009EE80F008CE80F00022C29D18B
:1022700005F1480239462846FDF7B6FF0446002816
:1022800057D1149BFA7D0493159B0593954B0190B0
:1022900002F5C06243EA0253089301230093183702
:1022A00008AB04AA314628460997FFF7CBFD041E68
:1022B0003FDBB446BCE80F0047460FC79CE80F0061
:1022C00087E80F00DFF82492874F4FF0000B012CB6
:1022D00040F0B38005F1200303938DE006F1080080
:1022E000B84201D1366897E73946FDF769FD002805
:1022F000F8D1B379012BF5D1336BD902F2D5AB6E9E
:10230000F26A9B6A9A42EDD9736BF363EB6E2B66AC
:1023100031462846FFF70AF8044650B9336B23F4D8
:102320008013336331462846FFF71CFA0446002821
:10233000D8D020461DB0BDE8F08F0AF1080104A8EE
:10234000FDF73EFD08B9CAE902249AF80630022BCF
:1023500007D10AF12C0104A8FDF732FD08B9CAE93A
:102360000B24DAF800A052E001212846FEF7CDFC4C
:10237000314605F13000FDF76CFD002863D02A6B73
:10238000C5F838A0C2F389233A40C5E90C2AC4F342
:102390008922934201D2A4F58064149A0292069293
:1023A00040F2FF32934214BF49EA8323002308938B
:1023B0000023CDE9093401930223DDF854A00093F2
:1023C00006AA08AB31462846CDF81CA0CDF82C80D3
:1023D000FFF738FD041EACDB012C37D1029BB6465B
:1023E000CDE9043ABEE80F00C446ACE80F009EE811
:1023F0000F008CE80F00A346039904A8FDF7E0FC4A
:10240000DDE90C2408B9C5E90824D5F828A0BAF1FB
:10241000000F92D1324604A92846FEF7EBFA041EBB
:10242000A2DAA21C85D1324604A92846FEF73DFB5C
:10243000044670B1831C7FF47CAFBBF1000F0CBF6E
:102440000024032475E740F2FF33A6E74FF0010AAA
:10245000E9E72B6BC3F3090323B1CAF10001284656
:10246000FEF753FC314605F13000FDF7F2FC002881
:1024700035D02A6BC2F389233A402A630022C5E98A
:102480000D22149A0492159A059240F2FF3293425B
:1024900014BF49EA8323002308939DF8673011494C
:1024A00003F5C06341EA03530022CDE90A38022351
:1024B00009920192009304AA08AB31462846FFF71F
:1024C000C1FC041EFFF635AFB646BEE80F00C44699
:1024D000ACE80F009EE80F008CE80F00F7E640F232
:1024E000FF33CEE708FC0F00FF0300800000F04F31
:1024F0002DE9F041036BC3F30903A0B004460F4676
:10250000002B4BD000251C22002108A811F0A3FEAF
:1025100001238DF837300F9300260EA8FDF746FCF7
:1025200020B1002EEED19DBB0125ECE70EAA10A92B
:102530002046FEF7ADFA58B99DF83730DBB918AA36
:102540000EA92046FEF756FA002841DA811C27D052
:1025500020B0BDE8F081236BA563C3F389226FF33C
:102560009E23C4E90C3540F2FF339A424BD0304BE6
:1025700043EA822348E00DF1400EBEE80F000DF162
:10258000200CACE80F009EE80F008CE80F00C4E7B9
:10259000216B494249B22046FEF7B7FB0020D7E73E
:1025A000002DE8D0002FE6D004F1480210A9204603
:1025B000FDF71AFE0028CBD19DF857201D4B02F5E0
:1025C000C06243EA0253049316AB0593012323E050
:1025D000002DD0D10DF108080346174ACDF8008030
:1025E00018A92046FDF7F4FD0028B1DB0EA94046EE
:1025F000FDF7F7FB0028BED108A904F13000FDF774
:1026000028FC0028A7D1002304930C4BCDF81C8094
:102610000022CDE90523022304AA08A92046FFF7DA
:10262000F3FD002894DB032808BF46F0010674E799
:102630000000F04F08FC0F0000FCFF7F08FC0F605B
:1026400010B50446FFF7E0FD002806DB05D0204664
:102650000021BDE81040FFF74BBF10BD10B5036B64
:102660009B0590B0044622D500F1200208A9FEF790
:102670000FFA002844D1234B0293A36EDB69039326
:10268000E36E0493236F0593636F0693A36F079321
:102690001D4B009302AB01936A46012308A9204613
:1026A000FFF7CEFF60BB236B23F400732363E36B60
:1026B0001B0D13F4E06F06D10121204610B0BDE8D8
:1026C0001040FFF715BF04F1400208A92046FEF7AD
:1026D000DFF9A8B9E36BA063C3F38922236B6FF31F
:1026E0009E23C4E90C30094B43EA8223CDE9023032
:1026F00002AA012308A92046FFF7A2FF0028DBD089
:1027000010B010BD01000200180010200000F04FB2
:1027100073B514460E4600F1480221460546FDF702
:1027200063FD70B9E27D084B02F5C06243EA0253D3
:102730000093183401236A46314628460194FFF776
:102740007FFF02B070BD00BF08FC0F0070B50B6BBF
:102750001E0386B005460C4653D4FFF703F8216BE1
:1027600020B141F40021216306B070BDCA0348D5F1
:1027700004F108063046FDF719FB002841D111F499
:1027800080131FD0E36CE26A40F20120A18842EA84
:10279000812242EA0052CDE90223226D936843EA86
:1027A000812343F0815304935368059302AA0223C3
:1027B00031462846FFF744FF236BF8B143F400236A
:1027C0002363D1E729464FF0FF3241F8102B28460A
:1027D0002A46FEF728FD0028C6D1A86E036998474F
:1027E0000028C1D1236BDB02CCD4D4E90A016B46AB
:1027F000CDE90001082240F20220C7E723F480332C
:1028000023630020B0E7000030B597B00446FFF71F
:1028100059F80546002848D1A36E0146DA6A606E71
:1028200011F019FDD4E91A32DB6A6565DB00C4E9F1
:102830001752934294BFA365A2650EA92046FEF7E6
:102840009AFC00282FD11A4B0293A36EDB690393E5
:10285000E36E0493236F0593636F0693A36F07934F
:10286000144BCDE90830144B0A93144B0B93144BC3
:102870000C9302AB0D9308AA03230EA92046FFF781
:10288000DFFE80B98DF84E00034602460EA92046B1
:10289000FFF7D6FE38B9009001236A460EA92046FC
:1028A0000193FEF7F5F817B030BD6FF00B00FAE7B3
:1028B00001000200000010400800F00FF154020077
:1028C000180010202DE9F04399B00446FEF7FAFFF6
:1028D0000546002840F0A68001461C2210A811F0F1
:1028E000BAFC4FF0FF33CDE905330126DFF848810C
:1028F000DFF848911796374616A8FDF757FAB0B19A
:10290000236B03EBD373236304F1300207CA04F192
:102910003C0383E80700E26EE36AB3FBF2F102FBDB
:10292000113363650023C4E9163322663DE005A92F
:1029300016A8FDF756FA002871D1B74205D1169BAB
:102940000593179B06937E0007460823099307AB60
:10295000CDE90293354B0022CDE9003210A9344B6A
:1029600016AA2046CDE90748FDF74CFE002807F1DE
:10297000010719DB49D040F30900013045D0109B15
:102980002362119B63620AAB0093294A294B10A969
:102990002046FDF71DFC002806DB0A9B9AB21B0CA3
:1029A000022B06D06FF015000546284619B0BDE889
:1029B000F083012AF6D8236B82F0010223F400731E
:1029C00043EA422323630D9B1BB1226F9342E9D854
:1029D00023670E9B1BB1626F9342E3D863670F9B23
:1029E00043B1A26F9342DDD8E26FA3679A4294BFCE
:1029F000E267E367A36E0C9A196A09B18A42D1D1E2
:102A0000DB69E2660B9A9A42CCD104F1300210A93C
:102A10002046FDF7E9FB00283FF46EAFC4E76FF0F6
:102A20005300C1E76FF00B05BFE700BF0800F00FD0
:102A300000FCFF7F18001020F1540200D10C0100AF
:102A4000F0B599B004460391FFF708FE002859D16C
:102A5000034603AA06A92046FEF760F8002851DBCA
:102A6000C0F3892340F2FF3293424DD0060DA26A93
:102A70000E92022E4FEA832504AF1FD145F000537A
:102A8000234A009743F0080306A92046FDF7A0FB60
:102A9000002837DB3A4610A92046FDF7F9FF88BB2E
:102AA000159B33F47F022BD101212046FEF72DF92F
:102AB0000EAB8DF83E20ADF83C20A362002345F01C
:102AC0009F45059345F4E00501233A4606A92046B3
:102AD0000495FFF7B5FD0E9BA36298B9022E11D1A4
:102AE0004FF0FF312046FEF710F906AA10A9FDF7B6
:102AF000DCFF38B910AA06A92046FFF709FE01E05D
:102B00006FF0260019B0F0BD6FF01500FAE700BFB6
:102B100000FC0F702DE9F0438BB013F0020F064656
:102B20000D469846039238D1129B2B6505F1080794
:102B300000236B63EB63EB64C5F830802B1D03AAA5
:102B400039463046FDF7EAFF041E06DAA31C17D10A
:102B5000AA8840F2FF339A4212D00123AB71B36AC4
:102B60002B60A01CB56259D118F4807F08D0039C5B
:102B7000204611F0C8FB336F984217D96FF0230439
:102B80002B6B43F4002329462B633046FFF7DEFD11
:102B900029463046FDF76BF904E0FFF75FFD044678
:102BA0000028C1D020460BB0BDE8F083AB885E4A58
:102BB000DFF8808142EA832240EA8320049240F4D5
:102BC0008010002248EA8323CDE90604CDE90832CB
:102BD0000592032304AA39463046FFF731FD10F170
:102BE0001C0F0446CAD00028CAD144464FF0000842
:102BF0004FF00C092B6D9A68904533D31B68EB643A
:102C0000002B5FD0B06E05F14001FEF701FB40F2F2
:102C10000123B3EB145F58D00024C3E718F4007FFE
:102C200079D1240D012C79D1AB8818F4806F4FEA4B
:102C3000832308D043F000542B6B43F4803344F4D7
:102C400080142B63D2E705F1280243F00053009271
:102C500043F00803354A39463046FDF7B9FA041EF9
:102C6000C4DA8DE72A6BD10705D42B6B9A071DD4E4
:102C700008F10108BEE75868B5F804C009FB08F27E
:102C80008118825C8B684968009143EA8C2302F5C5
:102C9000407243EA02533946254A3046FDF798FA16
:102CA0000028E2DA831CE0D0044669E72A6D526806
:102CB00009FB08229168B26F914232D843F4803305
:102CC0002B63D5E76FF00B045AE72B6B43F48013AB
:102CD0002B6300236B64B36E6FF00102AA62C4F32E
:102CE00009042A649A6AEC62AA64002C94D040F227
:102CF000FE339342A98828BF134643EA8123EA6C36
:102D0000009243F00053094A39463046FDF760FA15
:102D1000041E81DA34E76FF0100431E76FF0140419
:102D20002EE76FF01B042BE70000104000FC0F7033
:102D300000FCFF7F0000102070B505460E46FFF72F
:102D400005FD314604462846FDF791F8204670BD42
:102D50002DE9F0411F460B6B9B0305460C461646BA
:102D600007D43B46324621462846BDE8F041FEF7EF
:102D70003FB8FEF7F7FC0028F3D0BDE8F081FEF77E
:102D80005BBDFEF7F8BD00002DE9F04FA7B005468A
:102D90000191FFF763FC044688B9AB6A1C9301AA52
:102DA0000DF102031EA92846FDF7B8FE831C044658
:102DB00009D1BDF8029040F2FF33994508D1204671
:102DC00027B0BDE8F08F0028A8BF6FF01004F6E729
:102DD000DDF804A0504611F096FA2B6F9842074692
:102DE0006CD8EB6E2B660DF1100841462846FEF7B5
:102DF000C2F904460028E2D11EAE0FCE0CAC0FC4BF
:102E000096E80F0084E80F0012AE9DF84730002BC3
:102E10004BD1DFF8B8B0012302AA41462846CDE9DC
:102E200002B6FFF70DFC04460028C8D19DF88F308C
:102E3000D3B101212846FDF768FF1CABAB6214AA91
:102E400001230CA98DF87640ADF87440CDE914B893
:102E5000FFF7F6FB1C9BAB6204460028AFD14FF096
:102E6000FF312846FDF751FF164B43EA892314939F
:102E700000231593144B43EA8923CDE918389DF8B4
:102E80008F30002B114B47EA892718BF0023CDE96B
:102E90001A3847F40017042314AA1EA92846CDE9BE
:102EA000167AFFF7CDFB044689E732460CA928467F
:102EB000FDF7EEFD04460028A7D080E76FF023045D
:102EC0007DE700BF000010400800002008FC0F60F4
:102ED00030B50C4D0A44914200D130BD11F8013B90
:102EE00083EA000404F00F0455F8244084EA10102B
:102EF00080EA131303F00F0355F8233083EA101010
:102F0000E9E700BF046602002AB102F58052D36DE2
:102F10000BB1126E18470020704700007FB500F516
:102F20008054054684F888100E46F8F760FF0023A9
:102F3000C4E92533C4E91933C4E91B3305F58352C9
:102F400005F5835584F84C6084F85730236584F880
:102F50005630A4F85430A365C4F88C3014321C35B4
:102F6000AA4213D10B4A1068516801AB03C39068A1
:102F7000186001AA03CA1B88E0677600C4F88010B5
:102F8000A4F8843084F8866004B070BD02F8013B78
:102F9000E6E700BF4466020000F58050C0E9171262
:102FA000704700F58050C0E91912704700F5805055
:102FB000C0E91B12704700F580500B68C3674B686F
:102FC000C0F880300B89A0F884308B7A90F8882084
:102FD00080F88630DBB222B143F0020380F88630FD
:102FE000704703F0FD03F9E730B50729054685B0C2
:102FF000084615D804D105F5805191F8884064B190
:10300000084C029500F583511431CDE90034134684
:103010006A180021F8F77CFE0446204605B030BD52
:103020000024FAE7092F010070B500F58054054629
:1030300094F857301BB1A36D0133A3650CE0F8F78A
:10304000E6FE012808D0831EDBB2012B05D8D4F898
:1030500090300133C4F8903070BD94F84410236C64
:10306000072905F1400617D194F88820A2B1D4F8B9
:10307000980028B131461A46BDE87040F9F7D2B839
:1030800032462846FFF7B0FF0028E5D0D4F8943048
:103090000133C4F89430DFE75A1EB2F5805FDBD20B
:1030A00094F85720002AC6D1A4F85430012384F89C
:1030B0005730E36E266584F85610002BCCD0206F75
:1030C000BDE87040184738B500F58054656E85B18D
:1030D00094F8573003F0FF0053B1A36E94F85600F4
:1030E000B4F85420216DA847002384F857300120FC
:1030F00038BD2846FCE70000024B1860024B1960FF
:10310000704700BFD8450020D4450020034B1B6802
:1031100013B1034A10681847704700BFD845002014
:10312000D4450020024B1860024B1960704700BF65
:10313000D0450020CC450020034B1B6813B1034A47
:1031400010681847704700BFD0450020CC450020CC
:1031500003880B7003881B0A4B7043888B7043886D
:103160001B0ACB7083880B7183881B0A4B71837990
:103170008B71C379CB7103890B7203891B0A4B7264
:10318000837A8B720023CB72704782B0C0E9001241
:103190000C220021083002B011F05DB8006808B1BF
:1031A000FFF742BF704700007FB5144E0B46044640
:1031B0007168306801AD03C5B06828609888ADF8C3
:1031C000080020685D8819891E88DB88ADF80460D6
:1031D000ADF80650ADF80A30ADF80C108DF80E20A1
:1031E00010B101A9FFF7E7FE04F1080101A8FFF7FC
:1031F000AFFF00F0F1FBE07404B070BD5066020058
:10320000006808B1FFF7C8BE70470000004870476B
:1032100052000020054B1A78592A01D9592803D9A0
:103220001870034B89B21980704700BFEE4500202B
:10323000EC4500200220704708B500210520FFF76B
:10324000E9FFBDE8084003F00DBF000008B51346D4
:1032500012785AB9064A116841B158680C220831EF
:1032600003F0F0FF002818BF112008BD0E20FCE776
:10327000E845002030B51378012BBFB003D00E24F1
:1032800020463FB030BD5068058AF42D0DD800238C
:103290002A4601A909F084FF04460028EFD104481A
:1032A0002A4601A9FCF7CDFCEAE70D24E8E700BFB8
:1032B0006C00002030B51378012B89B003D00E24A8
:1032C000204609B030BD5068058A202D0DD8002356
:1032D0002A46694609F064FF04460028EFD10448F5
:1032E0002A466946FCF710FCEAE70D24E8E700BF30
:1032F0006C00002070B51378012BBEB003D00E25F2
:1033000028463EB070BD5068068AF42E1FD80023B0
:10331000324601A909F044FF05460028EFD1FFF726
:1033200075FF044603F01EFF237980B213B1238892
:10333000834200D9208001232371064B60801868E6
:103340000028DDD0324601A9FFF728FFD8E70D2578
:10335000D6E700BFE8450020FAF708B97FB5022399
:1033600000218DF80C308DF80D300848084B009383
:10337000019103AB6FF000420078CDF80E10CDF84C
:10338000121006F039F907B05DF804FBE44500209F
:103390001D35010030B50021A1B00620FFF73AFF2E
:1033A0004FF0805306A8D3F8A420D3F8A8308DF8A6
:1033B0001C301B0A63F03F0306928DF81D3009F0A4
:1033C000EDFD044620B9474909F070FE044648B1B6
:1033D00045490120F5F72EF821465F20FFF71AFF37
:1033E00021B030BD414C424DF72004F02FFB404846
:1033F00010F018FA23683BB19B792BB1284610F0E6
:10340000E1FA3C4810F0D8FA236853B11B7943B174
:10341000394B1B782BB1FAF7A9F8642801D810F0C2
:103420008BFA00233548ADF8183006A908F01CFACD
:10343000044630B332490120F4F7FCFF21466020F6
:10344000FFF7E8FE6822002106A810F004FF06231B
:103450008DF8183040F20513ADF83830274B0B9338
:1034600006A840F201130D95ADF8303006F0B5F91D
:10347000044688B123490120F4F7DCFF21465C2093
:10348000ACE72148F4F7ADFFBDF81800F4F7BCFF36
:103490001E48F4F7AFFFD5E702230190CDF80E00E8
:1034A000CDF812008DF80C308DF80D300146184B18
:1034B0000C480093007803AB6FF0004206F09CF8D4
:1034C000044630B113490120F4F7B4FF21465D20D2
:1034D00084E701460720FFF79DFE0F490320F4F71C
:1034E000A9FF7DE7E4450020FA540200E8450020EA
:1034F0001E55020024550200DC450020C76702006B
:103500002D5502007B55020052550200AE510200BB
:103510001D35010096550200AC55020070B50378C8
:103520000E2B8CB0044655D008D8012B44D0032B69
:103530007FD0002B2FD000200CB070BD0F2B5FD0A0
:10354000122BF8D14368002BF5D1C37A827A454C0F
:10355000454D464E2B70022B08BF022AE3714448AA
:1035600032700CBF012300232374A271F4F739FFDA
:103570003078F4F749FF3F48F4F733FF2878F4F741
:1035800043FF3D48F4F736FF3C4B18680028D2D083
:10359000012221464AE043683BB9394B0289394947
:1035A0001A800320F4F746FFC5E737490220F4F7F5
:1035B00041FFFFF7D3FEBEE7314B34494FF6FF72B0
:1035C00003201A80F4F736FF3148FCF7CBFBFFF7F6
:1035D000B3FDEEE72F4BC2881B889A42ABD1437AEA
:1035E0009B0706D52C490320F4F724FFFFF78EFD37
:1035F000A1E72A490320F4F71DFFFFF79DFD9AE795
:103600002748F4F7EEFE2089F4F7FEFE1A48F4F797
:10361000F1FE23891349F62B0B8094BF002301236D
:103620008B73164B1868002885D00122FFF7BCFD6C
:1036300081E74368002B7FF47EAF114B01A9188806
:1036400005F052FE00287FF476AF064ABDF826301A
:1036500013810A4B186800283FF46DAF014901221D
:10366000E4E700BF580000206A0000206B00002043
:103670008A560200A1560200AE510200E845002021
:10368000C0000020CB550200EF5502001A56020080
:103690006C000020E24500202C5602004E5602002D
:1036A00074560200FBF782BEF9F73EBFFBF75ABE25
:1036B000FBF726BEFBF71ABE1FB50E4B0446188853
:1036C0004FF6FF7398424FF0000310D0ADF808108A
:1036D00001A90393ADF80440ADF80640ADF80A2007
:1036E00006F0A8FAB0FA80F0400904B010BD184600
:1036F000FBE700BFC000002038B50B4C25884FF613
:10370000FF7295420ED0094D2A885AB150B189B244
:1037100009F033FD024628B129882088BDE83840E9
:1037200007F072B938BD00BFC0000020DE450020A0
:1037300010B5054904460120F4F77CFE21465E20C1
:10374000BDE81040FFF766BDA856020008B5134655
:10375000127842B905495868022203F073FD002827
:1037600018BF112008BD0E20FCE700BFEC66020068
:10377000F8B5154E32884FF6FF739A4201D10020FA
:10378000F8BD124F3B88002BF9D089B209F0F5FC47
:103790000546FFF73BFD044603F0E4FC227983B2C3
:1037A00012B122889A4200D92380012222716380BB
:1037B000002DE4D0398830882A4607F025F9B0FA80
:1037C00080F04009DCE700BFC0000020E245002097
:1037D00010B1044B1B78037011B1034B1B880B8095
:1037E000704700BFEE450020EC45002030B5044690
:1037F0000D4689B000210120FFF70CFD3E4B1C60F7
:103800003E4B1D7024B13E4900222046FFF7F8FCD4
:10381000FBF762FD3B4B00933B4B01933B4B029309
:103820003B4B03933B4B04933B4B3C48059369460E
:103830003B4B069300250795FCF71AF903F0F4FBC0
:103840000AF06AFF29460220FFF7E4FC03F016FCA9
:1038500038B934490120F4F7EDFD4FF4784000F019
:10386000D3F903F00BFC0368002BF2D02E4B5B69FD
:103870000BB92E49EEE729460320FFF7CBFC2C4B72
:103880002C4A1A612C4ADA600FF0E0FF10F030F891
:1038900054B1237923B110F063F8284B01221A7038
:1038A000A3790BB110F094F8254808F00FF80446FE
:1038B000A0B124490120F4F7BDFD21465A20FFF7AD
:1038C000A9FC21480FF098FD00210420FFF7A2FC7D
:1038D0001E490320F4F7AEFD09B030BD184807F0CB
:1038E000D1FF04460028ECD019490120F4F7A2FDCD
:1038F00021465B20E3E700BFE8450020C20000202E
:1039000071370100B5360100B1360100AD36010056
:1039100059330100A9360100A53601006C000020D2
:10392000F9360100B856020058E50020E0560200C2
:10393000A82B00209533010031370100DC45002021
:103940005C66020003570200393201003A57020058
:103950001F570200064A126842B1127932B1054A75
:1039600012781AB1642801D80FF0E6BF704700BF83
:10397000E8450020DC450020034B18884FF6FF7314
:10398000C01A18BF01207047C0000020034B93F8F5
:103990002000003818BF0120704700BF6C000020D5
:1039A0000B4B1A884FF6FF739A420ED0C7280AD8DD
:1039B0000D2834BF02230123064A002113704FF45F
:1039C000C872FFF779BE0023F6E70020704700BFFA
:1039D000C0000020C2000020014B1878704700BFD3
:1039E000EF450020024B1878003818BF01207047BF
:1039F000EF4500202DE9F8431746BDF82050064654
:103A00000C469846F4F734FF791C891B184B89B291
:103A100000224FEA152C90B2814203F1020306D82E
:103A20004D004FF00009A04507D2BDE8F88303F828
:103A300002CC03F8015C0132EDE723463A46214609
:103A4000304609F10109F4F713FF1FFA89F9084814
:103A50002946F5F737F8B9F1200F05D1FCF784F9BD
:103A6000F4F73BFC4FF000090134A4B2DBE700BFE0
:103A7000F04500202DE9F04F89B0CDE904129946B8
:103A800000F10F0307461C251FFA83FA049B23FA53
:103A900005F4A5EB85061A4B04F00F045C3604EB25
:103AA0008404B6B21C4439468B1C9BB214F801BB8B
:103AB000039330464FF000082BFA08F212F0010F82
:103AC000059B00F1020208BF4B46009392B2039B94
:103AD000CDE90601FFF78EFF0698079908F1010866
:103AE0000330B8F1030F80B2E6D1033189B28A45C1
:103AF000DAD1043D2B1DC9D109B0BDE8F08F00BF5C
:103B0000D867020007B5EF23002100901A46084647
:103B1000FFF770FF03B05DF804FB08B572B643F61B
:103B20009824F4F7DAFBFCF72DF9C82C254628BFBA
:103B3000C8252846F4F7B6FB641BF2D12046FFF7F0
:103B4000E1FFFCF726F908B50446F4F7C6FB4FF091
:103B5000E023D3F8286DD3F82C5D04B1A4694FF6A7
:103B60001F00FFF7CFFF4FF61F034FF6FF723146DE
:103B70002820FFF77FFF4FF61F034FF6FF722946FD
:103B80004620FFF777FF4FF61F034FF6FF722146DF
:103B90006420FFF76FFFFFF7C0FF000048B1024647
:103BA00012F8013B33B9421E0749084812F8013F99
:103BB00033B970472F2B01D05C2BF1D11046EFE7C2
:103BC00058404843F2E700BF93010001C59D1C81A6
:103BD00008B50C460546F4F780FB40F2FF70FFF78E
:103BE00091FF2846FFF7DAFF40F2FF7301460022FB
:103BF0003C20FFF73FFF40F2FF73002221466E207A
:103C0000FFF738FFFFF789FF08B50446F4F765FBB7
:103C10002046FFF777FFFFF780FF08B5FFF793FF18
:103C20001EF0040F0CBFEFF30880EFF30980FFF7DD
:103C3000F4BF01460320F4F7FDBBF5F703BC08B55C
:103C4000FBF78CFE80F00100C0B208BD064B07B543
:103C5000186828B1002200920223114601F0EEFC00
:103C600003B05DF804FB00BFDC470020044B0122D9
:103C70001A70044A1368002001331360FFF7E6BF8F
:103C8000FC470020F847002070B504460D46164654
:103C9000F4F7F0FA63681968801B81423EBF186030
:103CA00023681D7070BD000070B5114C114E0146A7
:103CB00005462046FAF7A4FC33780DB16BB970BD08
:103CC0005BB9B4F85C300C490133A4F85C300320D4
:103CD000012384F85E30F4F7ADFB084A012300218C
:103CE000337082F88036217682F89138E7E700BF9A
:103CF000E0010020C300002072570200E011002004
:103D0000F9F734BC13B5E1238DF80030FBF726FE3C
:103D10008DF80100FFF730FE0446F9F795F80146EB
:103D20002046FBF779FEADF80200030C000E8DF87B
:103D300004308DF8050006236A4600210248FFF78B
:103D400053F902B010BD00BFEC1A002010B40446B5
:103D50000B461046022122465DF8044BFFF744B99A
:103D600010B40446184613460A4621465DF8044B33
:103D7000FFF73AB910B404460B4610460521224617
:103D80005DF8044BFFF730B910B404460B461046FB
:103D9000032122465DF8044BFFF726B910B504460F
:103DA000FBF76CFA0548F4F71CFB6068F4F719FBA5
:103DB000BDE810400248F4F71DBB00BF9357020056
:103DC000AE5102007FB502460B4601A80F49F7F736
:103DD000BDFE0F49029B08684FF47A72B3FBF2F301
:103DE000834288BF0B60039BB3FBF2F3094A0A4886
:103DF00011688B42094988BF1360D1F88C210A31C0
:103E000007B05DF804EBF6F789B800BF144800204E
:103E1000F0470020F44700207C1A0020146800209E
:103E200010B5FBF79FFA044608B1FBF7BFFA20462E
:103E300010BDF9F779BBFBF763BAFBF757BA00007F
:103E40000148FAF793BF00BF286802002DE9F04748
:103E50000D46CCB09146044620B9002630464CB001
:103E6000BDE8F0871329F8D9DFF8C880DFF8C8A0CB
:103E70000C27EE1BB6F5807F28BF4FF480762B48C9
:103E800033460CAA3946FAF7FBFEB042E5D10CA93D
:103E9000002311F8012B013382EA08029E420AFB3B
:103EA00002F8F6D13744BD42E3D8C145D5D1204A06
:103EB00010685168127A6B4603C300211A700DF125
:103EC0000900272210F0C7F9E846013C082314F83E
:103ED000012F0AB12F2B24D10024404608F80340BB
:103EE000FAF744FF2E1BB6F5807F28BF4FF480768B
:103EF0000E4833460CAA2146FAF7C2FEB0420746E6
:103F0000ABD103460CAA21464046FAF7F3FE06461B
:103F10000028A2D03C44A542E4D80448FAF726FF82
:103F20009CE708F803200133D1E700BF28680200AE
:103F30009C570200C59D1C819301000113460A464F
:103F400001460148FAF7D6BE28680200F9F75CBBC3
:103F5000F5F724BEF4F7A6B91FB50B4641F2883138
:103F6000CDE900218DF80F0001220DF10F0118207D
:103F7000F5F7D0FBB0FA80F0400905B05DF804FB1E
:103F80001FB513460132102A15D88DF800000B44D6
:103F9000684699420AD141F2883369461820F5F7FC
:103FA00051FBB0FA80F0400904B010BD11F8014B8C
:103FB00000F8014FEDE70020F6E7F8F759BFFFF7EB
:103FC000EFBC000010B586B00B460246134901A8AD
:103FD000F7F7BCFD9DF80440114B64B1B3F85220D3
:103FE000104901320120A3F85220F4F723FA0124EA
:103FF000204606B010BDB3F850200B490B480132E3
:10400000A3F850200A4A03F5805314700A31D1F8FE
:10401000822183F88046F5F781FFE9E71448002004
:10402000E0010020A5570200146800207C1A00203F
:10403000C3000020044B054A0020187013680133A8
:104040001360FFF703BE00BFFC470020F8470020C5
:10405000436A33B1826A64214A43B2FBF3F3D8B2B4
:1040600070471846704700002DE9F04104460D46A0
:104070001646F8F7E9FE0346052C1CD8DFE804F0E5
:10408000031D1B2B243A3C4832462946F8F75EFBB9
:10409000042E0ED92B78202B04D1D5F801103748E7
:1040A000FAF7C4FA2B78E02B05D1BDE8F041FFF711
:1040B00029BE002EF6D1BDE8F081324629462E48B1
:1040C000BDE8F041F8F7EABB324629462B48BDE887
:1040D000F041FAF79BBA284B5B7F1BB1284B1B784A
:1040E00083F00103274832462946BDE8F0410375B5
:1040F000FAF7B1BE244C2046FFF7AAFF3246074626
:1041000029462046D4F8C480FBF7E0F9D4F8C4303F
:10411000984511D01D48F4F764F994F8C100F4F7FC
:1041200073F91B48F4F75DF9A06AF4F76DF9BDE87F
:10413000F0411848F4F75EB92046FFF789FF0A23DB
:10414000B0FBF3F0B7FBF3F7C0B2FFB2B842B2D0A6
:104150001148F4F746F92046FFF77AFFF4F754F9CF
:104160000E48F4F73EF9A06AF4F74EF90C48F4F75C
:1041700038F9606AD9E700BF9C1A0020E0010020EE
:10418000C300002098010020C8000020BB57020097
:10419000CD570200AE510200D4570200E85702008A
:1041A000F05702002DE98048BE4CBF498FB0032074
:1041B000F4F740F9E37F003B18BF01230293F8F7BF
:1041C00043FE8246F8F740FE0490F8F73DFEB74BF9
:1041D00003901B6801930DF11F030026099308ABA0
:1041E0008DF81F6008960A93B1464FF0FF080096BD
:1041F0003746AF4A136801331360FBF7C3FDF4F78A
:1042000039F8AA4B01991A688A4205461AD01B68E8
:104210000193A84B93F800B05FFA8BFBF8F714FEFC
:10422000BBF1000318BF0123B34201460AD0A248E4
:10423000BBF1000F00F07881F8F7DAF92046FAF7C1
:104240002BF901262046FAF749F928B19B4B1B7838
:1042500013B12046FAF776F92A46072109A8FFF795
:1042600013FDF4F707F805469548FEF72CFF0028E4
:10427000FAD12A46012109A8FFF706FD6FB9FFF719
:10428000B1FB074650B1FFF7A7FB01280BBF8D49D3
:104290008D4903200120F4F7CDF80127F3F7EAFF59
:1042A00005460BA8F5F79EFD2A46022109A8FFF74F
:1042B000EBFC9DF82C3033B3042B11D0B4F85830FC
:1042C000BDF83020BDF82E1080480133A4F85830D6
:1042D000F5F73DFE20B1B4F85A300133A4F85A3056
:1042E0009DF82C20032A40F026819DF83230022BC5
:1042F00040F02181704B1B7E023B022B40F21B8160
:104300002046FAF7A8F9F8F79FFD029B054683B10E
:10431000FFF732FB2946FBF75FFB60B10023204625
:10432000E377FAF70FF96A490320F4F783F8FFF708
:10433000E9FC00230293FFF729FB6649002840F0BF
:104340000B81654B93F820B0BBF1000F40F0048166
:10435000B9F1000F40F017814A46B8F1FF0F81F81C
:10436000812602D02046FAF7EDF84FF0FF08A5EBC2
:104370000A02C72A40F21881F3F77CFFDFF838A160
:10438000059029465046F8F7BFFA059A032109A877
:10439000FFF77AFCBBF1000F40F03581F3F76AFFBD
:1043A0009AF8321083462046FAF72AF92946204621
:1043B000FAF716FA5A46082109A8FFF765FCAA463B
:1043C0003E4B1B78002B00F09880039BEB1AB3F553
:1043D000FA6FC0F092804FF47A7BB5FBFBF3A362D7
:1043E000009B013300932367F3F7A0FF3B4B3C494D
:1043F0001B68E3623B4B84F820001B682363881E24
:10440000FFF7E6F90FF024FB9DF81F3084F83C30ED
:10441000A063089BB3FBFBF32364F9F7EFF820EAF2
:10442000E070A4F84400F9F717F82F4BA4F8460001
:104430001B68A3642D4BDFF8A0B01B68E364F5F79D
:104440007DFAA4F85400F5F77FFA294BA4F856003A
:10445000996CD3F88C209B6DA4F86630164B0A44F7
:10446000A4F864205A8B1B7E84F8623058469BF86F
:10447000C830A4F8602084F86830FFF7E9FD9BF8A5
:10448000C13084F86A30DBF8C430E36684F8690030
:10449000F3F7F0FE83460348FAF73EF85A46042144
:1044A00009A827E0E0010020F7570200F8470020A4
:1044B000EC470020FC4700209C1A0020C30000208D
:1044C000EC1A002022580200405802007C1A0020FA
:1044D0005E580200E0110020C8000020E8470020DC
:1044E00016020020E4470020F4470020F047002097
:1044F000EC2A0020FFF7C8FB0395049BEA1A42F25E
:104500000F739A4254D9F3F7B5FE8346F9F75CF876
:1045100018B1F9F72BF8FFF71DFA5A46052109A83B
:10452000FFF7B2FB049543E0F8F782F82046F9F76D
:10453000C6FF5E4686E6364B1B783BB9354B5B7F44
:1045400023B135480BA9F5F734FDDCE6042AF8D190
:104550002046FAF786F9D6E64FF001032F4881F896
:104560008136FFF775FDB8F1FF0F834614D1204661
:10457000FAF766F859462046F9F7B8FFA946D84633
:104580004FF0010BF3E6A5EB090240F6B73082428B
:104590008CBF00220122E0E608F102039842E6D235
:1045A0004045E4D3A946EBE7BBF1000F3FF408AF69
:1045B000174B1D7865B1174B93F81DB09B7F5BEAD5
:1045C000030B22D1FAF7D8FD10B15846FAF7DAFDFD
:1045D000F3F750FE124B4FF00102002D1A70834684
:1045E0000CBF1422CC220121002000F0D3FF0C4B81
:1045F00000221A70002D7FF4FCAD5A46062109A84E
:10460000FFF742FBF5E5AA46D2E70025E0E700BF49
:10461000C30000209C1A00207C1A0020C800002043
:10462000E047002070470000174B18491878184AD7
:1046300070B500F0FF0318B100230B60137070BD5C
:10464000144C154826680568AE4202D02468046000
:10465000F3E70B6801330B604FF47A714B430F495A
:104660000C68980AB4EB932F38BF086011780029C2
:10467000E5D1B3F5C83FE2D301231370084A1368AC
:1046800001331360DBE700BFE0470020D447002080
:10469000D0470020EC470020D8470020E847002002
:1046A000E4470020012008B50349F3F7C3FE4FF4A7
:1046B0007840FFF7A9FA00BF80580200012008B532
:1046C0000349F3F7B7FE4FF62050FFF79DFA00BFFE
:1046D0009758020008B5FFF77BFA00002DE9F0417A
:1046E000B0B0F3F711FEF3F7FFFDF3F779FEFBF738
:1046F0003BFB8D490320F3F79DFE8C490320F3F724
:1047000099FEFAF79BFCF3F733FFF4F7FDF8F4F7A3
:104710005FFE3720F4F796FEF4F774FFF5F784F8A0
:10472000F5F76EFAF5F744FBF5F706FA00230AA849
:104730000B937F4B0A93FAF799FCFAF70FF9FBF703
:1047400013FBFAF73BFA002800F0D18079490320E7
:10475000F3F770FEFAF792FAF8F784FBF8F74AF9E4
:10476000754B0E930024754B10940EA80F93F8F719
:10477000FFF8734B0C930CA80D94F8F7EBF9F8F7CE
:104780004BFF704B1794704C1493704B159314A9F6
:104790006F4B16932046F8F775FD237C012B40F0F4
:1047A000AB806C4903206C4E6C4FDFF85C826C4C24
:1047B000F3F740FE30466B49F7F716F96A4B18934A
:1047C0006A4B614A1A930025694B1B9318A9384616
:1047D0001C95CDF86480F9F7DDFEFBF7BFF8F8779C
:1047E000F3F79EFD78623846F9F7ACFE614B1D93F6
:1047F000614B1E93614B62481F931DA9614B20932F
:104800002194FAF7EDFAFAF767FD5F4B29935F4BB6
:104810002A935F4B2B935F4B2C935F4B2D935F4BF6
:104820005F482E9328A95F4B28932F94FAF706FE32
:104830005D482946FEF760FC5C482946FEF772FC9D
:10484000394602A8F9F7F4FD59485A4FF3F7C9FD64
:1048500059490320F3F7EEFD29462046FEF75EFB9B
:10486000FBF782FA2A4655492046FEF79AFB544B3D
:104870002293544B2393544B2493544B2593544BE2
:10488000384622A9CDE92634F7F73BFE514B87F88D
:104890003350CDE91138CDE90067139406F5005681
:1048A00011AB0ECB4C48F5F725FBD6F88C214A48C6
:1048B00006F10A01F5F732FB484A49482146FEF75E
:1048C00064FC0127474B01934749484800972B4612
:1048D0004FF4407200F042F9B842064613D0444902
:1048E0003846F3F7A7FD4FF47840FFF78DF94149BB
:1048F0000220F3F79FFD2FE7022B01D13E4951E73C
:104900003E4902204FE72A463D492046FEF74EFB2E
:1049100033483146FEF76AFFFBF726FA00F004FA47
:1049200038493046DDE700BFAF580200CB580200DF
:10493000BF3F0100F058020005CA000059CA00003C
:10494000BB3F0100813F010000480020593F0100AA
:10495000553F01001759020014480020E0010020D3
:10496000EC1A0020AC690020C53D01003B3C010071
:104970004D3F01003D3F01004D3E0100413E010021
:1049800098010020893D01003B3E0100373E0100B7
:10499000013D0100333E0100213E0100753D010053
:1049A000C80000203F3C01006D3C01003540010083
:1049B0003B5902009C1A002049590200694001003D
:1049C000613D0100C53F0100A93C01009D3D010082
:1049D000333C01004D3D01007C1A00200100010123
:1049E000D81A0020DC4700202B540200A54101000A
:1049F0007B590200015902001E590200255902008C
:104A00004D3C010092590200513F01000148F4F76A
:104A1000A1B800BFAC6900202DE9F843224B234C1C
:104A20001D68234BD3F80080224B0646D3F8009034
:104A3000206804300F4601F03BFB40B922681E4954
:104A4000D06A0B680122824023EA02030B60731CC8
:104A500014D19FB1194B21685A688A602168906807
:104A6000C860216804314160216804319160226886
:104A700053611A6801321A60BDE8F883236821681F
:104A8000AD195D6001F1040104D34846BDE8F84367
:104A900001F0F7BA404601F0F4FA094B1A68AA424D
:104AA00088BF1D60E8E700BFE0870020BC880020C9
:104AB0002C88002028880020DC870020E887002040
:104AC000C4870020064A13681968064B19B94FF0CD
:104AD000FF321A6070471268D2681268F9E700BFA7
:104AE0002C880020C4870020F8B50E4C0E4F0F4EC6
:104AF000236803B9F8BD01F0F3FEFB68DD68281DEB
:104B000001F0D6FA3368013B33602368013B236030
:104B100001F004FF286B01F0CDFD284601F0CAFD2D
:104B2000E6E700BFFC87002000880020E487002023
:104B300008B5094C4FF0E0254FF08056FFF7D4FF41
:104B40002368012B05D9C5F8046DBFF34F8FBFF360
:104B50006F8FFFF767FDF1E7588800202DE9F84FC8
:104B6000970080463846DDE90A5A0E46994601F01C
:104B7000D9FC834618B94FF0FF30BDE8F88F5020BC
:104B800001F0D0FC0446002800F09880502200215B
:104B90000FF061FB3A46C4F830B0A52158460FF03B
:104BA0005AFB236B043F1F4427F007076EB1731EA7
:104BB00004F133020B3613F8011F02F8011F09B18B
:104BC000B342F8D1002384F83F30042D05D948487A
:104BD00040F26471FFF77EFD0425261DE562256421
:104BE000304601F04BFAC5F1050504F1180001F05B
:104BF00045FA2461A56164624A464146384601F09F
:104C000059FE2060BAF1000F01D0CAF8004001F04F
:104C100067FE384B384F1A68DFF8048101321A609A
:104C20003D68002D4ED13C601B68012B1FD1C14651
:104C30004846013501F017FA052D09F11409F7D19D
:104C4000DFF8E0902D4D484601F00DFA284601F0BE
:104C50000AFA2B4801F007FA2A4801F004FA2A4818
:104C600001F001FA294BC3F80090294B1D60294A35
:104C700029491368086801331360E36A01229A40E6
:104C800002430A601422534308EB03014A68A260FE
:104C90009068E0604660966058F8032061610132D8
:104CA00048F8032001F03AFE1C4B1B6823B13B6817
:104CB000DA6AE36A9A4210D301205EE7584601F0AF
:104CC000F9FC58E7154B1B68002BD0D13B68DA6A1A
:104CD000E36A9A4298BF3C60C9E74FF0E0234FF087
:104CE0008052C3F8042DBFF34F8FBFF36F8FE3E7FC
:104CF000A5590200E4870020BC88002030880020ED
:104D00001488002000880020E88700202C880020DC
:104D100028880020C8870020DC870020D887002052
:104D2000588800204488002010B51B4A86B003AB89
:104D300012F8014B03F8014B002CF9D1174B18481E
:104D4000CDE900438022234603A9FFF707FF01288E
:104D500008D0144840F6A961FFF7BCFC124B1B6851
:104D600006B010BD01F004FB012812D14FF0600322
:104D700083F31188BFF36F8FBFF34F8F0B4B4FF04F
:104D8000FF321A600A4B18600A4B1C6001F0F0FDFC
:104D9000E4E70130E2D1DCE7F3590200C0870020EC
:104DA000314B0100A55902003C680200C487002075
:104DB000D8870020E0870020024A1368013313607F
:104DC000704700BFBC870020014B1868704700BFC8
:104DD000E087002008B501F075FE014B186808BD9A
:104DE000E0870020014B1868704700BFE48700206F
:104DF0002DE9F84F5B4B1B68002B40F0AA805A4B03
:104E00001C6801341C609CB9584D2B681B6823B189
:104E1000574841F25F21FFF75DFC564B2A6819683D
:104E200029601A60544A136801331360FFF74AFE81
:104E30005248534A0368DFF858C19C424FF00005BE
:104E400007D34A4F4F4E3B681B68DBB94FF0FF3327
:104E50000360DCF80030DB6A14214B43D4584A4B22
:104E60001B68012C94BF002401240BB9FFF7DCFB65
:104E7000464B1B68002B18BF44F0010444EA0500B0
:104E8000BDE8F88F3B68DB68DB6859688C4201D26B
:104E90000160DEE7D3E90219D3F81480C1F8089065
:104EA000C9F80410D8F8041003F1040E71454FF04E
:104EB000000108BFC8F804905961D8F80010013902
:104EC000C8F80010D3F82880B8F1000F15D0D3E946
:104ED0000719C1F80890C9F80410D8F8041003F1B4
:104EE000180A51454FF0000108BFC8F804909962B4
:104EF000D8F800100139C8F80010D96AD6F8009027
:104F00004FF0010808FA01F848EA0908C6F80080DD
:104F10004FF0140808FB01F802EB080ADAF80490D5
:104F2000C3F80890D9F808B0C3F80CB0CBF804E087
:104F3000C9F808E0C3F814A052F80830013342F869
:104F40000830DCF80030DB6A994288BF45F0010583
:104F500079E70D4A136801331360FFF765FB002002
:104F60008EE700BFBC870020E08700202C8800204F
:104F7000A559020028880020CC870020C487002083
:104F800058880020DC870020D4870020D0870020AC
:104F9000BC8800202DE9F84F4C4C01F0A1FC23689F
:104FA00023B94B4840F68B71FFF794FB2368013B14
:104FB000236023682BB1002401F0B0FC2046BDE83B
:104FC000F88F444A1268002AF5D04348434C444ABB
:104FD000DFF818C1434D0126142753E0C368DB688E
:104FE000D3E90718D3F828E0C1F80880C8F80410FE
:104FF000DEF8041003F1180949454FF0000108BF1D
:10500000CEF804809962DEF800100139CEF8001065
:10501000D3E90218D3F814E0C1F80880C8F80410E6
:10502000DEF8041003F104094945DEF8001008BF5A
:10503000CEF804800139CEF80010D3F82CE0D4F873
:10504000008006FA0EF141EA080107FB0EF802EBB8
:10505000080A2160DAF804109960D1F808B0C3F8A2
:105060000CB0CBF80490C1F8089052F80810C3F8BF
:1050700014A0013142F80810DCF80010C96A8E450E
:1050800000D92E6001680029A8D10BB1FFF71AFDE5
:10509000154D2C6844B1134E0127FFF7A9FE00B14E
:1050A0003760013CF9D12C600E4B1B68002B82D07D
:1050B0000E4B1B684FF0E0234FF08052C3F8042DD5
:1050C000BFF34F8FBFF36F8F012475E7BC870020BC
:1050D000A5590200E487002014880020DC87002006
:1050E00058880020D0870020D4870020BC8800206A
:1050F000204B1A68204B70B512B101221A6070BDA6
:105100001E4D1A602B681B6B1A68B2F1A53F0BD1BC
:105110005A68B2F1A53F07D19A68B2F1A53F03D111
:10512000DB68B3F1A53F04D0296828683431FFF764
:10513000C5FA134B1C68B4FA84F4E4B2C4F11F043A
:105140001423104E6343F35823B90F4841F2FA3148
:10515000FFF7C0FA14235C433219083453685B68C4
:1051600053602644B34204BFD3685360DB682B60AE
:105170002B68C4E7BC870020D0870020BC880020B3
:10518000DC87002058880020A559020038B50D465C
:10519000044620B908484FF4A451FFF79BFA074B87
:1051A00019682046183100F06CFF28460121BDE83F
:1051B0003840FFF731BC00BFA5590200BC88002071
:1051C00070B50E461546044620B9114841F2BE415D
:1051D000FFF780FA0F4B626819689068CA61196816
:1051E000086219681831416019681B6818319160AC
:1051F0009C622368002D03F10103236029460CBF44
:1052000030464FF0FF30BDE87040FFF705BC00BFEF
:10521000A5590200BC880020F8B5C368DC6824B931
:10522000284841F2F541FFF755FAD4E90712A36A7D
:105230008A605160596804F11800814208BF5A60C1
:105240000022A2621A68013A1A601F4BE26A1B68C8
:10525000002B2AD1D4E90201636981604860586853
:10526000251DA84208BF59601968013919601749FE
:1052700001230868934003430B60154914235343EB
:10528000CE187068A0608768E7607D608560C85848
:1052900066610130C8500F4B1B68DB6A9A4283BFBE
:1052A0000D4B012018600020F8BD0C4B5968E161DE
:1052B0008D682562686088601968A3620131196091
:1052C000E9E700BFA5590200BC870020DC87002069
:1052D00058880020BC880020D08700201488002037
:1052E000034B1B680360034B1B684360704700BFA0
:1052F000CC870020E087002070B50D46044620B919
:10530000154841F2A551FFF7E5F925B9124841F2D8
:10531000A651FFF7DFF901F0E3FA104B19682B688B
:105320005A1C17D00E48266800686268864208D06A
:105330008A4206D800232B60012401F0EFFA2046B0
:1053400070BD881A8342F5D95B1A13442B6020463E
:10535000FFF7C6FF0024F0E7A5590200E087002010
:10536000CC870020014B01221A607047D0870020B3
:10537000014B1868704700BFBC880020054B1B68B4
:1053800033B1054B1868B0FA80F04009400070470F
:1053900001207047D8870020BC870020F8B504465C
:1053A000002837D0224DC36A2A68D26A934236D287
:1053B0008269204E002AA1BF2A68D26AC2F1050282
:1053C0008261142202FB036342699A4223D1071DC2
:1053D000384600F06DFE184930B9E06A0B680122CA
:1053E000824023EA02030B602B680868DB6AE362F1
:1053F00001229A4002430A6014225343F1184A687A
:10540000A2609068E06047609760F2586161013285
:10541000F2500120F8BD2B68DB6AC362F9E72B6804
:10542000006CDB6A98422CBF00200120F2E700BF2D
:10543000BC88002058880020DC870020F8B504468E
:1054400008B90020F8BD204B1B68834204D01F48D8
:1054500041F62821FFF73EF9636C23B91B4841F65A
:105460002921FFF737F9636CE16A226C013B914215
:105470006364E6D0002BE4D1251D284600F018FE19
:10548000134A30B9E06A13680121814023EA01031D
:105490001360236C1668E362C3F105010120A1616A
:1054A00000FA03F1314311600A4A14214B43D61824
:1054B0007168A1608F68E7607D608D60D15866611A
:1054C0000144D150BEE700BFBC880020A5590200AE
:1054D000DC8700205888002070B50D46044600285F
:1054E00045D0436C23B9224841F68621FFF7F2F8F4
:1054F000236C9D4238BF1D46E36AAB4237D0636CD4
:10550000012B34D11B4B1B68A34204D1184841F630
:10551000A121FFF7DFF8A269E36AE562002AA4BFD0
:10552000C5F10505A561144D142202FB0353626900
:105530009A421CD1261D304600F0BAFDE36A0F4A9C
:105540000121994018B9106820EA01001060106824
:105550000143116014225343E9184A68A26090681D
:10556000E06046609660EA5861610132EA5070BDC1
:10557000A5590200BC88002058880020DC87002044
:10558000034B186810B1436C01334364704700BF8C
:10559000BC8800202DE9F84389469046044620B196
:1055A000244841F6C751FFF795F8234DFFF704FC57
:1055B00004F1120701F094F92B6853F827303BB33C
:1055C00001F0ACF90026FFF7E5FC56B148B94FF001
:1055D000E0234FF08052C3F8042DBFF34F8FBFF389
:1055E0006F8F01F07DF92B6853F8276036B12B6877
:1055F000B9F1000F1BD0002243F827202B68234469
:10560000002283F84C2001F089F93046BDE8F88388
:105610002B682344012683F84C60B8F1000FCFD0EB
:1056200001F07CF931464046FFF7F6F9CBE7721EF0
:10563000E2E700BFA5590200BC8800202DE9F04137
:10564000069E0446174698460D4621B13F4841F64E
:10565000A461FFF73FF824B93C4841F6A561FFF784
:1056600039F801F03DF926B105F1120354F8233061
:1056700033606219022392F84C6082F84C30F6B223
:10568000B8F1040F55D8DFE808F0080349504E0080
:1056900004EB8505AB6C3B43AB64012E38D1D4E9F8
:1056A000021263698A6051605968201D814208BFF7
:1056B0005A601A682649013A1A60E36A0D680122A5
:1056C0009A402A430A60234A14214B43D51869683B
:1056D000A1608E68E66070608860D15865610131B4
:1056E000D150A36A23B1194841F6E961FEF7F2FFF0
:1056F000194B1B68DA6AE36A9A4209D24FF0E02339
:105700004FF08052C3F8042DBFF34F8FBFF36F8F5C
:10571000012401F003F92046BDE8F08104EB850582
:10572000AB6C0133B8E7022E0DD0123544F825706A
:10573000B3E70A4B1B68002BAFD0044841F6DA618F
:10574000FEF7C8FFA9E70024E3E700BFA559020060
:10575000DC87002058880020BC880020E0870020DB
:1057600010B5044601F0BCF8A46B01F0D7F8B4FA08
:1057700084F0400910BD70B51646026C856B044676
:1057800042B906689EB98068FFF758FEA6600135E9
:10579000A56370BD6EB940680EF0A7FD6368226C0A
:1057A0001344A2686360934224BF236863600020AF
:1057B000EDE7C0680EF099FD226CE36851429B1A38
:1057C0002268E36093423EBFA3685B18E360022E49
:1057D000EDD10DB1013DEAE72846D8E7034610B404
:1057E0001A6C084662B1DC68A1189C68D960A142B5
:1057F00028BF19685DF8044B28BFD9600EF075BD4D
:105800005DF8044B704770B5044601F069F894F8F0
:10581000455004F124066DB2002D01DD636AB3B971
:10582000FF2384F8453001F079F801F059F894F835
:10583000445004F110066DB2002D01DD23697BB9DF
:10584000FF2384F84430BDE8704001F067B830466B
:10585000FFF7E2FC08B1FFF785FD013D6DB2DBE724
:105860003046FFF7D9FC08B1FFF77CFD013D6DB272
:10587000E2E7000070B50E46044640B1C56B65B95D
:1058800021484FF4B671FEF725FF002031E01E4895
:1058900040F23711FEF71EFFF2E7036CA3FB05355C
:1058A000002DEDD101F01CF8D4E90F3122686260BF
:1058B0004B43D0185B1A1A44FF23A563A06084F8F9
:1058C0004430E26084F84530A6B9236973B104F12D
:1058D0001000FFF7A1FC48B14FF0E0234FF08052D9
:1058E000C3F8042DBFF34F8FBFF36F8F01F016F88D
:1058F000012070BD04F1100000F0B5FB04F124009C
:1059000000F0B1FBF2E700BFF859020070B50D4698
:105910000646C8B1A1FB0023B3B9484310F1490FB3
:1059200012D8483000F0FEFD044690B155B100F1A8
:105930004803C4E90F65236001212046FFF79AFF61
:10594000204670BD0346F4E7034840F22A21FEF7E3
:10595000C1FE0024F4E700BFF859020010B50C4660
:1059600040B1884206D302220021FFF7CFFF00B1E9
:10597000846310BD034840F29F31FEF7ABFE002068
:10598000F7E700BFF85902002DE9FF410E460192EA
:105990001D46044620B94C4840F2B631FEF79AFE47
:1059A00036B9236C23B1484840F2B731FEF792FE76
:1059B000022D07D1E36B012B04D043484FF46E71E5
:1059C000FEF788FEFFF7DAFC30B9019B23B13E48B1
:1059D00040F2BB31FEF77EFE0027B84600F080FFA4
:1059E000A26BE36B9A421BD22A4631462046FFF750
:1059F000C2FE636A1BB104F12400FFF70DFC48B13D
:105A00004FF0E0234FF08052C3F8042DBFF34F8FC7
:105A1000BFF36F8F00F082FF012004B0BDE8F0817A
:105A2000022DE1D0019B1BB900F078FF0020F4E7C4
:105A300017B902A8FFF754FC00F070FFFFF7BCF99C
:105A400000F04EFF94F84430FF2B08BF84F84480E8
:105A500094F84530FF2B08BF84F8458000F05EFFC6
:105A600001A902A8FFF748FC38BB00F039FFA26B80
:105A7000E36B9A420ED100F051FF019904F110003E
:105A8000FFF784FB2046FFF7BEFEFFF783FA48B11D
:105A90000127A3E700F042FF2046FFF7B4FEFFF71F
:105AA00079FAF5E74FF0E0234FF08052C3F8042D68
:105AB000BFF34F8FBFF36F8FEAE72046FFF7A3FED8
:105AC000FFF768FAB2E700BFF859020010B50246C6
:105AD00000210120FFF71AFF044638B1002383603C
:105AE0000360C3601A461946FFF74EFF204610BDFB
:105AF00038B5044620B90C4840F2FB21FEF7EAFD18
:105B0000A568FFF735FC85420BD1E368013BE360F4
:105B10000BB1012038BD1A4619462046FFF734FF65
:105B2000F7E70020F6E700BFF85902002DE9F84337
:105B3000894617461E46044620B92B484FF4926109
:105B4000FEF7C8FDB9F1000F06D1236C23B126483A
:105B500040F29141FEF7BEFD022E07D1E36B012B0F
:105B600004D0214840F29241FEF7B4FD00F0AAFFB4
:105B7000EFF311884FF0600383F31188BFF36F8F49
:105B8000BFF34F8FA26BE36B9A4201D3022E29D150
:105B900094F84550A36B6DB2324649462046FFF754
:105BA000EAFD6B1C0ED1636A3BB104F12400FFF7E0
:105BB00033FB10B10FB101233B60012088F3118842
:105BC000BDE8F883FFF70EF98542F6D27F2D04D1A8
:105BD000054840F21E51FEF77DFD01356DB284F897
:105BE0004550EAE70020E9E7F8590200F8B50E460B
:105BF000044620B925484FF4A861FEF76BFD236CDD
:105C000023B1224840F24451FEF764FD236833B9C2
:105C1000A36823B11D4840F24951FEF75BFD00F037
:105C200051FFEFF311874FF0600383F31188BFF347
:105C30006F8FBFF34F8FA36BE26B9A4224D994F816
:105C400045200133FF2A55B2A3630DD1636A3BB1EE
:105C500004F12400FFF7E0FA10B10EB10123336024
:105C6000012087F31188F8BDFFF7BCF88542F7D211
:105C70007F2D04D1054840F2CB51FEF72BFD0135B5
:105C80006DB284F84550EBE70020EAE7F8590200CE
:105C90002DE9FF410D460192044620B9444840F2E7
:105CA000E951FEF717FD35B9236C23B1404840F2A6
:105CB000ED51FEF70FFDFFF761FB30B9019B23B1FA
:105CC0003B4840F2F251FEF705FD0027B84600F0D0
:105CD00007FEA66BE6B129462046FFF77FFD236944
:105CE000013EA66373B104F11000FFF795FA48B1C5
:105CF0004FF0E0234FF08052C3F8042DBFF34F8FD5
:105D0000BFF36F8F00F00AFE012004B0BDE8F08100
:105D1000019B1BB900F002FE0020F6E717B902A8AC
:105D2000FFF7DEFA00F0FAFDFFF746F800F0D8FDC5
:105D300094F84430FF2B08BF84F8448094F8453031
:105D4000FF2B08BF84F8458000F0E8FD01A902A8F8
:105D5000FFF7D2FA00BB2046FFF702FDB0B1019970
:105D600004F12400FFF712FA2046FFF74CFDFFF77D
:105D700011F948B94FF0E0234FF08052C3F8042DD9
:105D8000BFF34F8FBFF36F8F0127A0E72046FFF7C8
:105D90003AFDFFF7FFF8F7E72046FFF734FDFFF77E
:105DA000F9F82046FFF7DCFC0028EDD0B4E700BF8F
:105DB000F8590200F0B585B00446019120B9504869
:105DC00040F28261FEF786FC236C23B14C4840F21E
:105DD0008661FEF77FFCFFF7D1FA30B9019B23B152
:105DE000474840F28B61FEF775FC00252F462E4692
:105DF00000F076FDA36BE3B1013BA363236813B905
:105E0000FFF7BEFBA060236973B104F11000FFF738
:105E100003FA48B14FF0E0234FF08052C3F8042D4D
:105E2000BFF34F8FBFF36F8F00F078FD012005B0F7
:105E3000F0BD019B1BB900F071FD0020F7E717B919
:105E400002A8FFF74DFA00F069FDFEF7B5FF00F07C
:105E500047FD94F84430FF2B08BF84F8446094F861
:105E60004530FF2B08BF84F8456000F057FD01A9BD
:105E700002A8FFF741FA50BB2046FFF771FC00B3C0
:105E800023683BB900F02CFDA068FFF787FA0546B0
:105E900000F044FD019904F12400FFF777F9204652
:105EA000FFF7B1FCFFF776F848B94FF0E0234FF069
:105EB0008052C3F8042DBFF34F8FBFF36F8F0127BC
:105EC00096E72046FFF79FFCFFF764F8F7E72046C8
:105ED000FFF799FCFFF75EF82046FFF741FC00282A
:105EE000EDD0002DA9D000F0FBFC616A19B1236B45
:105EF0001968C1F10501A068FFF7EEFA9BE700BF42
:105F0000F859020070B50D46044620B90A4840F21F
:105F10003731FEF7DFFBA668FFF72AFA864204D185
:105F2000E3680133E360012005E029462046FFF7DE
:105F300041FF0028F4D170BDF85902002DE9F84363
:105F400089469046044620B9254840F2FD71FEF787
:105F5000C1FBB9F1000F06D1236C23B1204840F2F8
:105F6000FE71FEF7B7FB00F0ADFDEFF311874FF0C8
:105F7000600383F31188BFF36F8FBFF34F8FA66B5E
:105F800066B394F8445049466DB22046FFF726FCAC
:105F9000013E6B1CA66311D1236953B104F11000BB
:105FA000FFF73AF928B1B8F1000F02D00123C8F881
:105FB0000030012087F31188BDE8F883FEF712FF57
:105FC0008542F6D27F2D04D1054840F64401FEF704
:105FD00081FB01356DB284F84450EAE73046E9E7C9
:105FE000F859020010B5044620B9064840F69B0156
:105FF000FEF770FB00F074FCA46B00F08FFC2046F1
:1060000010BD00BFF859020010B5044620B903487E
:1060100040F6C501FEF75EFBA06B10BDF85902000B
:1060200070B504460D46164600F05AFC94F844300C
:10603000FF2B04BF002384F8443094F84530FF2B35
:1060400004BF002384F8453000F068FCA36B2BB933
:106050003246294604F12400FFF7B2F82046BDE895
:106060007040FFF7D0BB00F108034FF0FF32C0E9EA
:106070000223436003610023036070470023036130
:10608000704730B50C68631C0AD103695A684A60CE
:1060900091608B605960036808610133036030BD13
:1060A00000F10802134652681568A542FAD9EDE7D7
:1060B000D0E9011203698A6051605968814208BFC2
:1060C0005A600022026118680138186070470000A9
:1060D000914208B5416000610AD8D21A83699A4298
:1060E0000DD2084B011D1868FFF7CBFF002008BD3B
:1060F0009A4201D2994202D2034B011DF3E70120DB
:10610000F5E700BFCC880020D088002070B5044699
:106110000D461646A1692B46324629442046FFF714
:10612000D7FF00B970BDA36920461D44236A984774
:10613000F0E700000E4B1B68DB6870B5DC680546B5
:10614000201D0E46FFF7B4FF94F824305A0709D5F6
:10615000324629462046FFF7D9FF236A2046BDE88C
:106160007040184723F0010384F82430F5E700BF9E
:10617000D088002010B5084C23681A6822B9074A55
:1061800011682160136010BDDB684FF0FF311868A3
:10619000FFF7D0FFF0E700BFD0880020CC880020B8
:1061A000F8B50D4C00F09CFB25688DB90B4F0C4EDB
:1061B0003846FFF758FF3046FFF755FF094B1F6081
:1061C000094B2A460C2108201E60FFF79FFB206028
:1061D000BDE8F84000F0A2BBC8880020E888002095
:1061E000D4880020D0880020CC8800202DE9F043FE
:1061F0005A4E85B000275A4B1B68D3F80090B9F16E
:10620000000F2BD0DB68D3F800900025FEF7D4FDFB
:10621000FEF7DAFD3368DFF85481984204461FD355
:106220003060002D49D04F4B1B681D68B5FA85F5CD
:106230006D09D8F800002A46A9EB0401FFF7F0FE2B
:10624000FEF7A8FE88B94FF0E0234FF08052C3F864
:10625000042DBFF34F8FBFF36F8F06E00125D5E705
:10626000FFF788FF3460FEF795FECDE901770397CD
:10627000D8F80000002201A9FFF70AFD0028BAD0D3
:10628000019B002BF4DB039C636913B1201DFFF716
:106290000FFFFEF799FD33689842054601D2FFF7DC
:1062A00069FF019B3560013B082BE1D8DFE803F073
:1062B0000E0E31384E0E0E3138008145B9D8FEF73A
:1062C00069FE21464846FFF735FFCEE794F82430B3
:1062D000A16943F0010384F82430029B2A46194443
:1062E0002046FFF7F5FE0028C2D094F82430590765
:1062F0000AD5A36902992A4619442046FFF706FFEA
:10630000236A20469847B3E723F0010384F824303A
:10631000F6E794F8243023F0010384F82430A7E74B
:1063200094F8243043F0010384F82430029BA361E5
:1063300023B90D484FF48261FEF7CCF9A1692B46D1
:106340002A4629442046FFF7C3FE91E794F82430FB
:106350009A07E0D4204600F0ADF989E7C088002014
:10636000D0880020CC880020465A0200C88800202F
:1063700007B5FFF715FF0D4B1B6843B90C484FF4E9
:10638000A371FEF7A7F9002003B05DF804FB094BE9
:106390000193042300930849084800234FF48072B6
:1063A000FEF7DCFB0028E9D0EEE700BFC88800203C
:1063B000465A0200C4880020955A0200ED6101008F
:1063C0002DE9F041804628200D4616461F4600F074
:1063D000A9F80446D0B1002380F8243025B90D482F
:1063E00040F2A911FEF776F9FFF7DAFE069BC4F832
:1063F0000080C4E906572362201DFFF73FFE2EB13F
:1064000094F8243043F0040384F824302046BDE897
:10641000F08100BF465A0200F0B50C4685B0164622
:10642000054620B9114840F2CD11FEF753F9104F3F
:106430003B68ABB1052CCDE9014603950BDCFEF7BB
:106440009DFF0346022B38680DD10A9A002301A94B
:10645000FFF79AFA05E005484FF4EC71FEF73AF9B8
:10646000002005B0F0BD00231A46F0E7465A0200AE
:10647000C8880020F0B50C4685B017461E46054674
:1064800020B90D484FF40071FEF724F90B4B186842
:1064900080B1052CCDE90147039506DD0023324686
:1064A00001A9FFF743FB05B0F0BD034840F20B2103
:1064B000FEF710F90020F6E7465A0200C8880020CF
:1064C00010B5044620B9034840F28521FEF702F9D1
:1064D000606810BD465A020010B5044620B907484E
:1064E00040F29141FEF7F6F800F0FAF994F82440F2
:1064F00004F0010400F012FA204610BD465A0200D2
:1065000010B5044620B9064840F2AE41FEF7E2F865
:1065100000F0E6F9E46900F001FA204610BD00BF82
:10652000465A02002DE9F84F431E0A3338D810F0BE
:10653000070300F1080505D0A3F10902AA422FD3F1
:106540001030C51A534EFEF737FC3368F3B9524A80
:10655000524851071FBFD11D21F0070102F58042AB
:10656000531A0CBF4FF480430A461344083B23F0F0
:106570000703002141600260C3E90011991AC2E9D2
:1065800000313360464B1960464B1960002D09DC21
:10659000FEF700FDFEF786F800263046BDE8F88FCE
:1065A0000025CFE73F4F3B68AB42F1D33B4BDFF8D1
:1065B000E8A01C68544502D33B4B9C4203D93B489E
:1065C000F521FEF787F8DFF8D480DFF8DCB06368E8
:1065D000AB4204D2D4F80090B9F1000F4ED1336829
:1065E000A342D5D0D8F800600836564502D32E4BCA
:1065F0009E4204D92D4840F20511FEF76BF823683E
:10660000C8F800306368AB4204D2284840F20D114C
:10661000FEF760F863685A1B102A14D904EB0509C9
:1066200019F0070F04D021484FF48B71FEF752F890
:1066300063685B1BC9F80430D8F80030C9F8003033
:10664000C8F800902B4616493A680868D21A824268
:1066500038BF0A603A6043F00043154A6360002384
:106660002360136801331360FEF794FC730794D022
:106670000E4840F25711FEF72DF88EE7D14501D3B1
:10668000D94503D90948FB21FEF724F8A0464C461A
:106690009DE700BF0C890020188900201089002088
:1066A000048900200889002017C900209D5A020093
:1066B00000890020F8B50546002868D0344FA0F1C5
:1066C0000804BC4202D3334B9C4204D932484FF4F5
:1066D000B571FDF7FFFF55F8043C002B04DB2E4895
:1066E00040F26B11FDF7F6FF55F8083C23B12A483C
:1066F0004FF4B671FDF7EEFF55F8043C002B46DA77
:1067000055F8082C002A42D123F0004345F8043CF8
:10671000FEF752FB214A55F8043C11680B44136004
:106720001F4B1A461E461B689C42FBD8964209D056
:10673000BE4202D3174B9E4204D917484FF4FD7155
:10674000FDF7C8FF7268B3189C4201BF55F8043CBE
:1067500034469B187360616833686218934214D1A1
:10676000104A1268934203D05A680A4462601A6859
:1067700022600D4A1368A64203F1010318BF34607A
:106780001360BDE8F840FEF705BC1A46F0E7F8BD17
:106790001889002017C900209D5A0200088900208E
:1067A000108900200C890020FC88002000000000D7
:1067B000074B19680868B0E8F04F80F30988BFF309
:1067C0006F8F4FF0000080F311887047AFF30080A7
:1067D000BC88002008480068006880F308884FF0F3
:1067E000000080F3148862B661B6BFF34F8FBFF329
:1067F0006F8F00DF00BF000008ED00E00000000028
:10680000EFF30980BFF36F8F154B1A681EF0100F5E
:1068100008BF20ED108A20E9F04F10602DE9090033
:106820004FF0600080F31188BFF34F8FBFF36F8F7D
:10683000FEF75EFC4FF0000080F3118809BC196878
:106840000868B0E8F04F1EF0100F08BFB0EC108AD7
:1068500080F30988BFF36F8F704700BFAFF30080EC
:10686000BC880020DFF80C00016841F47001016071
:106870007047000088ED00E007B5002301930B4B43
:106880001B68013303D00A48F421FDF723FF4FF0C2
:10689000600383F31188BFF36F8FBFF34F8F019BAA
:1068A000002BFCD003B05DF804FB00BF882B002058
:1068B000FD5A02004FF0807340F8043C074B40F84B
:1068C0000C3C21F001016FF0020340F8081C40F875
:1068D000202C40F8243C4438704700BF7968010000
:1068E0004FF0600383F31188BFF36F8FBFF34F8FB7
:1068F000084A13680133012B13600AD14FF0E023DB
:10690000D3F8043DDBB223B103484FF4F471FDF733
:10691000E1BE7047882B0020FD5A020010B5074CDD
:10692000236823B9064840F2EF11FDF7D3FE236830
:10693000013B23600BB983F3118810BD882B002025
:10694000FD5A020008B54FF0600383F31188BFF3CE
:106950006F8FBFF34F8FFEF74BFA28B14FF0E02354
:106960004FF08052C3F8042D002383F3118808BD33
:1069700037B54FF0E0244A4BD4F8002D9A4204D1A9
:10698000484840F23711FDF7A5FED4F8002D464BDC
:106990009A4204D143484FF49C71FDF79BFE4FF09F
:1069A000E023D3F8084D414BE26A9A4204D03D48B7
:1069B00040F25711FDF78EFEA26B3D4B9A4204D078
:1069C00038484FF4AC71FDF785FE00230193394B35
:1069D0001A78D2B28DF80220FF221A701B78364A3C
:1069E000DBB28DF803309DF8033003F060031370C1
:1069F00023B92C4840F27B11FDF76CFE9DF8033063
:106A0000DB4313F0600F04D0264840F27F11FDF7FE
:106A100061FE9DF8033013F0800F019B36D1082BE7
:106A200018BF019B254A14BFC3F1070300231B02B3
:106A300003F4E06313609DF802301E4A4FF0E02437
:106A4000DBB21370D4F8203D43F47F03C4F8203D3B
:106A5000D4F8203D002543F07F43C4F8203DC4F81E
:106A60001C5D0CF0FBFF164B1D60FFF7FBFED4F81E
:106A7000343F43F04043C4F8343FFFF7ABFEFEF72A
:106A800037FBFFF7F9FE284603B030BD0133019311
:106A90009DF803305B00DBB28DF80330B9E700BF2F
:106AA00071C20F41FD5A020070C20F41B16701006F
:106AB0000168010000E400E01CC9002018C90020A2
:106AC000882B002008B5EFF305830F2B0AD90E4A57
:106AD0009B5C0E4A12789A4204D90D4840F27A31F2
:106AE000FDF7F8FD4FF0E0230A4AD3F80C3D126899
:106AF00003F4E063934206D9BDE80840044840F23D
:106B00008A31FDF7E7BD08BDF0E300E01CC90020B5
:106B1000FD5A020018C900200170090A417070472F
:106B20000B0A017043700B0C090E8370C170704723
:106B3000110A02704170110C120EC2701A0A037110
:106B400042711A0C1B0E81708271C37170470088EC
:106B5000704700687047EFF3108072B600F00100D4
:106B6000704700B962B67047002807DB044A410944
:106B7000012300F01F00834042F82130704700BF1E
:106B800000E100E0002808DB4309044900F01F0091
:106B900001224033824041F82320704700E100E0A9
:106BA00070B502690346FFF7D6FFD2F80445D2F864
:106BB00004115D68064659B105F180750021D2F8CF
:106BC00004455D60C2F8041193F90100FFF7DAFF94
:106BD00030462C43FFF7C5FF204670BD30B48478A3
:106BE0000369BCB34FF48022C3F80823D3F80445EB
:106BF000D3F8045142681DB1D3F8044502F1807204
:106C000022438A1A002A4FF0010506DCC3F8085314
:106C100030BC90F90100FFF7B5BF022A07DCC3F8CA
:106C20000453D3F804359C42F2D130BC7047B2F122
:106C3000807FB4BF21F07F4104F500044FF480222F
:106C4000C3F80853B4BFC3F84815C3F84845C3F8A0
:106C50000423EAE74FF40022C3F80823C3F84C15D5
:106C6000C3F84C41C3F8042301229A64D3F8483591
:106C70005B1A002BD9DBCBE72DE9F8432D4C2669B5
:106C8000D6F8483113B10023C6F84831D6F80031A0
:106C900013B10023C6F80031D6F8043133B1002314
:106CA000C6F80431636803F180736360A36801333D
:106CB000A360FFF750FF4FF0010807464FF00009AF
:106CC000656945B1A3789BB11A48FFF769FFEB6886
:106CD000C31A002B12DA6369F3B9A278236932B3BD
:106CE0004FF48022C3F808230122C3F8082317E0D9
:106CF0002369C3F84880D3F84805E8E7D5E90432AA
:106D000043B15A616A691360D5E90130C5F814903E
:106D10009847D5E7A261F5E7D9680648FFF75EFF17
:106D20003846FFF71EFFD6F84831BDE8F8834FF428
:106D30000022DAE720C90020052810B51FDC114B1E
:106D400053F82030DBB11C78CCB9052817D10E4B95
:106D500001229A700B200D4A1A6158700C4B4FF4A7
:106D60000062C3F88020BFF34F8FBFF36F8FE02224
:106D7000084983F80B230CF061FE204610BD162055
:106D8000FCE700BF4068020020C9002000B00040BE
:106D900000E100E0796C0100052838B567DC354B6F
:106DA00053F82040002C62D0052823D1324B1D78A7
:106DB000002D5CD1B1F5004F59D11A69002A56D087
:106DC000D96001211970FFF7C6FE1A690446022036
:106DD00051609160C2F80855C2F80451C2F804032A
:106DE000116093F90100FFF7BFFE2046FFF7B9FEDF
:106DF000002038BD2278002A39D1204B994236D85C
:106E0000B3FBF1F1B1F5007F31D823697BB30129E0
:106E10000ED00123184600FA03F58D4222D3DAB2D0
:106E2000013B9840081A6D1AA84201D2013AD2B229
:106E3000124B01211341E3602170FFF78CFE23699F
:106E4000054600205960D960C3F804050320C3F843
:106E50000805C3F81025196094F90100FFF784FEB6
:106E60002846C3E701330A2BD5D11A46E0E716209E
:106E7000BFE700BF4068020020C900200024F400E2
:106E800005280DDC074B53F8200050B183780BB177
:106E9000FFF786BE036901229A64D3F8480570475C
:106EA0000020704740680200052810B509DC064C38
:106EB00054F820402CB1C1E90123002048610C6046
:106EC00010BD1620FCE700BF4068020038B503463D
:106ED000002837D04269002A34D14268002A31D0D4
:106EE0000468C160FFF737FE6269D96805465AB980
:106EF000184640F8102F2246A06142F8143F5A610C
:106F00002046FFF76BFE0DE0D068081A00280EDA65
:106F10005069C3E90420036003F110005061626905
:106F20009342EDD02846FFF71CFE002038BD1269C1
:106F3000002AE9D11A61A2695A61136003F11002B3
:106F4000A261ECE71620F1E770B5034668B302686A
:106F5000FFF701FE0446586990B1566919699E42CF
:106F600012BF00260D46012679B1486158690160BB
:106F70000021596126B155B1E9682868FFF72EFE56
:106F80002046FFF7EEFD002070BD9061EEE713692B
:106F900092783AB14FF48022C3F808230122C3F853
:106FA0000823EDE74FF40022F9E71620ECE7F7B5E8
:106FB000089F0C469DB2099B0093164603463A462D
:106FC0002946204600F05AFC40B92B46BAB2214669
:106FD000304603B0BDE8F04000F0D0B803B0F0BDDB
:106FE00070B504680E461946238AB342054603D895
:106FF00000230360204670BD30469047044670B1C0
:1070000029683346002200F07EF940B928683146ED
:1070100000F0CCF9286800F08CFB2860EAE72046F5
:1070200000F0FDF80024E5E708B500220421202047
:10703000FEF76CFC0A4B186000F08EFC00F094FC2C
:1070400007F0BEF804F0DEFE00210520FFF774FE15
:107050004FF4004000F018F8BDE8084007F0E8BB26
:107060003CC9002008B54FF0FF3103480CF0F2F99D
:1070700043689847F7E700BF3CC9002000487047C5
:107080003CC9002007F01ABA01460520FFF784BE6C
:1070900013460A4601460520FFF706BFFFF716BF55
:1070A000FFF752BF0520FFF7EBBE0000014BA3FB2B
:1070B00000307047D07B630843F60952C0F30803E1
:1070C000400A5343504300EB532070474379072B4A
:1070D00000F1100298BF002300681344C01A80B268
:1070E00070478268C188128800F110031344026857
:1070F0000A44981A80B27047074A10B511680346CF
:10710000084618B909B15068083810BD04889C4277
:10711000FBD28068F5E700BF8C2B002010B50C4A2D
:1071200013682BB9836053681860083050600CE016
:10713000198804888C42996801D80B46F1E7816070
:1071400011B900F1080151609860002010BD00BF26
:107150008C2B0020024B0022C3E90023704700BFA4
:107160008C2B0020044B1B68002003B970475A6821
:107170009B68D2881044F8E78C2B0020103A0280DC
:1071800041600020704738B503888B4204460D46A5
:107190000CD3406800F0A1FB38B10023C36043600A
:1071A00000F110032B440360846038BD0020FCE72D
:1071B00010B50C46FFF7A0FF20B12146BDE81040F6
:1071C000FFF7E1BF10BD38B5038801F10805AB42F8
:1071D0000DD3FF2D0BD80021FFF7D5FF30B1036889
:1071E00045712B4403600023C0E9043338BD0020FF
:1071F000FCE70830084410B580B20C46FFF77CFF6E
:1072000020B1E1B2BDE81040FFF7DDBF10BD01467F
:10721000806808B510B1406800F086FB08BD10B565
:1072200000B910BDC468FFF7F2FF0028F9D120466D
:10723000F6E70346002003B97047DA88DB6810449C
:1072400080B2F8E72DE9F0470F46154606460028BC
:1072500046D0D0F808A003469946DB68002BFBD146
:1072600048462C46FFF73DFF98B1A842A8BF2846E4
:107270000446D9F80030B9F80600224639461844C9
:107280000DF033F8B9F8063023442744A9F8063046
:107290002C1B002C05DD00215046FFF774FF8046B3
:1072A00038B97379072B16D8201E18BF0120BDE806
:1072B000F087BAF80020A242A8BF2246C280394611
:1072C00000680DF012F8B8F80630C9F80C801F44B9
:1072D000E41AC146DDE7338A1D442D1B3582E3E7FE
:1072E0000220E4E710B508B910BD00210446C068CB
:1072F000E3888B4202DC04D10028F6D111802046BD
:10730000F2E7C91AEFE7F7B50546084611460DF151
:1073100006021F46FFF7E6FF064617B9384603B0D8
:10732000F0BDAEB1BDF80630F4883168E41ABC4255
:10733000A8BF3C46A4B2224619442846FFF782FF64
:107340000028ECD13C1BF668ADF80600A7B2E4E7D4
:107350000220E4E7F8B505461F4614463AB9204630
:10736000F8BD05B3EB888B4203DCED68C91A002930
:10737000F7DC002C05DC002CD4BF0024012464427F
:10738000EDE7002DF7D0EE882B68761AA642A8BF4D
:1073900026461944384632460CF0A7FFA41BED6878
:1073A00037440021E5E74FF0FF34D8E770B50028F7
:1073B00030D000291ADA4B4204460025E2882646DE
:1073C000E4681544002CF9D19A42447923DB9BB23E
:1073D000D21A072CF2801DD9028AD31A19E0E41AB6
:1073E000D48014681C44146000230CE002460B4651
:1073F0000025002BF8D0D4889C42F0DCD580D268E0
:107400001B1B002AF5D14279072A03D9028A521A96
:107410001344038270BD294421EAE171072C88BF1F
:107420000182C3888B420446C06807DBE1800028E4
:10743000F0D0FFF7F4FE0023E360EBE7C91A002861
:10744000EFD1E7E72DE9F7431E1E17461DDD0DF1CD
:107450000602FFF747FF044620B96FF0004003B073
:10746000BDE8F0830025A946BDF80600E288731B3D
:10747000121A9A42A8BF1A461FFA82F8B8F1000FF2
:1074800005D14544ADB2B5420AD10020E7E72368F3
:1074900092B2791918440CF0B5FE0028F1D0DEE75D
:1074A000E468ADF80690002CDED1D6E72DE9F04176
:1074B0000E4604464FF000082046FFF707FEE2881C
:1074C00061792368B042A8BF304612FA80F20729DA
:1074D000A3EB0003E28088BF228A236083B284BFCB
:1074E0009B182382361A0CD00729A0680CD90839BA
:1074F000C9B2FFF768FE054650B92046FFF78FFE78
:107500002C462046BDE8F0810021FFF73CFEF2E763
:107510006279072A0CD900F11007384604F11001EE
:107520000CF0E3FE63796B711F442F6084F80580D3
:107530002846FFF7D6FD2B68EC6003442B602C46F1
:10754000BAE72DE9F34791460DF106020746884652
:107550001C46FFF7C7FE054660B34FF0000ABDF8B2
:107560000600EE88361AA642A8BF2646002E07DD82
:107570002B684946324618440CF0B7FEB144A41BB0
:10758000A4B1EB681BB1ADF806A01D46E7E7A2B2B7
:1075900049462846FFF756FE48B97B79072B05D99F
:1075A0003B8A44449C42B8BF1C463C82002002B047
:1075B000BDE8F0874FF0FF30F9E710B503461A46F3
:1075C000DB68002BFBD1D1604379072B06D94B79BF
:1075D000072B0ED9038A0A8A1344038200234B71B6
:1075E00010BDDC88028ADB6822440282002BF8D1BD
:1075F000F4E70B46FAE72DE9F041D0F80880B8F837
:1076000000308B4205460C4602D20020BDE8F081D6
:1076100007463E46FF68002FFBD13046FFF761FD6D
:10762000A04207D239464046FFF7ADFD0028ECD016
:10763000F0600646F38830681A19F2806A79072AE2
:1076400001D81844E2E72A8A14442C82F9E72DE98C
:10765000F041C5888D4204460E4630D2FFF741FD09
:107660002844B0422EDBE76867B3751BAEB22546EF
:107670002846FFF736FD8046FC88E888396846458D
:107680003346A8BF43469C42A8BF1C462B682246EF
:1076900018440CF02AFEEB88A2B21344EB80FB885E
:1076A0009B1AB61A9BB2B6B2FB80A8EB040823B3B0
:1076B0003B6823443B603C4676BBEC602C4620464E
:1076C000BDE8F081A068627903889B1A9E421EDCA7
:1076D0000021FFF758FD0546C8B16279072A0AD98B
:1076E00000F11007384604F110010CF0FEFD63793B
:1076F0006B711F442F602746BAE73846FC68FFF7D6
:1077000086FD002ED9D03CB92846FFF780FD2046E3
:10771000FFF785FD0024D2E72746ADE710B50C46FC
:10772000FFF7C4FE20B12146BDE81040FFF78FBF30
:1077300010BDC38870B5054613B12C46204670BDF8
:10774000C468002CF9D0E38883B12046FFF7BEFC63
:107750006A799042F1D3627105F1100104F11000D1
:107760000CF0C3FD2846FFF752FDE7E7E668EE6040
:107770002046FFF74CFD3446E3E72DE9F843804609
:10778000F0B109B1FFF719FF44462046FFF79EFC10
:1077900058B16379E288216804F11005072B88BF8E
:1077A000ED1828460CF03EFD2560E3882268E56868
:1077B000204602EB0309FFF794FC07462FB315B9E7
:1077C0004046BDE8F883EE882968BE4228BF3E46A1
:1077D000B6B2484632460CF088FDE3883344E38075
:1077E0002B6833442B60EB88BF1B9B1BB144BFB29B
:1077F000EB80EB88002BE1D1EB68E3602846FFF7D4
:1078000006FDE568002DF4D1D8E7002DD8D02C4630
:10781000BBE7000070B5044610B10AB113B919B145
:10782000032022E09D0725D19DF81400A072049842
:107830002260C4E90530E1802181A1801D46E3601A
:1078400061B190071CBF22F00302043201205642AE
:1078500088420BDB0139514300234B51064B5A68D8
:1078600000202061146010345C6070BD134401304E
:107870009B51EDE70420F8E740C9002013B5002430
:107880000194049C0094FFF7C5FF02B010BD37B50A
:1078900001250195069D00950446FFF7BBFF08B939
:1078A000C4E9070003B030BD03689A07C2681CBF73
:1078B00023F0030304338A420DD8808803FB0020A1
:1078C000814208D2891AB1FBF3F203FB1211B1FA1B
:1078D00081F0400970470020704710B598B1EFF370
:1078E000108172B6C38801F001016BB1426914685E
:1078F0004461013B04899BB29C42C38000D903814F
:1079000001B962B6104610BD1A46F9E7EFF31082CE
:1079100072B643690B60C38841610133C380D307EA
:1079200000D462B60020704710B50A46034680B105
:1079300079B1847AE40706D5C46924B12346026A82
:10794000BDE81040184711461846FFF7DFFF00203A
:1079500010BD0320FCE70000024B0022C3E9002316
:10796000704700BF40C9002007B5FFF7F3FB084B85
:1079700001934FF492730093064A07490748062380
:10798000FFF715FB034803B05DF804EBFFF7C6BB38
:10799000605B020064C9002048C9002070C9002053
:1079A0002DE9F34110F0400805460E4617461C46E7
:1079B0000ED11868018AFFF7F9FC0623CDE9008390
:1079C000394622682B46304600F019FCC4F8008086
:1079D00002B0BDE8F08105F013BC7047172938BF2D
:1079E00017218181704710B5044605F089FE30B13A
:1079F000A38923B16089984228BF184610BD17207B
:107A0000FCE710B50C46FFF7EEFF218A814205DD49
:107A1000411A2046BDE81040FFF7C8BC10BD37B57D
:107A200004460D4604F0A8F86B4601AA29462046F4
:107A300005F0E6FB40B90098FFF7D5FF044604F0D7
:107A40009DF8204603B030BD0024F8E7A0F11703ED
:107A5000B3F5FC7F70B5054616D80C4B188004F0C2
:107A60008BF80026304604F05FFD044618B904F098
:107A700085F8204670BD042104F094FC837BDB076D
:107A800058BF45810136EDE70320F3E748D00020D9
:107A900008B505F015FE38B104230381C380034BFC
:107AA0001B884381024B836108BD00BF48D0002082
:107AB000017B010023280FD8052806D8022818BF0B
:107AC00004280CBF012000207047044B0638C0B2C8
:107AD000C34003F00100704700207047551585240E
:107AE000012809D00338C3B21E2B04D80348D8405C
:107AF00000F0010070470020704700BF5555514805
:107B00002DE9FF41044605F030FE4FF6FF73984221
:107B100005463BD0206926890DF10703012200218B
:107B200004F11007FFF716FC70BB042E16D19DF868
:107B30000700FFF7D5FF88B104F01EF802AA03ABD7
:107B40003146284605F073FB024638B9029803997E
:107B500080F86C2000F016F904F010F89DF807008A
:107B6000DFF86080002398F80020904210D004D302
:107B700001331E2B08F10808F5D13B463246294651
:107B8000FFF70EFF082418E0042416E0072414E091
:107B900020690121FFF70AFCD8F804303A46314643
:107BA00028469847044640B1082C06D19DF80700A6
:107BB0003B4632462946FFF7F3FE204604B0BDE8B7
:107BC000F08100BF58680200024BF7221A800020A3
:107BD000704700BF48D00020F8B506460F46104653
:107BE0000421154605F0EDFA044640B92B681A68E1
:107BF0003946D378B2F80120304602F07DFF2046A6
:107C0000F8BDF7B506460F4610460221154605F0A9
:107C1000D8FA044668B92B681D6803F0ADFF224608
:107C200001AB39463046FFF7D6FE044618B103F0E3
:107C3000A5FF00250EE029880198FFF7CFFE0198E7
:107C4000FFF7D1FE054603F099FF2A46042130468E
:107C500002F02CF930462B462246042102F074FF34
:107C6000204603B0F0BD0820704708207047082068
:107C70007047082070470820704708207047082088
:107C80007047082070470820704708207047082078
:107C90007047082070470820704708207047082068
:107CA0007047082070470820704708207047082058
:107CB000704773B5064615460C4699B101AA0221D4
:107CC0001B2000F04FF890B1048029460198FFF77F
:107CD00074FC019A0421304600F089F804462046DD
:107CE00002B070BD03242846FFF799FAF7E706248F
:107CF000F9E7F7B506460F461D4614469AB101AAA4
:107D000002211D2000F02EF890B104802946019830
:107D1000FFF753FC019A3946304600F068F80446F4
:107D2000204603B0F0BD03242846FFF778FAF7E7B2
:107D30000624F9E708B502F02BFF002008BD013149
:107D400070B589B2064610461546FFF754FC044646
:107D500020B92846FFF763FA204670BD2C6804F866
:107D6000016BF9E770B5164604460D4605F0FFF9BC
:107D70000246306028B129462046BDE87040FFF732
:107D8000DEBF70BD70B505460E4614465AB990F870
:107D90006C30C3B9446EB4B16368436613B900F183
:107DA00064038366103C23681878FFF783FE78B17C
:107DB00095F86C304BB100236361AB6E04F1100297
:107DC00014341A60AC66002070BD012385F86C3055
:107DD00023681878FFF701FE21463046FFF711FEB1
:107DE000224631462846BDE8704005F04DBD37B506
:107DF0000446154603F0C0FE20466B4601AA042146
:107E000005F015FA044638B103F0B8FE2846FFF72E
:107E100006FA204603B030BDDDE900102A46FFF720
:107E2000B1FF044603F0AAFEF3E738B505460C4659
:107E300003F0A2FE284604F075FB836D2360BDE8C5
:107E4000384003F09BBE2DE9F0430746147A9FB0FB
:107E500016461D46A1B1E00705D402232B70102061
:107E60001FB0BDE8F08304F0040904F0080804F032
:107E7000100449EA040454EA08040CD10020EFE796
:107E8000A10701D40323E9E704F0200904F0400826
:107E900004F08004EDE769463846FFF7C6FF59EA6B
:107EA00008099DF8003038D013F001092BD103F0F8
:107EB00063FE384604F01EFB01AC80B103A904F058
:107EC00047FB0822494620460CF0C5F9DDF81300AF
:107ED000BDF817209DF819300190A280A37103F01E
:107EE0004DFE0AA9204606F021F850B99DF8503001
:107EF00013F0010F14BF0F200520287000F58070CB
:107F0000AEE70520F9E7B8F1000F06D09A0704D4D0
:107F100005232B7040F20510A2E7727AB2EBD30F63
:107F2000ACD90C232B704FF4867099E72DE9F04102
:107F300086B00546039300238DF817304FF6FF7384
:107F400098420C9F0C4616460FD12369019303AB50
:107F50000093D4F80C806189334601222846C0473B
:107F600078B18DF81700092007E00A460DF11703D4
:107F70000121FFF768FF0028E7D017B19DF81730FF
:107F80003B7006B0BDE8F08110B5144605F019F954
:107F9000062814BF0023112304B1237010BDF8B5C7
:107FA000069F1D463B78102B038A164614BF1422E9
:107FB000062213448B4211DC1146FFF71CFB0446DA
:107FC00070B13146FEF7A8FD2946A01CFEF7A4FDBE
:107FD000211D384606F06AF80020F8BD0420FCE7B1
:107FE0000620FAE773B504460DF1060015461E4655
:107FF000FEF792FD02220DF106012046FFF722F95D
:1080000020B111233370062002B070BD29460DF156
:108010000600FEF781FD02220DF106012046FFF762
:1080200011F90028EDD10120EEE7000010B504465B
:108030008068FFF7F4F821460248BDE81040FFF7DA
:1080400073BC00BF4CD00020F0B51D4685B04FF684
:10805000FF730C4698424FF00001064617468DF814
:108060000F100DD12369CDE900730222E768618901
:1080700000233046B84750B18DF80F00092006E0C4
:108080000DF10F032246FFF7DEFE0028EAD015B1FE
:108090009DF80F302B7005B0F0BD2DE9F743DDF8EA
:1080A0002C9004460E4690461F4605F060F80546A3
:1080B00000B30346CDF80090204600223146FFF77A
:1080C00035FF044630B92E8A46450AD90E2389F871
:1080D000003004242846FFF7A2F8204603B0BDE88C
:1080E000F0833B46014632462846FFF733F90A9BA8
:1080F0001E80EFE70624EDE72DE9F04180461448A5
:108100000F4616461D46FFF7E8FB0446E8B1142269
:1081100000210CF0A0F80F4BC4F804801A882772D5
:10812000013292B21A80069BE360079B2361002311
:108130002360094B6672596862810C605C6015B9F6
:108140000020BDE8F0812A80FAE70620F9E700BFA9
:1081500068D3002088D3002094D30020014B1888D6
:10816000704700BF88D30020044A0346106800B956
:10817000704742899A42FBD00068F8E794D3002008
:1081800070B50D46164640B90A4B1C681CB1638990
:10819000B34204D90024204670BD0468F6E7002DE0
:1081A000F9D06068294605F037FF0028F3D024682D
:1081B000ECE700BF94D30020036823B14068401A65
:1081C00020EAE07070476FF0004070472DE9F04101
:1081D0000446084615461E46FFF7C6FF069F0146A1
:1081E00028B90FB101233B700520BDE8F081069747
:1081F00033462A462046BDE8F041FFF797BE2DE9F9
:10820000F84304460D4601200421BDF820909DF856
:10821000248016461F46FFF792FD58B1077080F87C
:108220000380A0F80190324629462046BDE8F84375
:10823000FFF7DDBD0620BDE8F8832DE9F3410646D2
:108240009DF824800F461C46154672B1B8F1000F08
:1082500004D0A3B904F08BFF0446A0B92046FEF772
:10826000DEFF284602B0BDE8F0811A46FFF7BFFDE9
:10827000054608B90024F1E74FF00E08EAE7198A2D
:108280001846FFF793F8BDF828300093CDF8048026
:108290009DF82030224639463046FFF7B0FFE9E727
:1082A0002DE9F043042989B00646894617466AD16C
:1082B0000DF1170202213846FFF766FE044600283A
:1082C0004AD13B688DF817001B680546B3F800805B
:1082D00003F052FC224607AB49463046FFF77BFBD2
:1082E000044600B303F04AFC002302939DF81730C4
:1082F00001930223009322462B4604213046FFF7C8
:108300009CFF044658B903F037FC06AB07AA0421CA
:108310003046FFF760FB044608B303F02FFC20460D
:1083200009B0BDE8F083079BB3F80A9003F026FC80
:108330003D683C60298A2846FFF738F82A46022122
:108340000320FFF7FCFC20B911238DF81730062419
:10835000CAE7A0F80090C7E70025A846C4E7414651
:108360000698FFF73BFB0698837B43F0010383737A
:10837000FFF739FB054603F001FC2A46042130468D
:1083800001F094FDCBE70824C9E700002DE9F04F88
:108390008BB0164605908A4600240DF12702042171
:1083A00030468DF82740FFF7EFFD0546002875D1D0
:1083B00034682368B3F80080B3F802B0D84502D817
:1083C000B8F1000F14D101238DF8273000240A25BD
:1083D0009DF827300193042300930598CDF8088079
:1083E00023462A465146FFF728FF0BB0BDE8F08F21
:1083F000218A30602046FEF7D9FF22460121052060
:10840000FFF79DFC074620B911238DF8273006257C
:10841000DEE705985146FFF702FB214B3D701E68D1
:108420000690A94616B173899B4505D2B9F1000F94
:1084300016D04FF00008CBE798452DD871683B78EF
:108440000978102914D183B901233B700421238AB0
:10845000069A0B449342E9DC2046FFF7CCF880B93A
:108460000A238DF827300525B2E7012BEED0DDE792
:1084700023B94FF002033B701221E8E7022BFBD037
:10848000D4E771890790FEF747FB079B7068991C3A
:1084900005F00CFE09F101093668C3E7A04697E72D
:1084A00094D300202DE9F04F8FB0164605918146F8
:1084B00000240DF12102062130468DF82140FFF7FE
:1084C00063FD054600285FD133681B68B3F8008060
:1084D000B3F802B0D84502D8B8F1000F14D1012387
:1084E0008DF8213000240A259DF8213001930623C0
:1084F00000930599CDF8088023462A464846FFF7A1
:108500009CFE0FB0BDE8F08F9F8804F030FE04465B
:1085100050B1024629460720FFF711FC38B9112354
:108520008DF821300625DFE734683560F7E70599D7
:108530004846FFF774FA3368069310238DF8243009
:108540004A4BADF826701E6804902F46AA463EB1ED
:108550007389984524D8BAF1000F18D19B4541D2B0
:10856000238ABAF1000F0DD004991A1D914209DB3C
:108570000DF121033A4651462046FFF733FD01280D
:10858000D0D1238A012B69D94FF00008ACE79DF8C0
:108590002430102B13D172681378102B02D07789F6
:1085A0003668D4E709A8079205F051FD034642F664
:1085B00001008342079A32D8B3F5205F40D2238A64
:1085C00004991A1D9142DDDB0DF121033A46514613
:1085D0002046FFF707FD012845D173895B454FF021
:1085E000000739D8706809A905F016FDA0B90DF18A
:1085F000210301930DF12203009310220AAB3146AF
:108600004846FFF74AFD78BBBDF8223006980AAA13
:108610000621FEF717FFE0B14FF0000AC0E742F66F
:1086200003008342CBD11046079305F010FDA0F55F
:10863000205292B2012AC2D9079B9842AFD1BEE71D
:10864000104605F004FDA0F5205080B20128A6D800
:10865000B5E77789BA46A3E7BA4681E70A238DF8DA
:108660002130052540E7062005463DE794D300204C
:108670002DE9F04F13681E8A97B00025062E05904D
:10868000079117468DF82D5001D0142E12D10DF1FF
:108690002D0231463846FFF777FC044628BB39687F
:1086A0000B681D885B8806939D4200D89DB9012305
:1086B0008DF82D3000260A249DF82D3001930823D3
:1086C000009307990598029533462246FFF7B5FDBA
:1086D00017B0BDE8F08F331F042211A805F0D4FCB9
:1086E000044628B104248DF82D4000252E46E3E7EA
:1086F0003E688DF82D00318A38603046FEF756FE10
:10870000324601210920FFF71AFB814628B91123BF
:108710008DF82D30054606202CE007990598FFF7C7
:108720007EF9031F9BB28246A046A34627460893C4
:108730003846069A11A9FFF723FD0746002852D0B4
:108740004389AB42F4D30DF12D0301930DF12E03B8
:10875000009301460CAB05981322FFF79EFC58B11D
:108760007D89BBF1000F2BD19DF82D30002B3CD023
:1087700000283ED004469FE7BDF82E20AAF103034F
:108780009342DEBF089A1346ADF82E30B8F1000FC1
:108790001ED1BDF82E80338A023313449A45E0DBA4
:1087A000911C89B230460992FEF725FF7B89099A10
:1087B00088B911228DF82D201D46BBF1000FAAD0DB
:1087C000002308F102088DF82D3089F8008073E746
:1087D0009045E0D0C5E720F8023B0CA90BF085FDE1
:1087E0004FF0010BA4E70520BBE70A238DF82D30DD
:1087F000BEE7052460E72DE9F04786B017460DF186
:10880000170A8046894600265246022138468DF8CE
:108810001760FFF7B9FB044650BB3D682B68298AF7
:108820001E8838602846FEF7C1FD2A4621460B20E7
:10883000FFF785FA90B911238DF8173006249DF8BB
:10884000173001930A23009302962B46224649468D
:108850004046FFF7F2FC06B0BDE8F0872246CDF8AF
:1088600000A02B4631464046FFF7B0FC0446E6E741
:108870003546E4E72DE9F04F87B017460DF1170AAA
:108880008046894600265246042138468DF81760F6
:10889000FFF77AFB044660BB3D682B68298A1E8877
:1088A000B3F802B038602846FEF780FD2A4621461C
:1088B0000D20FFF744FA90B911238DF817300624E4
:1088C0009DF8173001930C23009302962B46224605
:1088D00049464046FFF7B1FC07B0BDE8F08FCDF840
:1088E00000A02B465A4631464046FFF76FFC04462F
:1088F000E6E73546E4E72DE9F04F87B000248846E7
:10890000164607468DF81740FFF789F8814604F0B0
:108910002EFC054690B1024621460F20FFF70FFAC4
:10892000044668B10DF1170B33681B8A012B02D97D
:108930002B8A4B4518D30024A24606E035683460E4
:1089400011238DF817304FF0060A9DF81730019368
:108950000E23009302942B46524641463846FFF7B9
:108960006CFC07B0BDE8F08F5A4602213046FFF795
:108970000BFB8246A0B933681868FEF7E8F80221BD
:1089800004463068FEF712FD5246CDF800B02B4683
:1089900021463846FFF71AFC82460028C4D0D4E7A7
:1089A0000024D2E7082070472DE9F04F13688B466A
:1089B000198A99B000250629069017468DF825508A
:1089C00001D0142913D10DF125023846FFF7DCFA46
:1089D0000446002840F0D68039680B681D88B3F83B
:1089E00002904D4500D89DB901238DF82530002611
:1089F0000A249DF8253001931023009306980295D0
:108A0000334622465946FFF718FC19B0BDE8F08FEF
:108A10000B8A0422043B0EA805F036FB824608B1FF
:108A20000423E2E70EA805F012FBA0F5205080B267
:108A3000012805D9102326468DF825301C46D8E795
:108A4000594606988DF82540FEF7E9FF3E680590E7
:108A5000318A3C603046FEF7A9FC324601211120E4
:108A6000FFF76DF9804620B911238DF825300624D3
:108A7000BFE7484A80F800A0176854465246C7B975
:108A8000002A72D04FF6FF7413AB0093059923466A
:108A90003046FFF784FA0628044602D111238DF8E8
:108AA0002530338A022B69D80A238DF82530052416
:108AB0009FE77B899D420DD8994566D30792DAB12D
:108AC000786805F0C4FAA0F5205080B20128079A12
:108AD00002D97C893F68D2E713AB009305992346FE
:108AE0003046FFF75CFA044630B106287D8924D170
:108AF00011238DF825307CE778680EA905F08CFAF3
:108B0000002839D10DF1250301930DF126030093BF
:108B100010220AAB39464FF6FF70FFF7BEFA044643
:108B200038B9BDF826200AA913A805F056FA04465C
:108B300028B17D89042C7FF45CAF002459E798F8B4
:108B40000030062B0DD0142B11D073B99DF84C308A
:108B5000102B0CBF0623142388F800307A891446A2
:108B6000B8E79DF84C30102BF8D0002499E79DF819
:108B70004C30102BF2D1F8E70022ABE7002C3FF489
:108B800038AFD7E700252E4633E7002A7FF47CAFC5
:108B9000EBE700BF94D300202DE9F043164687B0E1
:108BA0000746884600250DF11702022130468DF850
:108BB0001750FFF7E9F9044600283AD133681B68DB
:108BC000B3F8009004F0D3FA0546C8B10246214636
:108BD0001320FFF7B4F8B0B911238DF8173006242D
:108BE0009DF81730019312230093CDF808902B467F
:108BF000224641463846FFF720FB07B0BDE8F08328
:108C000035683460E8E730680221FEF7CFFB48465C
:108C1000FFF7AAFA014620B901238DF81730052481
:108C2000DEE70DF1170332463846FFF70DFA04462A
:108C3000D6E7A946D4E773B5144605460DF10702F9
:108C400002212046FFF7A0F980B9206803681E883A
:108C50000221FEF7ABFB3046FFF786FA014638B13A
:108C60000DF1070322462846FFF7EEF902B070BD6A
:108C70000520FBE710B50446206800B910BD036865
:108C80002360FFF7D3F9F7E72DE9F04F8BB01646D5
:108C9000079107464FF0000A0DF1270204213046E4
:108CA0008DF827A0FFF770F90446002840F099805E
:108CB00033681D68B5F800904846FFF755FA8046BE
:108CC00098B901238DF8273005249DF827300193AA
:108CD000162300930799CDF808904346224638465C
:108CE000FFF7ABFA0BB0BDE8F08F024621460DF15D
:108CF00027033846FFF7A7F80446002874D102F08E
:108D00003BFFB5F800B01FFA8BF30593B5F802A04E
:108D10001FFA8AF3069338463368049303F002FC83
:108D200080463248FEF7D9FD0546A0B909238DF8E3
:108D30002730062402F022FF0023D6F8008033609B
:108D4000002CC2D101214046FEF7B0FBD8F800301C
:108D500017221A70B9E70C2221460BF07CFA04F0B6
:108D600006FAA86020B92846FFF760F91123DEE76C
:108D7000049B04991B8AA5F804B0043BA5F806A03F
:108D80009BB20422FEF7BFFA044630B12846FFF733
:108D90004DF909238DF82730CCE7D8F844C00246B6
:108DA00063461BB19888059981420ED2AAB9C5F8CD
:108DB00000C0C8F84450FCF70DF800F5EA40303028
:108DC000C8F8480002F010FFB4E703D1D88806992C
:108DD0008842EBD81A461B68E3E713682B601560DE
:108DE000E9E7D146D04670E7D0466EE74CD0002088
:108DF0002DE9F04F89B01546059181460DF11A0213
:108E000001212846FFF7C0F80446002840F0928070
:108E1000D5F80080D8F80030B8F810101E78286017
:108E20004046FEF7C3FA424621461920FEF787FF67
:108E300080B102F0A1FE484603F074FB456C446427
:108E400002F09CFE002E3DD1264607A80795FFF7AD
:108E500011FF04E0112326468DF81A3006249DF8F0
:108E60001A3001931823009305990296434622462F
:108E70004846FFF7E2F909B0BDE8F08FF9881AB16A
:108E8000BE889088B04203D041B1BE8807230DE070
:108E90009068D288008A02448A42F7D1BA68128A5E
:108EA0000A44B2F5007F05DDBE880D238DF81A3027
:108EB0000924CAE73A463F68002FDFD12DB92B4677
:108EC0002E462AE02F462246F6E7AE88AA464FF005
:108ED000000BAA88B2420AD1BBF1000F25D1D5F808
:108EE00008B0AF602D685046FFF7A0F8DDB93046F6
:108EF000CDF81CB0FFF738F90DF11B03014607AAA6
:108F00004846FFF7A1F883460798FEF788F9BBF1BA
:108F1000000FD3D09DF81B402346002C8DF81A304B
:108F200018BF092491E7AA46D3E7A9685846FEF777
:108F300044FBD6E70026B04691E7F7B5154606464E
:108F4000002202212846FFF71FF80446A8B92B6823
:108F50001B681F889FB101A93046FEF766FF28688D
:108F60000221FEF723FA2A6823463946304600F0EC
:108F700019FF2C60204603B0F0BD0624FAE70A244E
:108F8000F8E7082070472DE9F043154687B0804682
:108F90008946002202212846FEF7F6FF044680BBE0
:108FA0002B681B681F8887B304F0E1F8064640B1C0
:108FB000024621461E20FEF7C2FE28B911230624D0
:108FC00012E02E682C60F9E705A94046FEF72DFF58
:108FD00028680221FEF7EAF901232A68394640464B
:108FE00000F0E0FE2C602346CDE901371D230093FD
:108FF0002246334649464046FFF71FF907B0BDE811
:10900000F08300231E461F46EEE73B463E460A24F9
:10901000EAE7000073B5134C134D20680AF0B4FF63
:1090200028880023236018B90025284602B070BDA7
:10903000142670430AF0A0FF0346206078B10B4A63
:10904000009229880A483246FEF718FC0028EBD027
:109050000B2520680AF098FF00232360E5E706252A
:10906000F7E700BF84D3002060D50020675B0200D3
:1090700068D3002007B50B4B00930B480B4B0C2219
:109080004021FEF7FBFB50B9094BC3E90003094B34
:10909000C3E90003084B188003B05DF804FB0B2004
:1090A000FAE700BF7E5B02004CD0002068D00020B1
:1090B00094D300208CD3002088D3002070B588B0D2
:1090C00001AE0C463146054603F042FA96E803002D
:1090D00004F10803606023F8021B090C1970DDF825
:1090E0000B30C4F80B30BDF80F30A4F80F309DF8EA
:1090F00011306374DDF81230C4F81230BDF8163048
:10910000E3829DF818302376DDF81930C4F8193061
:10911000BDF81D30A4F81D309DF81F30E377AB88F3
:109120002384AB8B6384EB8BA3842B8CE38495F833
:10913000223084F82930AB6D236095F82830DB436A
:1091400003F0010384F8283008B070BD1FB5002378
:109150008DF80C000093012203A942F20A0003F0EB
:1091600003FB05B05DF804FB0B4A116838B50C46EB
:1091700000230CB9204638BDA58A854202D023467B
:109180002468F6E723B90B68136002F02DFDF1E7C0
:1091900022681A60F9E700BFA8D3002010B40C467B
:1091A00011461CB123465DF8044B18470278042A87
:1091B00007D1D0E901120B6813604B6853608B68CC
:1091C000936000205DF8044B704770B50D4604466F
:1091D00002F0D2FC284603F08DF950B1D0E91756C1
:1091E00002F0CCFC324629462046BDE87040FFF72D
:1091F000D5BF02F0C3FC072070BD0000014610B1CE
:109200000148FEF791BB7047ACD3002038B5054B41
:109210001C68054604B938BDD4E900312846984792
:10922000A468F7E7E0D3002030B58FB034220021E6
:10923000044601A80BF00FF8092301A88DF80430AB
:109240000294FFF7E3FF02F097FC094A1388D2E982
:10925000024523F4875323F01F03138002F0C4FC5C
:1092600002F08CFC14B1294601A8A0470FB030BD14
:10927000E4D3002038B5104D2B78BBB16B78DB06FA
:1092800014D56C68FBF7A6FD201A002810DC00201E
:10929000FFF75CFF68B92B8823F4875323F01F0383
:1092A0002B8002F0A1FC0D20FFF7BEFF6FF0004005
:1092B00038BD6420FCE700BFE4D3002038B5094D79
:1092C00000202C78FFF742FF58B92B8823F48753EE
:1092D00023F01F032B8002F087FC013C18BF012400
:1092E000600038BDE4D3002038B505460C4602F0D6
:1092F00043FC284603F0FEF818B902F03FFC0720B3
:1093000038BD14B12146FFF7D9FE02F037FC00202A
:10931000F6E77047F0B50E46017891B0054659B1B1
:109320003C2906D1614B1B78012B02D10020FFF7AD
:109330007BFF002011B0F0BD408802F0EDFF002857
:10934000F7D02B79002B00F08480012B00F088806F
:10935000688803F083F8AB898383EB89C3832B8A06
:109360000384AB7C80F8223029790446002940F040
:1093700081804F4B9A68C265DA68026690F82820AF
:1093800042F0010280F828205A7CC2F34102827127
:109390001A886FF308021A805A7C61F3C3025A7468
:1093A00002F022FC6B79E3710622A91804F108008F
:1093B00001270AF09AFF05F11906062205F11301AB
:1093C000A77304F10F000AF090FF00230622314634
:1093D0000DF10D000393CDF80F300AF013FF0028B4
:1093E0005BD1E379BB420ED1637B03F0C003402B1A
:1093F00009D1D4F80730C4F81530B4F80B30A4F80C
:109400001930637BE37602F0B7FB3422002103A816
:109410000AF021FF204603F079F8002402F0AEFBA9
:109420006B88ADF8143003A88DF80C400494FFF756
:10943000EDFE698803A8FFF7C8FE6B88ADF8083019
:1094400000942346022202A942F2160003F08CF98E
:109450006FE7174B1B78022B3FF47AAF052069E7C3
:10946000002EFBD1114B1A78012AF7D15B781B072C
:10947000F4D56DE70D4A310102EB0616B368C365FA
:10948000F36803667378C3F301038371535A23F4BB
:10949000875323F01F03535282E767750622314634
:1094A00004F116000AF021FFADE700BFE4D300206D
:1094B000F4D3002038B5044602F05EFB608803F068
:1094C00019F8054628B163781BB9201DFDF741FB4B
:1094D0006862BDE8384002F051BB30B58FB0044639
:1094E0000D463422002101A80AF0B5FE05232146CD
:1094F00001A88DF80430ADF810400295FFF765FE25
:109500000FB030BD70B58EB04588044634220021BE
:1095100001A80AF0A0FE12238DF8043063780293AC
:1095200023798DF80E3001A863798DF80F30AEB233
:10953000ADF80C50FFF76AFE314601A8FFF745FE73
:109540000EB070BDF7B52A4D2B78C3B16B78DB0731
:1095500015D56C68FBF73EFC241A002C11DC2B7827
:10956000022B0CD1002300931A46194642F20E003A
:1095700003F0FAF800BB6B7860F300036B706FF0D8
:1095800000441C4F02F0F8FAFBF724FC3A6801464D
:109590006FF000454FF6FF7082B9D5B102F0EEFAD8
:1095A000AC42A8BF2C46FFF765FEA0421CDC03B00E
:1095B000BDE8F040FFF75EBE6624E2E713695B1A80
:1095C00023EAE373AB42B8BF908A1268B8BF1D4666
:1095D000E2E7FFF7C9FD064602F0D0FA002EDFD021
:1095E0003046FFF70BFECDE7204603B0F0BD00BFCD
:1095F000F4D30020A8D300202DE9F0438BB080469F
:109600000F4691461D4602F0E7FA002800F0C080A0
:1096100002F0B2FA002D00F09780B8F1030F00F2CB
:1096200093806B78022B00F28F805A4E3378002B98
:1096300040F0AA802B78012B00F08280022B76D09C
:10964000002B40F081802B7AD9077DD46FF0004346
:10965000994505D003A948460AF09BF8002873D124
:1096600073785B0700F19280404603F012FD0446D8
:10967000002856D1129BB360139BF3602A780490A4
:10968000111E18BF012108F0030343EAC1037178DA
:10969000CDF8130021F00B010B4373706988AB8880
:1096A00051EA030003D1002A50D1F023A021ADF8E4
:1096B0001810ADF81A30002A4BD0012A4FD004A957
:1096C000002F18BF3946062211F8013B8DF81C40C7
:1096D0000DF11F008DF81E308DF81D800AF005FE7B
:1096E000AB79002B08BF07238DF82530EB798DF877
:1096F0002630002300930F2206A942F2060003F051
:1097000033F8044668B901203070FFF71FFD0446A6
:1097100060B3338823F4875323F01F03338002F0B0
:1097200063FA02F02BFA20460BB0BDE8F0832B7AE7
:10973000DA0709D402F022FE002887D10624F0E7D8
:1097400017B13B78032BF5D90324EAE760233021D6
:10975000ADE76B78002B14BF02240324AFE72B7A0C
:1097600013F0010F0CBF04240124A8E76FF000439D
:109770009945D6D0039DFBF72DFB7378054443F044
:10978000100375607370CAE70224CAE71D24C8E796
:109790001E24C8E7E4D3002030B58BB005460C4644
:1097A00002F01AFAB8B115B91CB1032011E01F2C50
:1097B000FBDC224629460DF109000AF096FD002344
:1097C0000093202202A942F208008DF8084002F01E
:1097D000CBFF0BB030BD1E20FBE710B58AB00446AE
:1097E00002F0FAF970B11F230DF1070202A9204619
:1097F00002F075FD20B99DF8071002A8FFF7CCFF15
:109800000AB010BD1E20FBE7024B1878431E5842D9
:1098100058417047E4D30020002070470020704773
:109820001FB590F8283013F00203044614D1828843
:10983000ADF80C208DF80E100093032203A940F21E
:10984000064002F091FF28B994F8283043F0020353
:1098500084F8283004B010BD0220FBE738B5054677
:109860000C4602F0B9F978B102F086F9284602F008
:1098700041FE38B12146FFF7D3FF044602F07EF9DE
:10988000204638BD0724F9E71E24F9E730B58FB02C
:1098900004460D463422002101A80AF0DCFC032313
:1098A00001A88DF80430ADF80C400295FFF7AEFC2E
:1098B000214601A8FFF789FC0D2D03D11321204675
:1098C000FFF7CCFF0FB030BD2DE9F0418EB0342250
:1098D00004460D4601A800210AF0BDFC02F04CF937
:1098E000204602F007FE064620B902F047F90EB006
:1098F000BDE8F08103A9FFF7E1FBD6E9177802F094
:109900003DF902F039F92046FFF72EFC064602F039
:1099100035F936B120462946FFF7B8FF3046FFF744
:109920006DFC2946204604F06DF9204601F016FD35
:10993000204601F055F9204602F0E6FE204602F0EE
:10994000D5FC012301A88DF804300295FFF75EFCD9
:109950004246394601A8FFF721FCC8E770B5B0F8C8
:10996000016003788EB00446B5B24BB9C17809B135
:1099700001F5007128460EB0BDE87040FFF7A4BFA6
:109980003422002101A80AF066FC06238DF8043079
:109990002378ADF80C600BB103F5007301A80293B6
:1099A000FFF734FC294601A8FFF70FFC0EB070BD8D
:1099B0002DE9F04105468EB04FF6FF7402F0C0FC71
:1099C000A04203D02946FFF77FFFF7E7154B1B782E
:1099D000012B02D12846FFF727FC134C2378022BDA
:1099E0001DD102F0C9F823886FF30803D4E9027887
:1099F0002380637C002623F00803637402F0F4F8EC
:109A0000267402F0BBF857B13146342201A80AF09F
:109A100022FC8DF804600295414601A8B8470EB0BB
:109A2000BDE8F081E4D30020F4D3002070B590B0FD
:109A300004463422002103A80AF00DFC082200216C
:109A400001A80AF008FC02F097F86688304602F098
:109A500051FD18B16378E3B11A2B2AD0BDF8043058
:109A600023B93046FFF780FBFFF7C8FB02F086F80A
:109A7000BDF80430002B3BD001A9204A002330461A
:109A800004F044F8014610B13046FFF7FFFE10B075
:109A900070BD6279237943EA02238383E279A37953
:109AA00043EA0223C383237A627A43EA02230384CC
:109AB000D4E7134B1D68002DD0D0AB8AB34201D040
:109AC0002D68F8E790F82830DB07C7D4AB88ADF8ED
:109AD0000430EB88ADF806302B89ADF808306B897F
:109AE000ADF80A30FBF776F900F520402861B5E7BC
:109AF00061780029C8D001F50071C5E7059B010018
:109B0000A8D3002070B504460D4602F035F8204673
:109B1000FFF72AFB064602F031F84EB13046FFF758
:109B20006DFB2DB129462046BDE87040FFF7AEBE63
:109B300070BD2DE9F04134229AB0044600210DEBAE
:109B400002000AF088FB2279E37843EA0223ADF8A9
:109B50000C30A279637943EA0223ADF80E30227A01
:109B6000E37943EA0223ADF81030A27A637AB4F8BD
:109B7000014043EA02230025ADF81230059503AEFB
:109B800096E807000DF1180888E8070034222946F6
:109B90000DEB0200A7B20AF05EFB042339460DA8C4
:109BA0008DF83430CDE90E68ADF84040FFF70DFB7D
:109BB000ADF82440034690BBBDF81820ADF8262030
:109BC000BDF81A20ADF82820BDF81C20ADF82A20D9
:109BD000BDF81E20ADF82C20BDF82020ADF82E20B9
:109BE000BDF82220ADF8302000900E2209A942F2E3
:109BF000200002F0B9FD044670B101F0BDFF384607
:109C0000FFF7B2FA054601F0B9FF2846FFF7F6FA6A
:109C100021463846FFF73AFE1AB0BDE8F0818DF8CC
:109C2000260000952B46032209A942F2210002F0EA
:109C30009BFDF1E72DE9F0410B884A88934288B0FB
:109C400006460C4600F2A380052B40F2A080B2F538
:109C5000486F00F29C808B88B3F5FA7F80F0978084
:109C6000C988013313FB02F3B1EBA30F40F38F80DC
:109C700001F0B2FF002800F08C80082200210DEBDB
:109C800002000AF0E8FA01F077FF304602F032FCF9
:109C9000804630B901F072FF4546072401F0A4FF69
:109CA00064E03D4B1F68002F39D13C48FDF715FE9D
:109CB000054600283DD0182239460AF0CCFA206823
:109CC0006168AE822B1D03C3A0681860FBF782F8A1
:109CD000D8F8243000F520409A0728612DD5238834
:109CE000ADF812306388ADF81430A388ADF81630A3
:109CF000E388ADF818302389ADF81A306389ADF8E0
:109D00001C30002300930E2204A942F21300ADF888
:109D1000106002F029FD044601F030FFBEE7BB8A67
:109D2000B34201D03F68BEE701F028FF02240025BE
:109D3000B4E701F023FF0624B0E798F82830DB07EA
:109D4000CDD401F01BFF2388ADF808306388ADF84F
:109D50000A30A388ADF80C30E388ADF80E30104A15
:109D60003B4602A9304603F0D1FE044601F004FF51
:109D70004CB9094B1A682A601D6001F0FFFE2046AD
:109D800008B0BDE8F0812846FFF738FAF5E703246C
:109D9000F5E71E24F3E700BFA8D30020ACD30020D2
:109DA000059B0100F0B58FB004460F461646002112
:109DB000342201A81D460AF04EFA0C238DF8043017
:109DC0009DF81030ADF80E4065F3000301A88DF842
:109DD0001030ADF80C700296FFF718FA214601A872
:109DE000FFF7F3F90298FDF71AFA0FB0F0BDF0B5DE
:109DF0008FB00C46074616460021342201A81D46A6
:109E00000AF029FA0D238DF804309DF81030ADF8D2
:109E10000C4065F3000301A88DF810300297ADF8EF
:109E20000E60FFF7F3F9214601A8FFF7CEF90FB056
:109E3000F0BDF0B58FB005460F461646002134221E
:109E400001A81C460AF007FA9DF85020ADF808500A
:109E5000003A4FF00E038DF8043018BF0122231E84
:109E600018BF012343EA42039DF85420ADF80A705D
:109E7000003A18BF012243EA82039DF858208DF86A
:109E80000C60003A18BF012243EAC2039DF80D207E
:109E900022F00F02134301A88DF80D30FFF7B6F939
:109EA000294601A8FFF791F90FB0F0BD70B58EB04B
:109EB00004460E4615460021342201A80AF0CBF9CB
:109EC0000F2301A88DF80430ADF80840ADF80A6002
:109ED000ADF80C50FFF79AF9214601A8FFF775F984
:109EE0000EB070BD08B5FFF7E9F920B9024A537802
:109EF00043F00403537008BDE4D3002008B501F01B
:109F00003BFE054B5B785B0701D4FFF7EBFFBDE839
:109F1000084001F033BE00BFE4D30020F0B5224D6D
:109F200022488FB04FF0FF3109F04CFB082200218E
:109F300028460AF090F901F01FFE1D4A53785C078D
:109F400044BF23F0040353701A4BD2E902011A7C78
:109F50004FF0000448BFC5E90001012A03BF1C748B
:109F6000D3E902671446274618BF264601F006FECD
:109F7000092329688DF804301D23029319B16A68FA
:109F800001A8FFF70BF9094809F02EFB4CB1082393
:109F90008DF804303A461D23314601A80293FFF79D
:109FA000FDF80FB0F0BD00BF9CD30020A4D300206B
:109FB000E4D30020F4D3002010B50B4C22681346E4
:109FC0000BB9052010BD834207D09B68F8E7134604
:109FD00092688242FBD1996003E09A429968F6D177
:109FE00021600020EEE700BFE0D3002013B514226B
:109FF000002110480AF02FF9102200210E480AF023
:10A000002AF90E4809F0D3FA044680B90C4B1860BF
:10A010000C4B18600C4B00930C480D4B182201217F
:10A02000FDF72CFC18B101280CBF06240B24204698
:10A0300002B010BDF4D30020E4D30020A4D300204C
:10A04000A8D30020E0D300209A5B0200ACD300200C
:10A05000C8D3002043680A689B1A002B06DD4A68B3
:10A060009A4201DC002070474B60FBE701207047FB
:10A07000407B00F001007047034630B10E2808BF56
:10A08000002103480380418070470146F9E700BF83
:10A0900008D40020034610B5084641B1062907D16F
:10A0A0005A7B084C42F001025A7323680BB100201E
:10A0B00010BDFAF78FFE10F580600ABF0123206003
:10A0C0002360F4E70CD400202DE9F74F0024184F4B
:10A0D000C3E900438046894692461E4601F04CFD86
:10A0E0003D68A346A5B12A68019249462846C04763
:10A0F000019AC8B18CB93B681B683B6003B97F60AB
:10A100007368C5F800B0BAF1010F1D6075600CD11D
:10A1100003B0BDE8F04F01F031BD23681B68236038
:10A12000002BEDD17C60EBE72C461546DAE700BF4B
:10A1300010D40020028A018901230D20FFF757BEA9
:10A1400010B50548FDF7C9FB044618B13C220021B3
:10A150000AF081F8204610BD18D40020072938B530
:10A1600004460D460AD12846228A21890123FFF799
:10A170003EFE2089BDE8384001F00ABA018A008914
:10A1800001F032FA0028EED038BD000010B5064CC0
:10A19000236833B1FAF71EFE2368181A20EAE0702C
:10A1A00010BD6FF00040FBE70CD40020014610B159
:10A1B0000148FDF7B9BB704718D4002010B504461C
:10A1C000A9B9437BDB0704D4FAF704FE00F5F0409D
:10A1D000606001F0D1FC00232360074B5A681460D3
:10A1E0005C6001F0CBFCBDE8104001F0FDBCBDE8B7
:10A1F0001040FFF7DBBF00BF10D400207FB502ADD9
:10A20000ADF800008DF804100D480E4E2B460022CC
:10A210006946FFF759FF029C0CB904B070BD237B5F
:10A22000002256F82330072120469847029B1B68DE
:10A23000029303B903952046FFF7B8FFEBE700BF91
:10A2400037A90100C869020070B50446084665696F
:10A25000114655B12689FFF70FFF0022A369014679
:10A26000AC463046BDE87040604770BD00220D210D
:10A27000FFF7EABFB1F5857F08BF0E2189B2FFF76E
:10A28000E3BF000030B504460E4B228A186885B043
:10A2900003AB00930132618903904FF6FF7392B2D2
:10A2A0002089FDF7F8FC01462046FFF7F3FE05463E
:10A2B00020B181B200222046FFF7C6FF284605B034
:10A2C00030BD00BF086A020070B504460846A56AA2
:10A2D000114655B12689FFF7CFFE0022E36A0146F9
:10A2E000AC463046BDE87040604770BD00220D218D
:10A2F000FFF7EABFB1F5857F08BF0E21FFF7E4BF86
:10A300002DE9F04389B0044600F1100704AE314650
:10A31000384603F0CBFEA58CB4F80880B4F80A9058
:10A32000384603F0F9FE0135ADB24FF420532A460A
:10A33000CDE90160009349464FF6FF734046FDF7B3
:10A3400096FC01462046FFF7A5FE054620B10146D2
:10A3500000222046FFF7B8FF284609B0BDE8F08389
:10A3600070B504460846A569114655B12689FFF720
:10A3700083FE0022E3690146AC463046BDE87040EA
:10A38000604770BD00220D21FFF7EABF838A1BB929
:10A39000B1F5857F08BF0E21FFF7E2BF30B5044657
:10A3A000104BA28A5868618985B003902089AAB9A8
:10A3B000228A03AB01320093638A92B2FDF75BFC01
:10A3C00001462046FFF766FE054620B10146002201
:10A3D0002046FFF7C5FF284605B030BDFDF74FFC0E
:10A3E000EEE700BF086A020070B5044608466569DA
:10A3F000114655B12689FFF73FFE0022A3690146A9
:10A40000AC463046BDE87040604770BD00220D216B
:10A41000FFF7EABFB1F5857F08BF0E21FFF7E4BF64
:10A4200030B504460D4B228A986885B003AB009383
:10A430000132638A6189039092B22089FDF71BFC87
:10A4400001462046FFF726FE054620B101460022C0
:10A450002046FFF7C9FF284605B030BD086A020054
:10A4600070B504460846A56A114655B12689FFF71E
:10A4700003FE0022E36A0146AC463046BDE8704068
:10A48000604770BD00220D21FFF7EABFB1F5857F5F
:10A4900008BF0E21FFF7E4BF30B504460D4BA28C78
:10A4A000986885B003AB00930132E38C6189039017
:10A4B00092B22089FDF7DFFB01462046FFF7EAFD57
:10A4C000054620B1014600222046FFF7C9FF284675
:10A4D00005B030BD086A020073B504460846A56998
:10A4E00011464DB12689FFF7C7FDE3690093014688
:10A4F000228A00233046A84702B070BD00220D21F9
:10A50000FFF7EABFB1F5857F08BF0E21FFF7E4BF73
:10A51000428A4189013238B592B2838A0446008961
:10A52000FDF7A1FB01462046FFF7B4FD054620B12B
:10A53000014600222046FFF7CFFF284638BD70B500
:10A54000044608466569114655B12689FFF794FD12
:10A550000022A3690146AC463046BDE87040604722
:10A5600070BD00220D21FFF7EABFFFF7E8BF70B50D
:10A5700004460846A56A114655B12689FFF77CFDB9
:10A580000022E36A0146AC463046BDE870406047B1
:10A5900070BD00220D21FFF7EABFFFF7E8BF70B5DD
:10A5A000044608466569114655B12689FFF764FDE2
:10A5B0000022A3690146AC463046BDE870406047C2
:10A5C00070BD00220D21FFF7EABFFFF7E8BF38B5E5
:10A5D0000446438A61890089228A73B9FDF74FFBDB
:10A5E00001462046FFF756FD054620B101460022F0
:10A5F0002046FFF7D4FF284638BDFDF744FBEFE7C0
:10A600002DE9F04782B090F8203091466A46A2EBDF
:10A61000C30302AF9D46836A0446884602AD0BB36E
:10A6200008220021284609F016FE002694F8202072
:10A6300004F10E03A91C3046964216DB49464046FB
:10A64000A66AB4F808A0FFF717FDE36A0093014675
:10A65000134650462A46B0470435002694F8203069
:10A660009E420ADBBD46BDE8F08733F802CF25F8ED
:10A6700036C021F836000136DEE755F8360008B15D
:10A68000FCF7CDFD0136E9E7FFF7BABFF7B590F863
:10A69000216004460B4626B103B0BDE8F040FFF749
:10A6A000AFBFCDE90066466A4EB10789114618462C
:10A6B000FFF7E2FC6A460146E36A3846B04703B05A
:10A6C000F0BD00220D21FFF7E1BFFFF7DFBF0A88D1
:10A6D00003899A420BD14A8843899A4207D10B7960
:10A6E000027B9A4205D0FF3B5842584170470020F8
:10A6F00070470120704773B504460846656B1146E4
:10A700005DB12689FFF7B8FCA36B0093014694F86E
:10A71000303004F110023046A84702B070BD2DE978
:10A72000F743064690F8317096F830300089718909
:10A73000BB4216D80122FDF7B8FA05460024204690
:10A74000FCF76DFD29463046FFF7A4FC044620B116
:10A75000014600223046FFF7CEFF204603B0BDE899
:10A76000F083FDF75CF9441FA4B2F4B106F11008C0
:10A7700008EBC7056B686A881B8A9B1AA342A8BFAF
:10A780002346738602F0F6FC044680B1738E6A8815
:10A790006968FCF7B8FD50B96B8838F83720009429
:10A7A00071893089FDF77DFAC7E70725C7E70625D8
:10A7B000C5E710B50446FFF79EFF94F8312094F8E2
:10A7C00030309A4206D2618920890022BDE81040CB
:10A7D000FDF76BBA10BD00220D21FFF78CBF70B5DD
:10A7E00004460846E56911465DB12689FFF744FC39
:10A7F00004F11002236A0146AC463046BDE87040C1
:10A80000604770BDF7B5418904460089FDF707F937
:10A81000431F002B33DD6269108A628A801A9842D6
:10A82000A8BF1846002817DC618920890122FDF79E
:10A830003CFA054600263046FCF7F1FC2946204646
:10A84000FFF728FC054620B1014600222046FFF70D
:10A85000C6FF284603B0F0BD208302F08BFC0646FD
:10A8600078B1238B628A6169FCF74DFD48B9009687
:10A87000638A228A61892089FDF713FAD9E70725BF
:10A88000D8E70625D7E7438A70B504460D46164635
:10A8900043B14269128A9A4204D94189008900224F
:10A8A000FDF703FA324629462046BDE87040FFF71F
:10A8B00096BF00220D21FFF792BF43692DE9F341B6
:10A8C00004460D4616469BB108220021684609F051
:10A8D000C2FC238AB4F80880ADF80030314628461F
:10A8E0006769FFF7C9FB6A460146A3694046B84756
:10A8F00002B0BDE8F081FFF7E0BF00220D21FFF7B5
:10A90000DCBF70B504460846256911461A464DB1AC
:10A910002689FFF7B1FB63690146AC463046BDE8C6
:10A920007040604770BD0023FFF7EBBF00231A465D
:10A930000D21FFF7E6BF0A8803899A4207D10B79F8
:10A94000027B9A4205D0FF3B584258417047002095
:10A950007047012070470000F0B585B0FAF73AFA69
:10A960006FF00043029003930022224800926B464E
:10A9700002A9CDF804D0204FFFF7A6FB039D6E4639
:10A98000009CA4B9FFF702FC60B91C4B1C4E186078
:10A990000246014602AB1B48FFF796FB029CCCB96E
:10A9A000FFF7F4FBA842A8BF284605B0F0BD237B03
:10A9B00057F823300BB12046984720891321FEF722
:10A9C0004DFF009B1B68009303B901962046FFF7DB
:10A9D000EDFBD5E7237B56F82320637B23F00103AF
:10A9E00063732046904701462046FFF7E7FB246843
:10A9F000D5E700BF55A00100486902000CD4002033
:10AA00008869020071A00100F7B507460E4614469A
:10AA100062B902F0AFFB0446D8B1002203460092AF
:10AA200031464FF6FF70FDF7D1FBA0B92246314603
:10AA30003846FDF73EF900240546002332463946E4
:10AA40002846FFF7D4F92046FCF7E9FB284603B077
:10AA5000F0BD0625F1E70925EFE70022FFF7D4BF97
:10AA60000F21FFF7CBBB2DE9F34180460F4614467B
:10AA7000FFF766FB064640B30F2303730423A0F8D9
:10AA800008804381078264B902F074FB0446E0B198
:10AA900000220346009239464FF6FF70FDF796FB01
:10AAA00028BB718923463A464046FDF722F9054600
:10AAB00048B901F061F8404601F01CFD08B1A0F86A
:10AAC000547001F05BF8002400E0062501233A46AB
:10AAD00041462846FFF78BF929463046FFF76EFBC3
:10AAE0002046FCF79CFB284602B0BDE8F081092512
:10AAF000ECE70022FFF7B7BF7FB51D46FF23ADF897
:10AB000000008DF80430ADF802100D48164602AB77
:10AB100001226946FFF7D8FA029C7CB1227B094BDF
:10AB200053F8223023B1324605F58071204698470C
:10AB3000204604B0BDE87040FFF738BB04B070BDDC
:10AB4000CFA60100C8690200F0B585B01E460423F7
:10AB5000ADF80000ADF802300C481546002702ABF6
:10AB6000012269468DF80470FFF7AEFA029C5CB1D1
:10AB7000204633463A462946FFF7C3FE204605B035
:10AB8000BDE8F040FFF712BB05B0F0BDCFA6010055
:10AB90001FB50F23ADF800008DF80430ADF802109A
:10ABA0000E4802AB01226946FFF78EFA029C9CB167
:10ABB000218A208900F018FD40B90E20228A2189BF
:10ABC0000123FFF714F9208900F0E2FC204604B0CD
:10ABD000BDE81040FFF7EABA04B010BDCFA60100EF
:10ABE000FF21FFF70BBB000007B5074B074800220A
:10ABF000C3E90023064B00933C22064B0421FCF7DB
:10AC00003DFE03B05DF804FB10D4002018D40020F2
:10AC1000A95B020034D4002010B5084A0849128804
:10AC2000096803460020824202DC4FF0FF3010BD6D
:10AC300051F830409C42FAD00130F4E74CD5002066
:10AC400050D5002010B5074A126803460020824202
:10AC500002DC4FF0FF3010BD33F820408C42FAD0B8
:10AC60000130F4E724D50020024691F902008B78E8
:10AC7000002810B50FDA13F001040AD113F0020016
:10AC800006D0B2F8542042B91D2003F07F038B7028
:10AC900010BD1B20F9E70020FAE72046F8E738B599
:10ACA000DDE9043460681D6803F036FA81B2284695
:10ACB000FCF7A1FC014620B1606803F0F7F9002021
:10ACC00038BD1120FCE770B5DDE90465042130686A
:10ACD000FCF791FC044608B9112070BDA988FBF768
:10ACE0001BFFA01CE988FBF717FF2B68586803F0CF
:10ACF000AEF9044608B90020EFE730680221FCF7FE
:10AD00007AFC0028E8D02146FBF706FFF3E72DE99F
:10AD1000F84F1C461B780A9FDDF830B0054689467F
:10AD20001646032B3BD8DFE803F002300230F6B9B9
:10AD300038686060B046B0F810A05B4628462246EE
:10AD40000B9D4946A8470546C8B961680B8AA3EB25
:10AD50000A039B1B12D4B8F1000F13D038689BB2C2
:10AD60003246FCF7D0FA6068FCF759FA0AE002F0C4
:10AD700001FA6060A8B14FF00108DCE70725B8F1DF
:10AD8000000FF0D12846BDE8F88F3B680B9D63604B
:10AD900022465B46A84763683B600546F2E70E25FE
:10ADA000F0E71125EEE730B589B01D46023A0D9B5C
:10ADB0000793544254419A6802925B6801930C9B3A
:10ADC00000932A4605AB8DF81440FFF7A0FF09B0A9
:10ADD00030BD10B588B01446022C1A460B9B079361
:10ADE0000CBF032402248DF81440DC6802949B6895
:10ADF00001930A9B009305ABFFF789FF08B010BDD4
:10AE000008B5FEF701FD08B1002008BDFEF704FDFE
:10AE10000028F9D1FEF702FD0028F5D101F092FBE0
:10AE2000B0FA80F04009F0E738B5064C00252068FC
:10AE300009F0AAF82560044C206809F0A5F82560FF
:10AE400038BD00BF48D5002050D500202DE9F04185
:10AE50000C4FDFF83480054600243B88A34203DC16
:10AE600000263046BDE8F081D8F8003003EBC40678
:10AE700053F834302846596803F0CEF80028F0D053
:10AE80000134EAE74CD5002050D5002030B585B01C
:10AE90009DF8204083EA0405AD070CD004F00205BC
:10AEA000029504F0010403F002050195009403F0FB
:10AEB0000103FEF7BEFF05B030BD70B5DDE90465E6
:10AEC0000C4630680321FCF796FB08B9112070BDD1
:10AED0002A8A02F00103910748BF43F00203510799
:10AEE00048BF43F00403110748BF43F00803D106ED
:10AEF00048BF43F01003910648BF43F020035106BA
:10AF000048BF43F0400312F4C07F18BF43F08003F2
:10AF1000611C00F8013B89B2FBF7FEFD286834682C
:10AF200003F0FAF881B22046FCF765FB01460028E1
:10AF3000CCD0286803F0BAF80020C8E703469B0687
:10AF4000C0F3001048BF40F0020070472DE9F04701
:10AF500080468AB00D46144600F00EFE404601F0D1
:10AF6000C9FA064628B900F009FE0E200AB0BDE86D
:10AF7000F087129B6F1EBFB2D3F800A0BD424FF006
:10AF80000003ADF82030EED3C56C39462846FFF7F4
:10AF900059FE421CE7D015EB8005E4D0022C95F851
:10AFA000029008D002215046FCF725FB90BB00F030
:10AFB000E5FD1120DAE7BAF81010022952D1504607
:10AFC000FCF745FB0068FBF7C2FDEA7830EA020AAD
:10AFD00044D1AA78824222D0C4B2AC7096F85830DC
:10AFE0005B0720D400F0CAFD404600944B46012286
:10AFF0003946FFF74BFFBDF820000028B6D0BDF85A
:10B0000022309BBB03A806A902F0A2FF03A802F00E
:10B010009BFFABE7A97801F00301FBF77DFD00F092
:10B02000ADFD4C46E0E7B6F80B20737BD6F8070081
:10B030008DF81E30ADF81C200690F07902F00DF965
:10B04000ADF82070AB78ADF822309DF824308DF843
:10B0500018006AF300038DF82430C3E700F08EFD7A
:10B06000062083E700F08AFD0D207FE706A802F0A6
:10B0700067FF7BE72DE9F04FA84B0F46B3F800C000
:10B08000A749A84B0D881B6899B04FF0000804929F
:10B0900003EBC503C6464FF6FF790278064608EB78
:10B0A00005043AB90C800392039B4345C0F22D81FD
:10B0B000002085E0A44500F1100003F1080340F3EF
:10B0C000918043F8086C23F804EC23F8029C08F103
:10B0D0000108E2E7934B1E6806EBCA0305939B88C1
:10B0E000002B48D156F83A50AC6824B1043C54F8CF
:10B0F000040F002836D12878431E012B45D86B68F1
:10B10000002B42D0884C894E894B0093022818BFEF
:10B11000264601950DF11A03002201213046FCF765
:10B12000EBFF00284AD157B101238DF82430049950
:10B13000BDF81A30ADF8283009A80B95B847AB68B0
:10B140002BBBEC681CB123681834002B3BD1059A4B
:10B15000BDF81A309380FDF701F8059B09F101094C
:10B16000D88008E0FFF758FD431C04D006EBC00070
:10B170008388002BBBD10AF1010A694B1B889A45D1
:10B18000A8DBB9F1000F40F0C480032018E0694E3D
:10B190000024AB6818590028D3D0FFF73DFD614B60
:10B1A0001B6803EBC003CDE90063634813AB0022C7
:10B1B0000121FCF7A1FF04340028EAD00128DAD0ED
:10B1C00019B0BDE8F08F54F8143C002BDDD034F8F2
:10B1D000080CFFF7B3FE50B1584B594A1B68128850
:10B1E0009A4201DA0620EBE7544A01331360554BCB
:10B1F0000093A4F1180B5448CDF804B007AB00221B
:10B200000121FCF779FF0028D8D134F8083CC3F3BA
:10B21000400113F00C0F18BF41F00201980548BF20
:10B2200041F004015A0548BF41F008011E0548BF1E
:10B2300041F01001D80448BF41F020019A0448BFF2
:10B2400041F040015B04414B14F8062C0093CDF80B
:10B2500004B048BF41F0800154F8180C0DF11E03F2
:10B26000FCF74AFF0028A9D154F8043C13B1BDF8FB
:10B270001E201A807FB102238DF83830BDF81C30B3
:10B28000ADF83C300499BDF81E30ADF83E300EA844
:10B29000CDE910B5B84734F8080CFFF74FFE50B1B0
:10B2A0002B4B009300222B48019208AB0321FCF7A3
:10B2B00023FF002882D154F80C6C002E3FF443AFDA
:10B2C000306800283FF43FAFB368002B3FF45DAF18
:10B2D000214B72793179009301960DF12203FCF72D
:10B2E0000BFF00287FF46AAF6FB14FF003038DF8B6
:10B2F0004C300499BDF82230ADF8503013A8CDE998
:10B3000016B51596B8471036DAE74FF00009CA4669
:10B3100033E7039B4B440393C6E600BF5ED5002092
:10B320004CD5002050D50020A42B0020A02B0020BD
:10B330009FAC0100C7AC01009C2B002024D500204D
:10B340005CD50020BBAE0100982B0020A7AD01000A
:10B350004DAF0100942B0020D3AD01002DE9F74340
:10B36000054600F009FC284601F0C4F820B903B0F6
:10B37000BDE8F04300F002BCD0E913780024C0E936
:10B38000134400F0FBFB2846FFF76AFBC7B13E46BB
:10B39000A146444506F1040606DB0B48394603B0D6
:10B3A000BDE8F043FCF7C0BA16F8023C36F8041CBE
:10B3B000CDF8009002222846FFF768FD0134E8E747
:10B3C00003B0BDE8F08300BF2CD500202DE9FF4776
:10B3D0004A4B4B4F1868039000F0CEFBFFF710FD6F
:10B3E000DFF83C81002800F08280FFF71DFDFDF7AB
:10B3F00011FE064600287CD1DFF82891B9F800003C
:10B40000002844D13F4B188830B1C00008F0B4FD8B
:10B410003D4B1860002841D03C4BDFF80CA10025C3
:10B420001D80D8F800303868AB4243DC08F0ACFD32
:10B4300000233B60C8F80030354B1A680AB3354B1F
:10B44000B9F800100093344B91FBF2F11B683348BC
:10B45000920089B2FCF712FA044600284BD12F481B
:10B46000DFF8C890FCF739FAC9F80000B0B12546FA
:10B47000274628464FF6FF7203A9FCF781FE0546D2
:10B4800018BB00F07BFB304604B0BDE8F0878000BD
:10B4900008F072FD204B18600028B3D10624FFF796
:10B4A000C3FC386808F070FD00233B60C8F800302A
:10B4B0002646E6E7DAE9001250F82500FFF7DAFD44
:10B4C00004460028EBD10135ABE72B69188AFFF75A
:10B4D00035FD0028CDD0D9F800106B8901EB84022E
:10B4E000013321F82430D07097700134C1E70F2464
:10B4F000D5E70446D3E70B24D1E700BF146A020066
:10B5000058D500205ED5002050D500204CD5002015
:10B5100024D50020BD5B020048D500202CD500209A
:10B5200054D500205CD50020A82B002028D5002071
:10B53000054B1B682BB1054BD888003818BF01207C
:10B5400070470120704700BF24D500202CD5002073
:10B5500038B50C4D2B68002B04460EDD0A48FCF76D
:10B56000BCF9206060B1094B2A681968920008F0A4
:10B57000BCFE2B686360002038BD00230360F9E740
:10B580000620F9E724D500202CD5002028D500205E
:10B59000F8B5044600F0F0FA204600F0ABFF28B101
:10B5A000066D00239E4205DC002510E000F0E6FA5F
:10B5B0000720F8BDC56C05EB830292F90270917803
:10B5C000002F0DDA35F8235001F07F03937000F05F
:10B5D000D5FA3DB129462046BDE8F840FFF789BAC3
:10B5E0000133DFE70520E4E72DE9FF41284B1C6824
:10B5F00006462046FFF726FB471C0D4612D004EBFB
:10B6000080044FEA8008E37899070BD500F0B4FA7C
:10B61000304600F06FFFB0F85470AF42034605D0DB
:10B6200000F0ACFA052004B0BDE8F08190F8582095
:10B6300000265207A0F8546026D5C46C444494F9FF
:10B640000220B24220DBB3F80B105A7BD0F807007F
:10B65000ADF804108DF806200090D87901F0FDFDBA
:10B66000ADF80870A378ADF80A309DF80C308DF86D
:10B67000000066F300038DF80C3000F07FFA684696
:10B6800002F05EFC0020CEE700F078FAFAE700BF97
:10B6900028D50020F0B5274B014689B0054618682B
:10B6A000FFF7D0FA411C044642D000F065FA0026AC
:10B6B000A4003746304600F037FF40B1C36C234446
:10B6C00001369A7862F07F029A700127F2E700F063
:10B6D00055FA0FB100F0ACFA00230193ADF80C500D
:10B6E000CDF8073004A901A88DF80E3002F023FC34
:10B6F000F0B900F041FA01A800F082FF68B900F04B
:10B700003DFA9DF81C30DA070DD443F0010304A87C
:10B710008DF81C3002F014FC05E0BDF81A309B07D0
:10B72000EDD400F02BFA9DF80E300133DBB2D9E7EF
:10B7300009B0F0BD28D5002070B5064615460C4668
:10B74000A9B100F019FA304600F0D4FE68B1012D1D
:10B750002A4600F1560128BF0122204608F0C5FD07
:10B76000002400F00BFA204670BD0724F9E70324FB
:10B77000F9E773B5002406468DF804400D4669B319
:10B780000846FBF756FD012828BF012082B201AB15
:10B7900021462846FBF7DEFDA04221DB9DF8043060
:10B7A00003F007038DF8043000F0E6F9304600F0AE
:10B7B000A1FE78B190F856309DF8042093430BD148
:10B7C000012201A9563008F090FD00F0D7F920467B
:10B7D00002B070BD0E24F8E71324F6E71124F6E753
:10B7E0000E24F4E72DE9F84FDFF87490DFF874A029
:10B7F0000026D9F80030B34201DCBDE8F88FDAF852
:10B80000000030F826804146FFF71CFA431C1AD08E
:10B810008400002700F0B0F9384600F085FE0546A8
:10B8200078B1C16C2144FFF71FFA8346AD8800F060
:10B83000A5F9BBF11B0F08D0BBF11D0F0AD00137D2
:10B84000E8E700F09BF90136D3E741462846FFF7C9
:10B8500004F9F4E741462846FFF74BF9EFE700BF4C
:10B8600024D5002028D5002010B50C46FFF7EEFAAD
:10B8700028B10CB9002010BD83882380FAE7052089
:10B88000F9E7000070B5054600F076F9FFF7B8FA61
:10B8900098B10C4C0C4E216830680131890008F0D9
:10B8A00029FC60B12368306040F8235001332360E5
:10B8B000002400F063F9204670BD0F24F9E7062448
:10B8C000F7E700BF54D5002058D500200023F0B57D
:10B8D00001461D461C46087868B9214A11880C4467
:10B8E0001480204A11880B4413801F4A138803EBED
:10B8F0004503138033E0013801282FD84A686AB322
:10B900008A6801339BB242B1043A184652F8046F78
:10B910000346013080B2002EF8D1CA680AB110681F
:10B9200018B90134A4B21031D5E75068B0B1108A0B
:10B9300000F0300040B90233D0689BB210B1066805
:10B9400007462EB91832EAE70135ADB20333F3E703
:10B95000BE6801339BB21030002EF0D10320F0BD41
:10B960005ED5002060D500205CD50020024B002071
:10B970001860024B1860704724D5002028D500209D
:10B9800037B5044600F13C05E06BA0B14368E363C2
:10B9900003B925641038019001A9204600F0A4FFE6
:10B9A0000128F1D1019BE26B5A6112B903F1140233
:10B9B00022641033E36303B030BD0000024B03493F
:10B9C000186807F06BBD00BF7CD50020A0D5002013
:10B9D00010B5846801460448FBF7A6FF2046BDE881
:10B9E000104001F01FBA00BFB4D60020FFF7FABE26
:10B9F00007B50C4B1B78022B01460CD04FF0FF33E0
:10BA00000948009300231A4603210068FAF704FD51
:10BA100003B05DF804FB044803B05DF804EB07F0E5
:10BA200067BE00BF9CD5002080D5002070B50546BC
:10BA3000F9F7D0F9094E04463068FAF74DFD0128B0
:10BA400004D02846BDE87040FFF7D2BF3068FAF74F
:10BA500037FD2C44241A002CF3DB70BD80D5002068
:10BA60006FF00043984201D0FFF7E0BF704700003D
:10BA700070B50C4D01232B7001F006FDB0FA80F378
:10BA80005B0904465B0066202B70FFF7CFFF3CB9D3
:10BA900001F0E6FB044B1B6913B1BDE87040184789
:10BAA00070BD00BF9DD50020A82B00200E4B0022AA
:10BAB00010B51A700D4801F0EBFB88B90C4C2068EA
:10BAC000FDF776FF01F018FB0A4BDB6813B1206825
:10BAD00000B1984700232360BDE81040FFF7C8BFBE
:10BAE000FBF79DFBE6E700BF9DD5002068D5002051
:10BAF00098D50020A82B002008B50E4B1B789BB1D1
:10BB0000022B15D1FEF728FFFFF7AAFF02F092F8EB
:10BB1000FFF7A6FF00F0A4FDFFF7A2FFFDF712FD5F
:10BB2000BDE80840FFF79CBFBDE80840FFF7BEBF77
:10BB300008BD00BF9DD50020FFF7B8BF08B5F9F7D5
:10BB40001DFC012806D0F9F713FC034B1B681B1AD8
:10BB50005842584108BD00BF94D5002002484FF01C
:10BB6000FF3107F02FBD00BF64D50020014807F06A
:10BB70003BBD00BF64D50020FFF7F0BFFFF7F6BF65
:10BB800008B5044801F084FB00B908BD01F066F96E
:10BB9000F7E700BF68D50020FFF7F2BF10B5FFF749
:10BBA000DDFF00F0CFFC30B190F828305B070AD5FC
:10BBB000FFF7E6FE18B900F0C5FC04462CB9BDE855
:10BBC0001040FFF7D3BF0068EDE72046FFF7D8FE2F
:10BBD0000028F4D12468F1E7024B1878831E5842FC
:10BBE000584170479CD500200020FFF701BF00009E
:10BBF00038B505460B48FBF770FE044620B92846C9
:10BC0000BDE8384002F0BABA00210C2208F023FB4C
:10BC1000054BC4E90135054B21461868BDE838409D
:10BC200007F03CBCB4D60020D1B901007CD500207F
:10BC3000024B0349186807F031BC00BF7CD50020D7
:10BC4000C4D50020034B04491860044B186807F062
:10BC500025BC00BF98D50020B8D500207CD5002099
:10BC600000F5C060FFF7EEBF10B5FFF777FF154B8B
:10BC70001C78012C21D0022C04D03CB1FFF776FFB8
:10BC8000112401E0FFF772FF204610BD02221A7056
:10BC9000FFF76CFFF9F76CFB0B4B0C4918600C4A73
:10BCA00009680C48234607F001FDFFF78FFB0446A7
:10BCB0000028E9D1FFF7DCFEE6E7FFF757FF0F2486
:10BCC000E2E700BF9CD5002094D500207CD5002061
:10BCD000F9BA010080D50020FFF7C6BF02F0A6BD6B
:10BCE00013B52B4B00930C222A4B2B481321FBF747
:10BCF000C5FD2A4B2A4800241C602A4B21460C22F1
:10BD00001C7008F0A8FA284B254A2848C2E90134DB
:10BD100021460C2208F09FFA254B244A2548C2E907
:10BD2000013421460C2208F096FA234B214A23487D
:10BD30002146C2E901340C2208F08DFA204B1F4A3B
:10BD4000C2E9013400F06CFE00F0C4FC01F0BCFD5F
:10BD5000FEF74CF9FBF738FFFDF78CF9FEF744FFCF
:10BD6000FFF704FE01F09CFC16491748224601F03B
:10BD70007FFA164807F01BFCFBF780F9144B18609C
:10BD8000FBF77CF90B4902B0BDE8104007F086BB19
:10BD9000D45B0200D0D50020B4D6002098D5002076
:10BDA000C4D500209CD50020EDB90100B8D50020F5
:10BDB00039BB0100ACD50020BDB90100A0D50020E1
:10BDC000D9BC010099BB010068D5002064D50020D2
:10BDD0007CD50020002100F061BD000010B50446B4
:10BDE00000F093FC054B06481968224601F065FAFD
:10BDF00018B12046FBF713FA0B2010BD7CD50020AC
:10BE000068D50020FFF76CBF73B5DDE906548DF8E7
:10BE100007008CB101318DF8061001220DF10601E9
:10BE20002046FBF70FFA28B901220DF10701204641
:10BE3000FBF708FA02B070BD2E78B01C084490429F
:10BE40000BDC013199552A7813449DF807205A706C
:10BE50002B7802332B702046ECE70420EAE72DE92B
:10BE6000F3470A9EDDF830A0CFB2CDE9006A0C4658
:10BE7000904639469DF82C209946FFF7C5FF0546A8
:10BE800098B9BAF1000F07D0A2B24146504602B0AD
:10BE9000BDE8F047FBF7D6B9307822464146484422
:10BEA00008F023FA33781F443770284602B0BDE803
:10BEB000F0872DE9F04F89B01F4600238DF81B3025
:10BEC0000378129D049204460E46002B71D1D4F8DB
:10BED0000480B8F1000F7FD1D4F80C80B8F1000FC6
:10BEE00040F0AF80D4F81480B8F1000F40F0E1804A
:10BEF000E269002A40F0138194F82330D90700F159
:10BF00002581626A002A40F04281226E002A40F0B8
:10BF10004D81A26A002A40F05C81226B002A40F029
:10BF20006B8194F83830DA070ED50DF11B030093BE
:10BF3000CDE90175334604F1360202211920FFF7DD
:10BF40008EFF0346002843D194F83C30DB071AD516
:10BF50000DF11B030093019533463A4602211A2046
:10BF6000FFF752FF0346002832D1618F002D40F0C9
:10BF700059819DF81B8006EB080008F10208FAF7CA
:10BF8000CBFD8DF81B80226C002A40F05781A26CFB
:10BF9000002A40F06681226D002A40F07581A26D72
:10BFA000002A40F08481049B002B40F09381002301
:10BFB0000EE00DF11B0300930B4601210246CDE973
:10BFC00001750846FFF74BFF034600283FF47FAF9B
:10BFD000184609B0BDE8F08F94F80890B9F1000F49
:10BFE0003FF47AAF607A01950DF11B034FEA4901E6
:10BFF00000F0010000933A46334601F0FE010230A2
:10C00000FFF702FF03460028E2D182466DB12946C0
:10C01000404602F071F803460028D9D10AF1010A1E
:10C02000D14508F10408F1DC56E79DF81BB0404605
:10C0300006EB0B010BF1020B02F038F88DF81BB088
:10C04000ECE794F81090B9F1000F3FF44BAF607C2F
:10C0500001950DF11B034FEA890100F001000093E7
:10C060003A46334601F0FC010430FFF7CDFE0346AB
:10C070000028ADD108F1040858F8331005934DB1EC
:10C080000791042207A92846FBF7DCF8059B60B15D
:10C0900003469DE79DF81BB006EB0B00FAF740FD49
:10C0A0000BF1040B059B8DF81BB001339945E3DCC4
:10C0B00018E794F818B0BBF1000F3FF419AF607E99
:10C0C00001950DF11B034FEA0B1900F001000093DD
:10C0D0003A46334609F0F0010630FFF795FE034675
:10C0E00000287FF475AFD944C14465B12946404664
:10C0F00002F002F8034600287FF46AAF08F1110845
:10C10000C845F2D1F4E69DF81BB0404606EB0B01A2
:10C110000BF1100B01F0CAFF8DF81BB0EEE794F89D
:10C12000201000293FF4E8AE94F821000DF11B0324
:10C1300000F001000093CDE9017533460830FFF7A8
:10C140008EFE034600283FF4D7AE41E794F9223033
:10C1500013F1800F18D10DF11A0000F0D1FE034643
:10C1600000287FF435AF0DF11B030093CDE9017575
:10C1700033460DF11A0201210A20FFF770FE034633
:10C1800000283FF4BEAE23E78DF81A30EBE70DF13F
:10C190001B030093CDE90175334604211220FFF7FC
:10C1A0005EFE034600283FF4B0AE11E794F8641039
:10C1B00000293FF4AEAE0DF11B030093CDE90175EC
:10C1C00033463020FFF74BFE034600283FF4A1AE74
:10C1D000FEE694F82C1000293FF49FAE0DF11B03EE
:10C1E0000093CDE9017533461620FFF738FE03466C
:10C1F00000283FF492AEEBE694F8341000293FF4A7
:10C2000090AE0DF11B0301EB41010093CDE90175E7
:10C21000334649001720FFF722FE034600283FF46B
:10C2200080AED5E6ADF81C10022207A92846FBF720
:10C2300009F8034600283FF4A6AEC9E694F8441076
:10C2400000293FF4A4AE0DF11B030093CDE9017565
:10C2500033462020FFF703FE034600283FF497AE45
:10C26000B6E694F84C1000293FF495AE0DF11B038F
:10C270000093CDE9017533462120FFF7F0FD034619
:10C2800000283FF488AEA3E694F8541000293FF448
:10C2900086AE0DF11B030093CDE9017533462420D2
:10C2A000FFF7DDFD034600283FF479AE90E694F8F1
:10C2B0005C1001297FF677AE0DF11B030093CDE9E9
:10C2C00001753346FF20FFF7CAFD034600283FF4FF
:10C2D0006AAE7DE6049A9DF81B30137067E613B5CD
:10C2E00000240094FFF7E5FD02B010BD10B5044630
:10C2F000FFF742FC204600F0FDF8044618B9FFF7AE
:10C300003DFC072010BD00F0E9F8204600F084F85D
:10C31000FFF734FC0020F5E738B505460C46FFF77B
:10C320002BFC284600F0E6F840B114B190F8283014
:10C3300023700024FFF722FC204638BD0724F9E7CC
:10C3400010B5FFF719FC00F0FDF820B18488FFF765
:10C3500015FC204610BD4FF6FF74F8E710B40378C3
:10C360000A780446981A06D1601C06225DF8044B30
:10C37000013107F047BF5DF8044B704708B5074B24
:10C38000D88840B1064BDB88022B05D9FFF7D0F8DF
:10C39000003818BF012008BD0020FCE740D700206E
:10C3A0006CD90020C06A00B9704703898B4203D062
:10C3B00001D80068F7E70020704770B5C46A002212
:10C3C000234623B11E890D89AE420CD004D932B95F
:10C3D0000C60C162002070BD1A461B68F1E713684B
:10C3E0000B601160F6E70220F5E7036B0A688B42E9
:10C3F00008BF002310B408BF0363C36A8B4204D193
:10C40000C2625DF8044B01F06BB91C461B688B429D
:10C41000FBD12260F5E7000038B50446D0B14430C6
:10C42000FCF728FCE16A49B904F13C05E06B48B926
:10C4300021460948BDE83840FBF776BA2046FFF7A9
:10C44000D4FFEFE74368E36303B925641038FAF7D4
:10C45000E6FEEBE738BD00BF40D7002038B5054603
:10C460001D48FBF73AFA044680B30021702207F01A
:10C47000F2FE0023A580E3622846FBF709FB014694
:10C4800020B32046FFF799FF00BB284601F0ACFB24
:10C490000146D8B12046FFF790FFB8B9284601F011
:10C4A000A9FC014690B12046FFF787FF70B904F15F
:10C4B0004C00FFF74DF848B9234643F83C0F23647E
:10C4C000234643F8640FA366204638BD2046FFF795
:10C4D000A3FF0024F8E700BF40D70020044902680A
:10C4E0000B68834201D10A60704719461B68F8E760
:10C4F0005CD70020044A0346106800B97047828860
:10C500009A42FBD00068F8E75CD7002008B50146E6
:10C510008088FFF7EFFF024B1A680A60196008BDB8
:10C520005CD70020FFF7E6BF054B024618680023E2
:10C5300000B970479342FCD000680133F8E700BFB0
:10C540005CD70020014B1868704700BF5CD7002003
:10C5500073B5044680790D4600F079FE2E46002220
:10C5600006F8010B01A900F051FD019906223046A1
:10C5700007F0BBFE2149062204F10F0007F042FE3E
:10C5800005F10E0318BB2A68C5F80E20AA889A8008
:10C59000AA799A71D4F80730C5F80730B4F80B308F
:10C5A000D4F80720A5F80B30637B6B73C5F8152012
:10C5B00005F11503B4F80B20A5F81920627B9A71D8
:10C5C000E279022A0BD0032A15D002B070BDD4F84C
:10C5D0000E20C5F80E20628A9A80227DD9E70022BB
:10C5E000EA71D4F81520C5F81520B4F819209A80FE
:10C5F000E27E9A71E9E70122F2E700BF186A0200C1
:10C6000030B5054689B018B90024204609B030BDC0
:10C61000124B1C68002CF7D02B78012B29460CD12B
:10C62000AB7903F0C003402B07D104F11500FFF7ED
:10C6300095FE0028E9D02468ECE7E01DFFF78EFEA8
:10C640000028E2D0E379012BF5D901A92046FFF7B4
:10C650007FFF29460DF10B00E9E700BF5CD7002002
:10C660002DE9F041F8F7B6FB0746FFF785FA184BBE
:10C670001C686FF0004524B9FFF780FA2846BDE832
:10C68000F08194F8283013F0020209D1266B76B1BC
:10C69000636BDB1B002B05DC13212046FDF7C0F884
:10C6A0002468E8E79D42D2BF1646984601263946DF
:10C6B00004F14400FBF780FD031EEDDD9D4203DC29
:10C6C000002E18BF4546EBE798461D46E8E700BF39
:10C6D0005CD7002007B5084B00930848084B702230
:10C6E0000121FBF7CBF820B9064B186003B05DF8C9
:10C6F00004FB0B20FAE700BFE75B020040D70020F5
:10C70000D0D600205CD700207047704700207047CB
:10C7100008B506481021FAF756FD18B9BDE80840DB
:10C7200000F022BD02680432026008BD80D70020FC
:10C7300030B129B1034B1880034B0020198070479A
:10C7400003207047C4D8002060D70020054A138812
:10C750001844B0F5803F02DB0C20FFF773BA10805D
:10C76000704700BF60D700202DE9FF410C4690467E
:10C7700007464FF0FF3146489DF828601D4606F0F9
:10C7800021FF42462146384600F06CF9DFF8088167
:10C79000044600283AD13F484FF4006106F040FFBC
:10C7A00038B106280CBF13240B242046FFF74AFAA1
:10C7B0002CE010222146684607F04DFDD8F80020F5
:10C7C00013780E2B03D00F2B44D01124EDE75178B2
:10C7D00003292ADC01D00C24E7E7B2F80330002B50
:10C7E000F9D1CDE90044029415B10199002944D151
:10C7F00000230293BDF80C300195BB42EBD1002C15
:10C80000E9D1009C14B9029BB342CED1D8F8000004
:10C8100020B101F0B3FC0023C8F800301C4806F03A
:10C82000E3FE204604B0BDE8F081D378107943EAF6
:10C830000023ADF80C30537943B103F5007304398C
:10C840000093029121B106320192CDE72346F6E72B
:10C850000191C9E75378042BBDD113795179CDE902
:10C86000014443EA0123ADF80C3093781BB103F582
:10C8700000730093B8E72346FBE7029AB242C8BFB1
:10C8800032462846C4BF02960C2407F02EFDB1E7BD
:10C89000D0D80020CCD80020C8D8002038B50378E4
:10C8A0000E2B044606D00F2B12D02046FFF7A0F91E
:10C8B000002038BDB0F80330002BF6D0084D2868B2
:10C8C000F9F790FB80B228B1204601F057FCEFE762
:10C8D0008388F1E7034B28461C6006F0C5FEE7E7B6
:10C8E000CCD80020C8D800202DE9F7430B6800936E
:10C8F00000230B6090F82890344FDFF8D88005466D
:10C900000E46C9F38009009C002C57D03B884BB1E0
:10C910002F4AB8F8001000236846FAF761FB044676
:10C9200030B9009C34600124204603B0BDE8F08398
:10C9300000224946A88800F0DDFA014601A8FAF76E
:10C94000EBF8218A0DF10600FAF7E6F804212046FB
:10C95000FAF7ACFD50B9062495F82830009823F07A
:10C96000040385F82830FAF75AFCDDE70421FAF7CA
:10C970006EFE04460028EED004220DEB0201006892
:10C9800007F0B3FC0DF10600FAF7E1F8204600F0DD
:10C99000C5FB2046FFF7A2F995F828300446002889
:10C9A000DAD143F0040385F828302B8F01332B872D
:10C9B0003B88013B3B804FF00109A4E795F8283004
:10C9C00023F0040385F82830AEE700BF60D70020CD
:10C9D00011C70100C4D80020C36B0BB9FFF784BF97
:10C9E00001207047014B1860704700BFC0D800207D
:10C9F000014B1870704700BFBCD80020014B18785D
:10CA0000704700BFBCD80020014B1860704700BFC2
:10CA1000B8D80020014B1868704700BFB8D8002074
:10CA200007B50021094806F0F0FD094806F0BFFDF2
:10CA3000084B01934FF496730093074A074908483F
:10CA40000123FAF7B4FA03B05DF804FBCCD8002058
:10CA5000D0D80020F85B020080D7002064D70020E7
:10CA60008CD70020F8B5124B1B78012B07460E46D9
:10CA7000154604D0022B07D023B1112003E0FFF7A5
:10CA80005DF808B91620F8BD01F060FB0446078088
:10CA9000857025B12A463146033007F026FC204632
:10CAA00001F0C2FE0028EED00728E6D11420EAE704
:10CAB0009DD50020042A14BF0C2000207047032AB3
:10CAC00014BF0C20002070473AB10878182806D807
:10CAD000044B53F8203013B118470C207047002046
:10CAE000704700BF206A0200002070470D2A14BF63
:10CAF0000C2000207047012A08B504D10878FFF700
:10CB0000AFF8002008BD0C20FCE7062A08B508464F
:10CB100003D1FCF7F7FC002008BD0C20FCE770B542
:10CB200086B014460D4618220021684607F093FB94
:10CB3000012C2BD96B78B4EB031F27D12C1D0026B9
:10CB40006B78B34202DC002006B070BD14F8023CE2
:10CB50008DF80030214614F8013C8DF80230062291
:10CB60000DF1030007F0C1FBA3798DF81030E11D32
:10CB700006220DF1110007F0B8FB637B8DF8093038
:10CB80006846FCF7C6FB01361034D9E70C20DBE71A
:10CB9000F0B587B014460E4618220021684607F00B
:10CBA0005AFB012C41D9A21E7478631E182B06F182
:10CBB000020538D828460021092A36D9037A0A3ACC
:10CBC0009A4232D30131D21AA14203F1050318442B
:10CBD000F2DB52BB04921446CDF813207378A342C3
:10CBE00002DC002007B0F0BD2B788DF80030A91CC6
:10CBF0006B782F7A8DF8023006220DF1030007F0D2
:10CC000074FB2B7A8DF801302B44053705F10902AE
:10CC10005B7A03922F4468468DF809300134FCF7A3
:10CC200078FB3D46DAE70A20DCE70C20DAE70B2A3E
:10CC300008B5084603D1FCF77CFF002008BD0C2096
:10CC4000FCE70C2A08B5084603D1FCF733FC0020AA
:10CC500008BD0C20FCE70A2A08B5084603D1FCF7FA
:10CC6000E5FE002008BD0C20FCE7042A10B50C46A8
:10CC700012D1FEF781FFB4F80100FFF73BFC10B1C1
:10CC8000008FFFF763FDFEF779FF2046FCF766FE95
:10CC9000FEF784FF002010BD0C20FCE7F8B50B78F0
:10CCA0009B00013393420C4623D1002523789D42FB
:10CCB00003DBFEF773FF0020F8BD04EB8507B7F830
:10CCC00003608EB1FEF758FFB7F80100FFF712FCC2
:10CCD00040B1038F9E4209D90C20FEF7B3FF3046C6
:10CCE000FFF734FDFEF74AFF0135DFE79B1B0387A3
:10CCF000F5E70C20E0E710B51F2A88B00C4643D1B9
:10CD000020220021684607F0A6FA63788DF80030EB
:10CD1000A3BBE278A37843EA0223ADF802300622EF
:10CD200023798DF80430A11863798DF805300DEB67
:10CD3000020007F0DAFA062204F10C010DF11300EB
:10CD400007F0D3FA062204F112010DF1190007F0E1
:10CD5000CCFA627E237E43EA0223ADF80C30E27EF9
:10CD6000A37E43EA0223ADF80E30237F627F43EABD
:10CD70000223ADF81030A37F8DF8123000216846F1
:10CD8000FCF7C8FA08B010BD0C20FBE710B5132A59
:10CD900088B00C4635D120220021684607F05BFAA6
:10CDA00063788DF8003033BBE278A37843EA02233E
:10CDB000ADF80230062223798DF80430A11863798A
:10CDC0008DF805300DEB020007F08FFA627B237BB4
:10CDD00043EA0223ADF80C30E27BA37B43EA022353
:10CDE000ADF80E30237C627C43EA0223ADF81030AC
:10CDF000A37C8DF8123000216846FCF78BFA08B04E
:10CE000010BD0C20FBE70020704700207047002079
:10CE100070470020704700207047002070470020B6
:10CE20007047000038B504460B4B00780022197893
:10CE300081420AD00132062A03F10803F7D10825FE
:10CE4000204601F09BF9284638BD5B686278A11C3A
:10CE500098470546F4E700BF846A02002DE9F041D7
:10CE600086B003A9054600F06DF8044610BB2846BD
:10CE700000F054F9BDF80E202B8A9A4238D1BDF843
:10CE80000C80C8F30B08FEF777FE4046FFF732FB35
:10CE9000074698B94FF0FF330593FEF76FFE07265C
:10CEA000059B5A1C05D000229BB21146404600F05B
:10CEB00076FF34462846FAF7B2F915E005AB009341
:10CEC0002A4604AB03A900F060FC0646FEF756FEB6
:10CED0001EB1012E08D02546E2E7386B049B984727
:10CEE000396B384600F047FC204606B0BDE8F081BB
:10CEF0000A24DFE740EA823040EA013080B270471E
:10CF00001FB50123002204460093114603AB42F2F1
:10CF10000700FFF729FC10B99DF80C30237004B00E
:10CF200010BD1FB50146062202A807F0DEF9002356
:10CF30000093062202A942F20500FFF715FC05B096
:10CF40005DF804FB70B50B460C4604220021064632
:10CF5000FAF700FA054678B904213046FAF726FABE
:10CF60002046F9F7F4FD234623F8020B1846F9F79B
:10CF7000EEFD6080284670BD0C25FBE710B5044629
:10CF8000FEF7FAFD21460448062207F0AEF9BDE897
:10CF90001040FEF7F3BD00BFDAD80020F8B5044614
:10CFA000FEF7EAFD2078677906F030FE05466078E6
:10CFB00006F02CFE0544A07806F028FE0544E07833
:10CFC00006F024FE0544207906F020FE054407F013
:10CFD0003F0006F01BFE07F0C00628440EB1C02E2D
:10CFE00010D178B12E280DD02046FFF79AFF0546C4
:10CFF00020B905480622214607F077F9FEF7BEFD65
:10D000002846F8BD0325F9E7D4D80020F8B50F4627
:10D01000164690B1012815D10C4D6C793F2C8CBF70
:10D02000002401240A490622284607F0EBF858B1EB
:10D0300007B13D6026B90020F8BD064D0446F1E772
:10D040003460F8E70320F7E71520F5E7D4D800208F
:10D05000B86A0200DAD80020012807B504D9831E77
:10D06000012B08D9032011E00022114603B05DF81E
:10D0700004EBFFF7CBBF00F0EAF801AA0021FFF7AD
:10D08000C5FF18B90198002818BF152003B05DF836
:10D0900004FB10B50446FFF7DFFF30B9023C012C5A
:10D0A00003D8BDE8104000F027B910BD70B50546A3
:10D0B0000F4C0E46FEF760FD0E4B002D18BF1C46B0
:10D0C00025782846FFF7C8FF78B1152804D0032437
:10D0D000FEF754FD204670BD65782846FFF7BCFF7B
:10D0E000044610B11528F3D0F1E735700024EFE7BE
:10D0F000B46A0200B66A020008B50622002105489B
:10D1000007F0A9F8BDE8084003480622002107F00F
:10D11000A2B800BFDAD80020D4D8002037B5054621
:10D1200000242B8AA34201DC03B030BD21460DF15F
:10D13000070301222846FAF70DF90134F1E710B58B
:10D14000102104460020FAF754F8034628B18268FB
:10D150001288A24204D2FAF762F80023184610BDE2
:10D16000026822440260F9E70420FFF7E8BF0820C4
:10D17000FFF7E5BF0D20FFF7E2BF70B505460E468D
:10D18000FFF7F8FF044640B133462A460021FAF77C
:10D19000D8F918B12046FAF742F80024204670BDAD
:10D1A00038B5058A954228BF15461C462A460B46C7
:10D1B0000021FAF7CFF810B904B1258038BD11204D
:10D1C000FCE710B504460068038A8B4208DB89B28D
:10D1D000FAF73DFA002820600CBF0620002010BDA1
:10D1E0000A20FCE708B591F83930DB07084605D579
:10D1F00001F1290210F8011B00F0B2F8002008BD6F
:10D20000F8B50F4616461D46FFF774F9044658B1A7
:10D210003946FFF7C7F8011E0CBF0720002006B1F2
:10D22000346005B12960F8BD01460720F7E737B53E
:10D2300015461C4601AA6B46FFF7E2FF28B90DB15F
:10D24000019B2B600CB1009B236003B030BD00F04C
:10D25000FD00431E584258417047FFF7F8BF0000D9
:10D2600002490022022000F07FBE00BFE5D101008C
:10D27000F8B50025C0E9005004460F461646294679
:10D280000C22083006F0E7FFC4E903762846F8BD13
:10D290000346EFF3108272B6006802F0010248B153
:10D2A0004168196001B95B6002B962B61038704715
:10D2B00062B67047002AFBD0704738B5034608466F
:10D2C0005179072915D9EFF3108172B60024546102
:10D2D0005C6802F11005143225605A60CA0700D458
:10D2E00062B608B9002038BD03F1080106F0D6F88F
:10D2F000F8E70220F7E700001FB50A4C23787BB956
:10D300004FF49672ADF80C200093022203A942F26A
:10D310002E00FFF729FA08B90123237004B010BDCD
:10D320000020FBE7F0D800201FB50378012B15D8AB
:10D330008DF80F100622411C0DF109008DF8083000
:10D3400006F0D3FF0023082200930DEB020142F206
:10D350004E00FFF709FA05B05DF804FB1220FAE76A
:10D3600070B50D468EB006461446FCF7C7FD012D7C
:10D370002FD8062231460DF111008DF8105006F01D
:10D38000B4FF154910220DF1270006F0AEFF21462B
:10D3900010220DF1170006F0A8FF002300932722AA
:10D3A00004A942F22700FFF7DFF9044660B906221C
:10D3B00031460DF109008DF8085006F096FF012165
:10D3C00002A8FFF7B1FF0446FCF7A8FD20460EB007
:10D3D00070BD1224F8E700BFE0D8002010B5014668
:10D3E00088B01022002848D00DEB020006F07DFF27
:10D3F000102223480DEB020106F004FF044600282A
:10D4000038D010220DEB02011D4806F06EFF0023FC
:10D410000093012202A942F22D008DF80830FFF797
:10D42000A3F9044630BB009003460246014642F28F
:10D430002900FFF799F90446E0B90122009003465C
:10D4400002A942F22D008DF80820FFF78DF904465D
:10D4500080B90146062202A806F0FDFE10222146F0
:10D460000DEB020006F0F7FE214604AA02A8FFF722
:10D4700077FF0446204608B010BD0249B4E700BF5C
:10D48000E0D80020BE6A0200F0B595B000230093FA
:10D490001A46194640F60340FFF766F9044600288D
:10D4A00040F0B780082502460146009504AB41F2E2
:10D4B0000100FFF759F90446002840F0AA809DF8C2
:10D4C0001000FFF795FA402300932246214604AB53
:10D4D00041F20200FFF748F90446002840F0998025
:10D4E0009DF82600C0F38000FFF78EFAFFF786FA5A
:10D4F0000746FFF78FFA52A3D3E900230094CDE942
:10D500000223064623462A460DEB050140F601405C
:10D51000FFF72AF9044600287BD1062F11D9F3071B
:10D520000FD54FF400020023CDE9042300900346F9
:10D530002A4604A940F66340FFF716F9044600287E
:10D5400067D1FFF75BFA062866D81F220023CDE9D2
:10D55000042300230093082204A942F20100FFF7EC
:10D5600003F90446002854D10323009302460146E0
:10D5700004AB42F20200FFF7F7F80446002848D156
:10D58000BDF810209DF8121072B9072300931146C0
:10D5900004AB41F20500FFF7E7F80446002838D154
:10D5A000BDF81020BDF813101046FFF7C1F804466F
:10D5B00078BB082300930246014604AB42F2030005
:10D5C000FFF7D2F8044620BB0498FFF70BFA0623B6
:10D5D00000932246214604AB41F20900FFF7C4F84C
:10D5E0000446B0B9144D04A8FFF7C8FC6B69F3B149
:10D5F0002022214604A806F02EFE6B694FF6FF722A
:10D6000004A90220984790B904A8FFF7E7FEFFF7A6
:10D610007DF8204615B0F0BD072804D0082804D1B5
:10D6200040F27F6292E73F2290E7044A8EE70020B3
:10D63000EBE700BFAFF30080A82B00207FFE0F00B8
:10D64000908000020080002013B54FF0FF330F4898
:10D65000009300231A4603210068F8F7DDFEFEF769
:10D660008BFA0B48FCF7A8FC0A4A002314681360E5
:10D67000094A1370FEF782FA0CB902B010BDD4E962
:10D68000003100209847A468F6E700BFF4D80020D6
:10D690000CD9002008D900209CD50020FFF7D4BF6A
:10D6A00010B5F9F7EBFCBDE810400146024A03480B
:10D6B000002305F0FBBF00BF9DD60100F4D8002079
:10D6C00038B505460548FAF708F9044620B11C228A
:10D6D000002106F0C0FDA580204638BD6CD9002091
:10D6E00010B50C4641B10869F9F799FD2146034888
:10D6F000BDE81040FAF718B910BD00BF6CD9002082
:10D70000807B00F00100704738B5134614460422B0
:10D71000F9F720FE054658B92046F9F718FA2346CE
:10D7200023F8020B1846F9F712FA6080284638BD34
:10D730000425FBE737B504460D4601A81146F9F765
:10D74000EBF929460DF10600F9F7E6F92046042128
:10D75000F9F7E4FF044628B1042200680DEB02014A
:10D7600006F0C3FD204603B030BD08B18088704785
:10D770004FF6FF70704738B50C4600250563086901
:10D78000F9F74DFD2561A58238BD2DE9F341089DCE
:10D7900098464FF0FF332B600B88C3F30133012B06
:10D7A0000746164651D0022B24D101AA002130464B
:10D7B000FFF7AAFF002865D104213046F9F7F6FDEE
:10D7C000BDF806103846FEF7EDFD044640B9BDF839
:10D7D00006304FF6FF72934200D02B6005252EE0F5
:10D7E000C288403A92B23F2A06D8BDF80420438945
:10D7F0009A4201D90A2522E023691BB12146384605
:10D80000FFF7B9FF2389BDF80450042B1BD1204634
:10D81000FAF7E9F88542EDD8BDF804303C63A382FD
:10D820002069C8B9266123691D8AA38AED1A002DD3
:10D8300016DD21463846FFF79EFF0A2500263046B2
:10D84000F9F7EDFC10E06089E4E7046B002CD1D01F
:10D850002369002BE4D1CDE73146F9F78EFFE2E7EB
:10D8600006D1A369C8F80030284602B0BDE8F081AF
:10D87000F7F7B0FA00F5EA4030307863FEF7B4F914
:10D880000125DBE70425DAE713B5C98801920446D0
:10D890001046128AFFF74EFF019090B101A9204671
:10D8A000FFF79AF850B1012809D1019B00225A6173
:10D8B000226C03F11001143311602364002002B0C4
:10D8C00010BD0620FBE7000007B5094B009309488F
:10D8D000094B1C220321F9F7D1FF20B903B05DF8F1
:10D8E00004EB00F0EBB90B2003B05DF804FB00BFC4
:10D8F000085C02006CD9002018D90020082070476D
:10D90000C36813B10269008918477047F8B50F461C
:10D9100015460646FEF730F9114A116800230C46F9
:10D920001CB9FEF72BF92046F8BD2089B04214D16E
:10D93000A07AB84211D115B1E07AA8420DD12BB925
:10D940000B681360002BECD1054B04E019680968E3
:10D9500019600029E5D15360E3E723462468DFE737
:10D96000BCD90020F0B5868885B000F110070546C7
:10D970000069FFF7D3FB04213846FFF722FC044679
:10D9800028BB2B6903AAD988186800F0CBF928694D
:10D990000421F9F70BFD2B691A8ABDF80E309A4263
:10D9A0001AD19DF80C301A2B14D80C4A52F8233097
:10D9B00083B13A4603A930469847044638B100235C
:10D9C0009DF80D1000931A46304600F0CCF9204621
:10D9D00005B0F0BD1024F2E70A24F8E7D06A02008F
:10D9E000014610B10148F9F79FBF704788D9002060
:10D9F00008B54A780121FFF789FF08B1FFF7F0FF6A
:10DA0000002008BD70B516464A780021FFF77EFF5A
:10DA10000546B8B102213046FFF7D3FB044678B97A
:10DA200033681B681B885BB1012B0CBF10210A21D6
:10DA30002846FFF765FF2846FFF7D2FF204670BD56
:10DA40002146F5E70446F9E7F0B5054687B00F46ED
:10DA5000104608211646FFF7B4FB044698BB0DF1AB
:10DA600007012846FEF758FC044660BB9DF80740B6
:10DA7000E44314F0010446D133681B681A88ADF8FA
:10DA80000C2090B25A88ADF80E2091B29A88ADF869
:10DA900010201FFA82FCDA88ADF8122093B2821FA0
:10DAA00092B240F67A46B24205940FD901267978AF
:10DAB00002AB0222132000F03CF920B1068002994B
:10DAC000284600F013F9204607B0F0BD8A1F92B235
:10DAD000B242EBD88842E9D8BCF5FA7FE6D20A3BDD
:10DAE0009BB240F676429342E0D803A92846FBF762
:10DAF000F4FC0028DAD103A92846FCF79BF8061E9F
:10DB000018BF0126D3E71024DDE700002DE9F0431C
:10DB1000074685B00E4691469846FEF72DF802ABB3
:10DB200003AA05213846FFF782FB054630B1FEF710
:10DB300025F800242046FFF753FF47E0039B93F8A6
:10DB4000285005F00105FEF719F8002D42D12348B1
:10DB5000F9F7C3FE044600283ED02946142206F0F9
:10DB60007AFB1F4AA572117827814D1C15F0FF0121
:10DB70000ABF01230B4619461370C4E90398E172EA
:10DB800001AB0822122000F0D4F828B333880380B8
:10DB900073884380B3888380F388C38001993846B3
:10DBA00000F0A4F805460028C4D1F7F713F900F5F2
:10DBB000F0406060FEF718F8FDF7DEFF094B1A68C9
:10DBC000226002B95C601C60FDF7D8FF284605B0F2
:10DBD000BDE8F0830325ACE70625ABE788D9002034
:10DBE000B8D90020BCD9002008B5FFF769FD30B1D5
:10DBF0000523C38003F5C8038360014B836108BD1F
:10DC000065D9010070B50A4C0E46256805B970BD8E
:10DC1000AB7A1BB931462846FFF772FE23681B68B2
:10DC2000236003B964602846FFF7DAFEEDE700BF22
:10DC3000BCD90020F7B5F7F7CDF8002406460094CC
:10DC4000CDF804D0FDF798FF1B490A686FF0004536
:10DC50002346274632B9FDF791FF009CFCB92846C0
:10DC600003B0F0BDD2E900C4A41B002C13DC5BB9E7
:10DC70000B681B680B6003B94960019B17601A6051
:10DC8000019263466246E5E718680068186000285C
:10DC9000F3D14B60F1E7A542A8BF2546F1E7A37A8F
:10DCA0001BB90D212046FFF72BFE23680093204669
:10DCB000FFF796FED1E700BFBCD9002007B5074BA0
:10DCC00007480022C3E90023064B00931422064BA9
:10DCD0000121F9F7D3FD03B05DF804FBBCD90020A6
:10DCE00088D900201C5C0200A4D9002037B5044666
:10DCF0000D46FDF741FF20466B4601AA0521FFF7BF
:10DD000096FA044650B9DDE900102A46FFF7BCFD3B
:10DD10000446FDF733FF204603B030BD2846F9F72F
:10DD20007EFAF6E703781370437853704388538084
:10DD30007047F8B51D4607460E461446FFF717FA1A
:10DD4000286040B1211D89B2F9F755FC2B6820B934
:10DD50001846F9F764FA0020F8BD18680770467095
:10DD600044800430F8E7F7B5089F1646BA1C04460D
:10DD70001D4692B201AB0120FFF7DBFF60B12946DF
:10DD800020F8026B3A4606F0B0FA0199204603B03B
:10DD9000BDE8F040FFF7AABF062003B0F0BD1FB5F5
:10DDA000ADF80C300423ADF80E200093022203AB33
:10DDB000FFF7D9FF05B05DF804FB13B5FFF7D5FCFD
:10DDC000044698B101AA0121052000F021F878B19C
:10DDD00005230370FDF7D0FE2046019900F02FF8CF
:10DDE0000446FDF7CBFE204602B010BD0724FAE73B
:10DDF0000624F8E708B5FFF763FC30B10623C380BB
:10DE000003F582038360014B836108BDBBDD010024
:10DE100070B5154606460C46FFF7A9F9286040B1D3
:10DE2000611C89B2F9F7E7FB2B6820B91846F9F7AE
:10DE3000F6F9002070BD186800F8016BFAE737B5F5
:10DE40000D466B4601AA0621FFF7F1F9044640B9D9
:10DE5000DDE900102A46FFF717FD0446204603B00F
:10DE600030BD2846F9F7DBF9F8E70000034A536AAA
:10DE70000BB1916A18470820704700BFA82B0020FB
:10DE800070B504460D461646FDF776FE064B9B69B7
:10DE900043B120463246294698470446FDF76EFEB8
:10DEA000204670BD0824F9E7A82B002038B50446A9
:10DEB0000D46FDF761FE064B1B6A3BB12046294625
:10DEC00098470446FDF75AFE204638BD0824F9E776
:10DED000A82B00201FB50123CDE9013001A8039133
:10DEE000FFF7C4FF05B05DF804FB0000F8B50E4F66
:10DEF000FB6905460E46A3B1FDF73EFEFB693146C0
:10DF0000284698470446FDF739FE44B11B2C06D13C
:10DF100031462846FFF7DEFF04460028ECD02046B5
:10DF2000F8BD0824FBE700BFA82B00200A460146E5
:10DF30000220FFF7A5BF0A4601460320FFF7A0BF56
:10DF400001460320FFF7D2BF01460320FFF7AEBF13
:10DF500003468A790868186088889A710A891A8144
:10DF6000002298809A7270472DE9F04198B00446DB
:10DF70000D46164600210C2201A806F06CF9022C71
:10DF800005DC002C0CDC032018B0BDE8F081032C6C
:10DF9000F9D1002301930DF10E08CDF8073005E00B
:10DFA000002301930DF10B08CDF80730002788F806
:10DFB000007004AA01A92046FFF762FF18B10528E6
:10DFC000E2D10020E0E70DB90137F0E7324604A9BD
:10DFD0002046A8470028F7D0F3E7042A10B50446E6
:10DFE00008460AD0102A0ED0022A13D1102323701B
:10DFF000F8F7ADFD6080002010BD20232370F8F7F6
:10E00000A8FD6060F7E72046802300F8013B06F09A
:10E010006CF9F0E70320EFE703780A78934201D028
:10E02000981A7047202B07D0802B08D0102B0BD1CB
:10E0300040884B88C01A704740684B68FAE7102246
:10E040000131013006F0DEB84FF0FF307047037841
:10E05000102B0CBF408800207047022A10B50446E0
:10E06000084606D110232370F8F771FD6080002068
:10E0700010BD102A06D12046802300F8013B06F08F
:10E0800034F9F4E70320F3E730B51C4685B00546C4
:10E090006B46084611462246F9F75CF920B922463C
:10E0A00069462846FFF7D9FF05B030BD38B503787B
:10E0B000202B05460C4609D0802B12D0102B16D1F0
:10E0C00041882046F8F728FD002038BD0949102274
:10E0D000204606F00AF9696804F10C00F8F720FD03
:10E0E000F2E7411C1022204606F0FFF8ECE703207F
:10E0F000EBE700BFD42B002010B50446084621787A
:10E10000C908F9F778FA014620B12046FFF7CEFF9B
:10E11000002010BD0620FCE70078C0087047000012
:10E1200030B44D8A05F00305022D04460B4605D197
:10E13000054D2D6815B12B4630BC184720461946B1
:10E1400030BCF9F7E3BB00BFC4D900200148F9F7A0
:10E15000C4BB00BF28E4002008B520B1BDE80840DA
:10E160000448F9F7BABB0448F9F7B7FB0028F5D023
:10E1700008BD00BF98DE002034E30020014610B542
:10E1800004460C48F9F790FB214620B10948BDE848
:10E190001040F9F7C9BB0848F9F786FB214608B1DA
:10E1A0000548F4E70548F9F77FFB10B1034821461D
:10E1B000EDE710BD28E4002034E3002098DE0020C5
:10E1C00007B5174B00934FF48172164B1648012187
:10E1D000F9F754FB154B00934622154B15480321C4
:10E1E000F9F74CFB144B00934622144B14481021B2
:10E1F000F9F744FB134B00934FF49472124B1348FE
:10E200000421F9F744FB1149114804234FF4947297
:10E21000F8F7B4FF0F4B0D4AD36103B05DF804FB70
:10E22000345C020044E4002028E40020475C020043
:10E2300050E3002034E300205A5C0200B4DE0020EA
:10E2400098DE0020705C0200F8D90020D4D90020AC
:10E25000C8D9002021E1010010B50446236803B9A4
:10E2600010BDA3F110005B68236003B96460F8F788
:10E27000D6FFF3E7002002F0B9B903F029BE000091
:10E280002DE9F8431B4D05F13809AC6B0CB9BDE81D
:10E29000F883A4F11007EFF3108372B6AA6B5268EB
:10E2A000AA6303F001030AB9C5F83C9003B962B64A
:10E2B00054F8100CF8F74BFC064654F8100C0230DA
:10E2C000F8F745FC042180463846F9F76FF82288B4
:10E2D000424505D106F44053B3F5805F00D81AB922
:10E2E0003846F8F79CFFD0E73146384601F0F1FE9A
:10E2F000CBE700BF58E5002008B5012003F0D2FDB0
:10E3000028B1BDE808400248332105F0F1B908BD45
:10E31000B0E5002070B5164C04F12406636A03B919
:10E3200070BDA3F11005EFF3108272B6616A4968FF
:10E33000616202F0010201B9A66202B962B61889EF
:10E3400000F00700012803F1080206D004280BD1D1
:10E350001146284601F05AFCE0E753F8101C0878F3
:10E3600000F00F0000F034FF2846F8F758FFD5E71B
:10E3700058E50020F8B510210546F8F73AFF0446A5
:10E3800010B900242046F8BD836805821E88036802
:10E39000043326F0030603604379B6B2F31A043B54
:10E3A000ED1A0746002DEDDD0021A8B2F8F700FFB9
:10E3B00018B92046F8F733FFE3E7F860AD1B0746CE
:10E3C000F0E70346084631B1587900F0C000A0F1EB
:10E3D0004003584258417047034618B1012809D0FC
:10E3E00000207047084A12F8010B58B90133062B78
:10E3F000F9D170474B1E053113F8010F10B98B424C
:10E40000FAD17047012070474EE50020052910B56C
:10E4100004460DD932B107480622214605F065FFB2
:10E42000002010BD00F08EFF0028F4D00C20F8E78B
:10E430001220F6E748E5002038B504F07BFF094BD1
:10E4400004461D7A04F07CFF1CB9012D02D0042D76
:10E4500004D038BDBDE8384000F056BFBDE83840B4
:10E4600001F0C8B958E5002010B50C4B1B7A012B00
:10E47000144609D0042B0ED104F056FF0146204665
:10E48000BDE8104001F094BB0078BDE8104000F0FA
:10E490000F0000F0E9BE4FF0FF3010BD58E500203E
:10E4A00038B50C460346154620468A8B498BF8F74B
:10E4B00051FF637E2B70207F38BD000008B504F04B
:10E4C00089FC002004F0F2FC064B1870064B7F22FA
:10E4D0001A704FF0FF31054804F0BCFF43689847BD
:10E4E000F7E700BFCBE50020CAE500206CE500207F
:10E4F000014B1872704700BF58E50020014B187A95
:10E50000704700BF58E500200146014804F0C6BF2F
:10E510006CE5002000234361054B9A6A00F110016D
:10E5200014301160986203F11800FFF7EDBF00BFCF
:10E5300058E50020F8B50B880578447803F0800290
:10E54000C3F3C01603F00703042B074605F00F05BD
:10E5500003D1BDE8F84001F0AFBB9AB3082D2DD828
:10E56000DFE805F0231E231E2329230505000022D2
:10E57000012B29D122BBA01CFFF7FCFE044618B1D9
:10E580000146384604F0B0FB28463246214600F0EA
:10E59000B3FD054614B12046FFF7BCFF2846F8BD81
:10E5A000B4F10C0218BF0122E2E7A21F1F2A94BF98
:10E5B00000220122DCE7B4F12202F3E70122D7E7CF
:10E5C0000024E1E7012BD6D04FF0FF35E6E700004D
:10E5D00010B4EFF3108272B600234361074BD96B7E
:10E5E00000F1100414300C60D863D30700D462B675
:10E5F00003485DF8044BFFF787BF00BF58E50020D4
:10E6000084E500200146014804F07FBF6CE500204E
:10E6100001A1D1E9000170478F003020C001000046
:10E62000014BD3E90001704758E5002038B5EFF3FE
:10E63000108472B604F08EFC04F030F803F0B4FDE0
:10E64000E30700D462B600F06BFE194B194D0024AD
:10E650001C70194B20461C7004F028FC174B1870D6
:10E66000174B18487F221A70FFF7F6FD1648FFF780
:10E67000F3FD40F201130422FF216B8205F1090032
:10E680002523AB7305F0E7FD1F236B7301F086FEB6
:10E6900003F028FB04F008F8214606220B482C72F0
:10E6A00005F0D9FD04F044F9BDE8384004F092BB10
:10E6B000C9E5002058E50020C8E50020CBE5002092
:10E6C000CAE5002090E500207CE5002048E5002018
:10E6D00038B504460D460020C9B203F035FCA0420F
:10E6E00017D8201A032D12D8DFE805F00E02080B08
:10E6F000C0F3CF001B2838BF1B2038BDC0F38F00EC
:10E70000F8E7C0F38F10F5E7C0F30F10F2E7002031
:10E71000F0E71B20F1E7000037B500233A480093EB
:10E7200006226946CDF8033005F06CFD0446B8B901
:10E7300036493548062205F0D8FD334800940622B4
:10E740006946CDF8034005F05DFD48B9684604F020
:10E750006DF928B92C4806220DF1010105F0C5FD1F
:10E760002B4C03F005FD0421FB2300222020E17344
:10E770002382F7F7CBF82346002543F8385FE3639D
:10E780002346606143F8245F29460C2204F11800F7
:10E79000A36205F060FD1F4B29460C2204F12C00FA
:10E7A000C4E9073505F057FD1B4B29460C2204F13F
:10E7B0004000C4E90C3505F04EFD184B29460C22EB
:10E7C00004F14C00C4E9113505F045FD144B154A20
:10E7D00004F1140104F15800C4E914352B4604F087
:10E7E00065FF03F07FFA03F05FFF00F0B3FD01F077
:10E7F0001DFE44F22E020023C4E9002303F02EFC88
:10E8000003F020FC03B030BD4EE50020846C020014
:10E8100058E5002015E3010081E201007BE20100E0
:10E8200075E20100F9E2010003F048BA03F054BABE
:10E8300002F054BF04F03ABB044A92F9001081423E
:10E8400002D0107004F024BB704700BFCAE500205E
:10E85000EFF3108072B600F00100704700B962B6A5
:10E86000704708B50346FFF7F3FF9A8922F030029C
:10E870009A81BDE80840FFF7F1BF08B50346FFF7EE
:10E88000E7FF9A8922EA01019981BDE80840FFF774
:10E89000E5BF000010B504464C30FFF735FE002000
:10E8A000FFF726FE2046FFF7DCFF024B00221A602E
:10E8B00010BD00BFCCE5002038B5074B1C78C389DC
:10E8C0000C441B07C0E90544054604D50348F8F786
:10E8D000EDFB0444EC6138BD3CE8002000881300E7
:10E8E00038B501210446154B8366406680F8581000
:10E8F000007A03F029FBE389A5695A07104A5CBF37
:10E9000043F3000303F4557312784CBF00F5FB7317
:10E910001B18AA1A03F11E0047F61123E26598425C
:10E920004FF0000284F85A2005D8064B5843800D5A
:10E930000544256638BDF8F7B9FBF9E749E9010058
:10E940003CE80020DF18020038B5C468234B0546B8
:10E950001C60FFF77DFFA38923F0300343F0100311
:10E96000A381FFF77BFFA38903F4C0638BBB1C4A21
:10E970001C49A07904F0A0FA94F90A00FFF75CFFA3
:10E98000194BA97818786B68184404F02BFC0146E1
:10E99000F8B9E389DA0613D59B0711D004F072FAAF
:10E9A00002221248214604F06FFC054688B9E3783C
:10E9B00063B104F01DF80120FFF79AFD284638BD29
:10E9C0000B48214604F05EFA0022EAE704F011F851
:10E9D000F1E72046FFF75EFF0125EFE7CCE50020D9
:10E9E00055555500D6BE898E3CE80020F5E901005A
:10E9F00095E80100F8B58C6B06460D4604B1247C01
:10EA0000E989AB89A71D4807FFB225D513F0020499
:10EA10002AD121210C2703F0010341EA8311B81CFC
:10EA2000287211703046062205F1200105F05DFCC8
:10EA3000EB895B0706F1060605D5062205F13201D2
:10EA4000304605F052FC2CB1A86B3346224600211B
:10EA5000F8F780FC3846F8BDC80709D411F0020F5A
:10EA60000CBF02210621D6E7A1210C270024D2E702
:10EA70002021D0E7F8B50C6C06460D4604B1247C85
:10EA8000AB8913F0010F14BF44230423A71D137097
:10EA900005F1200106223046FFB205F026FC2CB11C
:10EAA000286CB31D22460021F8F754FC3846F8BD07
:10EAB00038B5838913F40075044602D15B0510D480
:10EAC00038BDC36B33B1806BF8F7A9FBE36BA3636D
:10EAD0000023E3634FF400712046BDE83840FFF7A0
:10EAE000CCBE006CF8F79BFB636C4FF48061C4E90B
:10EAF0001035F1E738B5037804465BB303F086FBC5
:10EB000004F1580003F096FDFFF7A2FE0546FFF75B
:10EB1000F5FC012807D104F01DFA0020FFF7E8FCFE
:10EB20000D4B00221A602846FFF798FE04F14C00B6
:10EB3000FFF768FDA06C18B1FFF720FB0023A3646A
:10EB40002046FFF78EFE002323702046BDE83840A4
:10EB5000FFF7AEBF38BD00BFCCE50020F8B50646D4
:10EB600000680F46154608B1F8F759FB0021284602
:10EB7000F8F73FFB044628B1038A2B441F2B04DD22
:10EB8000F8F74DFB00243460F8BD2A463946F8F703
:10EB900059FB0028F7D02046F2E7000008B502F044
:10EBA00099FD074B48B198895A7810F0800003D03E
:10EBB000002A0CBF1846002008BD1846FCE700BF1D
:10EBC000D0E5002010B50B4C78220021204605F03E
:10EBD00042FB07230C22002104F14C00A37005F036
:10EBE0003AFB054BC4E91434E38943F01203E38193
:10EBF00010BD00BFD0E5002059ED0100430705D44A
:10EC000010F0020F0CBF25202620704727207047E8
:10EC10002DE9F843044604F1580703F0F7FA2046BB
:10EC2000FFF746FF04F14C08384603F003FD404669
:10EC3000FFF7E8FCA178DFF81C910846FFF7DEFF3C
:10EC4000A279824244D1CA0731D411F0020F0CBF1D
:10EC5000272326232069A37147F61123984228D839
:10EC60003B4B5843850DE3793BBB63692B44C4E9B7
:10EC7000053399F80030A669F61AF8F713FA361A30
:10EC80001ED40025E3891B0736D5D4E906329B1A2A
:10EC9000002B31DB2346A26C00203C2101F014FC48
:10ECA0000023A3642046BDE8F843FFF723BF2523D4
:10ECB000D0E7F8F7FBF90546D5E70023E371D8E77D
:10ECC0006369F61A2B44DE42FCD4C4E90533D8E765
:10ECD000531CDBB2A3F125050120A840014204BF6B
:10ECE0000232D3B2A371F8F7DDF999F8003001339D
:10ECF0000344A3610125C5E72046FFF7F1FD0DBBE5
:10ED000094F85930E3B9E38913F0080F40F2471142
:10ED1000384618BF002103F03DFC58B1384603F0D7
:10ED200089FCA078FFF76AFFA0714046BDE8F84370
:10ED3000FFF7EABB99F80030E26D1344C4E90533EC
:10ED4000BDE8F883384603F055FC0028F8D0ECE71E
:10ED5000DF1802003CE800208068FFF759BF10B5BB
:10ED60000446583003F066FCFFF772FDA38903F0F8
:10ED70003003B3FA83F35B09E371FFF76FFDA0780B
:10ED8000FFF73CFFA07104F14C00BDE81040FFF715
:10ED9000BBBB000010B5074C206850B14C30FFF7EA
:10EDA000B3FB0020FFF7A4FB2068FFF75AFD002308
:10EDB000236010BDCCE500200F292DE9F84304465F
:10EDC00020D1354D2B78002B61D10379B0F800802C
:10EDD000468890F80E90042B14D8DFE803F0031651
:10EDE00056544B001327B0450CD8A8F120081FFA41
:10EDF00088F843F6E072904504D8A6F120039BB250
:10EE000093420BD91220BDE8F883C11D0622234886
:10EE100005F06BFA4FF000091D274E466379032B6E
:10EE2000F0D8A379012BEDD81D4B93F900001D4BB1
:10EE300093F90030C01AFFF7FDFCA8726279012A2D
:10EE400027D8637B591E0629DCD8B9F1030FD9D81E
:10EE500039075ABF40F2712116FB01F640F6A6664B
:10EE60002A71A2796A7185F80390AB702E61EF81E7
:10EE70000020C8E7C11D0622084805F036FA4FF009
:10EE800000091527AFE71027ADE71227ABE70C20E5
:10EE9000B9E71120B7E700BFD0E50020FCE500206E
:10EEA000CBE50020C9E50020034B93F90030037047
:10EEB00001230B7000207047CBE50020012970B5BD
:10EEC00001D0122070BD0578FFF768FE04460028C7
:10EED0007DD0012D75D10378002B62D10B21FFF776
:10EEE000CCFC3C492079FFF777FA0028E9D0E38988
:10EEF000DE0758D42379DD075FD5A389354943F070
:10EF00000103A381062204F1200005F0EEF9E38954
:10EF100058070DD504F12C01062204F1320005F04A
:10EF2000E4F96379D90742BFA38943F00203A381BF
:10EF3000012323700023A4F8763003F081FCA3782A
:10EF400080EA1040DA07A4F8740038D413F0020FF6
:10EF50000CBF27232623A37103F06EF9064603F0A6
:10EF60005DF80546F8F79EF842F21073B5FBF3F230
:10EF700003FB1255184B5D4300EB9550A0612046F2
:10EF8000FFF7AEFCE26D931B002B04DA236EE665FF
:10EF90009B1A334423661149002204F1580003F000
:10EFA000DBFA00208EE7A06C0028A3D1FFF7D4F88D
:10EFB000A06400289ED1072084E70949A2E7252301
:10EFC000C9E7002D7FF47DAFFFF794FDE9E742200C
:10EFD00078E700BF48E50020DF180200B9E801002B
:10EFE0004EE50020202970B501D0122070BD0678B2
:10EFF0001F2EFAD8451CFFF7D1FD044670B3C38914
:10F0000003F01203002BF0D00378F3B1436C43B14B
:10F010004FF48061FFF731FC606CF8F700F90023D2
:10F0200063643246294604F14400FFF797FD636CA0
:10F030000BB90720DAE7FFF70BFCA38943F48063E1
:10F04000A381FFF70BFC0020D0E732462946403071
:10F05000FFF784FD236C002BF5D1EAE74220C5E7DA
:10F06000202970B501D0122070BD06781F2EFAD865
:10F07000451CFFF793FD044600283BD0C389D90601
:10F0800015D55A070ED440212046FFF7F6FB23780A
:10F0900083B93246294604F13800FFF75FFDA36BC0
:10F0A00033BB1BE002F016FB0028ECD0DBE79B072C
:10F0B000E9D5D8E7E36B4BB14FF400712046FFF779
:10F0C000DCFBE06BF8F7ABF80023E363324629463C
:10F0D00004F13C00FFF742FDE36B0BB90720C3E7E7
:10F0E000FFF7B6FBA38943F40073A381FFF7B6FBD8
:10F0F0000020B9E74220B7E72DE9F843DFF8CC80DC
:10F1000007460D4649B9D8F80000FFF7C3FB4FF09A
:10F11000FF340020FFF7ECF950E012B9C8F80020E6
:10F12000F5E7032801D0052832D1D8F800602C6813
:10F13000062204F1080106F1200005F063F838BB4F
:10F14000F37814F8029B032F0CBF03F0010303F0C4
:10F150000203C9F38019A3B92B8B032F43F040039B
:10F160002B831BD04946204600F0A4F980B9F389CF
:10F170005B070DD50622214606F1320005F042F864
:10F1800006E000224946204603F0EAFB0028E3D1CE
:10F190004FF0FF340023C8F80030BAE70948314681
:10F1A00003F070FE08480022314604F06DF8044672
:10F1B0000028EFD12B8B43F010032B832046BDE8B2
:10F1C000F88300BF95E8010075EA0100CCE5002056
:10F1D000F8B5244C23780D461746002B41D01288F1
:10F1E000160607D41F48FFF73CFBBDE8F8401D4852
:10F1F000FFF70EBD052830D1E189A38901F0100089
:10F2000003F008030343EDD05006EBD52E784907F1
:10F21000C6F3801615D4A37BC3F3001383F0010358
:10F2200003F001033A463146284600F06BFF002800
:10F23000D8D0A3891A0714D4BDE8F8400948FFF7CD
:10F2400059BC6379B342CDD10622A91C04F12C002C
:10F2500004F0D8FF0028C5D1DDE70328C2D1D306CA
:10F26000C0D5F8BDD0E5002008B50C4A0346032BF5
:10F27000106807D1C38999070ED4FFF70BFB4FF035
:10F28000FF3008E0052BF8D1C389DA07F5D5C3F3C1
:10F29000001080F0010008BD0120FCE7CCE5002053
:10F2A000044BD8781B781BB1B0FA80F04009704746
:10F2B00001207047D0E5002038B5074D00212B46CE
:10F2C000AA6C044601F000F90023AB642046BDE8B7
:10F2D000384002F010BE00BFD0E5002010B5037921
:10F2E000012B02D80024204610BD8389DB07F9D505
:10F2F00000F1200401212046FFF763F80028F2D135
:10F30000F0E726307047000008B503F023FE034BFA
:10F310001868BDE80840FFF7BDBA00BFCCE5002083
:10F3200010B5074C2046FFF7E5FBA06BF7F777FF1A
:10F33000206CF7F774FFBDE81040FFF743BC00BF37
:10F34000D0E50020024B1878003818BF0120704724
:10F35000D0E50020FFF736BC47F611229042034665
:10F3600001D9F7F7A3BE02485843800D704700BF8C
:10F37000DF180200F8B5054610460E461446FFF7A2
:10F38000EBFF0746F7F798FE231ADBB22A681F2B1C
:10F3900008BF01373A442A60327808BF002313447B
:10F3A000DBB21E2B83BF1F3B33702B68337084BFCF
:10F3B00001332B60F8BD000008B503F0CBFD002041
:10F3C000FFF796F8014B00221A6008BD70E7002095
:10F3D00010B50446FFF7F0FF2CB104F19C00BDE826
:10F3E0001040FFF791B810BDFFF7F2BF38B5C46801
:10F3F0001E4B1C60A37905462BB92046FFF7E8FF9A
:10F400000125284638BD03F0F4FA0420FFF770F810
:10F41000D4E9151294F82D0003F04EFD144B93F926
:10F420000000FFF709FAE379022B15D1114BA978F7
:10F4300018786B68184403F00BFF014688B92378ED
:10F44000D4F8842043F010032370D4F888303D3280
:10F4500002EB430203F086FC0025F7F723FE60660B
:10F46000CFE72046FFF7B4FF0125F6E770E700205D
:10F47000CBE500203CE800208378D90610B504468F
:10F480000ED5B0F84630DA070BD5002101F0AFFDFC
:10F490000021204602F09FFCA37823F01003A37004
:10F4A00010BD5B06F4D5062101F0A1FD94F83510DE
:10F4B000EFE700000B4B70B51C6805460E460CB913
:10F4C000204670BD0622294604F1950004F09AFEFC
:10F4D00020B994F894307340DB07F1D5D4F8B440E8
:10F4E000EDE700BF50E60020F8B540F2E24303FB31
:10F4F00000F420460E461746FFF72EFF0546F7F7A5
:10F50000DBFD231ADBB21F2B04BF002301353B7048
:10F510003560F8BD406E4B6EC01AC00F70470000DA
:10F52000034B1B680BB9F7F7BDBDD86D704700BF23
:10F5300070E70020012805D103488379002B08BF1C
:10F54000002070470020704754E60020044B1868E4
:10F5500020B1D0F8B4201A6002B95B60704700BFD8
:10F5600048E6002003789B062DE9F04104460E464C
:10F570000AD590F82F20418D00F11E03BDE8F0411F
:10F58000B0F8480003F08EB990F82D00012704F17F
:10F590001E050EB9BDE8F08194F82E3094F82C20A9
:10F5A0001344D8B2252884BF2538C0B2C0F3C7029F
:10F5B000224484F82E00927F00F0070307FA03F339
:10F5C000134209D194F82F30B0FBF3F203FB12037E
:10F5D000D9B2284603F03EF9013EB6B2D9E70000A1
:10F5E00070B50446FFF748FF94F83A3063B163788A
:10F5F0009E0606D5E379022B09D10023A4F89030AA
:10F6000005E0204601F068FC63789D06F2D422688C
:10F61000764BB4F848501340092B05BFB4F890302E
:10F620005B196B1C01339BB25D1BADB2012DA4F8BD
:10F63000483040F0AA80626FE36F94F878101A4463
:10F6400094F8793062670B44DBB21E2B85BF1F3BF9
:10F65000013284F8783084F8783088BF6267A37804
:10F66000980762D5B4F84820B4F800319A425CD1CA
:10F67000E379B4F8FA00022B03D1B4F84630590606
:10F680000FD4B4F8683083420BD1B4F89020B4F8AA
:10F69000FC309A4205D1B4F86A20B4F8FE309A42A0
:10F6A00003D0A37843F01003A370B4F8FE30A4F89D
:10F6B0006A30B4F8FC30A4F8903094F8F63084F84E
:10F6C000383040F2E24213FB02F3C4F88430B4F85D
:10F6D000F830A4F87030A4F8680004F1790204F15D
:10F6E0007C01FFF701FFB4F8E8305BB1B4F8F40037
:10F6F00040F2712358431E30FFF72EFE0023E066D0
:10F70000A4F8E830B4F8F83043B140F2E2425A438A
:10F7100004F1780104F17400FFF72CFE636FC4F864
:10F720008C30A37823F00203A370A3789A061BD52C
:10F73000238DB4F848209B1A1BB2002B14DC04F173
:10F740002306304603F0A3F8314684F82F00052243
:10F7500004F11E0004F0C9FDA37823F02003A37078
:10F760000121204601F043FC29462046FFF7FAFE1E
:10F77000637884F82D009B06606F13D5236E1B1AE7
:10F78000002B0FDC4FF0FF3070BDB4F8682040F262
:10F79000E2435A436A4304F1780104F17400FFF72D
:10F7A000E9FD5CE7E379022B1ED194F83720D4F809
:10F7B000801003F087F8B4F8683040F271225343A8
:10F7C000963B9842DED2D4F884301030C4F88800DA
:10F7D0001844FFF7C1FDA330054B1A78636F9B1ADD
:10F7E0000344E3650020CFE7A320F5E709006200AA
:10F7F0003CE80020014B1868FFF7EABD70E70020E5
:10F8000038B5058ABDF810409542457A16BF028288
:10F81000002201228D421CBF4172012244B1418A63
:10F82000A14205D044824BB9002101F095FB09E0CB
:10F8300033B1817A994203D08372F5E70122F8E768
:10F84000002AF1D1002038BD38B504220446002139
:10F85000002504F000FD222384F83D3007222946CC
:10F86000A4F84850A571658704F13E0004F0F3FC4C
:10F870007F232372FF2384F839300C2284F83C5014
:10F88000E56484F8355084F89250A4F84650A4F802
:10F89000E850294604F19C0004F0DDFC144BC4E957
:10F8A0002834234643F8AC5FC4F8B0304FF080737F
:10F8B0002363104BC4F8A8509A7862725A78A272E7
:10F8C000DA88DB8963820C4B2282C4E905334FF46A
:10F8D000A473A3831B23E372A373084BA4F84A50B9
:10F8E00041F61B32A2811A68C4F8B4201C6038BDEE
:10F8F00081FA010074E700204801480150E6002029
:10F9000038B5828A438AC18A934228BF1346428B04
:10F910009A42028A16BF4383002301238A4228BFEA
:10F920000A46018B914218BF0283C17A827A14BFC2
:10F9300001251D468A4228BF0A46817B914218BF95
:10F940008273017B427A1CBF01252B468A4228BF65
:10F950000A46417B9142044606D0427393B9204641
:10F96000BDE8384002F0EEB94BB1A07B012102F0B6
:10F97000EBFA638B80B2834228BF0346A383002D3A
:10F98000EDD138BD1D46F0E7F7B50446CC300D4645
:10F9900002F050FEEFF3108672B6364B1B68A3429E
:10F9A00006F0010601D1FFF707FD06B962B64FF078
:10F9B000FF33009300231A460321D4F8B800F6F76A
:10F9C0002BFD2D49D4F8B4200B68A34218D10A604E
:10F9D000D4F8A80020B1F7F722FC0023C4F8A8301F
:10F9E00004F1AC07D4F8AC6096B17368C4F8AC30DD
:10F9F0000BB9C4F8B070A6F11000F7F710FCF1E7EE
:10FA00001946D3F8B430A342FAD1C1F8B420DFE7E5
:10FA100004F19C00FEF7F6FD6378A67103F018036D
:10FA2000182B07D13146204602F0F7F9637866F3C8
:10FA3000041363706378DB0607D52946204602F07D
:10FA4000ECF9637823F0100363704DB1022D03D1FC
:10FA500094F90130002B03DA2946204600F038FEE5
:10FA60000023C4F8B430054B5A681460B4345C60A9
:10FA700003B0F0BD70E7002050E6002048E600200B
:10FA800038B5044602F0C2FBA468637813F0400561
:10FA90001CD1236803F4C033B3F5C03F09D194F8F7
:10FAA0003B10002908BF13212046BDE83840FFF76E
:10FAB0006BBF04F19C00FEF7A5FD2378DB0748BF70
:10FAC000C4F884502046FFF78BFD08B11621EBE700
:10FAD000237884F8320060F300032370204601F09D
:10FAE00053FA1C4BC4F8DC30204602F0AFFCC8B916
:10FAF000A379012B0BBFB4F86800B4F86A0041F693
:10FB00004C5342F210730BBF584358433E2508250F
:10FB1000FFF722FC636FD4F88C209B1A834207D333
:10FB20002946C1E72046FFF75BFD0028DCD0CDE782
:10FB3000204600F05BFD637803F01803182B07D113
:10FB40000021204602F069F9637823F01003637006
:10FB500038BD00BFEDF3010010B5084C0020FEF7E2
:10FB6000C7FC206840B1037823F0010300F89C3BF8
:10FB7000FEF7CAFC0023236010BD00BF70E7002021
:10FB800070B504460D46EFF3108672B6074B1B683E
:10FB9000834206F0010601D1FFF70EFC06B962B6FA
:10FBA00029462046BDE87040FFF7EEBE70E7002012
:10FBB00038B5154D2C680CB9012038BD636D8B42EA
:10FBC0000BD00020FEF794FC04F19C00FEF79CFC97
:10FBD00000232B604FF0FF30EFE72278A388C3703B
:10FBE00042F0010202232270A371D3B2D206E3D500
:10FBF00023F0100323708368C4F880306367C36800
:10FC000084F87830D8E700BF70E700202DE9F04194
:10FC10000546C878FFF78EFC0F46044640B3FFF751
:10FC20002BFC2A68137813F0030621D092F8018088
:10FC3000B8F1000F01D1012E1AD11E493A79097885
:10FC4000521A2272E279022A05D15A0742BF22785B
:10FC500042F00802227094F8332003F008039A421D
:10FC600006D0012E84F8333007D1B8F1000F0CD143
:10FC70002846BDE8F041F7F7D2BA032E05D1294650
:10FC80002046BDE8F04101F0D3B902212846F7F73C
:10FC90000DFC2F68A188384641EA0631F6F73CFF93
:10FCA000B81C4146F6F738FF2846BDE8F041FCF79E
:10FCB00095B800BFC8E500202DE9F04FB1F80090DD
:10FCC000864B05781C6890F801808FB019F0800988
:10FCD00000900E4604D008F10200FEF74BFB81466F
:10FCE000002C00F0D68101214046D6E9027A02F0CC
:10FCF0002BF933881B0660D494F832300133DBB221
:10FD0000012B84F8323000F2C481E379022B40F0F9
:10FD1000C08194F90130002B80F2E68023784FF007
:10FD2000000B43F0040323705E4601275D462378F1
:10FD300059070BD50EAB049300238DF82830ADF88E
:10FD40002A30ADF82C300DF1280B04AE94F8303089
:10FD50000BB147F0080794F8313047EA051013B1AA
:10FD600040F00400C0B294F901308BF80100002B80
:10FD7000C0F27381E379022B00F05B81002002273F
:10FD8000214603F07FF8314655483A4603F07CFAA5
:10FD90000646002800F06481B9F1000F06D00098F3
:10FDA000494602F0A1FF4846FEF7B4FB002E00F0E2
:10FDB0006B812046FFF70CFB67E10026504484F876
:10FDC0003260FFF7C9FA05F0030ABAF1030F3844AD
:10FDD00008BF009BC4F88C0084F834500CBF9F7897
:10FDE0003746B9F1000F04D02E0794F8313017D5FB
:10FDF000C3B9237894F8301013F0040305F0040518
:10FE000002D1D4F8A820A2B18DB191B981F001013D
:10FE100084F830100BB3237823F00403237008E038
:10FE2000002BE6D183F0010384F83130E1E70029AB
:10FE3000ECD1BAF1030F7FF468AF022F7FF465AF06
:10FE4000B8F1020F7FF461AF637843F08003637011
:10FE5000009BDB7884F83B3057E7D4F8A850002D9E
:10FE6000E7D06A7E02F00302032A0CD1C4F8A8305E
:10FE70002146284601F0FFFB06460028D9D0B9F1FB
:10FE8000000F8CD195E76B8BAA8B288A13449BB209
:10FE900083426B8312D352B1B4F84A3001339BB220
:10FEA000022BA4F84A3002D90E48FEF72DFB284653
:10FEB000F7F7B5F90023C4F8A830BAE7C01A86B23C
:10FEC0000121208BFEF704FC637BB34228BF33463D
:10FED000834228BF0346AB83ABE700BF70E7002037
:10FEE000A1E40100A4E50020D4E92A65002E40F039
:10FEF0008F802378580700F19680002D3FF40FAFD4
:10FF0000D5F804A0C4F8ACA0A5F11006BAF1000F12
:10FF100003D104F1AC03C4F8B0306B7AAB4603F004
:10FF20000303032B3BF8088B65D15FFA88F3314656
:10FF30002046019301F0EFFA019B6F7AAB8100211B
:10FF4000C4F8A8605546CA1815B990457FF7EFAEBA
:10FF5000DFF848C1606FE56F9CF800C00544A5EB71
:10FF60000C0A94F8785094F879C06544EDB21E2DCF
:10FF7000E56E88BF0AF1010A35B12844A0EB0A05F5
:10FF80003AEA250A28BF824604A8CDE90212019365
:10FF900002F074FBDDE90131039A30B10498A0EB63
:10FFA0000A053AEA250A28BF8246904594F80DC012
:10FFB000A58B0193C5BFA8EB0100C01A604680B2B3
:10FFC000604528BF60460121C0B201F0BDFF019B22
:10FFD00001218046184601F0B7FF05F5E17545445B
:10FFE0002844FFF7B9F90546F7F75CF80544A5EB97
:10FFF0000A05ED0F9BE6208B0121FEF769FB637B71
:020000022000DC
:10000000434528BF4346834228BF0346DBB294E7FB
:10001000718BB6F81080337F06F1180B39B9777EF3
:1000200007F003078FE7B346B04631463346012752
:1000300089E7002D7FF4A2AE94F83230002B7FF4D4
:100040009DAE94F83430DA063FF598AE33681978EF
:1000500000F038FF00287FF491AE0F4800278FE6AC
:10006000237865F3410323705B077FF595AE94F920
:100070000130002BBFF690AEA37843F00103A370CC
:10008000B9F1000F7FF48BAE002630460FB0BDE80B
:10009000F08F4FF0FF36F2E6E9F301003CE8002074
:1000A000032A10B504BFCB800B8200230B764B8351
:1000B0004A76EFF3108272B64B61D0F8B03001F19E
:1000C00010041C601431D307C0F8B01000D462B61D
:1000D00010BD10B50446C1F30B00FFF72BFA58B161
:1000E00011F4405F1346214618BF0122BDE81040BD
:1000F00008BF0222FFF7D4BF2046BDE81040F7F743
:100100008EB870472DE9F84FDFF88C82D8F80040A0
:100110000546894616461F4600F1020B002C40F0AA
:10012000F680FFF713FA0446002800F0FF8005F17F
:100130000E00F6F70EFD6065B5F81320AB7C43EAC0
:100140000223A3656B7D84F8383005F11600F6F7BD
:10015000FEFCA4F8700005F11800F6F7F8FCA4F80E
:10016000680005F11A00F6F7F2FCA4F8900005F11A
:100170001C00F6F7ECFC04F11E0AA4F86A00052244
:1001800005F11E01504604F0B0F895F82300B4F8CC
:10019000702000F01F0084F82C0095F823305B09D4
:1001A00084F83730B4F868309A4200F2E0809A1F41
:1001B00092B240F67A418A4200F2D98094F838101F
:1001C000002900F0D480B4F89020B2F5FA7F80F0D6
:1001D000CE8005380B2800F2CA80B4F86A0042F2DB
:1001E000107C01320CFB00F012FB03F240F6C41C41
:1001F0000CFB02F2904240F2BA80013B082BA8BFF0
:100200000823994200F2B3800622594604F1950072
:1002100004F06BF884F89490504602F038FB012803
:1002200084F82F0040F2A380B4F8680004F179024A
:1002300004F17C01FFF758F90223E3712046FFF730
:1002400003FB17B92B789B0678D5237843F020035E
:100250002370636D83EA1343638500212046FFF713
:1002600081F94B4BC4F8DC300123A371237884F867
:100270002D0023F001032370F6F714FFE379606685
:10028000022BC4F88C0040D1B368F068C4F8803009
:10029000B4F87030B17940F2E24202FB030522204B
:1002A00001F052FEB3782844242B00F2E24205D834
:1002B00096F90530022B45DC002B48DCB3686367F8
:1002C0002146002301F8783F04F17400FFF752F84B
:1002D00094F83820656F40F2E24312FB03F141F2DB
:1002E0008830C4F8841002FB0300FFF735F80135AD
:1002F0000544E565204602F0FBF858BBE379022B84
:1003000003D131462046FEF7D7FF01200FE0062239
:10031000594604F1950003F075FF60B92A7894F806
:100320009430520603F0010303D523B10020BDE849
:10033000F88F002BFAD0D4F8B440EFE684F82E7092
:1003400001218BE7032BB9D100F6A662B6E700F6D0
:10035000C412B3E72046FFF743F90028CAD0D8F803
:100360000030D4F8B420A3420AD1C8F800200023FA
:10037000C4F8B430074B5A681460B4345C60D5E7F5
:100380001946D3F8B430A342FAD1C1F8B420EEE74D
:10039000EDF3010048E6002050E60020F8B5204BC0
:1003A000186818B100211960FFF7EEFA1D4C20689B
:1003B00018B10021FFF7E8FAF9E702F0C9FFFB28BE
:1003C000064628BFFB26F6B2371D174DFFB204467E
:1003D000012138466E7001F0B7FD0121E8813846F1
:1003E0002E7001F0B1FD1B2C28BF1B24E4B2AC70B1
:1003F0000434E4B2A8810121204601F0A5FD0121C9
:10040000E880204601F0A0FD03212881204601F06C
:100410009BFD1B23EB704FF4A4736881AB80F8BD88
:1004200070E7002050E6002074E7002070B5114C02
:10043000114D124B002631464FF48E7220461E603D
:10044000C5E9006503F007FF0123A3806B68C4F8CA
:10045000B4601C6004F1B4036B602046032384F88D
:10046000CC30C4F8D84001F02BF9BDE87040FFF75C
:1004700095BF00BF54E6002048E6002050E600206B
:10048000002101F0A8BC884210B51BD8052819D955
:10049000B1F5486F16D8B2F5FA7F13D2A3F10A006E
:1004A00080B240F67644A0420CD842F21070584315
:1004B00002FB011140F6C4135943884294BF122035
:1004C000002010BD1220FCE72DE9F04105460A206E
:1004D0000E461446984601F099FB0746002850D076
:1004E0003E231F22237062700021A01C03F0B3FE84
:1004F0000A23A370E670002D3CD0AB88A380EB7973
:10050000013BA37195F89430E371062205F1950142
:1005100004F1080003F0E9FEEB79022B2FD14046ED
:10052000FEF7DCFE064628B10146062204F10E0065
:1005300003F0DBFEE379012B0CD9EB79022B03D11D
:100540004046FEF7DEFE06460622314604F1140060
:1005500003F0CBFEB5F868306383B5F89030A38321
:10056000B5F86A30E383EB79022B04BF95F8373096
:1005700084F820302046BDE8F04101F0ADB80026F7
:10058000D8E7012001F042FB58B33E231322237029
:1005900062703946A01C03F05EFE0123A370E67072
:1005A000002DE7D0AB88A380EB79013BA37195F8D0
:1005B0009430E371062205F1950104F1080003F07F
:1005C00094FEB5F86830E381B5F890302382B5F831
:1005D0006A306382EB79022BCCD195F837302375E2
:1005E000C8E72046BDE8F041FDF7C8BD2DE9F84356
:1005F000044610B3F4F7EEFB334B1B68C01AB0F59A
:10060000006F1AD2B4F84A30C3B30020FDF7A4FD3E
:10061000A0B31322027001228270A288A0F80320E6
:10062000B4F84A20A0F80520052242700023A4F85F
:100630004A30BDE8F84301F04FB8244B4FF00008B2
:100640001C684046C1464546012613273CB990B177
:1006500001F042F8F4F7BEFB1B4B18600EE0A379E3
:1006600073B3B4F84A3013B9D4F8AC3043B360B9BB
:10067000FDF772FD20B9B8F1000FEBD1BDE8F883AA
:100680000770467000F10209857099F80030A18862
:1006900009EB83020133A2F80110B4F84A10A2F862
:1006A00003104278DBB20432112B427089F800301B
:1006B000A4F84A5004D101F00FF84FF001080020CF
:1006C000D4F8B440C2E700BF84E7002050E6002021
:1006D00038B5054605200C4601F0BAFA88B100206D
:1006E000FDF73AFD68B10522027004224270002233
:1006F0008270AA884471BDE83840A0F8032000F059
:10070000EBBF38BD022938B50C4622D10088FEF770
:1007100011FF0546F8B14378D80601D50C2038BD45
:1007200019070BD4B5F846301A0707D4EB79022B1A
:100730000AD000220321284600F0F2FB6B7843F038
:1007400010036B700020EAE7FDF76AFF0307F0D49F
:10075000E4E71220E3E72046E1E70000F8B5078868
:100760000546B8B2FEF7E6FE0446002873D06A8854
:10077000B0F8683090B2834228D3A988994225D333
:10078000B4F89010EB88994220D1B4F86A102B8904
:1007900099421BD1AB896A899A4201D91220F8BDCE
:1007A00040F2712202FB03F01E3047F611239842FB
:1007B00009D82D4B5843800DE06621462B4801F0A7
:1007C00073FA0020EBE7F6F771FCF5E7B4F8463072
:1007D00003F04103002B40D194F83D6016F002066F
:1007E00004D1E379022B02D11A20D8E70626A37898
:1007F000190702D5E179022931D09B0602D5E379A8
:10080000022B2ED0A4F8EA20AB88A4F8EC3099B2E1
:10081000EB88A4F8EE30B5F808C0A4F8F0C09AB29E
:100820001FFA8CF3B5F80AC0A4F8F2C0AD89A4F899
:10083000F4501FFA8CFE1FFA85FCE645AED8FFF790
:1008400022FE02460028A9D1A4F8E87031462046CD
:1008500000F066FBB5E70220A1E70C209FE723200C
:100860009DE72A209BE700BFDF18020081040200F9
:100870000E292DE9F047054690461F4667D1B0F88E
:100880000090FDF7CDFE82071FFA89F45BD5204664
:10089000FEF750FE0446002857D08388A0F8E830C1
:1008A0006888A4F8EA00A988A4F8EC10EA88A4F8FB
:1008B000EE202B89A4F8F030B5F80AC0A4F8F2C0F5
:1008C000AD89A4F8F4509BB292B289B280B21FFAFB
:1008D0008CF6FFF7D8FD1FFA85FA054650BB564542
:1008E00088BF1225A3781B071DD52DBB10211B2007
:1008F000F6F77FFC064690B1D0F800A004F58272AE
:100900005146204600F026FA124B8AF800001B5C84
:100910000133DBB2032231462046FFF7C1FBA37847
:1009200023F00803A3700223A8F800903B70284628
:10093000BDE8F0871225D5E794F836103B22204613
:1009400000F0C6FDEBE70125EDE70225EBE71225F8
:10095000EDE700BF3C6B020003292DE9F04105469D
:1009600017461E4623D1B0F80080FDF759FE8207D6
:100970001FFA88F417D52046FEF7DCFD0446A0B127
:1009800083781B0708D5AA7890F8361000F0A0FDF0
:10099000A37823F00803A37000200223A7F80080A7
:1009A0003370BDE8F0810120F7E70220F5E712205F
:1009B000F7E7000038B505460088B0F5706F09D23A
:1009C000AB781A2B08D8042B04D90E4A22FA03F369
:1009D000DB0705D412200FE0292B01D03B2BF9D1E6
:1009E000FEF7A8FD48B190F83A4044B9AA7880F8DB
:1009F0003A2000F071FA204638BD0220FCE70C20B6
:100A0000FAE700BF20003804022910B50C4615D1C2
:100A10000088FEF78FFD98B1B0F84610CA0611D4D1
:100A2000427812F0020204D1042100F079FA002089
:100A300010BD41F01001A0F84610F8E71220F7E7CA
:100A40002046F5E70C20F3E70229F8B50C461546D9
:100A50001E460FD10088108080B2FEF76BFD30B1CA
:100A600090F908300020AB7003233370F8BD7F236A
:100A70002046F8E71220F9E70229F8B50C4615469A
:100A80001E461AD10788B8B2FEF754FD0146A81CCD
:100A900039B9052203F0DFFB204607232F8033708E
:100AA000F8BD8B789B064FF0050204D5233103F087
:100AB0001CFC0020F1E71E31F9E71220F0E70629BF
:100AC0002DE9F743044617461E4603D0122003B013
:100AD000BDE8F083B0F800801FFA88F0FEF72AFD29
:100AE0000546A0B1B4F80290A4884846214600F01B
:100AF00008FE0028EAD000230093224649462846F3
:100B0000FEF77EFE0223A7F800803370DFE70220A5
:100B1000F8E72DE9F84305460C4601F1020901F119
:100B200004088F1D1646002A3DD011882046F5F78F
:100B3000F3FF71884846F5F7EFFFB1884046F5F7B7
:100B4000EBFFF1883846F5F7E7FF00232372B5F88D
:100B5000481004F10900F5F7DFFF04F10B004FF630
:100B6000FF71F5F7D9FF04F10D004FF6FF71F5F7AE
:100B7000D3FF04F10F004FF6FF71F5F7CDFF04F13D
:100B800011004FF6FF71F5F7C7FF04F113004FF6A0
:100B9000FF71F5F7C1FF04F115004FF6FF71BDE8D5
:100BA000F843F5F7B9BFB0F8EA102046F5F7B4FFFF
:100BB000B5F8EC104846F5F7AFFFB5F8EE10404633
:100BC000F5F7AAFFB5F8F010BCE738B50C460546B6
:100BD000817A601CF5F7A0FF698AE01CF5F79CFF9D
:100BE000697A601DF5F798FF298AE01DBDE8384055
:100BF000F5F792BF2DE9F843044689461B201021E2
:100C00001546F6F7F6FA074678B3066806F10108C6
:100C1000B9F1080F1ED8DFE809F0052B1D3845563D
:100C20005B686200A378002D14BF0122002223F02C
:100C3000060343EA8203A3700CD02A4602F1180C83
:100C400004F58275106851682B4603C3083262456B
:100C50001D46F7D10025264B35705B5D0133DBB2B5
:100C6000032239462046FFF71BFA3846BDE8F883D1
:100C700020490522404603F038FB0522414604F195
:100C8000230003F032FB0125E5E7E379022B0CBFDB
:100C90000E250025FDF7C4FC02460B464046F5F73D
:100CA00047FFD8E7637843F002036370092373704A
:100CB00040F6FF71B01CF5F72FFF0021301DF5F74E
:100CC0002BFF0C25C7E794F83A3073700225C2E772
:100CD000002241462046FFF71CFF0F25BBE73146A7
:100CE0002046FFF772FF1425B5E71225B3E700BFD2
:100CF0003C6B020061E5002080682221FEF740BFC6
:100D00002DE9F041044608460D46F5F720FF074659
:100D1000A81CF5F71CFF8046281DF5F718FF0646AE
:100D2000A81DF5F714FF1A2F12D9B8F5A47F0FD319
:100D30001A2E0DD9B0F5A47F0AD3A082A4F816808C
:100D400020462773E672FEF7DBFD0020BDE8F08148
:100D50000120FBE708B5C379022B04D10131FFF76D
:100D6000D8FE102008BD0020FCE7F8B50446084670
:100D70000D4617461E46F5F7EAFEA4F80401A81C26
:100D8000F5F7E5FEA4F80601281DF5F7E0FEA4F846
:100D90000801A81DF5F7DBFEA4F80A012B7A84F8F8
:100DA0000C3105F10900F5F7D2FEA4F80E0105F1AA
:100DB0000B00F5F7CCFEA4F8100105F10D00F5F7D6
:100DC000C6FEA4F8120105F10F00F5F7C0FEA4F865
:100DD000140105F11100F5F7BAFEA4F8160105F1AA
:100DE0001300F5F7B4FEA4F8180105F11500F5F7A6
:100DF000AEFEB4F80A31A4F81A01B4F80821B4F828
:100E00000611B4F80401FFF73EFB002853D10F2E62
:100E100004F5827515D1B4F86830B4F804219A420B
:100E20000FD8B4F806219A420BD3B4F86A20B4F86C
:100E30000A319A4205D1B4F89020B4F808319A42A8
:100E400033D0E379022B01D0102E1ED1B4F8E83054
:100E5000DBB1B4F80431B4F8EA108B4215D3B4F81E
:100E6000EC20934211D8B4F8063199420DD89A4239
:100E70000BD3B4F80821B4F8EE309A4205D1B4F897
:100E80000A21B4F8F0309A420FD0062000F0BEFEDE
:100E9000B0B12046294600F079FFA37884F8366087
:100EA00043F00803A370FF20F8BD2A4639462046C8
:100EB000FFF750FFF8E71E237E70BB701120F3E7A9
:100EC0001A23F9E700F00300032803D18B1E5842D0
:100ED000584170470020704770B500220521054633
:100EE000FFF788FEA0B16B78B5F86A4043F02003A5
:100EF0006B7042F210735C43F6F7D4F847F6112397
:100F00009C42064605DC054B5C43A00D06442E665C
:100F100070BD2046F6F7CAF8F8E700BFDF180200F8
:100F200038B590F83930FF2B04460D460CD1FFF749
:100F300061FE48B1012D84F8395005D04FF42041AD
:100F400004F1B80002F0D4FBB4F846200123AB4012
:100F50001343A4F8463038BD90F83D309B0612D5B7
:100F600069B1437A1B2B0AD8837A1B2B07D8038AD3
:100F7000B3F5A47F03D8438AB3F5A47F03D9002235
:100F80000821FFF7CDBF704710B590F83A1004461E
:100F900031B14378990629D4BDE81040FFF79CBFD2
:100FA00090F83930FF2B21D1B0F84630F3B1B4F8C6
:100FB00046300B41DA0716D504290ED163785B075A
:100FC0000BD50021204600F04CFFB4F8463023F04A
:100FD0001003A4F846300521E9E720460022BDE8C9
:100FE0001040FFF79DBF01310E29E0D110BD73B550
:100FF00090F839308B4204460D460BD14FF0FF3646
:1010000000960023D0F8B8001A460321F5F704FA39
:1010100084F83960B4F846300122AA4023EA02037A
:101020002046A4F8463002B0BDE87040FFF7ACBFE0
:101030002DE9F0470D68DFF8948495F80290B9F136
:10104000290F04460F4600F236826B7818F8092003
:10105000013BDBB29A4240F02E82A9F10303242B1C
:1010600057D8DFE803F03C563C565656563C565689
:1010700056423F3F5639561356365656335656301B
:101080005656565656565656564545004FF0200A67
:101090000026FDF7C5FA00EA0A003140084338D1BE
:1010A000B9F1030F40F0398194F83DA01AF0040A19
:1010B0004FF01A0320D085F80190AB7011262E70E6
:1010C0004FF0000A1BE04FF0007AE1E74FF4803A5E
:1010D000DEE74FF4106ADBE74FF0100AD8E74FF075
:1010E000010AD5E74FF0020AD2E74FF0080ACFE72E
:1010F0004FF0000A2026CCE76B700D262E7018F8F2
:1011000006300133DBB2032239462046FEF7C8FF22
:101110004BE0EE1CB9F1150F42D8DFE819F01600CC
:10112000610041004100410041004100AD00FB0071
:101130002B01410041004B01B301FE008701A201D8
:10114000B301D401820179009300EB7884F8F63082
:10115000281DF5F7FCFCA4F8F800A81DF5F7F7FC2E
:10116000A4F8FA0005F10800F5F7F1FCA4F8FC007A
:1011700005F10A00F5F7EBFCA4F8FE0005F10C0000
:10118000F5F7E5FCB4F84830A4F80001C31A9BB2A7
:1011900047F6FE72934215D928212046FEF7F0FC4F
:1011A0004FF0000A3846F6F73AF8E378DA0606D543
:1011B00023F01003E37001212046FFF7CDFE5046D7
:1011C000BDE8F087A27842F00202A270002BE7D1BE
:1011D0000130A4F8F83084F8F630A4F80001DFE715
:1011E00005F10800F5F7B3FCB4F84830C31A9BB218
:1011F00047F6FE729342CFD820850522314604F18E
:10120000230003F072F8A37843F02003A370C7E72C
:1012100031462046FFF774FD8246002840F04B819E
:1012200094F83930082B07D0B4F84630D90544BFBC
:1012300023F48073A4F8463029462046FFF7C5FC06
:1012400015265BE794F83930082BA9D131462046A2
:10125000FFF756FD824658B9FF2608212046FFF7C2
:10126000C6FEFF2E9ED0072E2E707FF448AF26E1DB
:1012700007264FF0FF3AF0E7ED7895B10E3DEBB25F
:10128000062B36D8062D34D8DFE805F01B2329338A
:101290002B33040094F83D3023F0200384F83D30D4
:1012A000082594F83930AB427FF47AAF29462046BE
:1012B000FFF79DFE062D1ED11A21204600F08BFD62
:1012C0006EE794F83D3023F0080384F83D300325A1
:1012D000E7E794F83D3023F0020384F83D3006251B
:1012E000DFE794F83D3023F0100384F83D304D469D
:1012F000D7E70E25D5E7032D7FF452AF6378DA06E2
:1013000003D51A21204600F088FD637823F01003EE
:10131000637045E7E379022B04D007232B704FF06D
:10132000000ACCE0FDF77CF9EB7884F83D3081468B
:101330008A460722291D04F13E0002F0D6FF637899
:101340001B0758BF266894F83D305CBF46F08056B6
:1013500046F4006603EA090358BF266084F83D306E
:101360004A465346681CF5F7E3FB94F83D306B7032
:101370000926A4E6EB7884F83D30291D072204F104
:101380003E0002F0B2FF63781E075FBF236843F0A0
:10139000805343F400632360B4F846301D0703D53F
:1013A00003212046FFF723FE6378D8067FF5F8AEC9
:1013B0000021A7E7EB7884F83C3005F1040A504699
:1013C000F5F7C5FBA4F84C00A81DF5F7C0FB617844
:1013D000A4F84E0041F0040111F002066170CBB296
:1013E0001DD143F00203637009236B7040F6FF7157
:1013F000A81CF5F791FB31465046F5F78DFB4E469C
:10140000B4F84630D90607D50021204600F029FD62
:1014100004212046FFF7EBFD4FF0000A21E7FF26ED
:10142000EEE707212046FFF7E2FDB9E6A3781A07A9
:101430003FF5B6AEB4F846305B060AD5E379022B29
:1014400007D106212046FFF7D2FD2321204600F0D8
:10145000C2FC0F2331462A462046FFF786FCC6B25F
:10146000DAE7E379022B3FF458AFA378180744BFBB
:1014700023F00803A370B4F8463059067FF590AE08
:101480001023E7E794F83910B9F10D0F0CBFED7890
:101490002D79062902D00829C4D081E6B9F1110FAF
:1014A0007FF47EAEE379022B7FF47AAE2046FFF71D
:1014B0009EFD294601E707232B704FF0FF3A85F880
:1014C000019007261BE61326F9E500BF3C6B0200DE
:1014D00070B504460E461B2010211546F5F789FE0F
:1014E0000146B0B1032E03680DD194F83D20520798
:1014F00009D40D221A705D70022320460322FEF7E4
:10150000CFFD002070BD11221A705E709D70032304
:10151000F3E70120F6E7F0B50D68297887B00446B7
:1015200029B1012900F09880002007B0F0BD1822F1
:10153000684602F090FEB4F89010B4F84860A378C2
:10154000B4F802210E4413F0040306F1070618BF95
:1015500004F58273B6B2002A5FD0B4F86830ADF8F3
:101560000230B4F86A30ADF806300023A4F8023136
:10157000ADF80410ADF80C206B469F8959884FF6E2
:10158000FF72974266D0B4F868C0588940F2E24EC4
:101590000EFB01F20EFB0CFC0EFB07F7A0EB060E98
:1015A0001EF4004F4CD10CFB0E77B7FBF2F002FBA0
:1015B000107240F2E240B2FBF0F292B2A4F8F820CE
:1015C000DA889B88A4F8FC30A4F8FA10A4F8FE206E
:1015D000012384F8F630A4F800616B70B4F8F810B9
:1015E000A81CF5F799FAB4F8FA10281DF5F794FA43
:1015F000B4F8FC10A81DF5F78FFAB4F8FE1005F149
:101600000800F5F789FA314605F10A00F5F784FA82
:10161000A37843F00203A37086E7002BADD1B4F8A2
:10162000EC20A4F8FA20B4F8F020A4F8FE20B4F8D6
:10163000EE20A4F8F830A4F8FC2094F83830C8E77D
:10164000301A0CFB00F0C01BB0FBF2F702FB1700D6
:10165000121AAEE70022B1E7B0F89030B0F84810A7
:101660001944073189B20185A81DF5F755FAA37809
:1016700043F02003CFE710B503681A78022A06D09A
:10168000112A0BD00024F5F7CAFD204610BD4B7877
:1016900043F040034B704FF0FF34F4E791F83920EA
:1016A000062AEFD15A780F2AECD19B78232BE9D068
:1016B00081F835308B7843F010038B70E2E700003F
:1016C0000346024A0249B83001F0F0BFF90C0200AB
:1016D0006CE5002000207047FAF77CBB08B50020BD
:1016E000FCF73AFD60B10E22027003224270012223
:1016F00082700022BDE80840C2700271FFF7ECBFA3
:1017000008BD1B38E02809D8A1F5A47080B244F2C6
:10171000481398428CBF002001207047002070477A
:101720002DE9F34184682746002237F8065B8DF8DF
:101730000720C5F38522013AC5F30903072A0CD80F
:10174000DFE802F0040B195CA80B0BB3062BA178A1
:1017500004F1030004D01D2B0AD040F201103FE039
:10176000032940F04382FFF725F900F5807033E04C
:10177000FFF74AF9F9E7032BA27828D0632B38D07A
:10178000012BEAD1082A40F02F82B14BD4F8031084
:10179000D4F80720C3E9001200200E2323709DF81F
:1017A0000730A4F80350043363700123A370607101
:1017B000A84D2046FFF790FF2B682BB1A64C206860
:1017C000984700232B60236002B0BDE8F081002A17
:1017D00040F00A82FCF72AFF0128BED0FF28DCDD9A
:1017E0000F232370042363700123A070E370A5808E
:1017F000DEE7082A40F0F881984BC7E7013BA27862
:10180000082BAAD801A151F823F000BF311802001B
:1018100053180200671802005B1702005B170200F2
:101820005B1702005B1702005B17020081180200C1
:10183000002A40F0D9810923A37163724FF0FF336E
:10184000A3720F23E2712272E37222736273082380
:1018500006E0002A40F0C881384600F069FB4023CA
:101860008DF8073098E7002A40F0BE816023A2710E
:101870007A70BA70FA703B717A71BA71FA71E6E7F0
:10188000002A40F0B18176490622384602F02DFD4B
:101890000623E5E7052B7FF460AFA1780DF1070380
:1018A0003A46E01CFFF7D0F896E75A1EA67804F1F6
:1018B00003084C2A00F28181DFE812F04D00560047
:1018C00060007F0169006F0074007D008200870066
:1018D0007F017F017F017F018C0095009B00A000AC
:1018E000A500AA00DA00E2007F01E7007F017F0186
:1018F0007F01EF007F017F017F01F500FD00050101
:101900000D0117017F017F017F017F017F017F01B1
:101910007F017F017F017F0139017F017F017F010D
:101920007F017F017F017F017F017F017F017F01B7
:101930007F017F017F017F017F017F017F017F01A7
:101940007F017F017F017F017F017F017F017F0197
:10195000450152015B01082E40F04681414BD4F80D
:101960000310D8F8042015E7002E40F03D813E4BCF
:101970001A8AE280DB7B2372032371E7002E40F09A
:101980003381FCF74DFEC4F8060079605FE7002262
:1019900031464046FCF73AFD1EE731464046FDF72A
:1019A0000BFA19E7002E40F01F810DF107013846B0
:1019B000FDF77AFA10E731464046FDF751FB0BE799
:1019C00031464046FDF70EFB06E731464046FDF73F
:1019D00075FA01E7002E40F007810DF10701384646
:1019E00000F0B8FFF8E6002E40F0FE8000F0A0FF07
:1019F000F2E63146404600F0B5FFEDE6314640469E
:101A000000F0DAFFE8E631464046FEF7A7FEACE616
:101A1000052E40F0E980404600F039FF01280746D6
:101A200040F2E280E3791F2B00F2DE800F4832465D
:101A3000414602F0E7FB00283FF4AEAE3246414695
:101A40000A4802F052FC084B9F73FEF75AFBA3E6CC
:101A5000A0E700208CE7002088E7002098E700201E
:101A60004EE50020A8E7002058E5002061E50020B1
:101A70000DF107033A4631464046FEF7FDFFABE65F
:101A800031464046FEF73EFE6FE6002E40F0AC8049
:101A90000821384600F086FAD9E6002E40F0A480EE
:101AA000FCF7B6FD6FE70DF107033A4631464046B5
:101AB000FEF7DEFE90E60DF107033A46314640465A
:101AC000FEF74AFF88E60DF107033A4631464046E5
:101AD000FEF7F5FF80E6002E40F08680454BDA7871
:101AE0009B88E28023810423BAE6042E7CD1B4F8DB
:101AF0000360B4F80520304691B2FFF702FE0028DB
:101B000072D03C4B9A801A78F0B2964238BF0246A7
:101B10009A709A89D870914228BF114640F64802BF
:101B20008A4228BF0A46D9801A81598134E6002E9C
:101B30005AD1304B1A78E2809A8922815A78DB890F
:101B40006281A38183E6002E4ED16FF07E00FCF708
:101B500071FEA0717E20FCF76DFE0223E0717FE62E
:101B6000002E41D1244B1B882381244B1B88E3800A
:101B7000B9E7042E38D1B4F9033018461EB203F584
:101B8000A0639BB2B3F5206F2ED8B4F90530194687
:101B90001AB203F5A0639BB2B3F5206F24D8174B9C
:101BA0001880154B164819800A2196FBF1F3037033
:101BB00092FBF1F3134A1370EEE5262B0BD80C2B96
:101BC0007FF6CBAD0D3B9AB20F4BD340DB077FF5D1
:101BD000C4AD0120C9E5442B04D8422BF9D8322BDF
:101BE000F7D0BAE57E2BFBE71220D6E54FF48970DB
:101BF000F6E500BF74E7002092E7002090E70020A0
:101C0000C9E50020C8E50020411200030E4B5A68C8
:101C100002F00053920015D5411E0123A0F12102CC
:101C2000C0F1210023FA00F003FA02F28B400749C9
:101C30000243D1E9000103400A40134314BF0120CD
:101C40000020704718467047A0E70020A8E7002052
:101C50003F284FF0010315D9A0F14001A0F1600227
:101C6000C0F1600003FA02F223FA00F08B400C4945
:101C70000243D1E9000103400A40134314BF01208D
:101C800000207047411EA0F12102C0F1210003FA9B
:101C900002F223FA00F002438B400249E9E700BF59
:101CA00098E70020A0E70020024B1860024B196063
:101CB000704700BF8CE7002088E7002003460548F6
:101CC00010B5047824B98360FCF71EFC204610BDD3
:101CD0000720FCE7B0E7002008B5FCF779FC0020FE
:101CE00008BD000008B50C2200210F4802F0B3FA2D
:101CF0000D4A0E4B5360002393600D4A1F200021B4
:101D0000C2E900010B4A4FF0FF3041F6FF71C2E912
:101D10000001094A00200021C2E90001074A13809E
:101D2000074A138008BD00BFB0E70020211702005A
:101D3000A8E70020A0E7002098E7002092E7002015
:101D400090E7002010B504460720FFF75FFFE0B1E1
:101D50000020FCF701FAC0B13E2202700B22427053
:101D600007228270A288A0F80320627BA0F80520D9
:101D7000228BA0F80720A27BA0F80920628BA0F894
:101D80000B20BDE81040FFF7A7BC10BD38B50546D5
:101D900006200C46FFF73AFFE0B10020FCF7DCF923
:101DA000C0B13E2202700B22427006228270AA88C5
:101DB000A0F803202288A0F805206288A0F8072058
:101DC000A288A0F80920E288A0F80B20BDE83840DE
:101DD000FFF782BC38BD38B5044603200D46FFF737
:101DE00015FFC8B10020FCF7B7F9A8B13E22027078
:101DF0000A22427003228270C570A2888280B4F8E1
:101E00006820C280B4F890200281B4F86A20428130
:101E1000BDE83840FFF760BC38BD70B5054604200A
:101E20000E46FFF7F3FED8B10020FCF795F9044603
:101E3000B0B13E2303700C2343700423C67083703B
:101E4000AB88838095F83D308371072205F13E0110
:101E5000104402F04AFA2046BDE87040FFF73CBC4F
:101E600070BD38B504460C200D46FFF7F1FEC0B139
:101E70000020FCF771F9A0B10C2202700822427018
:101E80008570A288A0F8032094F83C204271B4F831
:101E90004C20C280B4F84E200281BDE83840FFF7E4
:101EA0001BBC38BD10B504461020FFF7D1FE50B161
:101EB0000020FCF751F940B110220270012242705B
:101EC0008470FFF709FC002010BD4FF0FF30FBE7E6
:101ED00008B51A20FFF7BCFE60B10020FCF73CF902
:101EE00040B11A220270012242708270BDE808409F
:101EF000FFF7F2BB08BD10B504461420FFF786FEBD
:101F0000A0B10020FCF728F980B13E220270042223
:101F1000427014228270A288A0F803202278C2F3B3
:101F200040124271BDE81040FFF7D6BB10BD000063
:101F30000149402202F0D9B9666B0200014B33F827
:101F400010007047B26B0200034B5A5C034B33F82E
:101F5000113000FB02307047A66B0200AA6B020032
:101F600010B5EFF3108472B60C4B1A7A1F2A04F0E6
:101F700001040FD81A7A0A490132D2B21A721A68C9
:101F800010701A688A420CBF1F3A01321A6004B9F5
:101F900062B610BD00F0A6FDF9E700BFE4E700203F
:101FA000E1E70020F8B506460C4600292FD0194D70
:101FB000194FEFF3108072B62B7A2A7AA34228BF0A
:101FC0002346D21AD2B2E41A2A7200F00100E4B217
:101FD00006F1FF3C1A4662B91E4400B962B600F031
:101FE00069FDA4B12B7AA342E3D22B7A1F2BF9D936
:101FF000DFE7696809780CF8011F6968B94214BF06
:102000000131A7F11F01013A6960D2B2E3E7002074
:10201000F8BD00BFE4E70020E1E7002008B5074B6A
:102020001A782AB1002206481A700621FFF7BAFF73
:10203000BDE80840024802F09BB800BFE42B002036
:10204000BCE7002008B5044B1B7A1F2B01D800F019
:1020500031FD002008BD00BFE4E7002008B5054AB7
:10206000054B06480121C3E9002200F001FD0020D4
:1020700008BD00BFC2E70020E4E70020611F0200A6
:10208000F8B5EFF3108772B6F5F70CF80E4C05466D
:10209000FCF734FA94F8243007F0010706461BB128
:1020A000A36AEB1A002B0CDA94F825301BB1E36A13
:1020B000ED1A002D05DA26B9237813B101F04FF996
:1020C000267007B962B6F8BDF0E7002010B5064CDF
:1020D000237843B901232370F4F7E4FF2063BDE8BC
:1020E000104001F037B910BDF0E70020024B00228C
:1020F0001A77FFF7EBBF00BFF0E7002038B51A4CA6
:1021000094F8242094F82530D2B1A56A2BB1E36A63
:10211000EA1A15EA220538BF1D46237F3BB1236A20
:10212000AB421FD0002311482377F4F7B9FFF4F72F
:10213000B9FF281A00280CDCBDE83840FFF7C6BFFD
:102140000BB1E56AE9E72377201DBDE83840F4F7D5
:10215000A7BF01232377256229460448BDE83840FC
:10216000F4F79CBF38BD00BFF0E70020F4E7002083
:1021700038B50A4C0A49002532232A46201D6380BF
:1021800025702577F4F784FF0C22294604F13400EA
:1021900002F061F8034BC4E90E3538BDF0E70020CA
:1021A000ED2002008120020038B50A4C0025201DD8
:1021B00025772562F4F774FF04F13400FCF722FA66
:1021C000237813B101F0CBF82570C4E90B55A56253
:1021D000A58438BDF0E7002010B5EFF3108472B687
:1021E000094B002816BF01220022598883F82520B8
:1021F00018BF426804F001041CBF521ADA62FFF7EC
:102200007DFF04B962B610BDF0E7002038B5EFF3EA
:10221000108472B6074D2846FCF7F4F915F8343CE3
:1022200004F0010413B12846FCF76EF904B962B654
:1022300038BD00BF24E8002010B5EFF3108472B65B
:10224000FFF744FF074B1A78022A04F0010404D177
:10225000F4F728FF04B962B610BD186B5B88013033
:102260001844F7E7F0E70020EFF3108072B600F0B3
:102270000100704700B962B6704701207047002026
:1022800070470000044B1A7822B9012203481A70E3
:10229000F4F706BF704700BF30E8002040E8002098
:1022A0000B78032B03D1C968C068FDF733B901204F
:1022B0007047000010B5094B1A786AB100221A70F5
:1022C000074B1C682046FFF787FF2CB16168054863
:1022D000BDE81040F4F7E2BE10BD00BF30E80020BA
:1022E00034E8002040E80020154A38B514682CB3C3
:1022F000D4E90531D3B19961A269136000236370F9
:10230000104B01221A70FCF7F9F80546F4F7CAFEE3
:102310002DB100F01FFE012D0AD0042D0BD0236932
:1023200020469847BDE83840FFF7C4BF5160E3E757
:10233000FCF730FDF3E7FDF70FFCF0E738BD00BF19
:1023400034E8002030E800202DE9F84F3E4E436885
:10235000D6F800A09146826804460F4603EB010BB5
:10236000A2EB0308BAF1000F0AD1034643F814AFF9
:10237000C6E90003012386614370FFF783FF52E043
:102380000025A368DAF804209B1A002B22DCDAF877
:102390001830C4E905A31C6004F11403CAF818300E
:1023A00001236370002D3BD000272B466D699A698D
:1023B000002D43D0AA619A6915601A785F70012ACE
:1023C0003ED0032A03D1D8689C30FCF79DF8AC427C
:1023D000EBD125E0DAF8083062689B1A002B06DDA5
:1023E00051462046C84780B1002D08BF5546DAF84F
:1023F00014A0BAF1000FC4D17368A361C4F814A08B
:102400001C6004F114037360CAE7DAF80830013382
:1024100063601FB1A3EB0B02002A0BDB0023637088
:102420003368A342A9D06078B0FA80F040094042F6
:10243000BDE8F88F4344A3600546D8E77260BAE769
:10244000D868FCF78CFCC2E734E8002070B5254B57
:10245000456F1B78ED1AC379C0F8D050022B0446A3
:1024600000F1CC0611D1D0F8880047F6112398422C
:1024700028D81D4B5843800DD4F8D050013D2D1A5B
:102480000023C4F8D05084F8CE30E36DC4F8D430C3
:10249000F4F708FE2D1A002D10DBFFF7E5FE0546C8
:1024A000FCF72CF8042810D1FDF73AF8D4F8D03016
:1024B000C01A002809DD2846FFF7DCFE4FF0FF3484
:1024C000204670BDF4F7F2FDD6E7084A00213046F9
:1024D000FFF73AFF04462846FFF7CCFEFFF7EAFE77
:1024E000EEE700BF3CE80020DF180200A122020056
:1024F000F8B5164B456F1F78044600F1CC06D0F8AE
:10250000880047F6112398421CD8114B5843800D80
:10251000ED1B013DE36DC4F8D43000212D1A84F881
:10252000CE10C4F8D050FFF79FFE0A4A0546304649
:10253000FFF70AFF04462846FFF79CFEFFF7BAFEA6
:102540002046F8BDF4F7B2FDE2E700BF3CE800200A
:10255000DF1802007B2202002DE9F0410446FFF75C
:1025600083FE0F4690460646094A6FF0004120461A
:10257000FFF7EAFE616805464246E068B847304624
:10258000FFF778FEFFF796FE2846BDE8F08100BF12
:102590007F2202002DE9F04105468768144AFFF7C3
:1025A00063FE804628460C46FFF7CEFE0646B8B9C5
:1025B0006A6942B13B195468E21A14EA220438BF2E
:1025C0001C46AB68E41A2CB1FFF728FDB0FBF4F30E
:1025D00003FB14046B6823446B60AB682344AB605B
:1025E0004046FFF747FEFFF765FE3046BDE8F08145
:1025F0007F22020038B50446FFF736FE0546FBF79A
:102600007DFF012801D0042806D12846FFF732FEBD
:102610004FF0FF34204638BD054A00212046FFF721
:1026200093FE04462846FFF725FEFFF743FEF1E739
:102630007F22020038B50346FFF716FE5A7804469B
:10264000C2B1D3E905200C490D688AB1906199693E
:102650009D420A604FF000025A7001D1FFF712FE4E
:1026600000252046FFF706FEFFF724FE284638BD6A
:102670004860ECE70125F4E734E8002008B5064B94
:102680000246FFF7F1FD1B6813B15B68136001237D
:10269000FFF7F0FD184608BD34E800200148F4F7C4
:1026A000FFBC00BF40E8002008B5064B06490748BC
:1026B00007221A700022F4F7EBFC054B002018707B
:1026C00008BD00BF3CE80020E922020040E80020ED
:1026D00030E8002000231A4613F0070F04BFDA0881
:1026E0008A5C12F0010F04D008B998B27047013823
:1026F00080B20133252B4FEA5202EDD10020704702
:1027000070B40D4611462522B0FBF2F402FB14040E
:10271000C4F3CC0206468A5CA0B204F0070422414E
:10272000D40715D50026344635466A0704BFEA08A3
:102730008E5CF20703D5854207D00134A4B201357F
:10274000252D4FEA5606F0D100241C8070BC70473E
:1027500006FB05F0000C70BC1880FFF7BBBF4840BB
:1027600090FAA0F000BA00EB0010084480B290FA92
:10277000A0F000BA00EB0010084480B290FAA0F07C
:1027800000BA00EB0010084480B2704782B2B2EB8E
:10279000104F70B54FEA1043044626D043F385200E
:1027A00043F3C423584001F031FA01281DDD2348CA
:1027B0002023604000220121084218D00132D2B209
:1027C000012A14D91F20002301221946154604EAC4
:1027D00005066D002C4217D08EB90131C9B2012215
:1027E000B5F5807F18D1022B1BD8002024E0013BD7
:1027F0004FEA4101E0D1012AF7D91F20E4E7013275
:10280000D2B20133DBB2EBE716B90132D2B2E7E75D
:102810000131C9B20122F4E7B5F5803F01D10B299E
:10282000E3D8072AE1D00138D1D1B5F1004F03D167
:1028300018298CBF0020012070BD00BFD6BE898E34
:1028400010B5FFF7EBFB0446FFF7A0FF0028F8D018
:10285000204610BD70B5002301381A4610F8016FEC
:102860007EB100250124264206D0914202D158199A
:10287000C0B270BD0132D2B201356400082DE4B29D
:10288000F1D10833DBB2282BE8D10020F1E710B5F5
:10289000047904F01F04F4F75CF9214601F0CAF949
:1028A000C0B210BD37B5FFF75AFF154648401A466B
:1028B00029460DF1060380B2FFF722FFC0B203B034
:1028C00030BD0000401A002810B514460DDDF4F7A5
:1028D000F3FB074B33F814303C334FF47A72B0FB00
:1028E000F2F05843B0FBF2F010BD0020FCE700BF4F
:1028F000BA6B0200F8B50D4D06460F46002315F8D9
:10290000022C5C1C5AB115F8013CBB4207D10622CF
:102910003146284601F076FC08B92046F8BD082C5F
:10292000234605F10805EAD10020F7E75AE8002020
:1029300008B5FCF7B5FC48B10023054A194602F872
:1029400033100133082BFAD1002008BD0C20FCE71E
:1029500058E800200823037001230B700020704703
:10296000FFF7C8BF072970B506461FD1FCF798FCD2
:10297000F0B1354615F8011B2846FFF7BBFF08B13B
:10298000002070BD0B4C082322784AB90622294644
:10299000A01C01F0AAFC3378637001232370EFE7D9
:1029A000013B04F10804EFD10720EAE71220E8E731
:1029B0000C20E6E758E80020072910B5044610D19E
:1029C000FCF76EFC78B1204610F8011BFFF792FF70
:1029D00008B9002010BD054B0138002203F8302053
:1029E000F7E71220F6E70C20F4E700BF58E80020D4
:1029F000704770470B4B1A680B4B3AB90121C3F86B
:102A00000813C3F80021D3F800327047D3F800113F
:102A100031B10021C3F80011D3F80805C0B2104746
:102A2000704700BF98E8002000D000404FF080536E
:102A300037B5D3F8A04014F00104054614D1D3F8FB
:102A4000A42001920422D3F8A83000930DEB0201D8
:102A5000013001F04AFC02226946681D01F045FC84
:102A60002C70204603B030BD4FF0FF30FAE7000075
:102A700038B50C4B044691B10122C3F8042564B16A
:102A8000094D0A49E02385F80D330D2000F0D6FFEB
:102A90004FF400532B60064B1C60002038BDC3F878
:102AA0000415ECE700D0004000E100E0F529020049
:102AB00098E80020EFF3108372B6084A0021C2F8AC
:102AC00000110749086803F00103012108B1C2F8A9
:102AD0000413116003B962B60020704700D00040B3
:102AE00098E80020EFF3108172B6064B0122C3F87C
:102AF00008235A600022C3F80021CB0700D462B635
:102B00000020704700D000404FF08053D3F83001D0
:102B1000421C09BF4FF07043D3F8343193F8E00FF3
:102B2000D3F8E83F08BFC3F30313052B08BF0628FB
:102B30000CBF012000207047064AD2F850353BB147
:102B400023F00801042903D1D2F850159942FAE77D
:102B5000704700BF00100040F0B5283922B1204B6B
:102B6000204A9B7AD35CC91A1F4C11F11D0FB4BFC8
:102B7000831E00F1FF33D4F84025D4F80405A2EBFE
:102B8000000222F07F4202F1FF32B4BF3D261E2632
:102B9000022A23F07F451FD9281A20F07F4210F423
:102BA000000019D1022A17D9104A31440127D760F1
:102BB000C2F84015C2F840014FF48032C4F8400119
:102BC000C4F84055C4F84423094A4FF00041C2F804
:102BD0000415034A1363F0BD4FF0FF30FBE700BF5D
:102BE000A4EA0020D66B020000B000400080004044
:102BF00000F00140134B144AC3F80425134A4FF464
:102C00008011C2F808154FF40001C2F808151049E8
:102C1000002201208A714A73C8700821C3F8601528
:102C2000C3F80421C3F81421C3F82821C3F81C21D8
:102C3000C3F8302140F25312C3F800221222C3F825
:102C400004237047001000409FE8002000F001407E
:102C5000A4EA00200A4B43F2FF42C3F808230121F3
:102C60000022C3F80022196103F5F0330549C3F8C7
:102C70000815054B0221C3F88011044BDA70704728
:102C800000100040F000B08200E100E0A4EA002063
:102C900038B5EFF3108572B6104B01220024DA60CC
:102CA000C3F84025C3F84041F4F7FCF90C4B03305E
:102CB00020F07F42C3F84041C3F840254FF48032F2
:102CC000C3F8442303F5A0334FF00042C3F80425B2
:102CD000044B1863EB0700D462B638BD0080004097
:102CE00000B00040A4EA00202DE9F0418B684D7946
:102CF000B3F800E00A8AAEEB05050E46043D0F4628
:102D0000AA42944628BFAC462CF0030C3968A7F8B9
:102D100006C0A2EB0C02E046444603E050F808303F
:102D200041F80830B8F10408F8D500190919032A48
:102D300003D8A5EB0C05AA4202D9FF687546DFE768
:102D4000FB881344FB8001E0835C8B54013AFBD584
:102D5000034906F118001022BDE8F04101F0C5BAA0
:102D6000BCEA002010B5154B01289C7A144B05BF16
:102D7000144AD3F84835D3F84035525C12490CBF99
:102D80009B3328331A44114B1B5D28331A440C4BD8
:102D9000C3F84C250022C3F84C2130200122C1F891
:102DA00004055A64D3F84445D3F84C359C4282BF9D
:102DB000074BC1F808051A6110BD00BFA4EA002046
:102DC00000800040D26B020000F00140CE6B020098
:102DD0000010004070B5254D254E40F201136B8167
:102DE0002823AB70234B0124002243F2FF412C73B4
:102DF0000320C3F8FC2FC3F8FC4FC3F808131E4987
:102E0000C3F81005C3F814151C49C3F81815D3F8F6
:102E100050162143C3F8501640F20311C3F82C2575
:102E2000C3F83045C3F8341540F25B61C3F8381578
:102E30009621C3F8441503F5E0435C601C61C3F8B8
:102E40000805C3F804250422C3F8102500F08CFA05
:102E5000A0230B4986F80133204600F0EFFD022342
:102E600033602B7803B92C70002070BDA4EA0020D9
:102E700000E100E00010004008011000FF00030224
:102E8000812F0200014BC3E90A107047A4EA002019
:102E900010B540B200F08EFA044600F085FA024BFD
:102EA0005C70002010BD00BFA4EA002008B540B24D
:102EB00000F080FA08BD0000272870B504461546CA
:102EC00040D8214A214E0B02C2F81C35D2F82435D5
:102ED00023F0FF0343EA1163C2F824354FF0805317
:102EE0007161D3F83021511C09BF4FF07043D3F802
:102EF000343193F8E02FD3F8E83F08BFC3F303134E
:102F0000062A02D1043B012B05D9FFF7FDFD10B9BC
:102F1000FFF7FAFD50B10C4AD2F8743723F08073F2
:102F200023F0010343F08073C2F87437084A064B5C
:102F3000125DC3F83C550020B470C3F80825C3F8EF
:102F4000544570BD0320FCE700100040A4EA0020B7
:102F5000DA6B020008B5084B01225A601A6103F5CA
:102F600040534FF48032C3F84823FFF773FE034BFE
:102F700000225A7108BD00BF00800040A4EA002072
:102F8000F8B58D4B8D4CD3F8047317F0020F48D071
:102F9000D3F80421002A44D000250222C3F80451AA
:102FA000C3F8082303F5F0333022C3F80825FBF7F4
:102FB000A5FAA378A27A2083A3768148216B2162A7
:102FC000012363777F4BA277825CE576D3F8445583
:102FD0002832954238BF1E35A5EB020538BF01F1F6
:102FE000FF31284638BF2163F4F760F80646F4F74E
:102FF00063F8281A226A704B1F2804BF013600208C
:103000003244C4E90820D3F85025D3F82811002908
:103010003CD1002AF7D143F2FF41C3F80813C3F8AB
:103020000022FB063BD5644BD3F81021002A36D092
:103030000022C3F80C21C3F810211022C3F8082382
:10304000E278012A2ED0022A29D1E36AA67A2779CA
:103050000BB1A06A9847022F5A4D6AD1FFF7CAFDFB
:10306000002231460120FFF77DFE574AD5F848354A
:10307000925D6C331344C5F840350023C5F84031E8
:10308000524B4FF40012C3F8042508E0504AA178CF
:103090005048FBF7E9F9002845DB0123A371002321
:1030A0006371F8BDA079002840D0484A4FF4001160
:1030B000C2F80815D3F84825D3F830315242DBB2B4
:1030C00022771BB1238B43F0800323833D4AA17FEA
:1030D0004148D2F84835415C40486E335B1AA17ACA
:1030E000415C3A485B1A0021C2F840354FF4801524
:1030F000C2F840110121C0F80455D164D2F84C65E2
:10310000B34205D2D2F8403113B9C0F80855617105
:1031100033482F4903794371C37800F8043FFBF724
:1031200009FA0028BBDAFFF715FFB8E7FBF784F9C7
:10313000B5E7032F2FD194F83630234F03B3D5F8DA
:103140004835A08E1844A27A2449BB5D8A5C283B8E
:103150009B1A1C4A0344C2F840350023C2F8403190
:103160001A4B01204FF48011C3F80415D064D2F833
:103170004C05D2F84025904291D9C3F808158EE746
:103180003046D5F84455FEF7D9FEA38EBA5D2B44E0
:103190001344181AD7E701236B602B610B4B3022C5
:1031A000C3F808254FF48012C3F808254FF00042F9
:1031B000C3F8082573E700BF00100040A4EA002010
:1031C000CE6B020000800040D26B020000F0014094
:1031D000BCEA00209FE80020CA6B0200D66B020008
:1031E0009CE8002010B5094C4FF40013C4F80835D2
:1031F0000122FFF7B1FC18B1FFF7ACFE052010BDAE
:103200004FF48013C4F80435F9E700BF00F0014023
:1032100010B5FFF791FC0D4BD3F850254AB1D3F808
:10322000502502F00702022A03D0FFF793FE012087
:1032300010BD002443F2FF42C3F80823C3F80C4139
:10324000C3F81041FFF7D6FC2046F1E7001000401C
:1032500038B50C4D4FF48013C5F808350022FFF740
:103260007BFC044610B1FFF713FD01244FF400135B
:10327000C5F80435FFF7CCFF10B9002C18BF0620A5
:1032800038BD00BF00F001402DE9F341224D6C79BB
:103290008046164608462CB1FFF75CFE052002B0BA
:1032A000BDE8F081FFF748FC1C4B1D4F3022C3F8EE
:1032B00008254FF40002C3F808254FF00072C3F848
:1032C000082501460DF107023846C0479DF8073032
:1032D00007F8033C134B07F8020CFA1E07F8014CE1
:1032E000C3F804250322C3F80041C3F80C41C3F816
:1032F0001041C3F800221022C3F804232E71687213
:10330000D3F850350B2B03D00223EB702046C6E7D1
:10331000FFF720FE0120C2E7A4EA002000F00140F0
:10332000A3E9002000100040014B5869704700BF1E
:10333000A4EA0020014B9879704700BFA4EA00205E
:10334000024BD3F85005C0B2704700BF00100040D8
:10335000FB2070474FF0804301221A6070474FF006
:10336000804301225A6070470D4B4FF08062C3F8D2
:1033700004254FF00062C3F804250A4AC3F830253B
:1033800002F5DE424832C3F8342502F58072C3F8F4
:103390003825A2F5E2423C3AC3F83C25704700BF0D
:1033A00000F0014004110040014BC3F80C057047C8
:1033B00000100040032812DC1DD0002811DA031D84
:1033C00011DA10F1080F11DA10F10C0F11DA10F107
:1033D000150FCCBF6FF013006FF02700704704206B
:1033E0007047002070476FF0030070476FF00700D0
:1033F00070476FF00B00704713B50C4B019304231B
:10340000044600930A490B4800234FF40472F1F775
:10341000A5FB094B019301230093084900234FF4B6
:1034200004722046F1F79AFB02B010BDE0EA0020DA
:10343000835C020085700100DCEA00204E5502002A
:10344000034B5868C0F30800003818BF01207047CC
:1034500000ED00E013B5002304460093FFF7F0FFF2
:1034600003460A462068ABB101AA6946F2F766FD39
:10347000019B4BB14FF0E0234FF08052C3F8042D75
:10348000BFF34F8FBFF36F8F009808B10023037015
:1034900002B010BD6946F2F7FBFBF5E730B50D78D9
:1034A00085B004460191BDB901230B70FFF7C8FF39
:1034B0000346206893B12B4603AA01A9F2F736FB15
:1034C000039B4BB14FF0E0234FF08052C3F8042D23
:1034D000BFF34F8FBFF36F8F05B030BD4FF0FF329A
:1034E00001A9F2F751FAF7E710B5F3F709F8034627
:1034F000406803F1080118B1BDE81040FFF7CEBFE6
:10350000BDE81040DB68084618470B782DE9F34109
:1035100005460E46C3B1FFF793FF044660B3286823
:10352000F2F772FD00240746A046B8450FDB4CB108
:103530004FF0E0234FF08052C3F8042DBFF34F8FBC
:10354000BFF36F8F0023337002B0BDE8F0812868AD
:1035500001AA6946F2F7F2FC019B1C43009BB342AF
:1035600007D00023286801AA6946F2F7DFFA019B19
:103570001C4308F10108D8E7F3F7B2F92868F2F71D
:1035800031FD0746BC4202DBF3F7C8F9DAE72868E9
:1035900000226946F2F77CFB009BB34205D0002372
:1035A00028681A466946F2F7EFF90134EAE710B5E0
:1035B000044628B10420F2F789FA2060002010BDEB
:1035C0000320FCE710B5024660B1FFF739FF04465F
:1035D00008B1062010BD1068F2F794FC0128F8D15C
:1035E0002046F7E70320F5E708B5024648B1FFF7A4
:1035F00027FF20B91068F2F77BFA012803D10020D9
:1036000008BD0320FCE70520FAE710B5044628B101
:103610008020F2F7A3F92060002010BD0320FCE712
:1036200007B50246F0B1FFF70BFF03461068B3B1D0
:1036300001AA0021F2F782FC019B4BB14FF0E0237D
:103640004FF08052C3F8042DBFF34F8FBFF36F8F3D
:10365000012814BF0620002003B05DF804FBF2F738
:10366000A9FBF5E70320F7E707B50246E0B1FFF74E
:10367000E7FE0346106893B101A9F2F7B7FA019B80
:103680004BB14FF0E0234FF08052C3F8042DBFF34D
:103690004F8FBFF36F8F002003B05DF804FB1A4615
:1036A0001946F2F771F9F6E70320F5E7F7B50F468B
:1036B00016460021142204461D4600F0CCFD0A4B9C
:1036C00000930022234601210848F2F779FE0C22DC
:1036D000C4E90007002104F1080000F0BCFDC4E9C2
:1036E000036503B0F0BD00BFE9340200865C020050
:1036F000F0B5012987B0054638BF0121FFF7A0FECC
:1037000004460E46286854B3002403AB2246082121
:103710000094F2F7AFFE009404AB3246092128680A
:10372000F2F7A8FE2D68F1F755FB05AB02460094B1
:1037300007212846F2F79EFEDDE903321343059A7E
:10374000134309D04FF0E0234FF08052C3F8042D0B
:10375000BFF34F8FBFF36F8F002007B0F0BD4FF066
:10376000FF372346224600970321F2F755FE0097C4
:103770002346324604212868F2F74EFE2D68F1F701
:1037800023FB00970246234602212846F2F744FE17
:10379000E2E738B5850D0C464FF47A7200232946CE
:1037A000800200F01BFAB5F57A7F36BF2060022058
:1037B000002038BD936813B518681446FAF747FC23
:1037C000B0F5285F05D042F60123984210D00E20B4
:1037D0000CE02378E3B91148646800F094FD0F49C8
:1037E00082B22046F3F72EFDA8B9002002B010BD2A
:1037F00023786BB90A4B60681B88ADF8063002224B
:103800000DF10601F3F71EFD002818BF1120EDE7AA
:10381000012BDCD1E9E71120E8E700BF3C2C0020B8
:10382000E4EA002038B5054600F06DFD1F28044687
:1038300008DC02462946044800F057FD024B0020F0
:10384000185538BD0320FCE73C2C002008B504487F
:10385000F8F73CF8BDE808400148F8F713B800BF96
:10386000046C020013B51378144683B901220DF1DC
:103870000701F7F761FF10B10E2002B010BD6068BC
:1038800001220DF10701F3F7DDFC0020F5E7012B24
:10389000FBD15168F7F76DFF0028F6D0ECE7000088
:1038A00010B550680421F3F7A6FE044650B1064B4C
:1038B0001988F3F731F9054BA01C1988F3F72CF997
:1038C000002010BD0620FCE7EAEA0020E8EA00201C
:1038D00010B51478134634B9044958680122F3F737
:1038E000B1FC204610BD0320FCE700BFE6EA002043
:1038F00008B50448F7F7EAFFBDE808400148F7F7C4
:10390000C1BF00BF246C0200936810B5186814464C
:10391000FAF79DFB42F61923984208D105496068E1
:103920000122F3F78FFC002818BF112010BD0E20D4
:10393000FCE700BFEEEA002008B5074B64281A78C0
:1039400028BF6420824204D01870044B1888F7F70F
:10395000A1FE002008BD00BFEEEA0020F0EA002032
:1039600008B50448F7F7B2FFBDE808400148F7F78B
:1039700089BF00BF446C020038B5936818681446CC
:10398000FAF765FB42F62423984211D1094B1D68D2
:103990000DB9002038BD2846646800F0B4FC294603
:1039A00082B22046F3F74EFC0028F2D01120F1E756
:1039B0000E20EFE73C2D0020014B186000207047DF
:1039C0003C2D0020014B5861002070473C2D002009
:1039D00008B50448F7F77AFFBDE808400148F7F753
:1039E00051BF00BF646C02004FF0804310B5D3F8A4
:1039F00000216AB10022C3F80021D3F8002101227E
:103A0000C3F808230C4B587910B95A711B689847B2
:103A10004FF08043D3F804216AB10022C3F8042197
:103A2000D3F804210222C3F80823034BBDE8104059
:103A30001B680120184710BDF4EA0020034B40B278
:103A40009B68103043F82010704700BF00ED00E085
:103A5000014B1868704700BFFCEA00200E4B0122A2
:103A60001F215A609A60C3F808150321C3F8441354
:103A7000C3F804130021C3F80011C3F80411C3F8FC
:103A800040110649E02081F811034FF40030C1F8DD
:103A9000800108601A6070470010014000E100E0FA
:103AA00038B5224CD4F8043123B10023C4F80431D2
:103AB000E9F7FAF9D4F80031002B34D00023C4F828
:103AC00000314FF0600383F31188BFF36F8FBFF3B2
:103AD0004F8FD4F80445F1F77DF9201A144B20F0EC
:103AE0007F44621E9A421FD8802C09D824F001001E
:103AF000D0B1104A1368013B23441360002507E04E
:103B00008024F6E7F1F774F9002818BF45F00105A5
:103B1000013CF7D225B1084B4FF080525A6040BFAC
:103B2000002383F3118838BD0124E7E7001001402A
:103B3000FEFF7F00FCEA002000ED00E07BB972B9D7
:103B40000029BEBF00204FF0004106E008BF00285A
:103B50001CBF6FF000414FF0FF3000F00BBAADF129
:103B6000080C6DE904CE002909DB002B1ADB00F0FC
:103B700085F8DDF804E0DDE9022304B07047404237
:103B800061EB4101002B1BDB00F078F8DDF804E06D
:103B9000DDE9022304B0404261EB4101524263EB94
:103BA00043037047524263EB430300F067F8DDF8CC
:103BB00004E0DDE9022304B0404261EB41017047BB
:103BC000524263EB430300F059F8DDF804E0DDE90D
:103BD000022304B0524263EB4303704753B94AB91E
:103BE000002908BF00281CBF4FF0FF314FF0FF3005
:103BF00000F0C0B9ADF1080C6DE904CE00F03EF85C
:103C0000DDF804E0DDE9022304B07047430803F067
:103C10005533C01A830803F0333300F033301844AF
:103C200000EB101000F00F3000EB002000EB004024
:103C3000000E704742084B0802F0553203F055332E
:103C4000801AC91A4FEA900C8A0800F033330CF03E
:103C5000333C01F0333002F033326344104403EB61
:103C6000131300EB101003F00F3300F00F30184463
:103C700000EB002000EB0040000E70472DE9F047FC
:103C8000089D0F4604468C46002B48D18A421646B2
:103C900061D9B2FA82F34BB1C3F1200201FA03FCFD
:103CA00020FA02F29E4042EA0C0C9C404FEA164E6B
:103CB000B7B2BCFBFEF1220C0EFB11CC42EA0C4267
:103CC00001FB07F0904209D9B21801F1FF3C80F0E6
:103CD000EE80904240F2EB8002393244121AA4B2D4
:103CE000B2FBFEF00EFB102244EA024400FB07F791
:103CF000A74209D9341900F1FF3280F0DA80A742D7
:103D000040F2D7803444023840EA0140E41B0021ED
:103D10001DB1DC400023C5E90043BDE8F0878B42BC
:103D200006D90DB1C5E9000100210846BDE8F087BC
:103D3000B3FA83F1002948D1BB4202D3824200F298
:103D40000781841A67EB030201209446002DE4D01A
:103D5000C5E9004CE1E7002A00F09280B2FA82F354
:103D6000002B40F0A8808A1A4FEA164E1FFA86FCF4
:103D70000121200CB2FBFEF70EFB172240EA0242A3
:103D80000CFB07F0904207D9B21807F1FF3802D2B6
:103D9000904200F2E2804746121AA4B2B2FBFEF053
:103DA0000EFB102244EA02440CFB00FCA44507D998
:103DB000341900F1FF3202D2A44500F2CB80104644
:103DC000A4EB0C0440EA0740A2E7C1F120068B40B7
:103DD00022FA06FC4CEA030C07FA01F420FA06F377
:103DE000F7404FEA1C49234300FA01F81FFA8CFE02
:103DF000B7FBF9F01C0C09FB107744EA074400FB01
:103E00000EF7A74202FA01F20AD91CEB040400F1F2
:103E1000FF3A80F09B80A74240F2988002386444C9
:103E2000E41B9FB2B4FBF9F309FB134447EA0444D3
:103E300003FB0EFEA64509D91CEB040403F1FF3772
:103E400080F08280A6457FD9023B644443EA00406B
:103E5000A4EB0E04A0FB02E7BC427346B94663D351
:103E600060D05DB1B8EB030264EB090404FA06F616
:103E700022FA01F31E43CC40C5E9006400214CE75F
:103E80006208480842EAC1710B0C43EA00438AB257
:103E900042EA0342B3FBF6F1E407B4463746B646BE
:103EA0001F23B0FBF6F0D21B41EA004161E76146F7
:103EB00014E7104628E7C3F1200120FA01F29E40E2
:103EC00027FA01F19F403A434FEA164E1FFA86FC4B
:103ED000B1FBFEF70EFB1710110C41EA004107FB86
:103EE0000CF8884504FA03F43AD9711807F1FF3049
:103EF00001D288451FD8A1EB0801B1FBFEF808FBF1
:103F00000CF70EFB181192B242EA0142BA422FD2CC
:103F1000B21808F1FF31C6D2BA42C4D2A8F10201E8
:103F20003244C0E7F0459CD2BEEB020367EB0C07BE
:103F30000138B94695E7A6EB08084144B81EB1FB25
:103F4000FEF808FB0CF7DCE73B467FE7504667E7E7
:103F50000846FBE63444023832E7023F32441BE7AE
:103F6000A1EB08013846B1FBFEF808FB0CF7C8E7E7
:103F7000414698E7704700BF024B0146186800F0C1
:103F80002DB800BF582D0020024B0146186800F0E4
:103F9000E1B900BF582D002070B50F4E0C463168B6
:103FA000054611B900F08EF930602146284600F030
:103FB00089F9431C03D14FF0FF34204670BDC41C67
:103FC00024F00304A042F8D0211A284600F07AF920
:103FD0000130F2D1EFE700BF00EB00202DE9F843FC
:103FE000CD1C25F0030508350C2D38BF0C25002D00
:103FF000064601DBA94204D90C2333600020BDE84A
:10400000F883DFF8D48000F069F8D8F800301C4657
:1040100044BB29463046FFF7BFFF431C044658D136
:10402000D8F800402746002F43D1002C4BD02368FE
:104030003946304604EB030900F044F9814542D18A
:1040400021686D1A29463046FFF7A6FF01303AD0A5
:1040500023682B442360D8F800305A6862BBC8F844
:1040600000700FE02268521B20D40B2A17D9611967
:10407000A342256018BF5960636808BFC8F80010E4
:1040800062514B60304600F02FF804F10B00231D05
:1040900020F00700C21A1CBF1B1AA350AFE76268CA
:1040A000A3420CBFC8F800205A60EBE723466468BF
:1040B000AEE73C467F68B6E71A465B68A342FBD191
:1040C00000235360DEE70C233360304600F00CF829
:1040D00094E70560D6E700BF04EB0020014800F03C
:1040E00002B900BF08EB0020014800F0FDB800BF96
:1040F00008EB0020024B0A460146186800F002B89F
:10410000582D00202DE9F041074614460D4621B9EF
:10411000BDE8F0411146FFF761BF2AB900F01AF976
:1041200025462846BDE8F08100F05EF98442064647
:1041300002D8B4EB500FF4D821463846FFF74EFFB3
:10414000804608B94546ECE7B4422246294628BFD6
:10415000324600F0CAF82946384600F0FBF8F1E78D
:1041600010B50C4600F00CF8D4F8020010BD0000A9
:10417000024B01461868FFF7F3BF00BF582D00201F
:10418000026BF8B505460C46B2B91820FFF7F4FEED
:104190000246286320B9164B16488B2100F0BCF864
:1041A0001549164BC0E90013154B83600B2383811F
:1041B00000210120C2E90401138925886788D68877
:1041C0009089B4F804C0528905FB03F17B4305FBD9
:1041D000060006FB071106FB0C3301EB104105FB43
:1041E000023303EB114320806180A380F8BD00BF40
:1041F0009E5C0200B55C02000E33CDAB34126DE65E
:10420000ECDE050010B501390244904201D10020D6
:1042100005E0037811F8014FA34201D0181B10BD2F
:104220000130F2E7884210B501EB020402D9844262
:10423000234607D8431EA14207D011F8012B03F8EB
:10424000012FF8E70244824200D110BD13F8011D8E
:1042500002F8011DF7E702440346934200D170477C
:1042600003F8011BF9E7C9B20346184613F8012BFE
:1042700012B18A42F9D17047002918BF0020704757
:1042800070B503461E4613F8014B44B14A1E01E0C7
:10429000A54204D012F8015F002DF9D1F2E7301ADF
:1042A00070BD70B503461E4613F8014B3CB14A1E63
:1042B00001E0A542F7D012F8015F002DF9D1301AC4
:1042C00070BD000038B5064D0023044608462B603B
:1042D00000F054FF431C02D12B6803B1236038BDAA
:1042E0000CEB00207047704770470A44914200F180
:1042F000FF3300D1704710B511F8014B03F8014F9F
:104300009142F9D110BD034613F8012B002AFBD1CD
:10431000181A0138704700001FB514461A46094B99
:104320001B680546D8684CB1074B0091CDE90134B4
:1043300006492B4600F0EEF900F052FA044B1C46F9
:10434000F3E700BF582D0020105D02001D5D020044
:10435000AE51020038B50546002941D051F8043C61
:104360000C1F002BB8BFE418FFF7B8FE1D4A1368F6
:1043700033B9636014602846BDE83840FFF7B4BE27
:10438000A34208D9206821188B4201BF19685B68D5
:1043900009182160EDE71A465B680BB1A342FAD910
:1043A00011685018A0420BD1206801445018834274
:1043B0001160E0D118685B68536008441060DAE768
:1043C00002D90C232B60D6E7206821188B4204BF4A
:1043D00019685B68636004BF091821605460CAE70C
:1043E00038BD00BF04EB002051F8043C181F002B1F
:1043F000BCBF0B58C01870472DE9F04716469846C9
:104400008A680B69DDF820909342B8BF1346336089
:1044100091F8432007460C460AB101333360236804
:10442000990642BF336802333360256815F00605EC
:1044300006D104F1190AE36832689B1AAB4226DC04
:1044400094F843302268003B18BF012392062BD416
:1044500004F1430241463846C84701301ED0236864
:10446000226903F00603042B02BFE5683368ED1AE6
:10447000A3680CBF25EAE57500259342C4BF9B1ACB
:10448000ED1800261A34B5421AD1002008E00123A5
:10449000524641463846C847013003D14FF0FF30FD
:1044A000BDE8F0870135C6E7E1185A1C302081F8D5
:1044B0004300224494F8451082F843100233C7E7C2
:1044C0000123224641463846C8470130E6D001362E
:1044D000D9E700002DE9FF470F7E0C9E782F91460B
:1044E00080460C469A4601F1430207D8622F0AD84B
:1044F000002F00F0D280582F00F0B78004F1420660
:1045000084F842703AE0A7F16303152BF6D801A1B5
:1045100051F823F06D45020081450200FD44020080
:10452000FD440200FD440200FD44020081450200FA
:10453000FD440200FD440200FD440200FD4402006F
:1045400081460200AB45020037460200FD440200EE
:10455000FD440200A3460200FD440200AB450200F8
:10456000FD440200FD4402003F46020033681A1D6C
:104570001B68326004F1420684F8423001239DE05A
:1045800033682068191D3160060601D51D6803E0F7
:104590004506FBD5B3F90050002D03DA2D236D42FB
:1045A00084F8433059480A2310E02168336808062C
:1045B00053F8045B02D4490648BFADB26F2F53488D
:1045C000336059D10823002184F843106668A6603F
:1045D000002E05DB21682E4321F0040121604DD01F
:1045E0001646B5FBF3F103FB1157C75D06F8017DD5
:1045F0002F46BB420D46F4D9082B0BD12368DF07A9
:1046000008D5236961689942DEBF302306F8013C72
:1046100006F1FF36921B2261CDF800A04B4603AA9B
:1046200021464046FFF7E8FE01304CD14FF0FF3005
:1046300004B0BDE8F087236843F0200323603448CA
:10464000782784F84570236831681F0651F8045BA9
:1046500002D45F0648BFADB23160D90744BF43F012
:10466000200323601DB11023ADE72848E9E7236844
:1046700023F020032360F6E70A23A4E71646BBE7EE
:10468000336825686169181D30602E061B6801D5E6
:10469000196002E06806FBD51980002323611646E5
:1046A000BAE733681A1D32601E686268002130461E
:1046B00000F046F808B1801B606063682361002346
:1046C00084F84330A8E72369324649464046D0473C
:1046D0000130ABD023689B0713D4E068039B98425A
:1046E000B8BF1846A4E70123324649464046D047A2
:1046F00001309BD00135E36803995B1AAB42F2DCD1
:10470000EBE7002504F11906F5E700BF4C5D020058
:104710005D5D02000EB403B5014603AB054853F8D6
:10472000042B0068019300F08BF802B05DF804EBF5
:1047300003B07047582D002000000000000000006A
:1047400001F0FF01102A2BDB10F0070F08D010F842
:10475000013B013A8B422DD010F0070F42B3F6D146
:10476000F0B441EA012141EA014122F007047FF05F
:1047700000070023F0E80256083C85EA010586EAB6
:10478000010685FA47F5A3FA87F586FA47F6A5FAF2
:1047900087F68EB9EED1F0BC01F0FF0102F00702FE
:1047A00032B110F8013B013A83EA010313B1F8D1A9
:1047B0000020704701387047002D06BF354603388A
:1047C000073815F0010F07D1013015F4807F02BFC3
:1047D000013015F4C03F0130F0BC0138704700BF14
:1047E00008B5062000F006FB012000F0DDFC936810
:1047F000013B002B10B4936008DA9469A34201DBFB
:104800000A2903D15DF8044B00F03ABA1368581C2A
:104810001060197008465DF8044B7047F8B50646FD
:104820000F461446D518AC4201D1002007E014F819
:10483000011B3A463046FFF7DAFF431CF3D1F8BDBF
:104840002DE9F04F0D469DB014469846064618B126
:10485000036A0BB900F09AF96B6ED90705D4AB89DE
:104860009A0502D4A86DFFF73EFDAB891B0701D561
:104870002B699BB92946304600F040FA70B16B6E47
:10488000DC0704D54FF0FF301DB0BDE8F08FAB89D9
:104890009805F7D4A86DFFF727FDF3E700230993E8
:1048A00020238DF82930CDF80C803023DFF8AC813F
:1048B0008DF82A304FF0010923469A4613F8012B50
:1048C0000AB1252AF9D1BAEB040B0BD05B4622467C
:1048D00029463046FFF7A2FF013000F0A780099A71
:1048E0005A4409929AF80030002B00F09F80002370
:1048F0004FF0FF32CDE905230AF1010A0493079333
:104900008DF853301A935446052214F8011B53486E
:10491000FFF716FF049AD8B9D10644BF20238DF8BB
:104920005330130744BF2B238DF853309AF80030CF
:104930002A2B15D0079A544600204FF00A0C214626
:1049400011F8013B303B092B4BD9B0B1079214E071
:10495000A0EB080309FA03F313430493A246D2E73A
:10496000039B191D1B680391002BBBBF5B4242F0E8
:10497000020207930793B8BF049223782E2B0AD123
:1049800063782A2B32D1039B1A1D1B68039243EADA
:10499000E37302340593DFF8D4A021780322504654
:1049A000FFF7CEFE38B1049BA0EB0A004022824004
:1049B00013430134049314F8011B29488DF828107F
:1049C0000622FFF7BDFE00283FD0264B1BBB039BF2
:1049D000073323F0070308330393099B3B440993F0
:1049E0006AE70CFB02320C460120A8E700230134E1
:1049F000059319464FF00A0C204610F8012B303A67
:104A0000092A03D9002BC6D00591C4E70CFB01216C
:104A100004460123F0E703AB00932A46124B04A996
:104A20003046AFF300800746781CD6D16B6ED907AD
:104A300005D4AB899A0502D4A86DFFF755FCAB8964
:104A40005B063FF51FAF09981EE703AB00932A46AC
:104A5000054B04A93046FFF73DFDE4E76E5D02001B
:104A6000785D0200000000001D480200745D020035
:104A7000002310B50446C0E90033C0E90433836065
:104A800081814366C2818361194608225C30FFF749
:104A9000E2FB0D4B63620D4BA3620D4BE3620D4BCA
:104AA00023630D4B24629C4206D003F168029442BA
:104AB00002D0D0339C4205D104F15800BDE810402B
:104AC000FFF710BC10BD00BFF94B02001B4C0200E9
:104AD000534C0200794C020010EB0020024A0349BB
:104AE000034800F06BB800BFA82D0020BD4F0200A6
:104AF0005C2D002041680C4B994210B5044601D052
:104B000000F05CFAA168094B994202D0204600F0FF
:104B100055FAE168064B994204D02046BDE81040A2
:104B200000F04CBA10BD00BF10EB002078EB002065
:104B3000E0EB00200C4B0D4A0D4810B504211A6023
:104B40000022FFF795FF0A4B01221C46092103F1C1
:104B50006800FFF78DFF04F1D0000222BDE810408D
:104B60001221FFF785BF00BF48EC0020DD4A02009C
:104B700010EB00200148FFF7B6BB00BF09EB002097
:104B80000148FFF7B1BB00BF09EB002010B5044698
:104B9000FFF7F0FF236A1BB1BDE81040FFF7F0BF3D
:104BA000044B2362044B1B68002BF5D1FFF7C2FFB7
:104BB000F2E700BFF54A020048EC00202DE9F84377
:104BC0000746884614460026D4E90195B9F1010943
:104BD00005D52468002CF7D13046BDE8F883AB89B1
:104BE000012B07D9B5F90E30013303D029463846D9
:104BF000C04706436835E9E710B50C46B1F90E1019
:104C000000F022F90028ABBF636DA3891B1823F4C1
:104C10008053ACBF6365A38110BD2DE9F0411F46F1
:104C20008B89DB0505460C46164605D5B1F90E10F5
:104C30000223002200F0F6F8A389B4F90E1023F441
:104C40008053A38132463B462846BDE8F04100F040
:104C500021B910B50C46B1F90E1000F0E3F8B4F923
:104C60000C30421C0BBF23F4805343F48053A381C8
:104C7000A38118BF606510BDB1F90E1000F0C2B875
:104C8000F8B50E461446054618B1036A0BB9FFF78E
:104C90007DFFA369A360A3891A0701D5236943B9DE
:104CA0002146284600F02AF818B14FF0FF37384661
:104CB000F8BD23682269981A6369F6B283423746C1
:104CC00005DC2146284600F079F90028EDD1A368DB
:104CD000013BA36023685A1C22601E706269431C5A
:104CE0009A4204D0A389DB07E1D50A2EDFD1214601
:104CF000284600F063F90028D9D0D6E738B5284B0C
:104D0000054618680C4618B1036A0BB9FFF73EFF59
:104D1000B4F90C301A0721D4D80607D409222A6026
:104D200043F04003A3814FF0FF3030E0590712D524
:104D3000616B41B104F14403994202D02846FFF768
:104D400009FB002363630022B4F90C30626022691E
:104D5000226023F0240343F00803A38122693AB9B7
:104D60009A0501D5180603D52146284600F072F9A8
:104D7000B4F90C3013F001020AD00022A26062697B
:104D80005242A261226942B913F08000C8D138BDF5
:104D9000990758BF6269A260F4E70020F7E700BFF7
:104DA000582D00201F2938B505460C4604D9162376
:104DB00003604FF0FF3038BDC26B12B152F82130A2
:104DC0004BB9284600F064F8224601462846BDE863
:104DD000384000F04BB8012B0AD0591C03D11623E0
:104DE00003600120E7E7002142F82410204698479D
:104DF0000020E0E7024B01461868FFF7D3BF00BF71
:104E0000582D002038B5064D0023044608462B6077
:104E100000F07CF9431C02D12B6803B1236038BD3C
:104E20000CEB002038B5074D044608461146002219
:104E30002A601A4600F092F9431C02D12B6803B194
:104E4000236038BD0CEB002038B5074D04460846FA
:104E5000114600222A601A4600F088F9431C02D14C
:104E60002B6803B1236038BD0CEB002038B5074D2B
:104E700000230446084611462B6000F067F9431CE6
:104E800002D12B6803B1236038BD00BF0CEB0020BA
:104E900000F04CB938B5074D0446084611460022CB
:104EA0002A601A4600F078F9431C02D12B6803B13E
:104EB000236038BD0CEB0020B1F90C202DE9F04146
:104EC000160705460C4651D44B68002B02DC0B6CD0
:104ED000002B49DDE66A002E46D0002312F48052F2
:104EE0002F682B6031D0626DA389590705D563689F
:104EF000D21A636B0BB1236CD21A0023E66A216AC3
:104F00002846B047421CB4F90C3006D129681D2947
:104F100046D8294ACA40D60742D500226260D90441
:104F20002269226004D5421C01D12B6803B9606557
:104F3000616B2F60C1B104F14403994202D028464D
:104F4000FFF708FA002363630EE0216A0123284675
:104F5000B0470246501CC7D12B68002BC4D01D2B74
:104F600001D0162B1AD12F6000201EE00F69002FF0
:104F7000FAD093070E6808BF4B690F6018BF002373
:104F8000A6EB07088B60B8F1000FEDDD216AA66A79
:104F900043463A462846B047002808DCB4F90C30AE
:104FA00043F04003A3814FF0FF30BDE8F081074498
:104FB000A8EB0008E7E700BF0100402038B50B6907
:104FC00005460C4613B90025284638BD18B1036ABA
:104FD0000BB9FFF7DBFDB4F90C30002BF3D0626E98
:104FE000D00704D4990502D4A06DFFF77CF92846B8
:104FF0002146FFF761FF636EDA070546E4D4A38913
:105000009B05E1D4A06DFFF76FF9DDE770B50C46A5
:10501000B1F90E10002996B015461E460ADAA1898C
:1050200011F0800113D14FF48062002031602A60BA
:1050300016B070BD6A4600F047F80028EFDB019912
:1050400001F47041A1F5005359425941EBE70021A9
:105050004022EAE78B8973B59E0705460C4607D5C3
:1050600004F14703236023610123636102B070BD33
:1050700001AB6A46FFF7CAFF009E28463146FEF79D
:10508000ADFFB4F90C3038B99A05EFD423F003031F
:1050900043F00203A381E3E743F08003A381019B74
:1050A0002060C4E90406002BE0D0B4F90E102846B5
:1050B00000F01CF80028D9D0A38923F0030343F0A3
:1050C0000103A381D2E7000038B5074D0023044651
:1050D000084611462B6000F021F8431C02D12B68D2
:1050E00003B1236038BD00BF0CEB002038B5064D7E
:1050F0000023044608462B6000F020F8431C02D130
:105100002B6803B1236038BD0CEB0020024B582202
:105110001A604FF0FF3070470CEB0020024B582212
:105120001A604FF0FF3070470CEB0020024B582202
:105130001A604FF0FF3070470CEB0020024B5822F2
:105140001A600020704700BF0CEB0020024B582271
:105150001A604FF0FF3070470CEB0020024B5822D2
:105160001A604FF0FF3070470CEB0020024B5822C2
:105170001A604FF0FF3070470CEB0020044A0549DD
:105180001368002B08BF0B46184410601846704780
:105190004CEC002050EC0020024B58221A604FF0DB
:1051A000FF3070470CEB0020FEE700BF0D0A005BEC
:1051B000005D20005465726D696E616C00737069EA
:1051C0003A204556454E54535F454E442074696D10
:1051D000656F757420E28094205350494D207265AC
:1051E000636F7665726564007370693A206E6573EB
:1051F0007465642061637175697265007370693AE2
:105200002072656C6561736520776974686F757469
:105210002061637175697265007370693A207472F8
:10522000616E736D697420776974686F757420613D
:10523000637175697265007370693A207472616E8A
:105240007366657220776974686F75742061637125
:1052500075697265007370693A2063735F61737377
:1052600065727420756E6B6E6F776E2070696E005C
:105270007370693A206475616C20435320617373C5
:10528000657274206F6E2073686172656420627548
:105290007300D0040D11132B3F544C180D0B1F231A
:1052A00000D0040C11132C3F44512F1F1F2023004A
:1052B0007669620073657373696F6E3A206C696E0C
:1052C0006B20757020E2869220436F6E6E6563746A
:1052D00065642C2048454C4C4F5F4F464645520074
:1052E00073657373696F6E3A206C696E6B20646FBF
:1052F000776E20E2869220446973636F6E6E6563F9
:105300007465640073657373696F6E3A20686561D4
:10531000727462656174207374616C65206F766568
:10532000726C61790073657373696F6E3A205265B0
:10533000616479202873616D652070686F6E6529DE
:105340000073657373696F6E3A20526561647920EA
:10535000286E65772F6F746865722070686F6E6550
:10536000290073657373696F6E3A2048454C4C4F42
:105370005F4143434550542072656A6563746564B8
:105380000073657373696F6E3A2048454C4C4F5FEC
:1053900052454A45435420E280942072656D61690C
:1053A0006E20436F6E6E656374656400736573731E
:1053B000696F6E3A2035206D697373656420686586
:1053C000617274626561747320E2809420706F7002
:1053D0002072656D6F746500616D6269656E740041
:1053E0006163746976650073747265616D696E6777
:1053F000003030003031004E6F7420636F6E6E6588
:105400006374656400506C6561736520636F6E6ED4
:105410006563742074686500536C617465204F5334
:1054200000636F6D70616E696F6E20617070002F28
:10543000617373657473005057523A20736F6674CA
:105440002064656275672D617373697374206F667C
:105450006620E2809420706F7765722D6379636CAB
:1054600065206166746572205357442064697363D4
:105470006F6E6E65637420666F722047617465207D
:10548000430050575220696E737472756D206F6EB1
:1054900020E2809420636F7272656C6174652052A3
:1054A000545420505752206C696E6573207769748C
:1054B000682063757272656E742074726163650032
:1054C0003F0050575220743D3078002D3E00676CED
:1054D000616E636500626F6F743A20494D414745C4
:1054E0005F4F4B20636F6E6669726D6564002E2E90
:1054F000006C6974746C65667300424C453A2069AF
:1055000064656E7469747920616464726573732074
:10551000636F6E666967206661696C656400536CD1
:105520006174650050696E6554696D6500424C4553
:105530003A20536C617465207365727669636520E7
:105540004E4F5420696E2047415454207461626C60
:105550006500424C453A20536C6174652073657256
:105560007669636520726567697374657265642C1A
:105570002068616E646C653D307800424C453A208D
:105580006164765F7365745F6669656C64732066D9
:1055900061696C656400424C453A206164765F73D2
:1055A00074617274206661696C656400424C453AAE
:1055B000206164766572746973696E6720536C61EB
:1055C0007465207365727669636500424C453A20C4
:1055D000636F6E6E656374656420E280942061770A
:1055E000616974696E672063656E7472616C0042F4
:1055F0004C453A20636F6E6E656374206661696C1A
:10560000656420E2809420726573756D6520616425
:10561000766572746973696E6700424C453A20641E
:105620006973636F6E6E656374656400424C453ADE
:10563000205458207375627363726962656420E256
:1056400080942073657373696F6E20757000424C8F
:10565000453A20545820756E73756273637269629F
:10566000656420E280942073657373696F6E2064B3
:105670006F776E00424C453A204D54552065766553
:105680006E74206D74753D307800424C453A205060
:10569000485920757064617465642074783D307871
:1056A000002072783D307800424C453A20686F7394
:1056B0007420726573657400424C453A20646566D7
:1056C00061756C74206576656E747120616C6C6FA9
:1056D00063206661696C65642028686561702900D3
:1056E000424C453A206C6C206576656E7471206181
:1056F0006C6C6F63206661696C6564202868656105
:10570000702900424C453A2067617474735F636F7F
:10571000756E745F636667206661696C65640042DC
:105720004C453A2067617474735F6164645F73769B
:105730006373206661696C656400424C453A204E93
:10574000696D424C4520686F737420737461727484
:1057500065642028536C617465202B204241532FCF
:10576000444953202B206C6567616379204446557A
:1057700029006661636520726573746F72656420C9
:1057800066726F6D2072656D6F74652073637265EC
:10579000656E0070726F66696C6520002F617373AF
:1057A0006574732F00646973706C6179206C697320
:1057B000742072656A6563746564004F5441204EBD
:1057C000414B20726561736F6E3D307800206174CB
:1057D0003D3078004F54412070726F67726573736B
:1057E000207063743D307800206F66663D3078002D
:1057F000206F663D3078004D3135207265616479E7
:105800002028617761697420424C4520666F7220C0
:10581000494D4147455F4F4B20636F6E6669726D1E
:1058200029004D356120736D6F6B652050415353D6
:1058300020285354415455535B31315D3D3129008B
:105840004D356120736D6F6B65204641494C2028B2
:105850005354415455535B31315D3D322900626FE1
:105860006F743A20696D61676520636F6E66697257
:105870006D656420286C696E6B2068656C64290016
:105880004672656552544F53206D616C6C6F632096
:105890006661696C6564004672656552544F5320B9
:1058A000737461636B206F766572666C6F770053FB
:1058B0006C617465204D313520E28094204F544155
:1058C000202F204D4355426F6F7400653937396181
:1058D0006366622D633333382D343466612D61394C
:1058E00036322D65393665346366303738663300B5
:1058F0004C6974746C654653206D6F756E74656485
:10590000004C6974746C654653206D6F756E74201D
:105910006661696C656400424D4134323100424D2C
:105920004134323500424D4120756E6B6E6F776E9B
:10593000202F206D697373696E67006275646765F7
:1059400074206C6F63616C20006C6F63616C2D73ED
:10595000637265656E2D7374617465202F206E6FA0
:105960007469662D73746F72652073697A6564203B
:105970002873656520646F637329006170702074FB
:1059800061736B20637265617465206661696C6523
:1059900064007363686564756C6572207265747504
:1059A000726E656400433A2F55736572732F686990
:1059B00067686A2F446F63756D656E74732F5072DC
:1059C0006F6A656374732F45766F54696D652F74C4
:1059D000686972645F70617274792F46726565528E
:1059E000544F532D4B65726E656C2F7461736B73DE
:1059F0002E630049444C4500433A2F55736572733A
:105A00002F686967686A2F446F63756D656E74737C
:105A10002F50726F6A656374732F45766F54696D8A
:105A2000652F74686972645F70617274792F467251
:105A3000656552544F532D4B65726E656C2F7175B1
:105A40006575652E6300433A2F55736572732F6831
:105A50006967686A2F446F63756D656E74732F5044
:105A6000726F6A656374732F45766F54696D652F25
:105A700074686972645F70617274792F46726565CB
:105A800052544F532D4B65726E656C2F74696D6562
:105A900072732E6300546D722053766300433A2F65
:105AA00055736572732F686967686A2F446F6375F1
:105AB0006D656E74732F50726F6A656374732F45D2
:105AC000766F54696D652F74686972645F70617276
:105AD00074792F4672656552544F532D4B65726E23
:105AE000656C2F706F727461626C652F4D656D4DC2
:105AF000616E672F686561705F342E6300433A2FD3
:105B000055736572732F686967686A2F446F637590
:105B10006D656E74732F50726F6A656374732F4571
:105B2000766F54696D652F74686972645F70617215
:105B300074792F4672656552544F532D4B65726EC2
:105B4000656C2F706F727461626C652F4743432FD1
:105B500041524D5F434D34462F706F72742E630077
:105B60006D7379735F3100626C655F6174745F732C
:105B700076725F656E7472795F706F6F6C00626CC5
:105B8000655F6174745F7376725F707265705F6574
:105B90006E7472795F706F6F6C00626C655F6761C5
:105BA000705F75706461746500626C655F676174D5
:105BB00074635F70726F635F706F6F6C00626C65AF
:105BC0005F67617474735F636C745F6366675F7053
:105BD0006F6F6C00626C655F68735F6863695F65B7
:105BE000765F706F6F6C00626C655F68735F636F88
:105BF0006E6E5F706F6F6C00626C655F68735F687C
:105C000063695F6672616700626C655F6C326361D5
:105C1000705F6368616E5F706F6F6C00626C655F70
:105C20006C326361705F7369675F70726F635F701E
:105C30006F6F6C007472616E73706F72745F706FEF
:105C40006F6C5F636D64007472616E73706F7274F9
:105C50005F706F6F6C5F657674007472616E7370E5
:105C60006F72745F706F6F6C5F6576745F6C6F00DE
:105C70007472616E73706F72745F706F6F6C5F615E
:105C8000636C006C6C00636F004170616368652039
:105C90004D796E657774204E696D424C45005245D2
:105CA000454E54206D616C6C6F6320737563636542
:105CB00065646564002F646174612F6A656E6B6949
:105CC0006E732F776F726B73706163652F474E55DC
:105CD0002D746F6F6C636861696E2F61726D2D3109
:105CE000342F7372632F6E65776C69622D637967E9
:105CF00077696E2F6E65776C69622F6C6962632FAE
:105D00007374646C69622F72616E6434382E630040
:105D10002C2066756E6374696F6E3A200061737330
:105D2000657274696F6E2022257322206661696C2A
:105D300065643A2066696C6520222573222C206CEC
:105D4000696E65202564257325730A00303132336E
:105D500034353637383941424344454600303132D4
:105D60003334353637383961626364656600232D14
:105D7000302B2000686C4C0065666745464700453F
:105D8000574944303132333435363738394142435C
:105D9000444546000C0C00333300000004000900A9
:105DA0000D00120016001B001F00240028002C000C
:105DB0003100350039003E00420046004A004F00E5
:105DC000530057005B005F00630067006B006F00CB
:105DD000730077007A007E008200850089008D00C4
:105DE0009000930097009A009E00A100A400A700D5
:105DF000AB00AE00B100B400B600B900BC00BF00FB
:105E0000C100C400C600C900CB00CD00D000D20044
:105E1000D400D600D800DA00DB00DD00DF00E000AF
:105E2000E200E300E400E600E700E800E900EA0041
:105E3000EB00EC00ED00ED00EE00EF00EF00F000F5
:105E4000F000F100F100F100F200F200F200F200C7
:105E500014000100000028000100000019000200E9
:105E600028007800010000005000010000001E0022
:105E7000010000000002030000000000000001001B
:105E8000FFFF0000000000000000000035B100002E
:105E900037B1000039B100003BB100003DB1000056
:105EA0003FB1000041B1000043B1000045B1000026
:105EB0008DB2000049B100004BB1000071B100008B
:105EC00073B1000075B1000077B1000079B1000036
:105ED0008DB10000BDB1000063B2000081B10000CF
:105EE00083B1000085B1000087B1000089B10000D6
:105EF0008BB100000000000000000000B5B20000FF
:105F000037B10000F9B400008FB50000B1B6000051
:105F1000F7B500005DB70000FDB6000015B8000041
:105F2000A5B2000039B4000077B40000BBB4000093
:105F300031B900005DB9000089B900009DB70000CB
:105F40007BB100007DB1000001B4000041B8000049
:105F500095B2000097B2000097B2000089B100002E
:105F60008BB10000000000000000000035B100000F
:105F700037B1000039B100003BB100003DB1000075
:105F80003FB1000041B1000043B1000045B1000045
:105F900047B1000049B100004BB1000071B10000F1
:105FA00073B1000075B1000077B1000079B1000055
:105FB0007BB100007DB100007FB1000081B1000025
:105FC00083B100009FB2000099B2000089B10000C7
:105FD0008BB1000000030504205F00008562020011
:105FE00001050706205F0000EC5F020000000000D2
:105FF000000000040404040400040A0A0000000075
:10600000000A0A1F0A1F0A0A040F140E051E0418AC
:106010001902040813030C12140815120D040400CD
:10602000000000000204080808040208040202023A
:10603000040800150E1F0E15000004041F040400C0
:10604000000000000C04080000001F000000000019
:106050000000000C0C010204040408100E111315BA
:1060600019110E040C040404040E0E11010204089C
:106070001F1F02040201110E02060A121F02021F54
:10608000101E0101110E0608101E11110E1F110124
:10609000020404040E11110E11110E0E11110F0144
:1060A000020C000C0C000C0C00000C0C000C040882
:1060B0000204081008040200001F001F000008046A
:1060C00002010204080E1101020400040E1101175E
:1060D00015170E040A11111F11111E11111E111195
:1060E0001E0E11101010110E1C12111111121C1F76
:1060F00010101E10101F1F10101E1010100E111067
:106100001711110F1111111F1111110E04040404A4
:10611000040E0101010111110E11121418141211B3
:106120001010101010101F111B1515111111111145
:1061300019151311110E11111111110E1E11111E2D
:106140001010100E11111115120D1E11111E141226
:10615000110E11100E01110E1F0404040404041189
:1061600011111111110E11111111110A0411111136
:1061700015151B1111110A040A111111110A040439
:1061800004041F01020408101F0E08080808080E66
:10619000100804040402010E02020202020E040AA4
:1061A00011000000000000000000001F08040000B3
:1061B00000000000000E010F110F10101E11111130
:1061C0001E00000E1110110E01010F1111110F0010
:1061D000000E111F100E0609081C08080800000F09
:1061E000110F010E10101E1111111104000C0404E6
:1061F000040E0200060202120C10101214181412DF
:106200000C04040404040E00001A151511110000FA
:106210001E1111111100000E1111110E00001E119E
:106220001E101000000F110F0101000016191010B0
:106230001000000F100E011E08081C0808090600B7
:1062400000111111130D00001111110A04000011A9
:106250001115150A0000110A040A11000011110F8E
:10626000010E00001F0204081F000102120A0400B0
:1062700000110A040A11000E1115111B110E000A5B
:106280001F1F0E04000000000000020202000205B1
:1062900005000000050705070502030206020501C7
:1062A00002040502050205030202000000010202C9
:1062B00002010402020204000502050000020702B6
:1062C00000000000020400000700000000000002BF
:1062D0000101020404070505050702020202020784
:1062E0000107040707010701070505070101070466
:1062F0000701070704070507070101010107050753
:10630000050707050701070002000200000200025E
:106310000401020402010007000700040201020454
:10632000060102000202050704030205070505062F
:10633000050605060304040403060505050607040F
:1063400006040707040604040304050503050507FE
:106350000505070202020701010105020505060500
:1063600005040404040705070705050507050505D9
:1063700002050505020605060404020505060306D6
:1063800005060505030402010607020202020505CF
:1063900005050705050505020505070705050502AD
:1063A00005050505020202070102040703020202B5
:1063B00003040402010106020202060205000000B5
:1063C00000000000070402000000000305050304AC
:1063D000040605060003040403010103050300028B
:1063E000050603030406040400030503060404066B
:1063F000050502000202020100010502040506066D
:10640000050602020203000707050500060505054B
:10641000000205050200060506040003050301004D
:106420000506040400030601060207020203000534
:10643000050503000505050200050507070005021F
:106440000205000505030600070102070101050218
:10645000000005020500000500050205070702000F
:10646000000200000010000000000000000000001A
:10647000D85302000000900101000000E053020028
:106480003700180002000000E753020046000C002D
:106490001F1C1F1E1F1E1F1F1E1F1E1F32333A30C0
:1064A000343A30330041756720203620323032369E
:1064B00000302E312E302D6D3136000001030501E4
:1064C0000000000010000000D8530200CE5402006B
:1064D000E0530200E753020077C295F360D2EF7FEA
:1064E0003552500F2CB6798010000000982F8A4248
:1064F00091443771CFFBC0B5A5DBB5E95BC2563916
:10650000F111F159A4823F92D55E1CAB98AA07D82D
:10651000015B8312BE853124C37D0C55745DBE7250
:10652000FEB1DE80A706DC9B74F19BC1C1699BE4D0
:106530008647BEEFC69DC10FCCA10C246F2CE92D60
:10654000AA84744ADCA9B05CDA88F97652513E9884
:106550006DC631A8C82703B0C77F59BFF30BE0C68B
:106560004791A7D55163CA0667292914850AB72719
:1065700038211B2EFC6D2C4D130D385354730A65B6
:10658000BB0A6A762EC9C281852C7292A1E8BFA28D
:106590004B661AA8708B4BC2A3516CC719E892D1F5
:1065A000240699D685350EF470A06A1016C1A41978
:1065B000086C371E4C774827B5BCB034B30C1C3977
:1065C0004AAAD84E4FCA9C5BF36F2E68EE828F7436
:1065D0006F63A5781478C8840802C78CFAFFBE9050
:1065E000EB6C50A4F7A3F9BEF27871C677C295F3AD
:1065F00060D2EF7F3552500F2CB67980FFFFFFFF3E
:10660000FFFFFFFF000000006410B71DC8206E3BB5
:10661000AC30D9269041DC76F4516B6B5861B24DA9
:106620003C7105502083B8ED44930FF0E8A3D6D613
:106630008CB361CBB0C2649BD4D2D38678E20AA07B
:106640001CF2BDBD17001B001B0001010000000073
:1066500017001B001B0001010000000001000000EA
:10666000C767020000000000F066020001000000A1
:1066700083670200000000008C660200000000003A
:10668000000000000000000000000000726702002F
:10669000B5320100000000000000000018000000FA
:1066A000DE45002061670200753201000000000035
:1066B000000000000400000000000000506702001D
:1066C0004D37010000000000000000000200000043
:1066D00000000000000000000000000000000000BA
:1066E00000000000000000000000000008000000A2
:1066F000B6670200F5320100000000000000000053
:106700000400000000000000A5670200353201000F
:10671000000000000000000010000000E245002022
:10672000946702004D3201000000000000000000EC
:1067300012000000E0450020000000000000000002
:106740000000000000000000000000000000000049
:106750008023D1BCEA5F782315DEEF1212341500D6
:10676000008023D1BCEA5F782315DEEF12123215C8
:1067700000008023D1BCEA5F782315DEEF121231CE
:106780001500008023D1BCEA5F782315DEEF1212DA
:106790003015000080F378F04C6EE962A9030038F0
:1067A000C3FBAC79E980F378F04C6EE962A9020092
:1067B00038C3FBAC79E980F378F04C6EE962A9014B
:1067C0000038C3FBAC79E980F378F04C6EE962A93C
:1067D000000038C3FBAC79E9070505050702020292
:1067E0000202070407010707040704070505070459
:1067F0000407010704070701070507070404040449
:10680000070507050707050704070705070505012D
:106810000107050707010101070404070507070130
:1068200007010707010701012F6173736574732F57
:106830002E73746167696E67000000000400000039
:106840000000000000000000000000000000000048
:106850000000000020C9002001000000D97B0100D9
:1068600002000000A182010003000000037C01007F
:10687000040000008D830100050000006B7C010016
:1068800006000000A584010007000000737C0100E1
:106890000800000071860100090000007B7C0100F7
:1068A0000A000000F78701000B000000837C010054
:1068B0000C000000758801000D0000008B7C0100B9
:1068C0000E000000F78801000F0000008F7C01001F
:1068D00010000000A9890100110000009B7C01004C
:1068E00012000000998B0100130000009F7C010042
:1068F00016000000898C010017000000A77C010031
:1069000018000000F18D010019000000AF7C0100AB
:106910001B0000003B8F01001D000000878F01005D
:106920001E000000357D010020000000A589010047
:1069300021000000937C010023000000838F0100F0
:1069400052000000378C01002DA901006DA201004A
:10695000EDA2010085A301000DA4010085A40100A2
:10696000FDA4010063A5010093A50100C3A50100DA
:10697000C3A6010000000000FBA80100B3A80100AD
:10698000D7A7010035A101000000000085A2010089
:1069900001A301009DA3010021A4010099A401000D
:1069A00011A501000000000000000000CFA50100BB
:1069B00000000000000000000000000005A8010029
:1069C0001FA701000000000027A9010075A2010017
:1069D000F5A201008DA3010015A401008DA4010002
:1069E00005A501006BA501009BA50100CBA5010039
:1069F000CBA6010089A60100F7A8010087A8010025
:106A0000B3A701005DA101001000002810000228BA
:106A10001000032810000328000000000000000000
:106A2000000000008DCD010091CB010057CC01008A
:106A300043CC0100EDCA01002FCC01000000000092
:106A40000000000000000000F7CC01001FCB010097
:106A50000BCB0100E9CA010013CE010017CE0100E3
:106A60001BCE01000BCE01000FCE01001FCE010096
:106A70000000000000000000000000000000000016
:106A800007CE01003E000000C9CA0100130000004B
:106A90009DCC0100050000006BCC01000800000047
:106AA000B5CA010030000000BFCA0100100000009C
:106AB000F7CA010001000302000000000000EF8D92
:106AC000E2164FEC430DBF5BDD34C0531EB800002F
:106AD00000000000F1D9010000000000FDD8010015
:106AE00000000000FDD80100FDD80100FDD8010024
:106AF00000000000FDD8010000000000FDD80100EA
:106B000000000000FDD8010000000000FDD80100D9
:106B100000000000FDD8010049DA010005DA01009B
:106B2000FDD80100FDD80100FDD80100FDD801000D
:106B3000FDD80100FDD80100FDD801000B070116AA
:106B40000C000001080800000501081717020000EA
:106B500008080202040201002201012A080F0303AF
:106B600004040A0A030A2000800000C0000000009C
:106B7000000000002822000000000000040000F7D0
:106B8000C3BF0800000000F00108000080030000FF
:106B900000000000000000000000000000000000F5
:106BA00000000000000010080440CE0150002C003E
:106BB000D0027801280018007801F401FA0096004C
:106BC00064004B0032001E0014001606021B110662
:106BD000021103040309050403050406080A0C0E48
:106BE00010121416181C1E20222426282A2C2E309F
:106BF000323436383A3C3E40424446484A4C4E02D3
:106C00001A50000001000000382C00200000000095
:106C1000E82B002000000000000000000000000041
:106C20000000000001000000C82C0020000000004F
:106C30005C2C0020000000000000000000000000AC
:106C40000000000001000000002D002000000000F6
:106C5000CC2C00200000000000000000000000001C
:106C60000000000001000000382D0020000000009E
:106C7000042D0020000000000000000000000000C3
:0C6C800000000000000000000000000008
:086C8C00F0CFFF7F01000000C2
:046C94000D4A0100A4
:106C98005345474745522052545400000000000015
:106CA8000100000001000000B4510200FC2E002089
:106CB80000010000000000000000000000000000CB
:106CC800B4510200EC2E002010000000000000006B
:106CD80000000000000000000101FF00FFFFFFFFAF
:106CE800020006000600000017001B001B0001013F
:106CF80018000000900100000000010100000000E1
:106D0800000000000000000000000000000000007B
:106D1800000000000000000000000000000000006B
:106D280000000000000000000000FFFF000000005D
:106D3800000000000000000000000000000000004B
:106D4800000000000000000000000000000000003B
:106D5800FFFF01010000000000000000000000002B
:106D6800000000000000000000000000000000001B
:106D7800000000000000000000000000000000000B
:106D880000000000000200000000000000000000F9
:106D980000000000000000000000000000000000EB
:106DA80000000000000000000000000000000000DB
:106DB80000000000000000000000000000000000CB
:106DC80000000000000000000000000000000000BB
:106DD80000000000000000000000000000000000AB
:106DE800000000000000000000000000000000009B
:106DF800000000000000000000000000000000008B
:106E0800000000000000000000000000000000007A
:106E1800000000000000000000000000000000006A
:106E2800000000000000000000000000000000005A
:106E3800000000000000000000000000000000004A
:106E48000000000000000000000000000004000036
:106E5800000000000000000000000000000000002A
:106E6800000000000000000000000000000000001A
:106E7800000000000000000000000000000000000A
:106E88000000000000000000000000000000FF00FB
:106E980000000000000000000000000000000000EA
:106EA80000000000000000000000000000000000DA
:106EB80000000000000000000000000000000000CA
:106EC80000000000000000000000000000000000BA
:106ED80000000000000000000000000000000000AA
:106EE800000000000000000000000000000000009A
:106EF8000103050100000000000000000000000080
:106F08000000000000000000000000000000000079
:106F18000000000000000000000000000000000069
:106F28000000000000000000000000000000000059
:106F38000000000000000000000000000000000049
:106F48000000000000000000000000000000000039
:106F58000000000000000000000000000000000029
:106F68000000000000000000000000000000000019
:106F78000000000000000000000000000000000009
:106F880000000000000000000000000000000000F9
:106F980000000000000000000000000000000000E9
:106FA80000000000000000000000000000000000D9
:106FB80000000000000000000000000000000000C9
:106FC80000000000000000000000000000000000B9
:106FD80000000000000000000000000000000000A9
:106FE8000000000000000000000000000000000099
:106FF8000000000000000000000000000000000089
:107008000000000000000000000000000000000078
:107018000000000000000000000000000000000068
:107028000000000000000000000000000000000058
:107038000000000000000000000000000000000048
:107048000000000000000000000000000000000038
:107058000000000000000000000000000000000028
:107068000000000000000000000000000000000018
:107078000000000000000000000000000000000008
:1070880000000000000000000000000000000000F8
:1070980000000000000000000000000000000000E8
:1070A80000000000000000000000000000000000D8
:1070B80000000000000000000000000000000000C8
:1070C80000000000000000000000000000000000B8
:1070D80000000000000000000000000000000000A8
:1070E8000000000000000000000000000000000098
:1070F8000000000000000000000000000000000088
:107108000000000000000000000000000000000077
:107118000000000000000000000000000000000067
:107128000000000000000000000000000000000057
:107138000000000000000000000000000000000047
:107148000000000000000000000000000000000037
:107158000000000000000000000000000000000027
:107168000000000000000000000000000000000017
:107178000000000000000000000000000000000007
:1071880000000000000000000000000000000000F7
:1071980000000000000000000000000000000000E7
:1071A80000000000000000000000000000000000D7
:1071B80000000000000000000000000000000000C7
:1071C80000000000000000000000000000000000B7
:1071D80000000000000000000000000000000000A7
:1071E8000000000000000000000000000000000097
:1071F8000000000000000000000000000000000087
:107208000000000000000000000000000000000076
:107218000000000000000000000000000000000066
:107228000000000000000000000000000000000056
:107238000000000000000000000000000000000046
:107248000000000000000000000000000000000036
:107258000000000000000000000000000000000026
:107268000000000000000000000000000000000016
:107278000000000000000000000000000000000006
:1072880000000000000000000000000000000000F6
:1072980000000000000000000000000000000000E6
:1072A80000000000000000000000000000000000D6
:1072B80000000000000000000000000000000000C6
:1072C80000000000000000000000000000000000B6
:1072D80000000000000000000000000000000000A6
:1072E8000000000000000000000000000000000096
:1072F8000000000000000000000000000000000086
:107308000000000000000000000000000000000075
:107318000000000000000000000000000000000065
:107328000000000000000000000000000000000055
:107338000000000000000000000000000000000045
:107348000000000000000000000000000000000035
:107358000000000000000000000000000000000025
:107368000000000000000000000000000000000015
:107378000000000000000000000000000000000005
:1073880000000000000000000000000000000000F5
:1073980000000000000000000000000000000000E5
:1073A80000000000000000000000000000000000D5
:1073B80000000000000000000000000000000000C5
:1073C80000000000000000000000000000000000B5
:1073D80000000000000000000000000000000000A5
:1073E8000000000000000000000000000000000095
:1073F8000000000000000000000000000000000085
:107408000000000000000000000000000000000074
:107418000000000000000000000000000000000064
:107428000000000000000000000000000000000054
:107438000000000000000000000000000000000044
:107448000000000000000000000000000000000034
:107458000000000000000000000000000000000024
:107468000000000000000000000000000000000014
:107478000000000000000000000000000000000004
:1074880000000000000000000000000000000000F4
:1074980000000000000000000000000000000000E4
:1074A80000000000000000000000000000000000D4
:1074B80000000000000000000000000000000000C4
:1074C80000000000000000000000000000000000B4
:1074D80000000000000000000000000000000000A4
:1074E8000000000000000000000000000000000094
:1074F8000000000000000000000000000000000084
:107508000000000000000000000000000000000073
:107518000000000000000000000000000000000063
:107528000000000000000000000000000000000053
:107538000000000000000000000000000000000043
:107548000000000000000000000000000000000033
:107558000000000000000000000000000000000023
:107568000000000000000000000000000000000013
:107578000000000000000000000000000000000003
:1075880000000000000000000000000000000000F3
:1075980000000000000000000000000000000000E3
:1075A80000000000000000000000000000000000D3
:1075B80000000000000000000000000000000000C3
:1075C80000000000000000000000000000000000B3
:1075D80000000000000000000000000000000000A3
:1075E8000000000000000000000000000000000093
:1075F8000000000000000000000000000000000083
:107608000000000000000000000000000000000072
:107618000000000000000000000000000000000062
:107628000000000000000000000000000000000052
:107638000000000000000000000000000000000042
:107648000000000000000000000000000000000032
:107658000000000000000000000000000000000022
:107668000000000000000000000000000000000012
:107678000000000000000000000000000000000002
:1076880000000000000000000000000000000000F2
:1076980000000000000000000000000000000000E2
:1076A80000000000000000000000000000000000D2
:1076B80000000000000000000000000000000000C2
:1076C80000000000000000000000000000000000B2
:1076D80000000000000000000000000000000000A2
:1076E8000000000000000000000000000000000092
:1076F8000000000000000000000000000000000082
:107708000000000000000000000000000000000071
:107718000000000000000000000000000000000061
:107728000000000000000000000000000000000051
:107738000000000000000000000000000000000041
:107748000000000000000000000000000000000031
:107758000000000000000000000000000000000021
:107768000000000000000000000000000000000011
:107778000000000000000000000000000000000001
:1077880000000000000000000000000000000000F1
:1077980000000000000000000000000000000000E1
:1077A80000000000000000000000000000000000D1
:1077B80000000000000000000000000000000000C1
:1077C80000000000000000000000000000000000B1
:1077D80000000000000000000000000000000000A1
:1077E8000000000000000000000000000000000091
:1077F8000000000000000000000000000000000081
:107808000000000000000000000000000000000070
:107818000000000000000000000000000000000060
:107828000000000000000000000000000000000050
:107838000000000000000000000000000000000040
:107848000000000000000000000000000000000030
:107858000000000000000000000000000000000020
:107868000000000000000000000000000000000010
:107878000000000000000000000000000000000000
:1078880000000000000000000000000000000000F0
:1078980000000000000000000000000000000000E0
:1078A80000000000000000000000000000000000D0
:1078B80000000000000000000000000000000000C0
:1078C80000000000000000000000000000000000B0
:1078D80000000000000000000000000000000000A0
:1078E8000000000000000000000000000000000090
:1078F8000000000000000000000000000000000080
:10790800000000000000000000000000000000006F
:10791800000000000000000000000000000000005F
:10792800000000000000000000000000000000004F
:10793800000000000000000000000000000000003F
:10794800000000000000000000000000000000002F
:10795800000000000000000000000000000000001F
:10796800000000000000000000000000000000000F
:1079780000000000000000000000000000000000FF
:1079880000000000000000000000000000000000EF
:1079980000000000000000000000000000000000DF
:1079A80000000000000000000000000000000000CF
:1079B80000000000000000000000000000000000BF
:1079C80000000000000000000000000000000000AF
:1079D800000000000000000000000000000000009F
:1079E800000000000000000000000000000000008F
:1079F800000000000000000000000000000000007F
:107A0800000000000000000000000000000000006E
:107A1800000000000000000000000000000000005E
:107A2800000000000000000000000000000000004E
:107A3800000000000000000000000000000000003E
:107A4800000000000000000000000000000000002E
:107A5800000000000000000000000000000000001E
:107A6800000000000000000000000000000000000E
:107A780000000000000000000000000000000000FE
:107A880000000000000000000000000000000000EE
:107A980000000000000000000000000000000000DE
:107AA80000000000000000000000000000000000CE
:107AB800000000000000003F00000000000000007F
:107AC80000000000000000000000000000000000AE
:107AD800000000000000000000000000000000009E
:107AE800000000000000000000000000000000008E
:107AF800000000000000000000000000000000007E
:107B0800000000000000000000000000000000006D
:107B1800000000000000000000000000000000005D
:107B2800000000000000000000000000000000004D
:107B3800000000000000000000000000000000003D
:107B4800000000000000000000000000000000002D
:107B5800000000000000003F0000000000000000DE
:107B6800000000000000000000000000000000000D
:107B780000000000000000000000000000000000FD
:107B880000000000000000000000000000000000ED
:107B980000000000000000000000000000000000DD
:107BA80000000000000000000000000000000000CD
:107BB80000000000000000000000000000000000BD
:107BC80000000000000000000000000000000000AD
:107BD800000000000000000000000000000000009D
:107BE800000000000000000000000000000000008D
:107BF800000000000000003F00000000000000003E
:107C0800000000000000000000000000000000006C
:107C1800000000000000000000000000000000005C
:107C2800000000000000000000000000000000004C
:107C3800000000000000000000000000000000003C
:107C4800000000000000000000000000000000002C
:107C5800000000000000000000000000000000001C
:107C6800000000000000000000000000000000000C
:107C780000000000000000000000000000000000FC
:107C880000000000000000000000000000000000EC
:107C9800000000000000003F00000000000000009D
:107CA80000000000000000000000000000000000CC
:107CB80000000000000000000000000000000000BC
:107CC80000000000000000000000000000000000AC
:107CD800000000000000000000000000000000009C
:107CE800000000000000000000000000000000008C
:107CF800000000000000000000000000000000007C
:107D0800000000000000000000000000000000006B
:107D1800000000000000000000000000000000005B
:107D2800000000000000000000000000000000004B
:107D3800000000000000003F0000000000000000FC
:107D4800000000000000000000000000000000002B
:107D5800000000000000000000000000000000001B
:107D6800000000000000000000000000000000000B
:107D780000000000000000000000000000000000FB
:107D880000000000000000000000000000000000EB
:107D980000000000000000000000000000000000DB
:107DA80000000000000000000000000000000000CB
:107DB80000000000000000000000000000000000BB
:107DC80000000000000000000000000000000000AB
:107DD800000000000000003F00000000000000005C
:107DE800000000000000000000000000000000008B
:107DF800000000000000000000000000000000007B
:107E0800000000000000000000000000000000006A
:107E1800000000000000000000000000000000005A
:107E2800000000000000000000000000000000004A
:107E3800000000000000000000000000000000003A
:107E4800000000000000000000000000000000002A
:107E5800000000000000000000000000000000001A
:107E6800000000000000000000000000000000000A
:107E7800000000000000003F0000000000000000BB
:107E880000000000000000000000000000000000EA
:107E980000000000000000000000000000000000DA
:107EA80000000000000000000000000000000000CA
:107EB80000000000000000000000000000000000BA
:107EC80000000000000000000000000000000000AA
:107ED800000000000000000000000000000000009A
:107EE800000000000000000000000000000000008A
:107EF800000000000000000000000000000000007A
:107F08000000000000000000000000000000000069
:107F1800000000000000003F00000000000000001A
:107F28000000000000000000000000000000000049
:107F38000000000000000000000000000000000039
:107F48000000000000000000000000000000000029
:107F58000000000000000000000000000000000019
:107F68000000000000000000000000000000000009
:107F780000000000000000000000000000000000F9
:107F880000000000000000000000000000000000E9
:107F980000000000000000000000000000000000D9
:107FA80000000000000000000000000000000000C9
:107FB800000000000000003F00000000000000007A
:107FC80000000000000000000000000000000000A9
:107FD8000000000000000000000000000000000099
:107FE8000000000000000000000000000000000089
:107FF8000000000000000000000000000000000079
:108008000000000000000000000000000000000068
:108018000000000000000000000000000000000058
:108028000000000000000000000000000000000048
:108038000000000000000000000000000000000038
:108048000000000000000000000000000000000028
:10805800000000000000003F0000000000000000D9
:108068000000000000000000000000000000000008
:1080780000000000000000000000000000000000F8
:1080880000000000000000000000000000000000E8
:1080980000000000000000000000000000000000D8
:1080A80000000000000000000000000000000000C8
:1080B80000000000000000000000000000000000B8
:1080C80000000000000000000000000000000000A8
:1080D8000000000000000000000000000000000098
:1080E8000000000000000000000000000000000088
:1080F800000000000000003F000000000000000039
:108108000000000000000000000000000000000067
:108118000000000000000000000000000000000057
:108128000000000000000000000000000000000047
:108138000000000000000000000000000000000037
:108148000000000000000000000000000000000027
:108158000000000000000000000000000000000017
:108168000000000000000000000000000000000007
:1081780000000000000000000000000000000000F7
:1081880000000000000000000000000000000000E7
:10819800000000000000003F000000000000000098
:1081A80000000000000000000000000000000000C7
:1081B80000000000000000000000000000000000B7
:1081C80000000000000000000000000000000000A7
:1081D8000000000000000000000000000000000097
:1081E8000000000000000000000000000000000087
:1081F8000000000000000000000000000000000077
:108208000000000000000000000000000000000066
:108218000000000000000000000000000000000056
:108228000000000000000000000000000000000046
:10823800000000000000003F0000000000000000F7
:108248000000000000000000000000000000000026
:108258000000000000000000000000000000000016
:108268000000000000000000000000000000000006
:1082780000000000000000000000000000000000F6
:1082880000000000000000000000000000000000E6
:1082980000000000000000000000000000000000D6
:1082A80000000000000000000000000000000000C6
:1082B80000000000000000000000000000000000B6
:1082C80000000000000000000000000000000000A6
:1082D800000000000000003F000000000000000057
:1082E8000000000000000000000000000000000086
:1082F8000000000000000000000000000000000076
:108308000000000000000000000000000000000065
:108318000000000000000000000000000000000055
:108328000000000000000000000000000000000045
:108338000000000000000000000000000000000035
:108348000000000000000000000000000000000025
:108358000000000000000000000000000000000015
:108368000000000000000000000000000000000005
:10837800000000000000003F0000000000000000B6
:1083880000000000000000000000000000000000E5
:1083980000000000000000000000000000000000D5
:1083A80000000000000000000000000000000000C5
:1083B80000000000000000000000000000000000B5
:1083C80000000000000000000000000000000000A5
:1083D8000000000000000000000000000000000095
:1083E8000000000000000000000000000000000085
:1083F8000000000000000000000000000000000075
:108408000000000000000000000000000000000064
:10841800000000000000003F000000000000000015
:108428000000000000000000000000000000000044
:108438000000000000000000000000000000000034
:108448000000000000000000000000000000000024
:108458000000000000000000000000000000000014
:108468000000000000000000000000000000000004
:1084780000000000000000000000000000000000F4
:1084880000000000000000000000000000000000E4
:108498007F000000000000007F00000000000000D6
:1084A8007F000000000000007F00000000000000C6
:1084B8007F000000000000007F00000000000000B6
:1084C8007F000000000000007F00000000000000A6
:1084D8000000000000000000000000000000000094
:1084E8000000000000000000000000000000000084
:1084F8000100000000000000000000000000000073
:108508000000000000000000000000000000000063
:108518000000000000000000000000000000000053
:108528000000000000000000000000000000000043
:108538000000000000000000000000000000000033
:108548000000000000000000000000000000000023
:108558000000000000000000000000000000000013
:108568000000000000000000000000000000000003
:1085780000000000000000000000000000000000F3
:1085880000000000000000000000000000000000E3
:1085980000000000000000000000000000000000D3
:1085A80000000000000000000000000000000000C3
:1085B80000000000000000000000000000000000B3
:1085C80000000000000000000000000000000000A3
:1085D8000000000000000000000000000000000093
:1085E8000000000000000000000000000000000083
:1085F8000000000000000000000000000000000073
:108608000000000000000000000000000000000062
:108618000000000000000000000000000000000052
:108628000000000000000000000000000000000042
:108638000000000000000000000000000000000032
:108648000000000000000000000000000000000022
:108658000000000000000000000000000000000012
:108668000000000000000000000000000000000002
:1086780000000000000000000000000000000000F2
:1086880000000000000000000000000000000000E2
:1086980000000000000000000000000000000000D2
:1086A80000000000000000000000000000000000C2
:1086B80000000000000000000000000000000000B2
:1086C80000000000000000000000000000000000A2
:1086D8000000000000000000000000000000000092
:1086E8000000000000000000000000000000000082
:1086F8000000000000000000000000000000000072
:10870800FF00000000000000010000000000000061
:108718000000000000000000000000000000000051
:108728000000000000000000FFFF00000000000043
:108738000000000000000000000000000000000031
:108748000000000000000000000001000000000020
:108758000000000000000000000000000000000011
:1087680000000000000000000000000001000101FE
:1087780000000000000000000000000000000000F1
:1087880000000000000000000000000000000000E1
:1087980000000000000000000000000000000000D1
:1087A80000000000000000000000000000000000C1
:1087B80000000000000000000000000000000000B1
:1087C80000000000000000000000000000000000A1
:1087D8000000000000000000000000000000000091
:1087E8000000000000000000000000000000000081
:1087F8000000000000000000000000000000000071
:108808000000000000000000000000000000000060
:108818000000000000000000000000000000000050
:108828000000000000000000000000000000000040
:108838000000000000000000000000000000000030
:108848000000000000000000000000000000000020
:108858000000000000000000000000000000000010
:108868000000000000000000000000000000000000
:1088780000000000000000000000000000000000F0
:1088880000000000000000000000000000000000E0
:1088980000000000000000000000000000000000D0
:1088A80000000000000000000000000000000000C0
:1088B80000000000000000000000000000000000B0
:1088C80000000000000000000000000000000000A0
:1088D8000000000000000000000000000000000090
:1088E8000000000000000000000000000000000080
:1088F8000000000000000000000000000000000070
:10890800000000000000000000000000000000005F
:10891800000000000000000000000000000000004F
:10892800000000000000000000000000000000003F
:10893800000000000000000000000000000000002F
:10894800000000000000000000000000000000001F
:10895800000000000000000000000000000000000F
:1089680000000000000000000000000000000000FF
:1089780000000000000000000000000000000000EF
:1089880000000000000000000000000000000000DF
:1089980000000000000000000000000000000000CF
:1089A80000000000000000000000000000000000BF
:1089B80000000000000000000000000000000000AF
:1089C800000000000000000000000000000000009F
:1089D800000000000000000000000000000000008F
:1089E800000000000000000000000000000000007F
:1089F800000000000000000000000000000000006F
:108A0800000000000000000000000000000000005E
:108A1800000000000000000000000000000000004E
:108A2800000000000000000000000000000000003E
:108A3800000000000000000000000000000000002E
:108A4800000000000000000000000000000000001E
:108A5800000000000000000000000000000000000E
:108A680000000000000000000000000000000000FE
:108A780000000000000000000000000000000000EE
:108A880000000000000000000000000000000000DE
:108A980000000000000000000000000000000000CE
:108AA80000000000000000000000000000000000BE
:108AB80000000000000000000000000000000000AE
:108AC800000000000000000000000000000000009E
:108AD800000000000000000000000000000000008E
:108AE800000000000000000000000000000000007E
:108AF800000000000000000000000000000000006E
:108B0800000000000000000000000000000000005D
:108B1800000000000000000000000000000000004D
:108B2800000000000000000000000000000000003D
:108B3800000000000000000000000000000000002D
:108B4800000000000000000000000000000000001D
:108B5800000000000000000000000000000000000D
:108B680000000000000000000000000000000000FD
:108B780000000000000000000000000000000000ED
:108B880000000000000000000000000000000000DD
:108B980000000000000000000000000000000000CD
:108BA80000000000000000000000000000000000BD
:108BB80000000000000000000000000000000000AD
:108BC800000000000000000000000000000000009D
:108BD800000000000000000000000000000000008D
:108BE800000000000000000000000000000000007D
:108BF800000000000000000000000000000000006D
:108C0800000000000000000000000000000000005C
:108C1800000000000000000000000000000000004C
:108C2800000000000000000000000000000000003C
:108C3800000000000000000000000000000000002C
:108C4800000000000000000000000000000000001C
:108C5800000000000000000000000000000000000C
:108C680000000000000000000000000000000000FC
:108C780000000000000000000000000000000000EC
:108C880000000000000000000000000000000000DC
:108C980000000000000000000000000000000000CC
:108CA80000000000000000000000000000000000BC
:108CB80000000000000000000000000000000000AC
:108CC800000000000000000000000000000000009C
:108CD800000000000000000000000000000000008C
:108CE800000000000000000000000000000000007C
:108CF800000000000000000000000000000000006C
:108D0800000000000000000000000000000000005B
:108D1800000000000000000000000000000000004B
:108D2800000000000000000000000000000000003B
:108D3800000000000000000000000000000000002B
:108D4800000000000000000000000000000000001B
:108D5800000000000000000000000000000000000B
:108D680000000000000000000000000000000000FB
:108D780000000000000000000000000000000000EB
:108D880000000000000000000000000000000000DB
:108D980000000000000000000000000000000000CB
:108DA80000000000000000000000000000000000BB
:108DB80000000000000000000000000000000000AB
:108DC800000000000000000000000000000000009B
:108DD800000000000000000000000000000000008B
:108DE800000000000000000000000000000000007B
:108DF800000000000000000000000000000000006B
:108E0800000000000000000000000000000000005A
:108E1800000000000000000000000000000000004A
:108E2800000000000000000000000000000000003A
:108E3800000000000000000000000000000000002A
:108E4800000000000000000000000000000000001A
:108E5800000000000000000000000000000000000A
:108E680000000000000000000000000000000000FA
:108E780000000000000000000000000000000000EA
:108E880000000000000000000000000000000000DA
:108E980000000000000000000000000000000000CA
:108EA80000000000000000000000000000000000BA
:108EB80000000000000000000000000000000000AA
:108EC800000000000000000000000000000000009A
:108ED800000000000000000000000000000000008A
:108EE800000000000000000000000000000000007A
:108EF800000000000000000000000000000000006A
:108F08000000000000000000000000000000000059
:108F18000000000000000000000000000000000049
:108F28000000000000000000000000000000000039
:108F38000000000000000000000000000000000029
:108F48000000000000000000000000000000000019
:108F58000000000000000000000000000000000009
:108F680000000000000000000000000000000000F9
:108F780000000000000000000000000000000000E9
:108F880000000000000000000000000000000000D9
:108F980000000000000000000000000000000000C9
:108FA80000000000000000000000000000000000B9
:108FB80000000000000000000000000000000000A9
:108FC8000000000000000000000000000000000099
:108FD8000000000000000000000000000000000089
:108FE8000000000000000000000000000000000079
:108FF8000000000000000000000000000000000069
:109008000000000000000000000000000000000058
:109018000000000000000000000000000000000048
:109028000000000000000000000000000000000038
:109038000000000000000000000000000000000028
:109048000000000000000000000000000000000018
:109058000000000000000000000000000000000008
:1090680000000000000000000000000000000000F8
:1090780000000000000000000000000000000000E8
:1090880000000000000000000000000000000000D8
:1090980000000000000000000000000000000000C8
:1090A80000000000000000000000000000000000B8
:1090B80000000000000000000000000000000000A8
:1090C8000000000000000000000000000000000098
:1090D8000000000000000000000000000000000088
:1090E8000000000000000000000000000000000078
:1090F8000000000000000000000000000000000068
:109108000000000000000000000000000000000057
:109118000000000000000000000000000000000047
:109128000000000000000000000000000000000037
:109138000000000000000000000000000000000027
:109148000000000000000000000000000000000017
:109158000000000000000000000000000000000007
:1091680000000000000000000000000000000000F7
:1091780000000000000000000000000000000000E7
:1091880000000000000000000000000000000000D7
:1091980000000000000000000000000000000000C7
:1091A80000000000000000000000000000000000B7
:1091B80000000000000000000000000000000000A7
:1091C8000000000000000000000000000000000097
:1091D8000000000000000000000000000000000087
:1091E8000000000000000000000000000000000077
:1091F8000000000000000000000000000000000067
:109208000000000000000000000000000000000056
:109218000000000000000000000000000000000046
:109228000000000000000000000000000000000036
:109238000000000000000000000000000000000026
:109248000000000000000000000000000000000016
:109258000000000000000000000000000000000006
:1092680000000000000000000000000000000000F6
:1092780000000000000000000000000000000000E6
:1092880000000000000000000000000000000000D6
:1092980000000000000000000000000000000000C6
:1092A80000000000000000000000000000000000B6
:1092B80000000000000000000000000000000000A6
:1092C8000000000000000000000000000000000096
:1092D8000000000000000000000000000000000086
:1092E8000000000000000000000000000000000076
:1092F8000000000000000000000000000000000066
:109308000000000000000000000000000000000055
:109318000000000000000000000000000000000045
:109328000000000000000000000000000000000035
:109338000000000000000000000000000000000025
:109348000000000000000000000000000000000015
:109358000000000000000000000000000000000005
:1093680000000000000000000000000000000000F5
:1093780000000000000000000000000000000000E5
:1093880000000000000000000000000000000000D5
:1093980000000000000000000000000000000000C5
:1093A80000000000000000000000000000000000B5
:1093B80000000000000000000000000000000000A5
:1093C8000000000000000000000000000000000095
:1093D8000000000000000000000000000000000085
:1093E8000000000000000000000000000000000075
:1093F8000000000000000000000000000000000065
:109408000000000000000000000000000000000054
:109418000000000000000000000000000000000044
:109428000000000000000000000000000000000034
:109438000000000000000000000000000000000024
:109448000000000000000000000000000000000014
:109458000000000000000000000000000000000004
:1094680000000000000000000000000000000000F4
:1094780000000000000000000000000000000000E4
:1094880000000000000000000000000000000000D4
:1094980000000000000000000000000000000000C4
:1094A80000000000000000000000000000000000B4
:1094B80000000000000000000000000000000000A4
:1094C8000000000000000000000000000000000094
:1094D8000000000000000000000000000000000084
:1094E8000000000000000000000000000000000074
:1094F8000000000000000000000000000000000064
:109508000000000000000000000000000000000053
:109518000000000000000000000000000000000043
:109528000000000000000000000000000000000033
:109538000000000000000000000000000000000023
:109548000000000000000000000000000000000013
:109558000000000000000000000000000000000003
:1095680000000000000000000000000000000000F3
:1095780000000000000000000000000000000000E3
:1095880000000000000000000000000000000000D3
:1095980000000000000000000000000000000000C3
:1095A80000000000000000000000000000000000B3
:1095B80000000000000000000000000000000000A3
:1095C8000000000000000000000000000000000093
:1095D8000000000000000000000000000000000083
:1095E8000000000000000000000000000000000073
:1095F8000000000000000000000000000000000063
:109608000000000000000000000000000000000052
:109618000000000000000000000000000000000042
:109628000000000000000000000000000000000032
:109638000000000000000000000000000000000022
:109648000000000000000000000000000000000012
:109658000000000000000000000000000000000002
:1096680000000000000000000000000000000000F2
:1096780000000000000000000000000000000000E2
:1096880000000000000000000000000000000000D2
:1096980000000000000000000000000000000000C2
:1096A80000000000000000000000000000000000B2
:1096B80000000000000000000000000000000000A2
:1096C8000000000000000000000000000000000092
:1096D8000000000000000000000000000000000082
:1096E8000000000000000000000000000000000072
:1096F8000000000000000000000000000000000062
:109708000000000000000000000000000000000051
:109718000000000000000000000000000000000041
:109728000000000000000000000000000000000031
:109738000000000000000000000000000000000021
:109748000000000000000000000000000000000011
:109758000000000000000000000000000000000001
:1097680000000000000000000000000000000000F1
:1097780000000000000000000000000000000000E1
:1097880000000000000000000000000000000000D1
:1097980000000000000000000000000000000000C1
:1097A80000000000000000000000000000000000B1
:1097B80000000000000000000000000000000000A1
:1097C8000000000000000000010000000000000090
:1097D8000000000000000000000000000000000081
:1097E8000000000000000000000000000000000071
:1097F800000000000000000017001B001B00010112
:109808000000000000000000000000000000000050
:109818000000000000000000AAAAAAAA0000000098
:109828008C2B0020100002291000032810000228A9
:1098380010000128100000280000000000000000AF
:10984800030000000000000000000000000000000D
:109858000000000000000000000000000000000000
:1098680000000000FB349B5F8000008000100000B7
:109878000000000001000000342C0020B537020071
:1098880000000000000000000200000000000000CE
:10989800302C0020B5370200000000000000000056
:1098A80002000000000000000000000000000000AE
:1098B80000000000000000000000000000000000A0
:1098C8001000012A1000002A100000186E696D624D
:1098D8006C650000000000000000000000000000AF
:1098E800000000000000000000000000C42C002060
:1098F800A138020000000000000000002000000065
:10990800ECEA0020C02C0020D13802000000000042
:10991800000000000200000000000000BC2C002035
:109928006538020000000000000000000A00000086
:10993800000000000000000000000000000000001F
:109948000000000000000000000000001000292BAB
:1099580010003A2B1000052A10000118FC2C0020DA
:109968000939020000000000000000001200000099
:10997800F0EA0020000000000000000000000000E5
:109988000000000000000000000000001000192A7C
:1099980010000F18342D0020793902000000000053
:1099A80000000000020000000000000000000000AD
:1099B800000000000000000000000000000000009F
:1099C800000000001000242A10000A18895C020018
:1099D800000000000000000000000000000000007F
:1099E80000000000000000005C2D002000000000C6
:1099F80010EB002078EB0020E0EB002000000000D6
:109A0800000000000000000000000000000000004E
:109A1800000000000000000000000000000000003E
:109A2800000000000000000000000000000000002E
:109A3800000000000000000000000000030000001B
:049A480010EB0020FF
:040000030000810177
:00000001FF
